Week,Platform,Post Type,Platform Group,Format Group,Year,Quarter,Month,Posts,Impressions,Reach,Engagements,Likes,Comments,Shares,Saves,Link Clicks,Followers Gained,Followers Lost,Video Views,Mentions,Sentiment Pool
2024-01-01,Instagram,Image,Visual,Static,2024,2024-Q1,2024-01,11,132910,100187,4173,2792,455,346,304,1043,186,68,0,159,67.61
2024-01-01,Instagram,Carousel,Visual,Static,2024,2024-Q1,2024-01,10,155237,96068,6928,4645,591,707,480,824,246,80,0,126,80.12
2024-01-01,Instagram,Short Video,Visual,Video,2024,2024-Q1,2024-01,18,474761,295424,22002,15280,1580,2207,1781,1520,735,261,254170,241,153.01
2024-01-01,Instagram,Story,Visual,Ephemeral,2024,2024-Q1,2024-01,23,188710,116442,6246,4144,500,604,388,944,272,78,0,204,126.62
2024-01-01,LinkedIn,Image,Professional,Static,2024,2024-Q1,2024-01,9,79873,50453,1278,894,99,117,115,302,103,41,0,152,75.23
2024-01-01,LinkedIn,Carousel,Professional,Static,2024,2024-Q1,2024-01,6,63833,44302,1632,1137,152,135,132,375,79,29,0,73,31.56
2024-01-01,LinkedIn,Short Video,Professional,Video,2024,2024-Q1,2024-01,11,164351,110615,4694,3176,436,409,333,905,230,70,94063,117,54.78
2024-01-01,LinkedIn,Text,Professional,Static,2024,2024-Q1,2024-01,6,30543,20150,408,288,35,38,36,149,45,16,0,94,49.95
2024-01-01,TikTok,Short Video,Short Video,Video,2024,2024-Q1,2024-01,20,1025408,663791,58752,42605,4929,5217,5912,4444,1545,678,562593,291,151.78
2024-01-01,TikTok,Story,Short Video,Ephemeral,2024,2024-Q1,2024-01,25,415559,249209,17544,12039,1365,1819,1336,1646,609,195,0,281,176.52
2024-01-01,X (Twitter),Image,Conversation,Static,2024,2024-Q1,2024-01,8,54723,36902,612,425,56,49,49,284,65,24,0,143,62.24
2024-01-01,X (Twitter),Short Video,Conversation,Video,2024,2024-Q1,2024-01,15,178848,113406,3536,2387,304,330,248,829,276,84,97503,140,90.75
2024-01-01,X (Twitter),Text,Conversation,Static,2024,2024-Q1,2024-01,9,35596,23292,318,224,27,29,28,173,47,19,0,148,75.6
2024-01-01,YouTube,Short Video,Video,Video,2024,2024-Q1,2024-01,6,197668,144539,6805,4841,681,502,617,1280,243,85,123748,80,27.65
2024-01-01,Facebook,Image,Community,Static,2024,2024-Q1,2024-01,7,36205,23885,254,172,24,21,18,226,39,12,0,96,37.33
2024-01-01,Facebook,Short Video,Community,Video,2024,2024-Q1,2024-01,11,117793,73316,1422,987,115,130,118,474,152,53,62548,145,93.24
2024-01-01,Facebook,Text,Community,Static,2024,2024-Q1,2024-01,7,21221,14465,116,81,11,9,11,129,23,8,0,86,30.21
2024-01-01,Facebook,Story,Community,Ephemeral,2024,2024-Q1,2024-01,16,62148,40941,568,388,50,53,44,312,94,32,0,176,102.19
2024-01-01,LinkedIn,Long Video,Professional,Video,2024,2024-Q1,2024-01,2,19808,11116,327,227,22,37,27,50,32,12,9382,30,20.72
2024-01-01,Facebook,Carousel,Community,Static,2024,2024-Q1,2024-01,6,36753,23751,429,283,37,39,26,166,55,15,0,49,30
2024-01-01,Facebook,Long Video,Community,Video,2024,2024-Q1,2024-01,2,11862,7288,97,68,7,11,8,34,22,9,5674,31,23.39
2024-01-08,Instagram,Image,Visual,Static,2024,2024-Q1,2024-01,15,203110,127217,6118,4206,494,522,484,825,256,84,0,185,115.53
2024-01-08,Instagram,Carousel,Visual,Static,2024,2024-Q1,2024-01,11,209499,132435,8136,5645,656,709,663,844,256,92,0,179,86.18
2024-01-08,Instagram,Short Video,Visual,Video,2024,2024-Q1,2024-01,15,376718,260759,17506,12169,1664,1401,1461,2145,454,157,228998,189,74.76
2024-01-08,Instagram,Story,Visual,Ephemeral,2024,2024-Q1,2024-01,21,217891,133261,7110,5012,606,694,607,924,312,117,0,309,185.02
2024-01-08,LinkedIn,Image,Professional,Static,2024,2024-Q1,2024-01,7,55703,40988,975,670,102,74,83,394,70,27,0,110,42.8
2024-01-08,LinkedIn,Carousel,Professional,Static,2024,2024-Q1,2024-01,7,66111,41735,1739,1151,156,167,113,365,98,30,0,85,48.07
2024-01-08,LinkedIn,Short Video,Professional,Video,2024,2024-Q1,2024-01,11,180480,110898,4945,3418,400,494,377,693,275,94,103210,136,85.7
2024-01-08,LinkedIn,Text,Professional,Static,2024,2024-Q1,2024-01,6,27650,20060,363,247,37,28,27,191,34,12,0,104,39.65
2024-01-08,TikTok,Short Video,Short Video,Video,2024,2024-Q1,2024-01,21,904647,600128,54282,36765,4913,4598,3847,4651,1190,369,515538,233,100.56
2024-01-08,TikTok,Story,Short Video,Ephemeral,2024,2024-Q1,2024-01,24,435392,285730,18692,13282,1617,1689,1611,2109,573,215,0,343,174.18
2024-01-08,X (Twitter),Image,Conversation,Static,2024,2024-Q1,2024-01,12,74160,52283,1010,672,97,96,71,459,120,39,0,153,84.79
2024-01-08,X (Twitter),Short Video,Conversation,Video,2024,2024-Q1,2024-01,12,179835,116559,3252,2362,275,282,323,786,253,108,99031,213,110.75
2024-01-08,X (Twitter),Text,Conversation,Static,2024,2024-Q1,2024-01,7,24253,16734,233,158,25,21,15,157,35,11,0,112,52.17
2024-01-08,Facebook,Image,Community,Static,2024,2024-Q1,2024-01,10,58775,37071,473,325,41,48,38,255,93,34,0,134,87.49
2024-01-08,Facebook,Carousel,Community,Static,2024,2024-Q1,2024-01,7,59706,37702,667,483,55,62,64,255,77,32,0,121,60.3
2024-01-08,Facebook,Short Video,Community,Video,2024,2024-Q1,2024-01,9,101522,72841,1238,866,125,92,102,656,149,56,62726,129,65.98
2024-01-08,Facebook,Long Video,Community,Video,2024,2024-Q1,2024-01,2,12146,8110,100,68,10,11,7,70,20,6,7218,24,14.5
2024-01-08,Facebook,Text,Community,Static,2024,2024-Q1,2024-01,7,21073,13152,134,92,12,14,9,113,35,12,0,81,55.33
2024-01-08,Facebook,Story,Community,Ephemeral,2024,2024-Q1,2024-01,11,48732,29161,407,287,31,41,36,167,74,29,0,163,98.58
2024-01-08,YouTube,Short Video,Video,Video,2024,2024-Q1,2024-01,6,173518,112385,6173,4085,549,571,386,855,258,72,96704,48,29.27
2024-01-08,LinkedIn,Long Video,Professional,Video,2024,2024-Q1,2024-01,2,18525,10590,317,221,22,35,27,52,29,11,8993,28,20.08
2024-01-15,Instagram,Image,Visual,Static,2024,2024-Q1,2024-01,10,140666,92882,3764,2657,329,317,329,686,183,72,0,160,91.62
2024-01-15,Instagram,Carousel,Visual,Static,2024,2024-Q1,2024-01,8,128405,94862,5830,3930,619,477,407,947,174,62,0,121,48.1
2024-01-15,Instagram,Short Video,Visual,Video,2024,2024-Q1,2024-01,20,459226,288868,22412,14927,1849,2200,1440,2226,706,208,288653,189,118.94
2024-01-15,Instagram,Story,Visual,Ephemeral,2024,2024-Q1,2024-01,18,165040,111952,5111,3473,515,379,372,1029,178,56,0,256,90.93
2024-01-15,LinkedIn,Image,Professional,Static,2024,2024-Q1,2024-01,9,79760,52033,1451,998,123,145,113,373,124,43,0,114,68.22
2024-01-15,LinkedIn,Carousel,Professional,Static,2024,2024-Q1,2024-01,5,60334,37851,1598,1128,140,165,144,224,77,29,0,80,40.06
2024-01-15,LinkedIn,Short Video,Professional,Video,2024,2024-Q1,2024-01,9,156366,106999,4656,3304,433,376,412,859,194,64,93813,111,49.27
2024-01-15,LinkedIn,Long Video,Professional,Video,2024,2024-Q1,2024-01,1,9744,5248,138,94,9,13,11,20,13,4,4366,10,6.4
2024-01-15,LinkedIn,Text,Professional,Static,2024,2024-Q1,2024-01,7,31798,22103,493,334,41,51,36,155,49,15,0,74,37.91
2024-01-15,TikTok,Short Video,Short Video,Video,2024,2024-Q1,2024-01,21,976772,590319,59692,41122,4698,5910,4607,3512,1451,491,545686,249,157.01
2024-01-15,TikTok,Story,Short Video,Ephemeral,2024,2024-Q1,2024-01,27,431973,279866,18921,12700,1633,1714,1322,2576,604,188,0,279,150.47
2024-01-15,X (Twitter),Image,Conversation,Static,2024,2024-Q1,2024-01,11,83923,55067,1036,724,87,101,89,300,101,40,0,174,75.66
2024-01-15,X (Twitter),Short Video,Conversation,Video,2024,2024-Q1,2024-01,13,175553,125557,3583,2494,356,296,234,923,236,65,108117,136,56.04
2024-01-15,X (Twitter),Text,Conversation,Static,2024,2024-Q1,2024-01,10,42084,26685,404,282,34,35,34,171,55,21,0,154,72.68
2024-01-15,YouTube,Short Video,Video,Video,2024,2024-Q1,2024-01,6,232774,149140,7190,5226,594,621,717,1013,300,129,128735,108,50.35
2024-01-15,Facebook,Image,Community,Static,2024,2024-Q1,2024-01,9,55519,36904,421,297,37,30,36,264,59,24,0,173,68.44
2024-01-15,Facebook,Carousel,Community,Static,2024,2024-Q1,2024-01,7,51414,35827,579,404,55,44,40,332,62,18,0,72,27.61
2024-01-15,Facebook,Short Video,Community,Video,2024,2024-Q1,2024-01,13,137740,93155,1902,1274,159,180,123,616,220,64,73459,114,72.71
2024-01-15,Facebook,Text,Community,Static,2024,2024-Q1,2024-01,7,25560,16883,135,93,12,10,10,126,28,10,0,131,53.58
2024-01-15,Facebook,Story,Community,Ephemeral,2024,2024-Q1,2024-01,12,45608,33216,414,281,37,32,32,258,57,17,0,133,47.13
2024-01-15,Facebook,Long Video,Community,Video,2024,2024-Q1,2024-01,5,31599,19201,243,167,19,21,20,116,40,13,16227,62,41.5
2024-01-22,Instagram,Image,Visual,Static,2024,2024-Q1,2024-01,13,185440,129282,5560,3831,543,481,421,1123,270,89,0,150,76.21
2024-01-22,Instagram,Carousel,Visual,Static,2024,2024-Q1,2024-01,11,193266,127707,9150,6253,815,939,702,952,309,108,0,139,85.42
2024-01-22,Instagram,Short Video,Visual,Video,2024,2024-Q1,2024-01,19,567139,354403,27339,19463,2212,2718,2450,2606,850,334,317762,299,183.6
2024-01-22,Instagram,Story,Visual,Ephemeral,2024,2024-Q1,2024-01,25,238740,155045,8850,6000,821,924,651,1255,404,138,0,290,201.57
2024-01-22,LinkedIn,Image,Professional,Static,2024,2024-Q1,2024-01,8,74291,48249,1117,810,93,85,101,334,91,38,0,130,70.09
2024-01-22,LinkedIn,Carousel,Professional,Static,2024,2024-Q1,2024-01,6,58767,43429,1564,1036,164,123,113,433,75,27,0,90,35.59
2024-01-22,LinkedIn,Short Video,Professional,Video,2024,2024-Q1,2024-01,13,192451,119839,5505,3660,481,533,349,1029,284,84,117850,120,74.88
2024-01-22,LinkedIn,Text,Professional,Static,2024,2024-Q1,2024-01,6,28755,18692,348,244,29,29,34,127,34,15,0,116,49.7
2024-01-22,TikTok,Short Video,Short Video,Video,2024,2024-Q1,2024-01,22,1112167,743097,70756,50468,6289,6589,6462,5739,1580,609,655588,325,118.74
2024-01-22,TikTok,Story,Short Video,Ephemeral,2024,2024-Q1,2024-01,28,541705,330511,23431,16339,2070,2405,1967,2123,831,309,0,408,204.58
2024-01-22,X (Twitter),Image,Conversation,Static,2024,2024-Q1,2024-01,9,57509,42555,688,471,73,54,53,410,74,24,0,113,42.64
2024-01-22,X (Twitter),Short Video,Conversation,Video,2024,2024-Q1,2024-01,14,190564,114644,3736,2579,286,376,278,752,288,95,111723,164,106.36
2024-01-22,X (Twitter),Text,Conversation,Static,2024,2024-Q1,2024-01,7,26343,18594,221,149,21,15,17,158,27,9,0,114,37.91
2024-01-22,YouTube,Short Video,Video,Video,2024,2024-Q1,2024-01,7,237071,164612,8219,5707,792,652,683,1401,294,104,143749,73,27.7
2024-01-22,Facebook,Image,Community,Static,2024,2024-Q1,2024-01,9,46723,34123,414,278,34,40,32,244,76,25,0,116,59.33
2024-01-22,Facebook,Carousel,Community,Static,2024,2024-Q1,2024-01,7,52020,31489,574,393,51,55,43,237,74,24,0,85,49.66
2024-01-22,Facebook,Short Video,Community,Video,2024,2024-Q1,2024-01,9,111519,68855,1283,919,101,117,116,425,147,57,59096,144,73.03
2024-01-22,Facebook,Text,Community,Static,2024,2024-Q1,2024-01,7,20339,14596,129,87,13,10,8,135,28,11,0,104,44.76
2024-01-22,Facebook,Story,Community,Ephemeral,2024,2024-Q1,2024-01,16,65429,40397,615,422,48,64,46,286,109,36,0,181,126.26
2024-01-22,LinkedIn,Long Video,Professional,Video,2024,2024-Q1,2024-01,1,10828,6182,171,119,12,18,15,30,17,6,5248,12,8.53
2024-01-29,Instagram,Image,Visual,Static,2024,2024-Q1,2024-01,13,200681,124396,5613,3930,399,545,462,628,322,118,0,172,113.07
2024-01-29,Instagram,Carousel,Visual,Static,2024,2024-Q1,2024-01,9,168330,110444,6220,4347,532,469,568,756,170,76,0,152,75.15
2024-01-29,Instagram,Short Video,Visual,Video,2024,2024-Q1,2024-01,16,414880,285566,19215,12724,1989,1535,1227,2752,507,164,276622,226,87.37
2024-01-29,Instagram,Story,Visual,Ephemeral,2024,2024-Q1,2024-01,18,178723,114549,5535,3809,449,487,467,768,226,93,0,329,155.42
2024-01-29,LinkedIn,Image,Professional,Static,2024,2024-Q1,2024-01,8,73229,49404,1246,859,115,105,97,395,101,35,0,95,44.91
2024-01-29,LinkedIn,Short Video,Professional,Video,2024,2024-Q1,2024-01,11,207453,128190,5765,4052,496,560,500,908,296,113,115825,167,98.28
2024-01-29,LinkedIn,Text,Professional,Static,2024,2024-Q1,2024-01,7,34093,24442,463,322,48,37,37,219,46,17,0,97,41.84
2024-01-29,TikTok,Short Video,Short Video,Video,2024,2024-Q1,2024-01,24,992689,605140,60068,39545,5094,5743,3751,5024,1416,409,586537,270,150.21
2024-01-29,TikTok,Story,Short Video,Ephemeral,2024,2024-Q1,2024-01,20,331174,235844,13668,9151,1376,999,918,2164,362,119,0,314,110.22
2024-01-29,X (Twitter),Image,Conversation,Static,2024,2024-Q1,2024-01,11,79690,50327,947,643,81,90,69,365,113,36,0,114,75.2
2024-01-29,X (Twitter),Short Video,Conversation,Video,2024,2024-Q1,2024-01,15,219453,145653,4378,3097,384,390,383,1105,295,113,128294,219,112.69
2024-01-29,X (Twitter),Text,Conversation,Static,2024,2024-Q1,2024-01,9,34743,22778,351,238,30,35,26,171,55,19,0,118,71.61
2024-01-29,YouTube,Short Video,Video,Video,2024,2024-Q1,2024-01,7,239926,145165,8822,6095,685,941,696,967,339,112,138395,83,48.37
2024-01-29,Facebook,Image,Community,Static,2024,2024-Q1,2024-01,10,64846,39814,467,327,38,42,41,243,84,33,0,145,73.56
2024-01-29,Facebook,Carousel,Community,Static,2024,2024-Q1,2024-01,6,47257,31619,527,369,47,43,44,244,60,23,0,100,47.53
2024-01-29,Facebook,Short Video,Community,Video,2024,2024-Q1,2024-01,11,115790,80567,1480,1000,140,119,107,665,147,45,75946,120,47.54
2024-01-29,Facebook,Long Video,Community,Video,2024,2024-Q1,2024-01,3,20992,11627,148,103,10,16,12,51,31,12,9769,36,24.53
2024-01-29,Facebook,Text,Community,Static,2024,2024-Q1,2024-01,7,24427,16144,148,101,13,14,11,117,33,12,0,98,50.28
2024-01-29,Facebook,Story,Community,Ephemeral,2024,2024-Q1,2024-01,15,69848,44750,634,450,54,60,56,314,103,40,0,222,131.67
2024-01-29,LinkedIn,Carousel,Professional,Static,2024,2024-Q1,2024-01,6,64119,42598,1815,1225,163,182,131,340,103,33,0,64,41.77
2024-02-05,Instagram,Image,Visual,Static,2024,2024-Q1,2024-02,10,141133,101726,3975,2699,398,319,294,900,188,61,0,114,45.79
2024-02-05,Instagram,Carousel,Visual,Static,2024,2024-Q1,2024-02,10,172568,114691,7558,5163,691,674,561,925,240,75,0,115,58.75
2024-02-05,Instagram,Short Video,Visual,Video,2024,2024-Q1,2024-02,20,516366,346639,27562,18628,2510,2789,1998,2601,837,279,291388,229,145.4
2024-02-05,Instagram,Story,Visual,Ephemeral,2024,2024-Q1,2024-02,19,173814,121858,6041,4070,598,512,467,1121,236,80,0,238,107.9
2024-02-05,LinkedIn,Image,Professional,Static,2024,2024-Q1,2024-02,8,81713,50244,1251,875,102,116,106,323,128,49,0,111,70.42
2024-02-05,LinkedIn,Carousel,Professional,Static,2024,2024-Q1,2024-02,5,55326,36277,1386,976,120,125,137,275,75,33,0,101,49.04
2024-02-05,LinkedIn,Short Video,Professional,Video,2024,2024-Q1,2024-02,10,164498,112022,4426,3007,456,344,323,1067,187,59,108926,131,49.28
2024-02-05,LinkedIn,Long Video,Professional,Video,2024,2024-Q1,2024-02,1,11456,6661,188,132,14,20,14,34,19,6,5688,13,9.54
2024-02-05,LinkedIn,Text,Professional,Static,2024,2024-Q1,2024-02,6,31501,20540,431,298,37,40,34,122,45,15,0,74,52.52
2024-02-05,TikTok,Short Video,Short Video,Video,2024,2024-Q1,2024-02,23,1228470,758560,71558,50287,6133,6756,6215,5340,1671,623,672399,348,190.41
2024-02-05,TikTok,Story,Short Video,Ephemeral,2024,2024-Q1,2024-02,31,527503,353483,25363,17061,2297,2537,1791,2752,866,302,0,395,243.9
2024-02-05,X (Twitter),Image,Conversation,Static,2024,2024-Q1,2024-02,9,77780,49724,844,610,70,70,83,334,102,45,0,156,89.72
2024-02-05,X (Twitter),Short Video,Conversation,Video,2024,2024-Q1,2024-02,15,196378,128399,3909,2639,363,356,232,1180,277,77,124272,165,89.24
2024-02-05,X (Twitter),Text,Conversation,Static,2024,2024-Q1,2024-02,10,43292,26683,379,270,29,29,35,155,54,23,0,168,95.92
2024-02-05,YouTube,Short Video,Video,Video,2024,2024-Q1,2024-02,6,218031,144593,7509,5278,667,648,640,1114,278,102,126454,79,38.6
2024-02-05,Facebook,Image,Community,Static,2024,2024-Q1,2024-02,7,45257,32098,318,226,32,22,29,278,51,21,0,118,62.86
2024-02-05,Facebook,Carousel,Community,Static,2024,2024-Q1,2024-02,7,49449,35965,623,420,66,55,44,344,74,25,0,112,52.23
2024-02-05,Facebook,Short Video,Community,Video,2024,2024-Q1,2024-02,13,145727,92293,1990,1352,164,206,143,707,246,80,91975,144,99.93
2024-02-05,Facebook,Text,Community,Static,2024,2024-Q1,2024-02,7,24227,16892,125,85,11,9,13,136,25,11,0,109,43.3
2024-02-05,Facebook,Story,Community,Ephemeral,2024,2024-Q1,2024-02,13,53037,35718,467,304,46,38,29,360,67,21,0,185,80.64
2024-02-05,Facebook,Long Video,Community,Video,2024,2024-Q1,2024-02,2,14311,8236,107,75,8,12,10,41,23,8,7010,25,18
2024-02-12,Instagram,Image,Visual,Static,2024,2024-Q1,2024-02,13,176418,113445,5201,3451,444,500,328,788,273,78,0,115,72.77
2024-02-12,Instagram,Carousel,Visual,Static,2024,2024-Q1,2024-02,10,199302,121456,7967,5563,622,707,668,721,274,100,0,139,90.42
2024-02-12,Instagram,Short Video,Visual,Video,2024,2024-Q1,2024-02,17,482403,317225,22479,15695,1903,2048,1990,2163,661,279,263216,317,158.94
2024-02-12,Instagram,Story,Visual,Ephemeral,2024,2024-Q1,2024-02,23,245640,157214,8336,5743,713,801,667,1118,356,124,0,289,179.61
2024-02-12,LinkedIn,Image,Professional,Static,2024,2024-Q1,2024-02,7,74279,51432,1232,883,116,98,99,422,90,29,0,93,34.72
2024-02-12,LinkedIn,Carousel,Professional,Static,2024,2024-Q1,2024-02,7,82670,60071,2231,1531,230,185,172,491,118,39,0,79,36.11
2024-02-12,LinkedIn,Short Video,Professional,Video,2024,2024-Q1,2024-02,14,236949,166261,8055,5459,697,836,592,1199,366,120,131762,153,84.77
2024-02-12,LinkedIn,Text,Professional,Static,2024,2024-Q1,2024-02,6,38276,26899,465,324,44,37,39,218,48,18,0,95,38.87
2024-02-12,TikTok,Short Video,Short Video,Video,2024,2024-Q1,2024-02,19,894372,644109,54764,37093,5597,4214,3841,6063,1032,358,578345,320,118.78
2024-02-12,TikTok,Story,Short Video,Ephemeral,2024,2024-Q1,2024-02,24,465280,288738,19448,13548,1501,1889,1749,1743,643,258,0,412,213.54
2024-02-12,X (Twitter),Image,Conversation,Static,2024,2024-Q1,2024-02,9,72157,51278,890,601,88,76,60,354,105,31,0,98,42.89
2024-02-12,X (Twitter),Short Video,Conversation,Video,2024,2024-Q1,2024-02,16,253616,162452,5292,3701,444,460,451,1096,335,123,136266,242,122.77
2024-02-12,X (Twitter),Text,Conversation,Static,2024,2024-Q1,2024-02,7,30547,22899,292,203,28,23,22,190,42,14,0,91,34.85
2024-02-12,YouTube,Short Video,Video,Video,2024,2024-Q1,2024-02,7,223760,145520,7740,5205,726,682,545,1368,292,91,144957,91,43.35
2024-02-12,Facebook,Image,Community,Static,2024,2024-Q1,2024-02,10,61373,39275,502,342,40,42,37,249,97,32,0,101,66.97
2024-02-12,Facebook,Carousel,Community,Static,2024,2024-Q1,2024-02,6,49764,31436,539,373,45,49,44,205,62,23,0,85,41.34
2024-02-12,Facebook,Short Video,Community,Video,2024,2024-Q1,2024-02,12,158918,103361,1828,1268,158,149,146,755,179,63,89995,163,72.37
2024-02-12,Facebook,Text,Community,Static,2024,2024-Q1,2024-02,7,21842,14409,136,92,12,13,11,117,33,10,0,78,43.17
2024-02-12,Facebook,Story,Community,Ephemeral,2024,2024-Q1,2024-02,14,62531,40745,591,405,52,59,46,275,96,34,0,190,115.06
2024-02-12,LinkedIn,Long Video,Professional,Video,2024,2024-Q1,2024-02,2,24741,14920,435,306,33,50,35,87,45,16,12891,29,22.68
2024-02-19,Instagram,Image,Visual,Static,2024,2024-Q1,2024-02,12,216984,135906,6157,4417,500,592,569,899,304,121,0,200,109.59
2024-02-19,Instagram,Carousel,Visual,Static,2024,2024-Q1,2024-02,7,152370,107683,6066,4315,585,470,562,895,222,93,0,120,49
2024-02-19,Instagram,Short Video,Visual,Video,2024,2024-Q1,2024-02,18,468512,337970,24526,16442,2524,2104,1961,3292,674,236,302946,204,97.84
2024-02-19,Instagram,Story,Visual,Ephemeral,2024,2024-Q1,2024-02,14,161935,113159,4838,3479,466,335,457,942,186,69,0,207,93.8
2024-02-19,LinkedIn,Image,Professional,Static,2024,2024-Q1,2024-02,7,60748,38338,1049,700,86,101,67,258,92,25,0,62,38.95
2024-02-19,LinkedIn,Carousel,Professional,Static,2024,2024-Q1,2024-02,5,62215,38912,1534,1065,125,139,123,254,85,28,0,60,29.46
2024-02-19,LinkedIn,Short Video,Professional,Video,2024,2024-Q1,2024-02,9,162701,104454,4292,2976,350,379,374,692,206,85,87617,165,75.04
2024-02-19,LinkedIn,Text,Professional,Static,2024,2024-Q1,2024-02,7,35900,24004,487,331,44,44,36,184,54,17,0,74,38.36
2024-02-19,TikTok,Short Video,Short Video,Video,2024,2024-Q1,2024-02,27,1307767,904487,95531,64749,9059,9812,7027,7357,2301,772,707243,306,209.9
2024-02-19,TikTok,Story,Short Video,Ephemeral,2024,2024-Q1,2024-02,22,391727,295844,18347,12588,2000,1470,1409,3051,552,184,0,262,108.66
2024-02-19,X (Twitter),Image,Conversation,Static,2024,2024-Q1,2024-02,10,81296,48057,878,606,66,87,69,275,117,41,0,120,72.93
2024-02-19,X (Twitter),Short Video,Conversation,Video,2024,2024-Q1,2024-02,11,143173,102853,2745,1836,280,203,183,962,164,55,92482,176,63.64
2024-02-19,X (Twitter),Text,Conversation,Static,2024,2024-Q1,2024-02,9,40056,24519,348,238,28,33,26,158,66,23,0,107,75.29
2024-02-19,YouTube,Short Video,Video,Video,2024,2024-Q1,2024-02,6,229788,147423,8509,5918,780,869,694,967,362,133,121327,87,42.86
2024-02-19,Facebook,Image,Community,Static,2024,2024-Q1,2024-02,8,59438,37529,390,281,32,32,37,239,84,35,0,136,70.77
2024-02-19,Facebook,Carousel,Community,Static,2024,2024-Q1,2024-02,6,44275,31779,473,326,47,33,41,289,51,20,0,96,34.08
2024-02-19,Facebook,Short Video,Community,Video,2024,2024-Q1,2024-02,13,133788,90903,1758,1164,177,155,114,839,187,54,86262,194,91.27
2024-02-19,Facebook,Text,Community,Static,2024,2024-Q1,2024-02,7,28082,17611,145,104,11,12,13,104,34,13,0,117,69.01
2024-02-19,Facebook,Story,Community,Ephemeral,2024,2024-Q1,2024-02,11,48058,32925,427,293,41,38,34,258,64,27,0,188,89.55
2024-02-19,Facebook,Long Video,Community,Video,2024,2024-Q1,2024-02,2,15301,8622,106,72,7,11,7,40,23,7,7287,23,15.99
2024-02-26,Instagram,Image,Visual,Static,2024,2024-Q1,2024-02,12,184494,128705,5282,3466,507,422,324,1231,232,64,0,144,58.85
2024-02-26,Instagram,Carousel,Visual,Static,2024,2024-Q1,2024-02,9,168245,103928,7247,4894,588,711,513,669,256,79,0,85,56.23
2024-02-26,Instagram,Short Video,Visual,Video,2024,2024-Q1,2024-02,20,600533,372406,26153,18135,2066,2273,2158,2256,701,251,311323,279,165.96
2024-02-26,Instagram,Story,Visual,Ephemeral,2024,2024-Q1,2024-02,22,231170,150460,7870,5342,701,718,567,1149,338,104,0,214,122.67
2024-02-26,LinkedIn,Image,Professional,Static,2024,2024-Q1,2024-02,9,105455,65991,1782,1283,143,173,161,468,149,58,0,146,82.3
2024-02-26,LinkedIn,Carousel,Professional,Static,2024,2024-Q1,2024-02,5,69451,50209,1729,1224,172,128,157,441,83,34,0,79,26.29
2024-02-26,LinkedIn,Short Video,Professional,Video,2024,2024-Q1,2024-02,10,165794,118135,5073,3430,514,439,396,1127,236,81,105133,127,59.55
2024-02-26,LinkedIn,Long Video,Professional,Video,2024,2024-Q1,2024-02,3,35651,21528,629,435,48,71,51,117,65,24,17366,44,34.47
2024-02-26,LinkedIn,Text,Professional,Static,2024,2024-Q1,2024-02,6,37303,22787,468,332,36,44,42,139,49,19,0,94,47.68
2024-02-26,TikTok,Short Video,Short Video,Video,2024,2024-Q1,2024-02,18,926982,590770,52310,36164,4161,4557,4818,3714,1109,456,486351,323,143.58
2024-02-26,TikTok,Story,Short Video,Ephemeral,2024,2024-Q1,2024-02,26,509126,313797,21266,14570,1723,1990,1624,2060,682,219,0,295,199.86
2024-02-26,X (Twitter),Image,Conversation,Static,2024,2024-Q1,2024-02,8,69253,46085,823,587,73,74,73,348,90,34,0,121,58.52
2024-02-26,X (Twitter),Short Video,Conversation,Video,2024,2024-Q1,2024-02,17,236477,157606,5235,3541,470,534,381,1201,400,142,134928,225,139.19
2024-02-26,X (Twitter),Text,Conversation,Static,2024,2024-Q1,2024-02,8,39748,26283,349,251,30,31,33,189,58,24,0,135,71.75
2024-02-26,YouTube,Short Video,Video,Video,2024,2024-Q1,2024-02,5,164960,119460,5758,3851,590,417,429,1134,194,74,108600,79,29.42
2024-02-26,Facebook,Image,Community,Static,2024,2024-Q1,2024-02,7,47061,33007,356,249,35,28,29,284,57,19,0,97,34.35
2024-02-26,Facebook,Carousel,Community,Static,2024,2024-Q1,2024-02,7,52924,35431,652,446,59,62,50,298,82,27,0,84,48.22
2024-02-26,Facebook,Short Video,Community,Video,2024,2024-Q1,2024-02,12,149282,99918,2066,1423,188,208,162,766,241,86,84698,168,99.7
2024-02-26,Facebook,Text,Community,Static,2024,2024-Q1,2024-02,7,27853,20431,167,118,17,12,14,186,41,17,0,109,38.65
2024-02-26,Facebook,Story,Community,Ephemeral,2024,2024-Q1,2024-02,16,65830,45144,651,441,60,62,52,384,102,36,0,181,100.17
2024-02-26,Facebook,Long Video,Community,Video,2024,2024-Q1,2024-02,2,14932,8896,115,81,9,13,9,49,26,9,7657,28,21.48
2024-03-04,Instagram,Image,Visual,Static,2024,2024-Q1,2024-03,14,219311,138972,6597,4484,595,677,488,1072,349,117,0,172,109.24
2024-03-04,Instagram,Carousel,Visual,Static,2024,2024-Q1,2024-03,9,202565,124115,8279,5905,651,773,755,771,270,107,0,145,73.85
2024-03-04,Instagram,Short Video,Visual,Video,2024,2024-Q1,2024-03,13,391767,277946,17114,12086,1653,1199,1501,2308,466,182,236804,212,105.08
2024-03-04,Instagram,Story,Visual,Ephemeral,2024,2024-Q1,2024-03,19,232880,139958,6731,4772,505,610,604,795,329,125,0,279,160.12
2024-03-04,LinkedIn,Image,Professional,Static,2024,2024-Q1,2024-03,7,70902,48814,1145,796,108,85,93,447,78,22,0,89,31.97
2024-03-04,LinkedIn,Carousel,Professional,Static,2024,2024-Q1,2024-03,7,86684,58799,2342,1604,217,217,144,380,135,36,0,57,35.48
2024-03-04,LinkedIn,Short Video,Professional,Video,2024,2024-Q1,2024-03,12,228108,148269,6729,4645,519,652,542,867,281,93,117568,151,95.03
2024-03-04,LinkedIn,Text,Professional,Static,2024,2024-Q1,2024-03,7,41351,29209,518,365,51,39,39,254,46,14,0,79,25.31
2024-03-04,TikTok,Short Video,Short Video,Video,2024,2024-Q1,2024-03,22,1026472,729982,67117,45932,6772,5556,5076,6793,1429,466,650200,275,125.04
2024-03-04,TikTok,Story,Short Video,Ephemeral,2024,2024-Q1,2024-03,20,453720,304900,18406,13172,1658,1452,1753,2329,646,277,0,336,178.09
2024-03-04,X (Twitter),Image,Conversation,Static,2024,2024-Q1,2024-03,11,85645,55355,1044,707,92,99,64,458,128,36,0,100,63.09
2024-03-04,X (Twitter),Short Video,Conversation,Video,2024,2024-Q1,2024-03,14,215359,134299,4211,2935,328,334,384,824,236,96,111174,246,132.18
2024-03-04,X (Twitter),Text,Conversation,Static,2024,2024-Q1,2024-03,7,28729,19754,274,183,22,24,18,135,41,12,0,70,34.38
2024-03-04,YouTube,Short Video,Video,Video,2024,2024-Q1,2024-03,7,238913,162699,9418,6319,859,911,717,1330,385,132,141153,89,52.1
2024-03-04,Facebook,Image,Community,Static,2024,2024-Q1,2024-03,8,55048,34395,423,291,33,45,32,225,93,32,0,94,67.71
2024-03-04,Facebook,Carousel,Community,Static,2024,2024-Q1,2024-03,6,57621,36971,620,445,51,46,61,246,71,30,0,104,60.48
2024-03-04,Facebook,Short Video,Community,Video,2024,2024-Q1,2024-03,11,134862,93715,1510,1013,146,101,118,778,134,49,80535,150,43.87
2024-03-04,Facebook,Long Video,Community,Video,2024,2024-Q1,2024-03,1,6997,3938,48,32,3,5,3,18,11,4,5316,12,8.32
2024-03-04,Facebook,Text,Community,Static,2024,2024-Q1,2024-03,7,25356,15588,144,98,12,14,10,99,39,12,0,75,51.44
2024-03-04,Facebook,Story,Community,Ephemeral,2024,2024-Q1,2024-03,14,70565,42585,545,383,40,47,48,230,78,29,0,218,127.08
2024-03-04,LinkedIn,Long Video,Professional,Video,2024,2024-Q1,2024-03,3,33472,20567,610,425,46,53,51,108,44,17,16013,46,24.36
2024-03-11,Instagram,Image,Visual,Static,2024,2024-Q1,2024-03,13,206959,136362,5905,4089,518,542,477,993,288,105,0,246,128.45
2024-03-11,Instagram,Carousel,Visual,Static,2024,2024-Q1,2024-03,7,140451,96791,5768,4001,550,443,475,801,162,56,0,90,31.89
2024-03-11,Instagram,Short Video,Visual,Video,2024,2024-Q1,2024-03,20,603451,400565,30447,20822,2782,2847,2280,3209,925,306,349306,184,117.94
2024-03-11,Instagram,Story,Visual,Ephemeral,2024,2024-Q1,2024-03,17,197328,143618,6673,4622,686,562,548,1303,242,84,0,187,62.5
2024-03-11,LinkedIn,Image,Professional,Static,2024,2024-Q1,2024-03,9,95261,59903,1800,1244,156,159,140,428,129,43,0,116,62.65
2024-03-11,LinkedIn,Carousel,Professional,Static,2024,2024-Q1,2024-03,6,89538,55545,2063,1480,164,174,189,357,98,39,0,100,41.97
2024-03-11,LinkedIn,Short Video,Professional,Video,2024,2024-Q1,2024-03,7,146519,101479,3667,2599,351,251,328,799,199,80,86195,113,55.01
2024-03-11,LinkedIn,Text,Professional,Static,2024,2024-Q1,2024-03,7,36832,22529,501,338,43,52,34,184,58,19,0,74,48.83
2024-03-11,TikTok,Short Video,Short Video,Video,2024,2024-Q1,2024-03,24,1313563,837302,81774,56419,6894,7791,6460,5893,1856,638,721404,305,191.44
2024-03-11,TikTok,Story,Short Video,Ephemeral,2024,2024-Q1,2024-03,26,535906,370972,24153,16671,2321,2129,1893,3129,795,225,0,249,127.81
2024-03-11,X (Twitter),Image,Conversation,Static,2024,2024-Q1,2024-03,12,109586,67012,1196,844,101,109,102,456,141,52,0,177,94.1
2024-03-11,X (Twitter),Short Video,Conversation,Video,2024,2024-Q1,2024-03,12,167078,118515,3345,2295,335,270,255,1075,223,71,103937,140,60.56
2024-03-11,X (Twitter),Text,Conversation,Static,2024,2024-Q1,2024-03,9,45504,27450,406,286,31,40,35,176,64,23,0,127,76.21
2024-03-11,YouTube,Short Video,Video,Video,2024,2024-Q1,2024-03,6,241575,154376,8063,5747,655,719,754,1007,308,129,127759,109,52
2024-03-11,Facebook,Image,Community,Static,2024,2024-Q1,2024-03,9,70231,45786,523,368,45,47,43,333,90,33,0,128,64.9
2024-03-11,Facebook,Carousel,Community,Static,2024,2024-Q1,2024-03,7,60597,42500,673,467,67,53,54,357,74,25,0,91,32.54
2024-03-11,Facebook,Short Video,Community,Video,2024,2024-Q1,2024-03,13,149714,99469,2059,1380,185,199,149,792,235,75,86909,140,81.35
2024-03-11,Facebook,Text,Community,Static,2024,2024-Q1,2024-03,7,29560,19059,169,121,15,15,16,134,39,16,0,111,51.55
2024-03-11,Facebook,Story,Community,Ephemeral,2024,2024-Q1,2024-03,11,49063,36228,444,306,46,36,33,350,64,21,0,145,68.01
2024-03-11,Facebook,Long Video,Community,Video,2024,2024-Q1,2024-03,4,30388,17850,229,156,20,26,18,116,51,19,15708,53,38.45
2024-03-18,Instagram,Image,Visual,Static,2024,2024-Q1,2024-03,12,179225,131269,5839,3837,600,531,396,1277,282,102,0,130,64.35
2024-03-18,Instagram,Carousel,Visual,Static,2024,2024-Q1,2024-03,11,233978,144588,10847,7505,872,1175,855,997,405,140,0,138,100.94
2024-03-18,Instagram,Short Video,Visual,Video,2024,2024-Q1,2024-03,17,583077,357335,25177,17984,1944,2293,2331,2152,871,356,305743,266,132.67
2024-03-18,Instagram,Story,Visual,Ephemeral,2024,2024-Q1,2024-03,22,242644,148376,8224,5588,645,831,568,1023,380,119,0,226,152.1
2024-03-18,LinkedIn,Image,Professional,Static,2024,2024-Q1,2024-03,9,96780,63146,1566,1091,132,136,130,430,126,50,0,165,81.7
2024-03-18,LinkedIn,Carousel,Professional,Static,2024,2024-Q1,2024-03,7,89481,61243,2153,1488,202,158,175,541,98,34,0,88,30.13
2024-03-18,LinkedIn,Short Video,Professional,Video,2024,2024-Q1,2024-03,12,227460,149762,6719,4569,609,622,474,1172,343,108,128878,120,70.27
2024-03-18,LinkedIn,Text,Professional,Static,2024,2024-Q1,2024-03,6,37273,24176,479,338,40,44,42,171,49,21,0,107,54.61
2024-03-18,TikTok,Short Video,Short Video,Video,2024,2024-Q1,2024-03,16,921656,633641,49955,35790,4731,3697,4779,5098,1217,458,545120,221,103.19
2024-03-18,TikTok,Story,Short Video,Ephemeral,2024,2024-Q1,2024-03,21,467478,274527,17590,12347,1291,1644,1448,1493,595,212,0,289,150.72
2024-03-18,X (Twitter),Image,Conversation,Static,2024,2024-Q1,2024-03,8,64820,42579,676,461,67,49,51,384,67,22,0,112,38.59
2024-03-18,X (Twitter),Short Video,Conversation,Video,2024,2024-Q1,2024-03,15,234365,144952,4560,3133,371,435,344,961,346,116,125181,173,118.23
2024-03-18,X (Twitter),Text,Conversation,Static,2024,2024-Q1,2024-03,8,38711,26448,355,251,33,31,31,218,51,20,0,110,51.39
2024-03-18,YouTube,Short Video,Video,Video,2024,2024-Q1,2024-03,7,253787,189531,9227,6503,977,721,714,1844,343,113,154451,90,35.79
2024-03-18,Facebook,Image,Community,Static,2024,2024-Q1,2024-03,8,51482,32905,392,264,35,36,26,284,71,23,0,84,45.05
2024-03-18,Facebook,Carousel,Community,Static,2024,2024-Q1,2024-03,6,50914,32080,558,378,47,51,38,222,82,26,0,65,44.83
2024-03-18,Facebook,Short Video,Community,Video,2024,2024-Q1,2024-03,10,131124,79640,1538,1084,116,141,137,459,158,62,65868,161,88.55
2024-03-18,Facebook,Text,Community,Static,2024,2024-Q1,2024-03,7,25449,17170,150,103,14,12,11,136,34,12,0,84,35.63
2024-03-18,Facebook,Story,Community,Ephemeral,2024,2024-Q1,2024-03,16,74895,47377,674,457,58,65,48,345,116,36,0,155,101.99
2024-03-18,LinkedIn,Long Video,Professional,Video,2024,2024-Q1,2024-03,3,36226,20657,602,416,41,68,49,90,57,21,16825,43,28.96
2024-03-18,Facebook,Long Video,Community,Video,2024,2024-Q1,2024-03,1,7561,4744,64,45,5,8,6,31,15,6,3728,16,13.37
2024-03-25,Instagram,Image,Visual,Static,2024,2024-Q1,2024-03,14,244953,154363,6594,4574,535,596,544,945,304,113,0,203,94.13
2024-03-25,Instagram,Carousel,Visual,Static,2024,2024-Q1,2024-03,9,195740,126654,7953,5556,678,702,669,914,248,92,0,142,70.4
2024-03-25,Instagram,Short Video,Visual,Video,2024,2024-Q1,2024-03,16,480475,325708,21806,14915,2040,1705,1681,2648,571,189,282061,194,68.91
2024-03-25,Instagram,Story,Visual,Ephemeral,2024,2024-Q1,2024-03,21,268769,169950,8853,6242,730,827,760,1152,367,139,0,305,168.83
2024-03-25,LinkedIn,Image,Professional,Static,2024,2024-Q1,2024-03,7,67009,48543,1227,820,124,104,91,461,95,35,0,108,48.21
2024-03-25,LinkedIn,Carousel,Professional,Static,2024,2024-Q1,2024-03,7,89937,56300,2450,1662,214,257,177,474,149,50,0,80,55.25
2024-03-25,LinkedIn,Short Video,Professional,Video,2024,2024-Q1,2024-03,10,215499,129978,5391,3829,407,526,473,747,314,120,110862,148,87.1
2024-03-25,LinkedIn,Text,Professional,Static,2024,2024-Q1,2024-03,7,38839,27377,518,355,54,43,33,271,48,18,0,119,48.49
2024-03-25,TikTok,Short Video,Short Video,Video,2024,2024-Q1,2024-03,23,1217357,795703,75285,51194,6617,6807,5523,5950,1762,565,680057,238,124.86
2024-03-25,TikTok,Story,Short Video,Ephemeral,2024,2024-Q1,2024-03,20,422756,299273,18495,12863,1792,1474,1548,2548,523,184,0,266,103.47
2024-03-25,X (Twitter),Image,Conversation,Static,2024,2024-Q1,2024-03,13,105706,68816,1384,935,129,143,100,559,177,60,0,170,110.01
2024-03-25,X (Twitter),Short Video,Conversation,Video,2024,2024-Q1,2024-03,12,216600,147677,4128,2963,380,344,397,1124,313,136,124806,205,108.94
2024-03-25,X (Twitter),Text,Conversation,Static,2024,2024-Q1,2024-03,8,34730,21939,336,225,31,34,23,188,55,18,0,104,63.2
2024-03-25,Facebook,Image,Community,Static,2024,2024-Q1,2024-03,10,77930,47571,590,412,50,60,49,327,118,44,0,147,91.73
2024-03-25,Facebook,Carousel,Community,Static,2024,2024-Q1,2024-03,6,61360,41201,642,463,59,53,61,310,80,35,0,103,44.27
2024-03-25,Facebook,Short Video,Community,Video,2024,2024-Q1,2024-03,10,126635,95483,1706,1182,184,136,132,947,175,58,84470,127,50.8
2024-03-25,Facebook,Long Video,Community,Video,2024,2024-Q1,2024-03,3,23256,15437,195,133,18,21,14,111,42,14,12834,40,27.02
2024-03-25,Facebook,Text,Community,Static,2024,2024-Q1,2024-03,7,28436,16882,163,113,13,16,12,120,42,14,0,93,58.68
2024-03-25,Facebook,Story,Community,Ephemeral,2024,2024-Q1,2024-03,12,69780,45608,582,425,49,51,59,317,101,47,0,174,83.25
2024-03-25,YouTube,Short Video,Video,Video,2024,2024-Q1,2024-03,5,186290,117706,6717,4529,576,641,462,863,280,84,103148,45,28.31
2024-03-25,LinkedIn,Long Video,Professional,Video,2024,2024-Q1,2024-03,1,11719,6852,209,147,15,10,19,36,19,8,5863,17,12.6
2024-04-01,Instagram,Image,Visual,Static,2024,2024-Q2,2024-04,9,139050,100211,3765,2568,382,271,298,889,161,52,0,124,53.26
2024-04-01,Instagram,Carousel,Visual,Static,2024,2024-Q2,2024-04,9,172256,112761,7439,4993,737,674,518,998,237,78,0,132,63.9
2024-04-01,Instagram,Short Video,Visual,Video,2024,2024-Q2,2024-04,20,603411,377290,30189,20563,2485,3093,2215,2457,987,321,373893,216,147.83
2024-04-01,Instagram,Story,Visual,Ephemeral,2024,2024-Q2,2024-04,20,215878,143546,7010,4720,673,589,497,1433,276,87,0,212,97.24
2024-04-01,LinkedIn,Image,Professional,Static,2024,2024-Q2,2024-04,9,103213,66706,1829,1273,142,182,155,396,122,45,0,131,54.61
2024-04-01,LinkedIn,Carousel,Professional,Static,2024,2024-Q2,2024-04,6,90245,59337,2316,1643,201,178,178,437,104,33,0,93,40.96
2024-04-01,LinkedIn,Short Video,Professional,Video,2024,2024-Q2,2024-04,9,184557,136262,5485,3678,571,432,383,1007,241,70,118230,101,36.38
2024-04-01,LinkedIn,Long Video,Professional,Video,2024,2024-Q2,2024-04,2,24668,13621,396,273,26,42,32,59,35,13,11431,25,16.85
2024-04-01,TikTok,Short Video,Short Video,Video,2024,2024-Q2,2024-04,20,1220921,723518,68107,47971,5079,6624,5885,4048,1716,643,678801,283,161.14
2024-04-01,TikTok,Story,Short Video,Ephemeral,2024,2024-Q2,2024-04,29,577730,366839,26157,17534,2167,2619,1739,2808,920,281,0,291,192.38
2024-04-01,X (Twitter),Image,Conversation,Static,2024,2024-Q2,2024-04,10,93325,59540,1085,765,88,84,93,384,105,44,0,176,75.48
2024-04-01,X (Twitter),Short Video,Conversation,Video,2024,2024-Q2,2024-04,15,226025,156600,4695,3181,400,420,329,1096,343,104,124087,151,77.45
2024-04-01,X (Twitter),Text,Conversation,Static,2024,2024-Q2,2024-04,9,48571,30964,415,288,34,37,34,194,63,25,0,149,75.21
2024-04-01,YouTube,Short Video,Video,Video,2024,2024-Q2,2024-04,6,276160,186731,8834,6365,799,668,866,1411,376,166,159204,106,49.01
2024-04-01,Facebook,Image,Community,Static,2024,2024-Q2,2024-04,8,60847,41878,399,271,39,27,29,353,56,21,0,133,40.55
2024-04-01,Facebook,Carousel,Community,Static,2024,2024-Q2,2024-04,7,56044,38407,665,446,56,58,45,312,78,23,0,70,33.87
2024-04-01,Facebook,Short Video,Community,Video,2024,2024-Q2,2024-04,14,183179,112780,2072,1411,171,195,149,751,286,95,96944,156,106.43
2024-04-01,Facebook,Text,Community,Static,2024,2024-Q2,2024-04,6,23455,16032,133,91,12,10,11,133,28,10,0,89,36.51
2024-04-01,Facebook,Story,Community,Ephemeral,2024,2024-Q2,2024-04,13,60288,40274,527,356,47,44,38,316,80,24,0,141,59.9
2024-04-01,LinkedIn,Text,Professional,Static,2024,2024-Q2,2024-04,6,34229,22129,468,318,41,45,36,149,48,17,0,74,40.3
2024-04-01,Facebook,Long Video,Community,Video,2024,2024-Q2,2024-04,3,22500,12720,164,113,11,19,13,53,34,13,10290,42,27.67
2024-04-08,Instagram,Image,Visual,Static,2024,2024-Q2,2024-04,15,239733,159110,7430,5104,675,718,561,1306,369,122,0,141,90.25
2024-04-08,Instagram,Carousel,Visual,Static,2024,2024-Q2,2024-04,11,245659,162791,11381,7881,1013,1157,921,1161,389,142,0,160,96.07
2024-04-08,Instagram,Short Video,Visual,Video,2024,2024-Q2,2024-04,19,687367,441343,33368,23966,2816,3235,3134,3113,984,389,383254,301,128.38
2024-04-08,Instagram,Story,Visual,Ephemeral,2024,2024-Q2,2024-04,24,298151,191023,10774,7399,998,1134,837,1296,498,176,0,321,171.24
2024-04-08,LinkedIn,Image,Professional,Static,2024,2024-Q2,2024-04,7,76822,53547,1157,817,112,79,103,445,79,30,0,113,57.32
2024-04-08,LinkedIn,Carousel,Professional,Static,2024,2024-Q2,2024-04,7,83616,59779,2252,1506,224,191,150,551,115,38,0,105,45.92
2024-04-08,LinkedIn,Short Video,Professional,Video,2024,2024-Q2,2024-04,13,247038,153321,7223,4866,579,730,495,1117,392,121,152365,133,88.96
2024-04-08,LinkedIn,Text,Professional,Static,2024,2024-Q2,2024-04,6,34946,24174,435,297,41,33,42,194,44,18,0,107,43.08
2024-04-08,TikTok,Short Video,Short Video,Video,2024,2024-Q2,2024-04,18,1045846,749580,67630,47304,6742,5694,5814,6744,1258,458,657691,183,60.46
2024-04-08,TikTok,Story,Short Video,Ephemeral,2024,2024-Q2,2024-04,28,706242,446319,30606,21893,2518,2981,2816,2956,835,302,0,401,194.79
2024-04-08,X (Twitter),Image,Conversation,Static,2024,2024-Q2,2024-04,10,76826,54026,950,638,95,81,72,501,106,35,0,120,53.67
2024-04-08,X (Twitter),Short Video,Conversation,Video,2024,2024-Q2,2024-04,11,191672,112443,3391,2369,249,326,275,610,261,92,104420,150,85.75
2024-04-08,X (Twitter),Text,Conversation,Static,2024,2024-Q2,2024-04,7,31227,22824,293,198,30,22,23,222,41,16,0,111,42.71
2024-04-08,YouTube,Short Video,Video,Video,2024,2024-Q2,2024-04,7,282440,195819,10247,7075,979,886,811,1669,409,115,167712,67,32.12
2024-04-08,Facebook,Image,Community,Static,2024,2024-Q2,2024-04,10,67296,43345,555,375,49,57,39,298,109,39,0,128,81.83
2024-04-08,Facebook,Carousel,Community,Static,2024,2024-Q2,2024-04,7,68685,41395,719,503,58,68,59,303,91,32,0,98,53.37
2024-04-08,Facebook,Short Video,Community,Video,2024,2024-Q2,2024-04,9,127113,83855,1442,1021,125,126,132,589,176,69,71381,134,67.94
2024-04-08,Facebook,Long Video,Community,Video,2024,2024-Q2,2024-04,1,7286,5839,70,47,8,6,5,69,13,4,5434,7,3.91
2024-04-08,Facebook,Text,Community,Static,2024,2024-Q2,2024-04,7,23570,15664,150,99,14,13,10,135,35,13,0,101,52.45
2024-04-08,Facebook,Story,Community,Ephemeral,2024,2024-Q2,2024-04,13,67113,40907,607,420,49,62,49,249,104,36,0,158,103.87
2024-04-08,LinkedIn,Long Video,Professional,Video,2024,2024-Q2,2024-04,2,24265,13669,390,271,27,41,32,63,37,13,11551,23,15.95
2024-04-15,Instagram,Image,Visual,Static,2024,2024-Q2,2024-04,12,227782,139545,5453,3878,421,485,506,807,325,132,0,191,111.54
2024-04-15,Instagram,Carousel,Visual,Static,2024,2024-Q2,2024-04,7,156248,109239,5951,3985,582,400,532,916,157,61,0,110,34.78
2024-04-15,Instagram,Short Video,Visual,Video,2024,2024-Q2,2024-04,18,500668,314035,22561,15000,2040,1982,1492,3237,629,185,317304,208,98.05
2024-04-15,Instagram,Story,Visual,Ephemeral,2024,2024-Q2,2024-04,18,205538,140151,6546,4465,607,527,485,1116,249,92,0,307,133.42
2024-04-15,LinkedIn,Image,Professional,Static,2024,2024-Q2,2024-04,9,99272,64147,1770,1218,155,171,139,491,148,52,0,105,62.64
2024-04-15,LinkedIn,Short Video,Professional,Video,2024,2024-Q2,2024-04,10,228013,144780,6424,4557,532,614,567,992,321,125,124811,153,86.78
2024-04-15,LinkedIn,Text,Professional,Static,2024,2024-Q2,2024-04,7,36516,25325,524,352,52,45,41,228,52,17,0,95,48.02
2024-04-15,TikTok,Short Video,Short Video,Video,2024,2024-Q2,2024-04,25,1373157,832030,86248,58617,6726,8848,6217,6460,2148,685,800611,266,180.44
2024-04-15,TikTok,Story,Short Video,Ephemeral,2024,2024-Q2,2024-04,23,447775,309679,19089,12812,1993,1549,1309,3025,561,166,0,344,139.17
2024-04-15,X (Twitter),Image,Conversation,Static,2024,2024-Q2,2024-04,11,98033,61786,1153,792,97,111,92,419,138,50,0,138,84.87
2024-04-15,X (Twitter),Short Video,Conversation,Video,2024,2024-Q2,2024-04,12,200521,143053,4007,2798,391,319,342,1239,250,89,125409,166,64.08
2024-04-15,X (Twitter),Text,Conversation,Static,2024,2024-Q2,2024-04,9,43559,28733,439,300,38,45,33,202,70,25,0,115,71.31
2024-04-15,YouTube,Short Video,Video,Video,2024,2024-Q2,2024-04,6,263562,156699,8256,5804,617,726,707,1012,307,110,154305,84,39.59
2024-04-15,Facebook,Image,Community,Static,2024,2024-Q2,2024-04,10,75118,46512,539,378,42,50,48,279,100,40,0,168,83.07
2024-04-15,Facebook,Carousel,Community,Static,2024,2024-Q2,2024-04,6,55638,38579,630,437,60,51,52,331,71,24,0,75,33.21
2024-04-15,Facebook,Short Video,Community,Video,2024,2024-Q2,2024-04,12,153107,104736,2006,1349,187,177,138,857,221,68,89275,125,60.45
2024-04-15,Facebook,Text,Community,Static,2024,2024-Q2,2024-04,7,31746,21043,184,131,16,16,16,151,41,16,0,115,56.82
2024-04-15,Facebook,Story,Community,Ephemeral,2024,2024-Q2,2024-04,15,82589,55280,758,542,69,68,69,429,115,46,0,224,84.87
2024-04-15,Facebook,Long Video,Community,Video,2024,2024-Q2,2024-04,4,32921,20257,253,173,20,25,20,138,50,17,17611,48,32.08
2024-04-15,LinkedIn,Carousel,Professional,Static,2024,2024-Q2,2024-04,5,65393,43078,1923,1309,170,204,145,317,115,40,0,60,40.19
2024-04-22,Instagram,Image,Visual,Static,2024,2024-Q2,2024-04,11,184018,129659,5281,3561,516,428,370,1128,243,74,0,118,47.34
2024-04-22,Instagram,Carousel,Visual,Static,2024,2024-Q2,2024-04,11,224361,145817,10434,7112,903,1022,780,1093,347,118,0,132,78.1
2024-04-22,Instagram,Short Video,Visual,Video,2024,2024-Q2,2024-04,18,589273,368075,29076,19973,2567,2992,2253,2622,919,321,324577,240,152.41
2024-04-22,Instagram,Story,Visual,Ephemeral,2024,2024-Q2,2024-04,22,238420,163648,8800,5858,827,843,618,1399,375,126,0,276,146.15
2024-04-22,LinkedIn,Image,Professional,Static,2024,2024-Q2,2024-04,9,111270,68481,1719,1225,135,148,159,406,151,61,0,142,85.81
2024-04-22,LinkedIn,Carousel,Professional,Static,2024,2024-Q2,2024-04,5,65572,46407,1700,1156,161,113,143,407,69,29,0,91,41.41
2024-04-22,LinkedIn,Short Video,Professional,Video,2024,2024-Q2,2024-04,11,206672,137010,5791,3901,571,502,363,1402,273,77,143051,137,64.09
2024-04-22,LinkedIn,Text,Professional,Static,2024,2024-Q2,2024-04,6,39497,24004,489,345,37,37,44,133,49,20,0,93,48.11
2024-04-22,TikTok,Short Video,Short Video,Video,2024,2024-Q2,2024-04,22,1380236,878857,82953,58719,6902,7631,7184,5899,1843,702,747399,319,173.79
2024-04-22,TikTok,Story,Short Video,Ephemeral,2024,2024-Q2,2024-04,29,612503,410314,29588,20094,2681,3012,2200,3160,1025,348,0,351,222.2
2024-04-22,X (Twitter),Image,Conversation,Static,2024,2024-Q2,2024-04,8,75808,50938,841,604,75,53,80,388,90,38,0,146,85.02
2024-04-22,X (Twitter),Short Video,Conversation,Video,2024,2024-Q2,2024-04,16,250489,158777,5218,3516,435,530,356,1219,405,128,156140,167,112.44
2024-04-22,X (Twitter),Text,Conversation,Static,2024,2024-Q2,2024-04,9,45461,29869,360,253,30,27,37,207,45,19,0,152,75.38
2024-04-22,YouTube,Short Video,Video,Video,2024,2024-Q2,2024-04,7,295247,204412,10182,7138,966,822,861,1693,351,128,180166,94,37.25
2024-04-22,Facebook,Image,Community,Static,2024,2024-Q2,2024-04,7,47182,35029,373,256,41,29,32,346,62,23,0,87,33.69
2024-04-22,Facebook,Carousel,Community,Static,2024,2024-Q2,2024-04,7,55928,37713,703,468,70,69,46,343,90,27,0,85,48.39
2024-04-22,Facebook,Short Video,Community,Video,2024,2024-Q2,2024-04,11,155138,90073,1913,1328,141,195,154,551,229,82,89687,141,79.22
2024-04-22,Facebook,Text,Community,Static,2024,2024-Q2,2024-04,7,25111,18143,148,99,15,10,12,167,29,10,0,103,36.84
2024-04-22,Facebook,Story,Community,Ephemeral,2024,2024-Q2,2024-04,15,66436,40842,584,384,51,55,36,380,94,28,0,170,93.97
2024-04-22,LinkedIn,Long Video,Professional,Video,2024,2024-Q2,2024-04,1,13656,7972,225,159,16,24,20,42,23,8,6818,13,9.61
2024-04-22,Facebook,Long Video,Community,Video,2024,2024-Q2,2024-04,2,15847,9147,91,64,7,10,8,47,26,11,7794,29,21.12
2024-04-29,Instagram,Image,Visual,Static,2024,2024-Q2,2024-04,13,224854,140555,6430,4368,538,646,468,951,363,116,0,140,96.16
2024-04-29,Instagram,Carousel,Visual,Static,2024,2024-Q2,2024-04,10,224260,136654,8808,6218,664,792,790,769,272,109,0,163,90.19
2024-04-29,Instagram,Short Video,Visual,Video,2024,2024-Q2,2024-04,17,543847,375451,25957,17936,2458,2154,2014,3082,702,264,328004,309,143.09
2024-04-29,Instagram,Story,Visual,Ephemeral,2024,2024-Q2,2024-04,22,285754,184189,9750,6807,826,939,831,1290,413,158,0,331,176.1
2024-04-29,LinkedIn,Image,Professional,Static,2024,2024-Q2,2024-04,7,85102,62346,1475,1005,152,115,109,493,106,32,0,90,28.92
2024-04-29,LinkedIn,Carousel,Professional,Static,2024,2024-Q2,2024-04,7,86299,60691,2457,1667,214,230,180,468,137,43,0,77,42.12
2024-04-29,LinkedIn,Short Video,Professional,Video,2024,2024-Q2,2024-04,13,269795,176664,7731,5296,678,733,594,1283,386,132,149373,175,92.59
2024-04-29,LinkedIn,Text,Professional,Static,2024,2024-Q2,2024-04,7,45615,32903,582,408,57,44,50,288,63,23,0,102,45.61
2024-04-29,TikTok,Short Video,Short Video,Video,2024,2024-Q2,2024-04,22,1181590,774358,69503,47092,6719,5691,5015,7708,1434,452,805554,298,127.11
2024-04-29,TikTok,Story,Short Video,Ephemeral,2024,2024-Q2,2024-04,23,502387,334722,21585,14992,1871,1974,1765,2416,545,212,0,448,170.49
2024-04-29,X (Twitter),Image,Conversation,Static,2024,2024-Q2,2024-04,10,86810,59330,1102,751,89,101,82,379,134,42,0,100,56.93
2024-04-29,X (Twitter),Short Video,Conversation,Video,2024,2024-Q2,2024-04,15,282586,179717,5355,3699,444,484,429,1204,377,136,152883,247,131.81
2024-04-29,X (Twitter),Text,Conversation,Static,2024,2024-Q2,2024-04,8,36727,24493,343,236,31,30,25,196,51,17,0,100,50.21
2024-04-29,YouTube,Short Video,Video,Video,2024,2024-Q2,2024-04,7,259180,165215,9497,6338,800,928,617,1474,397,120,162148,67,42.47
2024-04-29,Facebook,Image,Community,Static,2024,2024-Q2,2024-04,11,82415,49400,563,387,43,50,45,291,97,32,0,133,91.79
2024-04-29,Facebook,Carousel,Community,Static,2024,2024-Q2,2024-04,5,52007,33089,565,388,46,51,42,214,69,27,0,84,42.87
2024-04-29,Facebook,Short Video,Community,Video,2024,2024-Q2,2024-04,10,132368,91107,1676,1156,156,142,130,751,173,58,80557,116,52.96
2024-04-29,Facebook,Long Video,Community,Video,2024,2024-Q2,2024-04,1,8316,4526,54,37,4,5,4,18,11,3,3779,10,6.52
2024-04-29,Facebook,Story,Community,Ephemeral,2024,2024-Q2,2024-04,14,79803,49473,685,481,57,66,59,330,112,43,0,213,121.81
2024-04-29,Facebook,Text,Community,Static,2024,2024-Q2,2024-04,6,22376,14768,145,97,13,15,11,115,35,11,0,59,36.62
2024-04-29,LinkedIn,Long Video,Professional,Video,2024,2024-Q2,2024-04,1,12466,7408,213,151,16,24,17,41,22,8,6372,14,10.67
2024-05-06,Instagram,Image,Visual,Static,2024,2024-Q2,2024-05,12,233326,152529,6814,4891,584,640,643,1111,339,137,0,189,90.11
2024-05-06,Instagram,Carousel,Visual,Static,2024,2024-Q2,2024-05,8,176524,131337,7879,5511,836,624,662,1280,243,86,0,96,36.9
2024-05-06,Instagram,Short Video,Visual,Video,2024,2024-Q2,2024-05,21,611799,433442,33898,22655,3257,3265,2441,3833,1011,328,347049,237,139.95
2024-05-06,Instagram,Story,Visual,Ephemeral,2024,2024-Q2,2024-05,17,197951,144713,6478,4471,667,480,508,1355,244,77,0,215,99.54
2024-05-06,LinkedIn,Image,Professional,Static,2024,2024-Q2,2024-05,7,76608,47390,1255,856,103,128,90,301,122,41,0,74,51.29
2024-05-06,LinkedIn,Carousel,Professional,Static,2024,2024-Q2,2024-05,5,76419,47523,1813,1288,146,161,167,296,94,38,0,79,38.77
2024-05-06,LinkedIn,Short Video,Professional,Video,2024,2024-Q2,2024-05,10,196887,135583,5408,3695,512,436,406,1112,244,89,116734,169,73.69
2024-05-06,TikTok,Short Video,Short Video,Video,2024,2024-Q2,2024-05,26,1542356,995866,104225,71577,9563,10884,8113,6717,2559,909,818598,348,174.95
2024-05-06,TikTok,Story,Short Video,Ephemeral,2024,2024-Q2,2024-05,26,490295,352879,23784,15907,2445,2170,1752,2819,757,241,0,312,153.86
2024-05-06,X (Twitter),Image,Conversation,Static,2024,2024-Q2,2024-05,10,96452,57319,972,687,71,87,83,314,134,49,0,141,79.66
2024-05-06,X (Twitter),Short Video,Conversation,Video,2024,2024-Q2,2024-05,12,175513,122650,3503,2333,369,289,232,1223,228,66,119210,189,76.69
2024-05-06,X (Twitter),Text,Conversation,Static,2024,2024-Q2,2024-05,9,47817,29515,407,286,32,36,34,180,68,26,0,129,84.34
2024-05-06,YouTube,Short Video,Video,Video,2024,2024-Q2,2024-05,6,288817,184167,10290,7394,845,988,968,1218,347,119,155013,100,47.2
2024-05-06,Facebook,Image,Community,Static,2024,2024-Q2,2024-05,8,66326,43833,458,326,41,37,43,321,94,40,0,134,71.73
2024-05-06,Facebook,Carousel,Community,Static,2024,2024-Q2,2024-05,7,59075,43259,686,460,72,53,54,423,74,29,0,109,41.49
2024-05-06,Facebook,Short Video,Community,Video,2024,2024-Q2,2024-05,14,166169,104213,2150,1421,192,208,137,920,247,73,103663,167,93.06
2024-05-06,Facebook,Text,Community,Static,2024,2024-Q2,2024-05,7,28708,18803,152,110,14,11,15,127,31,13,0,137,66.44
2024-05-06,Facebook,Story,Community,Ephemeral,2024,2024-Q2,2024-05,11,52306,37831,467,313,48,36,32,359,61,20,0,188,71.05
2024-05-06,LinkedIn,Text,Professional,Static,2024,2024-Q2,2024-05,6,33116,21594,454,302,39,44,28,166,52,15,0,50,31.27
2024-05-06,Facebook,Long Video,Community,Video,2024,2024-Q2,2024-05,2,17592,9955,123,86,9,13,10,47,26,9,8426,24,16.83
2024-05-13,Instagram,Image,Visual,Static,2024,2024-Q2,2024-05,13,197017,125741,5513,3637,465,492,349,1008,267,76,0,115,59.66
2024-05-13,Instagram,Carousel,Visual,Static,2024,2024-Q2,2024-05,10,223455,134276,8302,5683,651,790,635,818,352,123,0,113,78.4
2024-05-13,Instagram,Short Video,Visual,Video,2024,2024-Q2,2024-05,16,526669,323470,23627,16593,1769,2198,2070,1846,679,266,263982,263,130.42
2024-05-13,Instagram,Story,Visual,Ephemeral,2024,2024-Q2,2024-05,22,257577,163108,8725,5891,747,832,614,1195,387,118,0,209,134.05
2024-05-13,LinkedIn,Image,Professional,Static,2024,2024-Q2,2024-05,8,100745,65105,1710,1230,143,156,158,461,134,52,0,128,65.05
2024-05-13,LinkedIn,Carousel,Professional,Static,2024,2024-Q2,2024-05,6,91240,68280,2418,1702,254,189,210,641,123,46,0,88,34.01
2024-05-13,LinkedIn,Short Video,Professional,Video,2024,2024-Q2,2024-05,12,222857,155598,7140,4760,688,682,504,1387,349,116,137740,147,79.38
2024-05-13,LinkedIn,Text,Professional,Static,2024,2024-Q2,2024-05,6,44343,28741,530,387,44,48,54,201,59,26,0,111,53.4
2024-05-13,TikTok,Short Video,Short Video,Video,2024,2024-Q2,2024-05,18,1011877,686916,58848,40156,5276,4700,4782,5301,1206,489,586420,302,129.22
2024-05-13,TikTok,Story,Short Video,Ephemeral,2024,2024-Q2,2024-05,25,565931,348900,23543,16321,1880,2227,1941,2206,731,261,0,339,197.24
2024-05-13,X (Twitter),Image,Conversation,Static,2024,2024-Q2,2024-05,7,66365,47333,761,532,75,61,67,411,88,34,0,104,42.22
2024-05-13,X (Twitter),Short Video,Conversation,Video,2024,2024-Q2,2024-05,16,262213,175116,5847,3991,527,608,446,1327,441,154,145904,202,132.36
2024-05-13,X (Twitter),Text,Conversation,Static,2024,2024-Q2,2024-05,7,38586,26958,325,232,31,25,31,223,56,24,0,94,36.43
2024-05-13,YouTube,Short Video,Video,Video,2024,2024-Q2,2024-05,6,218035,151859,7695,5126,808,613,495,1502,269,87,147479,93,37.12
2024-05-13,Facebook,Image,Community,Static,2024,2024-Q2,2024-05,8,59892,40715,464,322,44,41,37,326,86,29,0,98,47.82
2024-05-13,Facebook,Short Video,Community,Video,2024,2024-Q2,2024-05,11,165861,103502,2079,1466,183,205,184,752,242,94,84218,172,101.2
2024-05-13,Facebook,Text,Community,Static,2024,2024-Q2,2024-05,7,30377,22011,187,130,19,16,16,203,42,12,0,78,34.9
2024-05-13,Facebook,Story,Community,Ephemeral,2024,2024-Q2,2024-05,17,84045,57217,868,589,79,91,65,441,148,50,0,195,102.44
2024-05-13,LinkedIn,Long Video,Professional,Video,2024,2024-Q2,2024-05,3,41927,25417,744,521,58,85,61,150,76,29,20506,44,34.71
2024-05-13,Facebook,Carousel,Community,Static,2024,2024-Q2,2024-05,6,52403,35093,677,459,62,69,50,285,84,27,0,63,40.25
2024-05-13,Facebook,Long Video,Community,Video,2024,2024-Q2,2024-05,1,8565,5215,69,49,5,8,7,31,16,6,4519,15,11.92
2024-05-20,Instagram,Image,Visual,Static,2024,2024-Q2,2024-05,13,241450,144257,6729,4699,545,683,545,1055,359,129,0,177,110.81
2024-05-20,Instagram,Carousel,Visual,Static,2024,2024-Q2,2024-05,8,195510,126481,7748,5547,654,697,739,874,269,111,0,127,61.57
2024-05-20,Instagram,Short Video,Visual,Video,2024,2024-Q2,2024-05,16,510310,377551,24585,17140,2574,1878,2046,3632,660,234,332200,223,86.5
2024-05-20,Instagram,Story,Visual,Ephemeral,2024,2024-Q2,2024-05,18,252733,161081,7676,5529,635,671,752,1033,368,157,0,310,176.06
2024-05-20,LinkedIn,Image,Professional,Static,2024,2024-Q2,2024-05,7,75733,51599,1311,898,121,110,83,459,100,30,0,64,30.5
2024-05-20,LinkedIn,Short Video,Professional,Video,2024,2024-Q2,2024-05,11,243620,147586,6667,4684,498,542,584,808,258,100,120690,170,92.31
2024-05-20,LinkedIn,Text,Professional,Static,2024,2024-Q2,2024-05,7,39715,27854,534,361,46,44,38,205,51,16,0,77,30.3
2024-05-20,TikTok,Short Video,Short Video,Video,2024,2024-Q2,2024-05,24,1236022,855644,83333,55885,7918,7695,6287,7469,1889,631,755493,307,159.97
2024-05-20,TikTok,Story,Short Video,Ephemeral,2024,2024-Q2,2024-05,18,404230,289282,16428,11661,1646,1182,1475,2492,519,202,0,293,148.5
2024-05-20,X (Twitter),Image,Conversation,Static,2024,2024-Q2,2024-05,11,95821,60988,1192,806,88,121,82,417,156,48,0,113,75.76
2024-05-20,X (Twitter),Short Video,Conversation,Video,2024,2024-Q2,2024-05,13,214653,143692,3798,2578,334,297,309,1025,242,107,120187,211,81.18
2024-05-20,X (Twitter),Text,Conversation,Static,2024,2024-Q2,2024-05,8,36659,22832,340,229,28,33,24,149,56,19,0,74,48.26
2024-05-20,Facebook,Image,Community,Static,2024,2024-Q2,2024-05,9,73368,43163,494,347,36,50,40,235,110,41,0,126,68.53
2024-05-20,Facebook,Carousel,Community,Static,2024,2024-Q2,2024-05,6,55838,37179,561,398,50,42,57,269,70,32,0,100,46.86
2024-05-20,Facebook,Short Video,Community,Video,2024,2024-Q2,2024-05,11,131928,96996,1763,1170,185,143,113,957,174,59,87620,151,58.53
2024-05-20,Facebook,Long Video,Community,Video,2024,2024-Q2,2024-05,2,18050,10403,130,90,9,14,9,52,29,10,8370,25,18.08
2024-05-20,Facebook,Text,Community,Static,2024,2024-Q2,2024-05,6,25421,15498,131,90,11,11,10,98,36,13,0,77,43.27
2024-05-20,Facebook,Story,Community,Ephemeral,2024,2024-Q2,2024-05,12,59791,37240,491,341,40,44,45,234,74,31,0,214,101.36
2024-05-20,LinkedIn,Carousel,Professional,Static,2024,2024-Q2,2024-05,6,78815,52367,2184,1474,175,212,147,324,126,38,0,55,35.45
2024-05-20,YouTube,Short Video,Video,Video,2024,2024-Q2,2024-05,6,232474,158714,9458,6396,862,967,687,1249,402,135,134874,68,45.48
2024-05-20,LinkedIn,Long Video,Professional,Video,2024,2024-Q2,2024-05,2,25436,15947,365,256,30,33,32,105,30,11,12529,32,15.47
2024-05-27,Instagram,Image,Visual,Static,2024,2024-Q2,2024-05,13,231953,159668,6686,4635,630,579,545,1351,308,110,0,204,94.74
2024-05-27,Instagram,Carousel,Visual,Static,2024,2024-Q2,2024-05,8,173142,114714,7398,5082,667,651,559,887,239,78,0,76,37.72
2024-05-27,Instagram,Short Video,Visual,Video,2024,2024-Q2,2024-05,20,639120,411340,32129,21892,2812,3153,2371,3133,970,314,362402,211,140.29
2024-05-27,Instagram,Story,Visual,Ephemeral,2024,2024-Q2,2024-05,19,242910,175092,8450,5886,841,702,678,1575,337,94,0,188,78.52
2024-05-27,LinkedIn,Image,Professional,Static,2024,2024-Q2,2024-05,9,110709,67165,1701,1188,144,156,139,465,142,52,0,130,67.21
2024-05-27,LinkedIn,Carousel,Professional,Static,2024,2024-Q2,2024-05,5,88360,59947,2089,1469,184,157,181,452,96,36,0,83,27.09
2024-05-27,LinkedIn,Short Video,Professional,Video,2024,2024-Q2,2024-05,8,160371,118124,4550,3164,475,345,366,1097,203,68,102942,109,51.79
2024-05-27,LinkedIn,Long Video,Professional,Video,2024,2024-Q2,2024-05,1,12641,7501,215,148,16,24,17,30,22,8,5745,14,10.65
2024-05-27,LinkedIn,Text,Professional,Static,2024,2024-Q2,2024-05,7,43875,26861,568,393,45,56,45,185,64,21,0,87,52.39
2024-05-27,TikTok,Short Video,Short Video,Video,2024,2024-Q2,2024-05,23,1411993,892795,86742,60590,7200,8329,7408,6049,1983,758,691420,334,179.83
2024-05-27,TikTok,Story,Short Video,Ephemeral,2024,2024-Q2,2024-05,29,651831,432486,30378,20962,2769,2878,2033,2836,1018,302,0,274,177.74
2024-05-27,X (Twitter),Image,Conversation,Static,2024,2024-Q2,2024-05,10,105507,66555,1214,850,98,114,102,449,140,51,0,148,80.92
2024-05-27,X (Twitter),Short Video,Conversation,Video,2024,2024-Q2,2024-05,15,219074,144545,4482,2996,409,415,329,1176,308,98,127666,184,95.4
2024-05-27,X (Twitter),Text,Conversation,Static,2024,2024-Q2,2024-05,8,46422,28855,412,296,34,38,40,186,64,25,0,132,67.96
2024-05-27,YouTube,Short Video,Video,Video,2024,2024-Q2,2024-05,6,257497,172514,8654,6018,760,737,790,1335,271,122,148283,122,45.84
2024-05-27,Facebook,Image,Community,Static,2024,2024-Q2,2024-05,7,52589,36425,396,276,38,32,34,297,62,21,0,96,37.27
2024-05-27,Facebook,Carousel,Community,Static,2024,2024-Q2,2024-05,7,64714,44673,749,516,72,63,56,373,89,30,0,82,38.51
2024-05-27,Facebook,Short Video,Community,Video,2024,2024-Q2,2024-05,13,166897,111223,2303,1557,209,226,167,842,256,83,94850,142,83.96
2024-05-27,Facebook,Text,Community,Static,2024,2024-Q2,2024-05,7,30643,20811,169,120,15,14,17,161,40,17,0,108,46.59
2024-05-27,Facebook,Story,Community,Ephemeral,2024,2024-Q2,2024-05,12,57276,40929,529,364,52,43,41,385,80,26,0,145,64.63
2024-05-27,Facebook,Long Video,Community,Video,2024,2024-Q2,2024-05,4,33099,19545,251,174,20,28,20,135,57,20,17761,54,40.64
2024-06-03,Instagram,Image,Visual,Static,2024,2024-Q2,2024-06,15,234047,156932,7394,4935,724,732,501,1347,372,124,0,186,110.04
2024-06-03,Instagram,Carousel,Visual,Static,2024,2024-Q2,2024-06,10,239172,141883,10339,7263,778,1077,879,858,371,132,0,135,80.14
2024-06-03,Instagram,Short Video,Visual,Video,2024,2024-Q2,2024-06,14,540971,356908,23091,16854,2023,1837,2387,2579,700,278,301966,219,98.81
2024-06-03,Instagram,Story,Visual,Ephemeral,2024,2024-Q2,2024-06,18,223910,134889,6822,4670,535,651,505,795,320,106,0,214,126.41
2024-06-03,LinkedIn,Image,Professional,Static,2024,2024-Q2,2024-06,8,92279,62384,1507,1047,138,125,124,504,112,40,0,126,56.1
2024-06-03,LinkedIn,Carousel,Professional,Static,2024,2024-Q2,2024-06,7,93725,63203,2370,1613,217,198,179,494,120,39,0,86,36.23
2024-06-03,LinkedIn,Short Video,Professional,Video,2024,2024-Q2,2024-06,12,239769,154406,6974,4736,614,645,486,1180,375,118,135213,122,80.27
2024-06-03,LinkedIn,Text,Professional,Static,2024,2024-Q2,2024-06,6,38838,26052,516,363,47,46,46,206,51,18,0,82,41.33
2024-06-03,TikTok,Short Video,Short Video,Video,2024,2024-Q2,2024-06,17,1008234,731156,60585,43101,6186,4506,4771,6731,1233,413,640513,216,95.63
2024-06-03,TikTok,Story,Short Video,Ephemeral,2024,2024-Q2,2024-06,21,522533,329645,19673,14145,1561,1748,1868,2076,699,285,0,348,175.77
2024-06-03,X (Twitter),Image,Conversation,Static,2024,2024-Q2,2024-06,9,74237,47552,817,553,79,69,59,472,92,28,0,98,44.9
2024-06-03,X (Twitter),Short Video,Conversation,Video,2024,2024-Q2,2024-06,14,239453,147163,4635,3222,369,438,388,902,321,116,124540,195,117.64
2024-06-03,X (Twitter),Text,Conversation,Static,2024,2024-Q2,2024-06,7,34061,23499,299,206,28,24,24,195,39,15,0,91,32.4
2024-06-03,YouTube,Short Video,Video,Video,2024,2024-Q2,2024-06,7,263734,191774,10053,6878,1043,859,762,1598,383,127,158276,84,39.27
2024-06-03,Facebook,Image,Community,Static,2024,2024-Q2,2024-06,9,63320,39458,500,338,42,51,34,281,99,31,0,91,61.05
2024-06-03,Facebook,Carousel,Community,Static,2024,2024-Q2,2024-06,6,58758,36962,629,437,51,55,51,246,88,32,0,81,47.08
2024-06-03,Facebook,Short Video,Community,Video,2024,2024-Q2,2024-06,9,124199,80480,1498,1043,124,134,143,533,156,68,66679,169,79.13
2024-06-03,Facebook,Text,Community,Static,2024,2024-Q2,2024-06,7,27003,17879,165,113,16,14,11,137,38,12,0,56,33.92
2024-06-03,Facebook,Story,Community,Ephemeral,2024,2024-Q2,2024-06,15,78643,49050,704,487,59,69,54,333,112,38,0,179,124.27
2024-06-03,LinkedIn,Long Video,Professional,Video,2024,2024-Q2,2024-06,3,37280,22041,646,448,46,74,52,98,64,24,17454,44,31.59
2024-06-10,Instagram,Image,Visual,Static,2024,2024-Q2,2024-06,11,198103,123001,5388,3754,420,511,469,698,265,103,0,178,93.84
2024-06-10,Instagram,Carousel,Visual,Static,2024,2024-Q2,2024-06,8,178965,120992,7482,5259,681,631,628,964,221,80,0,105,47.49
2024-06-10,Instagram,Short Video,Visual,Video,2024,2024-Q2,2024-06,17,532848,356877,25121,17126,2303,2150,1854,2849,715,223,303367,193,84.85
2024-06-10,Instagram,Story,Visual,Ephemeral,2024,2024-Q2,2024-06,18,227549,152867,7547,5311,669,659,644,1169,298,109,0,249,119.25
2024-06-10,LinkedIn,Image,Professional,Static,2024,2024-Q2,2024-06,8,78818,54731,1524,1018,146,149,103,456,130,43,0,116,65.92
2024-06-10,LinkedIn,Carousel,Professional,Static,2024,2024-Q2,2024-06,6,85737,53126,2136,1469,171,205,164,385,125,42,0,76,44.83
2024-06-10,LinkedIn,Short Video,Professional,Video,2024,2024-Q2,2024-06,9,211958,136141,5569,4026,459,492,553,892,317,137,115276,158,91.55
2024-06-10,LinkedIn,Text,Professional,Static,2024,2024-Q2,2024-06,7,38970,25606,520,339,50,47,31,241,53,16,0,96,47.2
2024-06-10,TikTok,Short Video,Short Video,Video,2024,2024-Q2,2024-06,22,1201234,761792,73203,49332,6299,6690,5062,5573,1835,577,654837,204,132.35
2024-06-10,TikTok,Story,Short Video,Ephemeral,2024,2024-Q2,2024-06,22,482801,337184,20764,14231,1989,1669,1619,2847,616,207,0,282,105.09
2024-06-10,X (Twitter),Image,Conversation,Static,2024,2024-Q2,2024-06,13,116557,75146,1485,1014,139,154,112,609,192,65,0,166,108.31
2024-06-10,X (Twitter),Short Video,Conversation,Video,2024,2024-Q2,2024-06,11,184241,133803,3533,2511,357,262,309,1198,246,96,115626,135,57.75
2024-06-10,X (Twitter),Text,Conversation,Static,2024,2024-Q2,2024-06,9,45560,27512,445,310,36,49,36,217,76,27,0,114,61.78
2024-06-10,YouTube,Short Video,Video,Video,2024,2024-Q2,2024-06,5,210043,131562,7260,5040,603,679,602,865,286,102,112109,64,34.7
2024-06-10,Facebook,Image,Community,Static,2024,2024-Q2,2024-06,11,92178,57456,702,499,55,69,63,427,135,52,0,176,105.06
2024-06-10,Facebook,Carousel,Community,Static,2024,2024-Q2,2024-06,6,62033,44227,678,483,65,55,64,374,83,34,0,79,22.09
2024-06-10,Facebook,Short Video,Community,Video,2024,2024-Q2,2024-06,11,135819,98109,1901,1286,196,163,144,946,200,60,87777,114,55.9
2024-06-10,Facebook,Long Video,Community,Video,2024,2024-Q2,2024-06,4,34536,20698,270,186,22,31,23,136,62,23,15931,57,31.7
2024-06-10,Facebook,Text,Community,Static,2024,2024-Q2,2024-06,7,32229,19876,190,136,16,18,18,138,39,15,0,108,50.44
2024-06-10,Facebook,Story,Community,Ephemeral,2024,2024-Q2,2024-06,10,60894,42875,498,360,50,38,50,365,81,29,0,138,60.85
2024-06-17,Instagram,Image,Visual,Static,2024,2024-Q2,2024-06,11,170204,127221,5238,3488,563,410,422,1282,231,82,0,154,63.01
2024-06-17,Instagram,Carousel,Visual,Static,2024,2024-Q2,2024-06,10,199291,121920,8704,5810,731,873,589,982,302,94,0,121,74.11
2024-06-17,Instagram,Short Video,Visual,Video,2024,2024-Q2,2024-06,17,562537,345540,25210,17445,2039,2480,1998,2158,837,288,320627,212,128.48
2024-06-17,Instagram,Story,Visual,Ephemeral,2024,2024-Q2,2024-06,22,250362,161145,8508,5700,729,791,588,1298,366,103,0,225,128.05
2024-06-17,LinkedIn,Image,Professional,Static,2024,2024-Q2,2024-06,9,111602,70339,1877,1332,151,147,169,432,125,51,0,152,62.18
2024-06-17,LinkedIn,Carousel,Professional,Static,2024,2024-Q2,2024-06,7,107164,72544,2498,1713,230,188,192,588,116,40,0,105,38.52
2024-06-17,LinkedIn,Short Video,Professional,Video,2024,2024-Q2,2024-06,10,195657,140462,5929,3982,512,512,402,1012,288,87,108946,106,47.73
2024-06-17,LinkedIn,Long Video,Professional,Video,2024,2024-Q2,2024-06,3,39297,22916,564,392,39,52,47,109,45,17,18826,46,32.28
2024-06-17,LinkedIn,Text,Professional,Static,2024,2024-Q2,2024-06,6,39211,25607,511,359,44,47,43,177,53,21,0,92,47.67
2024-06-17,TikTok,Short Video,Short Video,Video,2024,2024-Q2,2024-06,20,1315837,836748,73115,52804,6044,6384,7236,5444,1869,778,712764,341,185.84
2024-06-17,TikTok,Story,Short Video,Ephemeral,2024,2024-Q2,2024-06,25,532181,334849,24277,16502,2022,2485,1743,2223,874,282,0,270,186.91
2024-06-17,X (Twitter),Image,Conversation,Static,2024,2024-Q2,2024-06,9,84415,56371,886,607,80,67,67,426,92,34,0,153,60.48
2024-06-17,X (Twitter),Short Video,Conversation,Video,2024,2024-Q2,2024-06,17,266382,165479,4890,3287,409,470,338,1114,403,125,141786,167,109.94
2024-06-17,X (Twitter),Text,Conversation,Static,2024,2024-Q2,2024-06,9,45529,29502,397,278,35,36,33,205,58,23,0,143,70.93
2024-06-17,YouTube,Short Video,Video,Video,2024,2024-Q2,2024-06,6,278840,200318,9340,6654,931,680,853,1766,382,157,170728,99,45.6
2024-06-17,Facebook,Image,Community,Static,2024,2024-Q2,2024-06,7,46270,31755,335,226,32,24,23,297,53,17,0,110,41.25
2024-06-17,Facebook,Carousel,Community,Static,2024,2024-Q2,2024-06,7,57315,35804,655,436,54,63,42,236,85,24,0,60,37.84
2024-06-17,Facebook,Short Video,Community,Video,2024,2024-Q2,2024-06,11,150801,92855,1779,1231,141,155,141,581,205,72,78912,140,88.18
2024-06-17,Facebook,Text,Community,Static,2024,2024-Q2,2024-06,6,22648,15433,126,87,12,10,9,140,26,9,0,65,23.25
2024-06-17,Facebook,Story,Community,Ephemeral,2024,2024-Q2,2024-06,15,73185,48069,658,447,58,59,50,364,108,33,0,157,82.49
2024-06-17,Facebook,Long Video,Community,Video,2024,2024-Q2,2024-06,2,15059,9153,121,84,8,13,10,41,28,11,7090,30,22.28
2024-06-24,Instagram,Image,Visual,Static,2024,2024-Q2,2024-06,15,253205,166665,7940,5429,692,793,600,1255,402,136,0,177,108.24
2024-06-24,Instagram,Carousel,Visual,Static,2024,2024-Q2,2024-06,11,261159,163471,11097,7837,958,1094,972,1157,382,147,0,173,80.71
2024-06-24,Instagram,Short Video,Visual,Video,2024,2024-Q2,2024-06,17,582741,395236,28785,20485,2630,2614,2580,3118,700,265,346601,212,92.42
2024-06-24,Instagram,Story,Visual,Ephemeral,2024,2024-Q2,2024-06,23,301095,184214,10135,7131,840,1047,863,1219,378,138,0,338,173.06
2024-06-24,LinkedIn,Image,Professional,Static,2024,2024-Q2,2024-06,7,68072,49709,1152,785,119,85,97,472,83,29,0,103,37.84
2024-06-24,LinkedIn,Carousel,Professional,Static,2024,2024-Q2,2024-06,7,80629,53340,2174,1433,211,206,137,464,121,35,0,100,51.4
2024-06-24,LinkedIn,Short Video,Professional,Video,2024,2024-Q2,2024-06,11,220385,134245,6207,4259,496,609,472,818,327,109,123584,131,80.37
2024-06-24,LinkedIn,Text,Professional,Static,2024,2024-Q2,2024-06,6,34444,24768,442,301,45,31,35,231,40,17,0,101,36.91
2024-06-24,TikTok,Short Video,Short Video,Video,2024,2024-Q2,2024-06,20,1163794,820276,73591,50985,7201,6155,5881,7038,1568,425,703726,199,84.44
2024-06-24,TikTok,Story,Short Video,Ephemeral,2024,2024-Q2,2024-06,24,589547,383292,25505,18321,2194,2166,2086,2802,731,261,0,321,160.81
2024-06-24,X (Twitter),Image,Conversation,Static,2024,2024-Q2,2024-06,11,85275,58245,1108,737,104,105,77,493,132,45,0,136,70.81
2024-06-24,X (Twitter),Short Video,Conversation,Video,2024,2024-Q2,2024-06,11,203164,128976,3738,2694,298,343,359,831,281,115,109492,185,98.41
2024-06-24,X (Twitter),Text,Conversation,Static,2024,2024-Q2,2024-06,7,30156,20593,284,191,29,25,19,190,41,15,0,108,48.57
2024-06-24,YouTube,Short Video,Video,Video,2024,2024-Q2,2024-06,7,283390,192870,10712,7376,1014,994,681,1305,441,123,152964,57,35.91
2024-06-24,Facebook,Image,Community,Static,2024,2024-Q2,2024-06,10,71652,46393,585,398,50,59,45,321,114,39,0,125,77.97
2024-06-24,Facebook,Carousel,Community,Static,2024,2024-Q2,2024-06,7,73671,46133,794,571,64,72,74,304,91,35,0,118,57.26
2024-06-24,Facebook,Short Video,Community,Video,2024,2024-Q2,2024-06,9,126736,90144,1514,1046,149,117,122,775,178,67,77404,125,62.51
2024-06-24,Facebook,Long Video,Community,Video,2024,2024-Q2,2024-06,2,15268,10088,124,83,11,12,9,85,23,7,8954,23,13.54
2024-06-24,Facebook,Text,Community,Static,2024,2024-Q2,2024-06,7,26266,16209,163,111,14,16,11,132,40,13,0,77,51.76
2024-06-24,Facebook,Story,Community,Ephemeral,2024,2024-Q2,2024-06,11,60693,35940,495,350,36,49,42,200,85,30,0,153,89.15
2024-06-24,LinkedIn,Long Video,Professional,Video,2024,2024-Q2,2024-06,2,22854,12914,369,257,26,39,31,61,35,13,10924,27,18.96
2024-07-01,Instagram,Image,Visual,Static,2024,2024-Q3,2024-07,10,169774,111076,4436,3211,377,351,443,778,212,83,0,155,86.77
2024-07-01,Instagram,Carousel,Visual,Static,2024,2024-Q3,2024-07,7,135749,98251,5818,3891,599,438,437,937,160,60,0,108,39.57
2024-07-01,Instagram,Short Video,Visual,Video,2024,2024-Q3,2024-07,19,534468,330033,25442,16905,2040,2454,1608,2794,785,229,324882,174,108.79
2024-07-01,Instagram,Story,Visual,Ephemeral,2024,2024-Q3,2024-07,17,185923,132972,6050,4075,611,454,421,1231,218,66,0,285,102.51
2024-07-01,LinkedIn,Image,Professional,Static,2024,2024-Q3,2024-07,9,96661,61193,1682,1151,141,167,129,429,138,45,0,106,71.61
2024-07-01,LinkedIn,Carousel,Professional,Static,2024,2024-Q3,2024-07,5,71341,47148,1963,1377,174,199,170,346,118,46,0,76,46.25
2024-07-01,LinkedIn,Short Video,Professional,Video,2024,2024-Q3,2024-07,10,210791,141137,6142,4351,546,565,542,1088,299,111,124015,142,76.54
2024-07-01,LinkedIn,Long Video,Professional,Video,2024,2024-Q3,2024-07,1,11929,6346,165,112,10,16,12,23,15,4,5255,9,5.63
2024-07-01,LinkedIn,Text,Professional,Static,2024,2024-Q3,2024-07,7,38446,26443,584,393,53,56,46,221,63,22,0,70,45.62
2024-07-01,TikTok,Short Video,Short Video,Video,2024,2024-Q3,2024-07,22,1266952,759408,76692,52872,5944,7588,5739,4904,1865,610,751434,259,163.39
2024-07-01,TikTok,Story,Short Video,Ephemeral,2024,2024-Q3,2024-07,25,472240,299993,19636,13112,1802,1737,1332,2766,625,191,0,304,145.04
2024-07-01,X (Twitter),Image,Conversation,Static,2024,2024-Q3,2024-07,11,100416,64301,1197,833,101,116,101,442,141,54,0,162,84.82
2024-07-01,X (Twitter),Short Video,Conversation,Video,2024,2024-Q3,2024-07,13,208411,145037,4085,2820,396,330,328,1240,266,93,126386,171,65.2
2024-07-01,X (Twitter),Text,Conversation,Static,2024,2024-Q3,2024-07,9,46160,30379,449,312,39,45,38,211,71,27,0,136,81.62
2024-07-01,YouTube,Short Video,Video,Video,2024,2024-Q3,2024-07,5,234286,149658,7323,5306,599,586,701,1000,248,103,128505,90,32.32
2024-07-01,Facebook,Image,Community,Static,2024,2024-Q3,2024-07,9,66139,43554,487,341,41,42,41,304,89,37,0,169,82.77
2024-07-01,Facebook,Carousel,Community,Static,2024,2024-Q3,2024-07,6,51856,35838,582,399,56,46,45,336,63,22,0,69,26.16
2024-07-01,Facebook,Short Video,Community,Video,2024,2024-Q3,2024-07,13,163510,108975,2176,1470,199,202,154,870,252,79,93957,107,66.98
2024-07-01,Facebook,Text,Community,Static,2024,2024-Q3,2024-07,7,30964,20259,174,124,15,14,16,144,39,16,0,127,49.98
2024-07-01,Facebook,Story,Community,Ephemeral,2024,2024-Q3,2024-07,12,62482,44937,580,407,59,46,49,398,72,21,0,127,42.86
2024-07-01,Facebook,Long Video,Community,Video,2024,2024-Q3,2024-07,4,31793,19896,251,173,19,27,20,131,53,19,14634,52,34.87
2024-07-08,Instagram,Image,Visual,Static,2024,2024-Q3,2024-07,12,192753,131735,5590,3781,532,481,393,1114,274,84,0,119,60.41
2024-07-08,Instagram,Carousel,Visual,Static,2024,2024-Q3,2024-07,11,226737,148206,10428,7098,888,1030,784,1049,351,118,0,134,80.89
2024-07-08,Instagram,Short Video,Visual,Video,2024,2024-Q3,2024-07,18,629029,389890,29491,20951,2529,2855,2593,2749,899,344,351084,275,161.87
2024-07-08,Instagram,Story,Visual,Ephemeral,2024,2024-Q3,2024-07,25,274483,187523,10573,7127,985,1086,757,1528,479,168,0,333,207.16
2024-07-08,LinkedIn,Image,Professional,Static,2024,2024-Q3,2024-07,9,104186,66929,1672,1203,139,116,163,439,143,64,0,165,99.19
2024-07-08,LinkedIn,Carousel,Professional,Static,2024,2024-Q3,2024-07,5,62560,46379,1681,1137,177,133,116,464,81,33,0,63,25.42
2024-07-08,LinkedIn,Short Video,Professional,Video,2024,2024-Q3,2024-07,12,220778,144344,6537,4290,573,617,400,1233,334,94,146781,127,72.03
2024-07-08,LinkedIn,Text,Professional,Static,2024,2024-Q3,2024-07,7,44715,28675,504,360,42,38,49,191,45,19,0,130,59.37
2024-07-08,TikTok,Short Video,Short Video,Video,2024,2024-Q3,2024-07,21,1241451,824035,76659,54381,6744,6748,6594,6251,1636,615,725238,298,149.6
2024-07-08,TikTok,Story,Short Video,Ephemeral,2024,2024-Q3,2024-07,27,594460,373877,26502,18320,2340,2708,2131,2744,939,336,0,377,235.97
2024-07-08,X (Twitter),Image,Conversation,Static,2024,2024-Q3,2024-07,8,65400,47573,748,517,76,55,66,429,79,29,0,104,47.43
2024-07-08,X (Twitter),Short Video,Conversation,Video,2024,2024-Q3,2024-07,15,240184,144089,4887,3374,374,517,380,927,394,134,138027,176,113.97
2024-07-08,X (Twitter),Text,Conversation,Static,2024,2024-Q3,2024-07,7,30794,21541,253,174,25,18,23,180,31,12,0,110,34.96
2024-07-08,YouTube,Short Video,Video,Video,2024,2024-Q3,2024-07,7,277433,190752,9408,6502,895,716,764,1548,317,108,177314,92,32.02
2024-07-08,Facebook,Image,Community,Static,2024,2024-Q3,2024-07,8,52643,36681,427,286,43,36,32,334,77,25,0,98,47.41
2024-07-08,Facebook,Carousel,Community,Static,2024,2024-Q3,2024-07,7,59973,37590,740,504,65,79,53,324,100,33,0,83,45.96
2024-07-08,Facebook,Short Video,Community,Video,2024,2024-Q3,2024-07,10,145652,87836,1736,1230,133,172,155,519,190,72,75897,150,77.78
2024-07-08,Facebook,Text,Community,Static,2024,2024-Q3,2024-07,7,23775,16901,148,99,16,12,10,154,30,11,0,101,41.93
2024-07-08,Facebook,Story,Community,Ephemeral,2024,2024-Q3,2024-07,16,76870,46920,705,482,58,72,50,359,123,40,0,173,118.47
2024-07-08,LinkedIn,Long Video,Professional,Video,2024,2024-Q3,2024-07,2,26045,14990,418,293,30,44,36,75,41,15,12759,25,18.04
2024-07-15,Instagram,Image,Visual,Static,2024,2024-Q3,2024-07,12,209827,128607,5581,3867,451,530,450,831,327,118,0,150,95.74
2024-07-15,Instagram,Carousel,Visual,Static,2024,2024-Q3,2024-07,9,190490,121794,7631,5385,628,679,729,815,238,101,0,170,80.24
2024-07-15,Instagram,Short Video,Visual,Video,2024,2024-Q3,2024-07,16,470776,320830,21321,14520,2179,1629,1571,3031,533,171,310508,218,80.94
2024-07-15,Instagram,Story,Visual,Ephemeral,2024,2024-Q3,2024-07,20,247586,157397,8082,5685,654,773,700,1003,265,108,0,348,140.97
2024-07-15,LinkedIn,Image,Professional,Static,2024,2024-Q3,2024-07,7,72279,52679,1299,890,121,109,96,411,105,32,0,80,34.67
2024-07-15,LinkedIn,Carousel,Professional,Static,2024,2024-Q3,2024-07,7,87634,57264,2272,1537,200,211,165,420,121,37,0,74,38.37
2024-07-15,LinkedIn,Short Video,Professional,Video,2024,2024-Q3,2024-07,11,230696,141211,6179,4322,526,590,526,973,316,116,124893,162,90.7
2024-07-15,LinkedIn,Text,Professional,Static,2024,2024-Q3,2024-07,7,42203,30058,554,386,55,44,47,268,54,18,0,93,38.64
2024-07-15,TikTok,Short Video,Short Video,Video,2024,2024-Q3,2024-07,24,1233904,795202,77055,51967,7139,6987,5520,7460,1723,474,794775,257,139.27
2024-07-15,TikTok,Story,Short Video,Ephemeral,2024,2024-Q3,2024-07,22,450174,313519,19863,13678,1907,1331,1559,2732,445,165,0,406,136.18
2024-07-15,X (Twitter),Image,Conversation,Static,2024,2024-Q3,2024-07,11,92390,55938,1011,687,81,91,73,354,138,45,0,118,78.58
2024-07-15,X (Twitter),Short Video,Conversation,Video,2024,2024-Q3,2024-07,14,227889,148572,4435,3112,383,400,371,1095,305,111,128699,184,97.97
2024-07-15,X (Twitter),Text,Conversation,Static,2024,2024-Q3,2024-07,9,39524,25116,378,259,33,39,28,185,62,21,0,112,66.47
2024-07-15,YouTube,Short Video,Video,Video,2024,2024-Q3,2024-07,7,272598,171831,10299,7070,844,1079,766,1287,462,153,169268,80,56.27
2024-07-15,Facebook,Image,Community,Static,2024,2024-Q3,2024-07,10,72748,44138,513,356,39,47,44,251,87,32,0,140,78.43
2024-07-15,Facebook,Carousel,Community,Static,2024,2024-Q3,2024-07,5,41125,27302,465,320,41,41,37,205,55,21,0,97,47.29
2024-07-15,Facebook,Short Video,Community,Video,2024,2024-Q3,2024-07,11,128205,87955,1576,1058,149,124,110,716,157,47,82967,110,41.04
2024-07-15,Facebook,Long Video,Community,Video,2024,2024-Q3,2024-07,3,24040,13159,162,112,10,16,12,55,33,11,11010,31,20.53
2024-07-15,Facebook,Text,Community,Static,2024,2024-Q3,2024-07,6,23320,15308,145,100,12,13,11,112,35,13,0,79,44.5
2024-07-15,Facebook,Story,Community,Ephemeral,2024,2024-Q3,2024-07,14,74894,47759,665,466,56,62,59,324,104,40,0,202,115.03
2024-07-15,LinkedIn,Long Video,Professional,Video,2024,2024-Q3,2024-07,1,11863,7078,204,145,15,23,19,40,21,8,6096,14,10.75
2024-07-22,Instagram,Image,Visual,Static,2024,2024-Q3,2024-07,10,175299,124664,5023,3555,489,428,455,1072,222,66,0,107,40.95
2024-07-22,Instagram,Carousel,Visual,Static,2024,2024-Q3,2024-07,9,182261,129908,8313,5784,839,707,626,1216,265,88,0,96,46.21
2024-07-22,Instagram,Short Video,Visual,Video,2024,2024-Q3,2024-07,23,680635,470328,38518,26164,3647,4042,2866,3293,1016,336,371672,270,145.68
2024-07-22,Instagram,Story,Visual,Ephemeral,2024,2024-Q3,2024-07,19,190772,145815,7255,4868,804,622,530,1209,282,90,0,228,99.65
2024-07-22,LinkedIn,Image,Professional,Static,2024,2024-Q3,2024-07,8,89867,54653,1342,935,106,132,109,341,133,48,0,107,65.9
2024-07-22,LinkedIn,Carousel,Professional,Static,2024,2024-Q3,2024-07,5,60672,39421,1486,1041,127,132,145,277,75,33,0,99,46.44
2024-07-22,LinkedIn,Short Video,Professional,Video,2024,2024-Q3,2024-07,10,180562,130231,5137,3466,526,398,363,1230,209,68,117057,164,61.01
2024-07-22,LinkedIn,Text,Professional,Static,2024,2024-Q3,2024-07,6,34566,21948,450,308,38,41,35,161,48,15,0,66,45.9
2024-07-22,TikTok,Short Video,Short Video,Video,2024,2024-Q3,2024-07,25,1480198,904614,92728,64699,7661,7881,7793,5921,1824,664,797558,366,182.49
2024-07-22,TikTok,Story,Short Video,Ephemeral,2024,2024-Q3,2024-07,29,545479,387522,27703,18582,2431,2755,2042,2853,920,305,0,342,203.57
2024-07-22,X (Twitter),Image,Conversation,Static,2024,2024-Q3,2024-07,9,85426,54110,906,651,74,77,88,341,122,51,0,152,84.81
2024-07-22,X (Twitter),Short Video,Conversation,Video,2024,2024-Q3,2024-07,15,209858,134820,4046,2718,371,360,285,1220,276,85,132175,195,94.94
2024-07-22,X (Twitter),Text,Conversation,Static,2024,2024-Q3,2024-07,9,46193,28538,389,278,29,34,37,172,56,24,0,147,79.98
2024-07-22,YouTube,Short Video,Video,Video,2024,2024-Q3,2024-07,7,316830,208372,10203,7322,896,795,815,1568,345,122,182524,93,39.31
2024-07-22,Facebook,Image,Community,Static,2024,2024-Q3,2024-07,7,49637,34897,342,244,33,24,30,286,62,25,0,116,60.43
2024-07-22,Facebook,Carousel,Community,Static,2024,2024-Q3,2024-07,7,54165,39028,668,446,67,59,45,365,74,27,0,106,46.48
2024-07-22,Facebook,Short Video,Community,Video,2024,2024-Q3,2024-07,14,172528,107290,2314,1577,188,241,169,790,281,91,104191,155,106.2
2024-07-22,Facebook,Text,Community,Static,2024,2024-Q3,2024-07,7,26098,17845,141,98,12,11,14,140,31,13,0,128,49.96
2024-07-22,Facebook,Story,Community,Ephemeral,2024,2024-Q3,2024-07,13,58141,38742,493,333,52,40,36,385,71,22,0,179,75.15
2024-07-22,Facebook,Long Video,Community,Video,2024,2024-Q3,2024-07,2,15610,8881,110,77,7,12,9,43,24,9,7531,24,16.96
2024-07-29,Instagram,Image,Visual,Static,2024,2024-Q3,2024-07,14,201762,126803,5815,3872,485,560,375,842,300,85,0,122,76.29
2024-07-29,Instagram,Carousel,Visual,Static,2024,2024-Q3,2024-07,9,194022,117154,7433,5180,572,644,618,691,260,95,0,117,72.18
2024-07-29,Instagram,Short Video,Visual,Video,2024,2024-Q3,2024-07,15,439824,283327,19910,13738,1620,1792,1724,1902,581,241,239289,275,135.7
2024-07-29,Instagram,Story,Visual,Ephemeral,2024,2024-Q3,2024-07,22,247520,156540,8334,5712,703,783,636,1092,343,113,0,261,155.8
2024-07-29,LinkedIn,Image,Professional,Static,2024,2024-Q3,2024-07,7,78884,54131,1279,912,119,109,120,425,105,42,0,111,49.54
2024-07-29,LinkedIn,Carousel,Professional,Static,2024,2024-Q3,2024-07,7,87671,63102,2316,1619,233,189,190,575,121,42,0,98,42.96
2024-07-29,LinkedIn,Short Video,Professional,Video,2024,2024-Q3,2024-07,14,247083,171865,8229,5549,788,840,590,1429,424,151,147891,146,97.79
2024-07-29,LinkedIn,Text,Professional,Static,2024,2024-Q3,2024-07,7,45799,30873,548,397,51,44,55,234,68,29,0,101,40.55
2024-07-29,TikTok,Short Video,Short Video,Video,2024,2024-Q3,2024-07,18,890847,633895,52088,35054,5229,3775,3590,5799,971,332,567660,302,106.26
2024-07-29,TikTok,Story,Short Video,Ephemeral,2024,2024-Q3,2024-07,24,492771,302813,20123,13958,1528,1879,1777,1725,638,251,0,399,200.3
2024-07-29,X (Twitter),Image,Conversation,Static,2024,2024-Q3,2024-07,9,76758,54019,925,642,90,77,70,472,105,35,0,116,49
2024-07-29,X (Twitter),Short Video,Conversation,Video,2024,2024-Q3,2024-07,15,243482,153692,5062,3511,446,529,414,1077,392,143,124726,215,140.26
2024-07-29,X (Twitter),Text,Conversation,Static,2024,2024-Q3,2024-07,7,35222,25949,328,232,33,26,30,245,46,15,0,88,30.01
2024-07-29,YouTube,Short Video,Video,Video,2024,2024-Q3,2024-07,7,237038,152430,7936,5314,790,677,548,1369,300,91,151704,89,40.85
2024-07-29,Facebook,Image,Community,Static,2024,2024-Q3,2024-07,10,69817,44663,558,384,48,54,44,325,105,36,0,96,62.5
2024-07-29,Facebook,Carousel,Community,Static,2024,2024-Q3,2024-07,6,52860,35208,658,454,61,65,52,269,81,29,0,82,47.69
2024-07-29,Facebook,Short Video,Community,Video,2024,2024-Q3,2024-07,11,150257,97142,1934,1367,164,185,169,679,213,80,82963,158,70.11
2024-07-29,Facebook,Text,Community,Static,2024,2024-Q3,2024-07,7,25216,17683,160,111,16,14,13,163,38,12,0,72,38.43
2024-07-29,Facebook,Story,Community,Ephemeral,2024,2024-Q3,2024-07,16,78339,52657,805,552,74,86,63,339,112,39,0,208,109.98
2024-07-29,LinkedIn,Long Video,Professional,Video,2024,2024-Q3,2024-07,3,40323,24509,719,511,57,82,63,146,74,27,20517,44,34.93
2024-08-05,Instagram,Image,Visual,Static,2024,2024-Q3,2024-08,12,218074,134420,6229,4443,495,620,569,956,319,121,0,185,111
2024-08-05,Instagram,Carousel,Visual,Static,2024,2024-Q3,2024-08,7,154241,106656,5922,4200,564,451,543,863,215,90,0,112,52.99
2024-08-05,Instagram,Short Video,Visual,Video,2024,2024-Q3,2024-08,17,450254,320624,22744,15384,2297,1929,1802,3044,626,217,286533,223,100.51
2024-08-05,Instagram,Story,Visual,Ephemeral,2024,2024-Q3,2024-08,17,199956,134820,6272,4474,559,495,575,1009,264,107,0,295,170.17
2024-08-05,LinkedIn,Image,Professional,Static,2024,2024-Q3,2024-08,7,68992,46145,1233,807,100,117,73,354,102,27,0,59,36.33
2024-08-05,LinkedIn,Short Video,Professional,Video,2024,2024-Q3,2024-08,10,201994,129405,5059,3474,413,415,469,822,222,92,106796,178,74.14
2024-08-05,LinkedIn,Text,Professional,Static,2024,2024-Q3,2024-08,7,36179,23492,472,318,41,42,34,173,50,15,0,71,35.39
2024-08-05,TikTok,Short Video,Short Video,Video,2024,2024-Q3,2024-08,26,1286330,873505,90184,60773,8349,9078,6433,7065,2156,751,755538,329,205.5
2024-08-05,TikTok,Story,Short Video,Ephemeral,2024,2024-Q3,2024-08,21,379270,285213,17601,11971,1892,1397,1426,2865,524,182,0,296,121.3
2024-08-05,X (Twitter),Image,Conversation,Static,2024,2024-Q3,2024-08,11,92812,54270,995,682,74,103,74,290,147,52,0,130,79.45
2024-08-05,X (Twitter),Short Video,Conversation,Video,2024,2024-Q3,2024-08,10,136522,97284,2573,1720,259,190,183,878,150,55,86262,149,51.73
2024-08-05,X (Twitter),Text,Conversation,Static,2024,2024-Q3,2024-08,8,36080,22025,298,203,24,28,21,141,56,18,0,89,61.59
2024-08-05,YouTube,Short Video,Video,Video,2024,2024-Q3,2024-08,6,231629,155024,8833,6105,798,885,699,1190,371,132,131432,84,51.14
2024-08-05,Facebook,Image,Community,Static,2024,2024-Q3,2024-08,9,68848,42776,429,308,33,39,41,262,94,38,0,146,77.01
2024-08-05,Facebook,Carousel,Community,Static,2024,2024-Q3,2024-08,5,36542,26442,399,271,40,29,39,239,42,15,0,74,26.84
2024-08-05,Facebook,Short Video,Community,Video,2024,2024-Q3,2024-08,13,137214,92244,1766,1164,177,154,109,833,180,57,87389,188,83.26
2024-08-05,Facebook,Text,Community,Static,2024,2024-Q3,2024-08,6,24672,15234,127,90,11,11,11,90,27,10,0,94,48.25
2024-08-05,Facebook,Story,Community,Ephemeral,2024,2024-Q3,2024-08,11,48679,33055,416,284,37,35,34,254,61,24,0,182,79.15
2024-08-05,Facebook,Long Video,Community,Video,2024,2024-Q3,2024-08,3,24262,13788,171,118,12,18,13,66,37,12,13868,36,25.52
2024-08-05,LinkedIn,Carousel,Professional,Static,2024,2024-Q3,2024-08,5,62399,37190,1620,1107,125,161,122,224,94,30,0,55,36.8
2024-08-12,Instagram,Image,Visual,Static,2024,2024-Q3,2024-08,12,183441,126734,5139,3525,487,404,399,1188,217,73,0,138,52.46
2024-08-12,Instagram,Carousel,Visual,Static,2024,2024-Q3,2024-08,9,178314,115843,7899,5429,690,752,616,856,273,75,0,81,52.39
2024-08-12,Instagram,Short Video,Visual,Video,2024,2024-Q3,2024-08,20,597242,382278,29507,20386,2523,2911,2392,2183,893,311,305026,258,159.06
2024-08-12,Instagram,Story,Visual,Ephemeral,2024,2024-Q3,2024-08,22,251805,173957,8919,5955,855,793,587,1253,378,110,0,203,113.47
2024-08-12,LinkedIn,Image,Professional,Static,2024,2024-Q3,2024-08,8,92504,57644,1489,1063,121,137,136,407,122,48,0,128,67
2024-08-12,LinkedIn,Carousel,Professional,Static,2024,2024-Q3,2024-08,5,69366,49703,1689,1190,161,122,150,419,78,31,0,77,24.24
2024-08-12,LinkedIn,Short Video,Professional,Video,2024,2024-Q3,2024-08,10,165023,116435,4944,3327,494,410,369,1068,229,73,103360,122,55.32
2024-08-12,LinkedIn,Long Video,Professional,Video,2024,2024-Q3,2024-08,2,24939,15152,444,307,35,51,37,80,46,17,11736,30,23.74
2024-08-12,LinkedIn,Text,Professional,Static,2024,2024-Q3,2024-08,7,43045,26030,542,385,41,52,48,172,57,21,0,103,55.66
2024-08-12,TikTok,Short Video,Short Video,Video,2024,2024-Q3,2024-08,21,1161497,728253,70013,49074,5471,6806,6373,4485,1194,487,606200,365,190.72
2024-08-12,TikTok,Story,Short Video,Ephemeral,2024,2024-Q3,2024-08,28,554394,360906,25712,17580,2004,2139,1935,2209,848,280,0,324,219.52
2024-08-12,X (Twitter),Image,Conversation,Static,2024,2024-Q3,2024-08,8,68779,45340,788,558,68,68,70,334,87,33,0,117,54.97
2024-08-12,X (Twitter),Short Video,Conversation,Video,2024,2024-Q3,2024-08,17,235548,155264,5108,3440,449,508,389,1148,377,129,132392,216,130.62
2024-08-12,X (Twitter),Text,Conversation,Static,2024,2024-Q3,2024-08,7,35188,23101,296,212,24,25,28,165,47,20,0,115,53.04
2024-08-12,YouTube,Short Video,Video,Video,2024,2024-Q3,2024-08,6,228976,160781,7928,5497,768,524,632,1389,235,92,142967,112,38.44
2024-08-12,Facebook,Image,Community,Static,2024,2024-Q3,2024-08,7,46756,32478,347,239,34,27,29,268,56,19,0,93,31.36
2024-08-12,Facebook,Carousel,Community,Static,2024,2024-Q3,2024-08,7,52617,34828,635,432,58,60,45,285,78,24,0,80,44.89
2024-08-12,Facebook,Short Video,Community,Video,2024,2024-Q3,2024-08,12,148405,98284,2009,1380,180,195,156,709,225,78,82136,162,93.77
2024-08-12,Facebook,Text,Community,Static,2024,2024-Q3,2024-08,7,27265,19611,157,111,15,11,14,176,37,14,0,105,46.11
2024-08-12,Facebook,Story,Community,Ephemeral,2024,2024-Q3,2024-08,14,57924,39156,551,370,53,50,42,337,87,30,0,176,92.4
2024-08-12,Facebook,Long Video,Community,Video,2024,2024-Q3,2024-08,3,23630,14214,186,131,15,22,16,82,42,16,11873,43,33.47
2024-08-19,Instagram,Image,Visual,Static,2024,2024-Q3,2024-08,16,250676,157292,7856,5399,687,842,594,1130,342,115,0,198,108.31
2024-08-19,Instagram,Carousel,Visual,Static,2024,2024-Q3,2024-08,10,217670,131669,8805,6253,678,823,790,785,282,105,0,150,78.39
2024-08-19,Instagram,Short Video,Visual,Video,2024,2024-Q3,2024-08,12,382779,269779,16585,12038,1612,1157,1457,2270,486,192,228392,186,78.71
2024-08-19,Instagram,Story,Visual,Ephemeral,2024,2024-Q3,2024-08,17,201939,120615,5931,4175,439,558,512,670,273,102,0,245,132.83
2024-08-19,LinkedIn,Image,Professional,Static,2024,2024-Q3,2024-08,7,68235,46122,1045,722,104,76,83,412,73,25,0,105,36.35
2024-08-19,LinkedIn,Carousel,Professional,Static,2024,2024-Q3,2024-08,7,83542,55292,2181,1480,196,198,157,428,125,38,0,77,40.63
2024-08-19,LinkedIn,Short Video,Professional,Video,2024,2024-Q3,2024-08,12,219734,141271,6335,4355,541,592,488,1020,306,103,121987,147,90.67
2024-08-19,LinkedIn,Text,Professional,Static,2024,2024-Q3,2024-08,7,39832,27882,531,373,51,43,45,238,48,19,0,99,29.92
2024-08-19,TikTok,Short Video,Short Video,Video,2024,2024-Q3,2024-08,20,962370,734190,66145,45132,6265,5419,4933,6249,1416,439,589978,220,94.67
2024-08-19,TikTok,Story,Short Video,Ephemeral,2024,2024-Q3,2024-08,20,437959,291683,17041,12147,1491,1374,1595,2088,602,254,0,327,168.43
2024-08-19,X (Twitter),Image,Conversation,Static,2024,2024-Q3,2024-08,11,80763,51474,960,642,80,90,66,418,115,34,0,113,64.45
2024-08-19,X (Twitter),Short Video,Conversation,Video,2024,2024-Q3,2024-08,13,196516,120311,3766,2627,281,365,332,674,270,108,98586,215,115.73
2024-08-19,X (Twitter),Text,Conversation,Static,2024,2024-Q3,2024-08,7,29979,20377,277,190,26,24,21,162,40,13,0,67,31.27
2024-08-19,YouTube,Short Video,Video,Video,2024,2024-Q3,2024-08,7,230168,153199,8652,5780,776,824,645,1225,354,115,134026,81,44.67
2024-08-19,Facebook,Image,Community,Static,2024,2024-Q3,2024-08,8,53172,32844,424,292,34,43,32,207,88,30,0,89,63
2024-08-19,Facebook,Carousel,Community,Static,2024,2024-Q3,2024-08,6,55721,35425,580,415,47,47,56,217,66,28,0,101,57.25
2024-08-19,Facebook,Short Video,Community,Video,2024,2024-Q3,2024-08,10,117779,81808,1480,1015,137,120,120,674,151,62,70647,172,55.54
2024-08-19,Facebook,Long Video,Community,Video,2024,2024-Q3,2024-08,1,6823,3795,46,31,3,5,3,45,10,3,5133,11,7.46
2024-08-19,Facebook,Text,Community,Static,2024,2024-Q3,2024-08,7,24080,15597,141,95,12,14,10,115,40,12,0,67,44.64
2024-08-19,Facebook,Story,Community,Ephemeral,2024,2024-Q3,2024-08,14,67406,41788,601,420,49,58,50,212,98,37,0,199,122.27
2024-08-19,LinkedIn,Long Video,Professional,Video,2024,2024-Q3,2024-08,3,32009,19459,572,396,41,65,47,87,59,23,15075,44,33.44
2024-08-26,Instagram,Image,Visual,Static,2024,2024-Q3,2024-08,12,179036,117599,4951,3412,424,433,384,818,234,89,0,226,110.85
2024-08-26,Instagram,Carousel,Visual,Static,2024,2024-Q3,2024-08,7,131195,89534,5267,3635,495,386,426,788,142,49,0,87,29.46
2024-08-26,Instagram,Short Video,Visual,Video,2024,2024-Q3,2024-08,19,534495,347041,26224,17938,2321,2427,1960,2588,792,253,297890,199,115.53
2024-08-26,Instagram,Story,Visual,Ephemeral,2024,2024-Q3,2024-08,17,184709,131805,6386,4411,632,532,516,1173,249,90,0,215,89.62
2024-08-26,LinkedIn,Image,Professional,Static,2024,2024-Q3,2024-08,9,87124,56428,1674,1140,154,180,127,450,153,52,0,108,77.5
2024-08-26,LinkedIn,Carousel,Professional,Static,2024,2024-Q3,2024-08,5,67579,41374,1570,1114,123,135,139,257,79,30,0,76,34.89
2024-08-26,LinkedIn,Short Video,Professional,Video,2024,2024-Q3,2024-08,8,155296,103698,3644,2618,332,278,353,773,209,90,88842,126,64.32
2024-08-26,LinkedIn,Text,Professional,Static,2024,2024-Q3,2024-08,7,34471,20845,459,308,39,47,31,188,52,16,0,71,45.97
2024-08-26,TikTok,Short Video,Short Video,Video,2024,2024-Q3,2024-08,22,1130469,702704,67420,46319,5522,6258,5204,4691,1641,549,605923,257,176.57
2024-08-26,TikTok,Story,Short Video,Ephemeral,2024,2024-Q3,2024-08,25,484812,326986,21071,14419,1950,1831,1592,2651,686,223,0,296,142.44
2024-08-26,X (Twitter),Image,Conversation,Static,2024,2024-Q3,2024-08,12,100737,61010,1179,826,98,122,98,471,152,57,0,171,107.88
2024-08-26,X (Twitter),Short Video,Conversation,Video,2024,2024-Q3,2024-08,12,156248,118133,3340,2333,362,268,278,1204,220,68,105497,134,55.8
2024-08-26,X (Twitter),Text,Conversation,Static,2024,2024-Q3,2024-08,8,37768,22590,352,248,27,35,30,158,50,17,0,110,62.19
2024-08-26,YouTube,Short Video,Video,Video,2024,2024-Q3,2024-08,6,221849,138208,7115,5049,569,622,654,873,259,107,114154,101,45.91
2024-08-26,Facebook,Image,Community,Static,2024,2024-Q3,2024-08,10,73769,47287,577,414,48,57,55,332,109,43,0,136,62.77
2024-08-26,Facebook,Carousel,Community,Static,2024,2024-Q3,2024-08,7,62640,45708,722,510,73,56,63,422,79,25,0,88,30.05
2024-08-26,Facebook,Short Video,Community,Video,2024,2024-Q3,2024-08,12,131674,92656,1927,1302,189,184,138,840,211,67,74350,131,74.72
2024-08-26,Facebook,Text,Community,Static,2024,2024-Q3,2024-08,7,30352,19671,170,125,14,14,17,139,36,12,0,107,47.42
2024-08-26,Facebook,Story,Community,Ephemeral,2024,2024-Q3,2024-08,11,51516,37698,456,326,47,34,37,357,71,25,0,140,61.42
2024-08-26,Facebook,Long Video,Community,Video,2024,2024-Q3,2024-08,4,31588,19016,249,174,21,28,20,99,44,16,15162,58,34.05
2024-09-02,Instagram,Image,Visual,Static,2024,2024-Q3,2024-09,12,163053,118311,5203,3459,529,455,360,1126,241,84,0,167,77.78
2024-09-02,Instagram,Carousel,Visual,Static,2024,2024-Q3,2024-09,11,213678,130578,9699,6684,798,1036,718,1023,356,121,0,133,95.48
2024-09-02,Instagram,Short Video,Visual,Video,2024,2024-Q3,2024-09,17,531261,322333,22402,15937,1703,2004,1989,1880,749,286,274837,258,145.4
2024-09-02,Instagram,Story,Visual,Ephemeral,2024,2024-Q3,2024-09,22,217065,138482,7584,5091,647,753,508,960,349,104,0,216,140.24
2024-09-02,LinkedIn,Image,Professional,Static,2024,2024-Q3,2024-09,9,96129,62896,1442,994,123,113,113,442,106,42,0,164,68.43
2024-09-02,LinkedIn,Carousel,Professional,Static,2024,2024-Q3,2024-09,6,67840,49141,1749,1188,158,133,131,447,84,27,0,63,21.98
2024-09-02,LinkedIn,Short Video,Professional,Video,2024,2024-Q3,2024-09,11,189622,121219,5332,3607,458,489,378,876,274,85,104034,108,62.08
2024-09-02,LinkedIn,Text,Professional,Static,2024,2024-Q3,2024-09,6,33966,21818,427,299,35,37,35,145,44,16,0,105,51.94
2024-09-02,TikTok,Short Video,Short Video,Video,2024,2024-Q3,2024-09,19,1083716,729142,63525,45437,5734,5087,6033,5412,1585,678,616789,318,174.87
2024-09-02,TikTok,Story,Short Video,Ephemeral,2024,2024-Q3,2024-09,23,457462,281877,19333,13413,1380,1953,1555,1426,711,250,0,291,186.73
2024-09-02,X (Twitter),Image,Conversation,Static,2024,2024-Q3,2024-09,8,58951,41650,657,445,65,49,46,375,66,20,0,126,42.72
2024-09-02,X (Twitter),Short Video,Conversation,Video,2024,2024-Q3,2024-09,15,213155,129502,3967,2702,318,363,292,834,304,98,112154,165,110.65
2024-09-02,X (Twitter),Text,Conversation,Static,2024,2024-Q3,2024-09,8,35164,23800,316,223,30,26,26,191,43,16,0,105,47.65
2024-09-02,YouTube,Short Video,Video,Video,2024,2024-Q3,2024-09,7,252707,186703,8941,6305,931,680,783,1728,325,120,161864,108,53.32
2024-09-02,Facebook,Image,Community,Static,2024,2024-Q3,2024-09,8,45316,28486,329,221,30,28,22,243,59,18,0,98,47
2024-09-02,Facebook,Short Video,Community,Video,2024,2024-Q3,2024-09,10,119135,71623,1347,945,100,119,118,385,137,53,58992,156,83.11
2024-09-02,Facebook,Text,Community,Static,2024,2024-Q3,2024-09,7,23124,15436,134,91,11,11,10,132,28,9,0,79,32.26
2024-09-02,Facebook,Story,Community,Ephemeral,2024,2024-Q3,2024-09,15,63747,40298,569,383,49,52,40,286,97,30,0,139,89.92
2024-09-02,LinkedIn,Long Video,Professional,Video,2024,2024-Q3,2024-09,2,22572,13141,384,266,26,44,32,59,37,13,10583,30,20.44
2024-09-02,Facebook,Carousel,Community,Static,2024,2024-Q3,2024-09,5,35839,22283,408,271,35,39,25,151,52,14,0,44,27.47
2024-09-02,Facebook,Long Video,Community,Video,2024,2024-Q3,2024-09,1,6811,4228,57,40,5,7,5,21,13,5,3308,16,13.13
2024-09-09,Instagram,Image,Visual,Static,2024,2024-Q3,2024-09,14,217416,140868,6651,4598,567,673,541,818,343,126,0,197,88.3
2024-09-09,Instagram,Carousel,Visual,Static,2024,2024-Q3,2024-09,10,210808,135682,9196,6507,778,884,823,934,239,84,0,156,69.74
2024-09-09,Instagram,Short Video,Visual,Video,2024,2024-Q3,2024-09,16,467211,340885,22739,15845,2342,1746,1608,3126,579,172,295691,186,62.82
2024-09-09,Instagram,Story,Visual,Ephemeral,2024,2024-Q3,2024-09,23,283852,179964,8811,6344,727,775,719,1231,345,124,0,321,163.51
2024-09-09,LinkedIn,Image,Professional,Static,2024,2024-Q3,2024-09,7,59340,42126,1049,699,105,87,76,394,79,28,0,100,42.78
2024-09-09,LinkedIn,Carousel,Professional,Static,2024,2024-Q3,2024-09,7,78406,48175,2075,1403,178,214,146,397,125,41,0,76,50.61
2024-09-09,LinkedIn,Short Video,Professional,Video,2024,2024-Q3,2024-09,10,191257,113024,4871,3426,362,471,418,627,266,99,97038,140,78.89
2024-09-09,LinkedIn,Text,Professional,Static,2024,2024-Q3,2024-09,7,34400,24016,444,301,47,34,32,234,40,14,0,117,45.92
2024-09-09,TikTok,Short Video,Short Video,Video,2024,2024-Q3,2024-09,22,1117777,771052,72210,48252,6926,6428,4623,5376,1675,470,612362,204,109.05
2024-09-09,TikTok,Story,Short Video,Ephemeral,2024,2024-Q3,2024-09,23,477271,327825,20515,14160,1919,1718,1654,2664,612,205,0,293,129.37
2024-09-09,X (Twitter),Image,Conversation,Static,2024,2024-Q3,2024-09,12,86429,58643,1172,790,107,121,82,469,145,50,0,152,95.45
2024-09-09,X (Twitter),Short Video,Conversation,Video,2024,2024-Q3,2024-09,11,170219,113102,3085,2202,275,257,291,828,242,103,96188,173,91.88
2024-09-09,X (Twitter),Text,Conversation,Static,2024,2024-Q3,2024-09,8,30852,19269,291,194,26,28,19,158,47,14,0,99,58.93
2024-09-09,Facebook,Image,Community,Static,2024,2024-Q3,2024-09,10,67761,42176,515,356,43,52,43,286,100,36,0,141,85.12
2024-09-09,Facebook,Carousel,Community,Static,2024,2024-Q3,2024-09,7,62750,40667,699,501,59,62,68,290,81,34,0,112,52.04
2024-09-09,Facebook,Short Video,Community,Video,2024,2024-Q3,2024-09,10,119666,88777,1566,1078,165,122,120,867,161,53,78674,123,60.28
2024-09-09,Facebook,Long Video,Community,Video,2024,2024-Q3,2024-09,3,20767,13641,171,116,15,18,13,95,36,13,11297,38,25.09
2024-09-09,Facebook,Text,Community,Static,2024,2024-Q3,2024-09,7,25278,15617,149,104,13,15,12,123,38,13,0,90,55.03
2024-09-09,Facebook,Story,Community,Ephemeral,2024,2024-Q3,2024-09,11,56154,35949,457,331,39,41,44,236,80,34,0,190,104.03
2024-09-09,YouTube,Short Video,Video,Video,2024,2024-Q3,2024-09,6,204953,136740,7949,5392,638,678,550,891,332,102,108506,59,38.53
2024-09-09,LinkedIn,Long Video,Professional,Video,2024,2024-Q3,2024-09,1,10304,5957,180,126,13,21,16,30,17,7,5078,16,11.63
2024-09-16,Instagram,Image,Visual,Static,2024,2024-Q3,2024-09,9,129707,91837,3402,2358,336,239,269,800,143,48,0,120,49.42
2024-09-16,Instagram,Carousel,Visual,Static,2024,2024-Q3,2024-09,9,149372,96725,6249,4177,595,549,416,837,199,64,0,128,59.94
2024-09-16,Instagram,Short Video,Visual,Video,2024,2024-Q3,2024-09,18,471732,288783,22825,15456,1795,2297,1554,2058,738,226,290068,184,122.99
2024-09-16,Instagram,Story,Visual,Ephemeral,2024,2024-Q3,2024-09,19,177387,116520,5580,3743,536,455,387,1132,214,62,0,247,99.89
2024-09-16,LinkedIn,Image,Professional,Static,2024,2024-Q3,2024-09,9,88535,56585,1539,1065,128,151,127,369,126,47,0,126,68.64
2024-09-16,LinkedIn,Carousel,Professional,Static,2024,2024-Q3,2024-09,5,61233,39598,1612,1126,136,155,139,277,91,35,0,88,50.12
2024-09-16,LinkedIn,Short Video,Professional,Video,2024,2024-Q3,2024-09,9,155997,112645,4703,3250,476,400,383,1032,218,76,98511,116,39.25
2024-09-16,LinkedIn,Long Video,Professional,Video,2024,2024-Q3,2024-09,2,21561,11764,326,225,21,32,26,48,30,11,9832,21,13.78
2024-09-16,TikTok,Short Video,Short Video,Video,2024,2024-Q3,2024-09,19,1016135,598304,55457,39003,4091,5240,4582,3277,1352,487,549845,264,145.49
2024-09-16,TikTok,Story,Short Video,Ephemeral,2024,2024-Q3,2024-09,28,479795,298067,21097,14108,1708,2091,1377,2207,736,222,0,272,174.59
2024-09-16,X (Twitter),Image,Conversation,Static,2024,2024-Q3,2024-09,10,80001,50520,913,642,74,86,77,305,108,45,0,171,89.31
2024-09-16,X (Twitter),Short Video,Conversation,Video,2024,2024-Q3,2024-09,14,195959,135414,3958,2728,378,340,311,1147,283,97,117356,132,62.82
2024-09-16,X (Twitter),Text,Conversation,Static,2024,2024-Q3,2024-09,9,43657,28612,411,292,35,41,37,180,67,26,0,147,63.41
2024-09-16,YouTube,Short Video,Video,Video,2024,2024-Q3,2024-09,5,197641,134629,6439,4618,585,493,620,995,223,92,113866,83,29.83
2024-09-16,Facebook,Image,Community,Static,2024,2024-Q3,2024-09,8,51389,35108,382,267,35,31,32,280,65,25,0,148,45.48
2024-09-16,Facebook,Carousel,Community,Static,2024,2024-Q3,2024-09,7,52681,35685,605,414,56,51,46,286,69,23,0,63,29.53
2024-09-16,Facebook,Short Video,Community,Video,2024,2024-Q3,2024-09,13,143439,93930,1886,1274,170,174,132,749,229,72,74791,125,82.16
2024-09-16,Facebook,Text,Community,Static,2024,2024-Q3,2024-09,7,26684,17957,154,108,15,13,14,143,28,10,0,103,36.93
2024-09-16,Facebook,Story,Community,Ephemeral,2024,2024-Q3,2024-09,13,58710,41911,541,375,52,44,36,368,80,22,0,135,55.38
2024-09-16,LinkedIn,Text,Professional,Static,2024,2024-Q3,2024-09,6,29641,20191,458,311,43,47,34,165,52,19,0,71,48.44
2024-09-16,Facebook,Long Video,Community,Video,2024,2024-Q3,2024-09,4,27147,17126,222,153,19,24,17,72,48,18,12581,53,26.5
2024-09-23,Instagram,Image,Visual,Static,2024,2024-Q3,2024-09,15,219965,145733,6585,4521,596,617,506,1188,324,108,0,170,97.43
2024-09-23,Instagram,Carousel,Visual,Static,2024,2024-Q3,2024-09,11,209056,135316,9337,6420,803,924,739,945,313,112,0,151,88.61
2024-09-23,Instagram,Short Video,Visual,Video,2024,2024-Q3,2024-09,18,556729,354840,26305,18717,2193,2446,2345,2456,758,296,307254,277,150.81
2024-09-23,Instagram,Story,Visual,Ephemeral,2024,2024-Q3,2024-09,24,248812,157872,8794,6012,805,910,667,1198,394,137,0,308,197.65
2024-09-23,LinkedIn,Image,Professional,Static,2024,2024-Q3,2024-09,8,74690,50610,1061,749,99,69,101,382,91,38,0,126,66.53
2024-09-23,LinkedIn,Carousel,Professional,Static,2024,2024-Q3,2024-09,6,56785,40578,1575,1024,174,139,91,431,79,25,0,79,34.62
2024-09-23,LinkedIn,Short Video,Professional,Video,2024,2024-Q3,2024-09,13,215047,129720,6162,4180,477,630,441,886,335,105,125981,137,92.11
2024-09-23,LinkedIn,Text,Professional,Static,2024,2024-Q3,2024-09,6,29077,19684,348,242,33,27,33,154,35,14,0,104,40.45
2024-09-23,TikTok,Short Video,Short Video,Video,2024,2024-Q3,2024-09,18,889491,631703,56274,39188,5458,4569,4738,5418,1130,398,552783,241,96.75
2024-09-23,TikTok,Story,Short Video,Ephemeral,2024,2024-Q3,2024-09,27,568097,355291,24325,17325,1970,2358,2191,2595,817,316,0,423,248.33
2024-09-23,X (Twitter),Image,Conversation,Static,2024,2024-Q3,2024-09,10,65282,49795,877,586,97,75,69,523,96,30,0,115,49.59
2024-09-23,X (Twitter),Short Video,Conversation,Video,2024,2024-Q3,2024-09,12,176705,103181,3273,2288,240,337,272,549,242,83,101465,157,91.92
2024-09-23,X (Twitter),Text,Conversation,Static,2024,2024-Q3,2024-09,7,26062,18907,238,160,24,17,18,182,31,10,0,108,39.73
2024-09-23,YouTube,Short Video,Video,Video,2024,2024-Q3,2024-09,7,240085,164774,8517,5855,794,725,645,1340,326,108,140678,86,36.83
2024-09-23,Facebook,Image,Community,Static,2024,2024-Q3,2024-09,10,57276,40072,510,341,48,52,38,343,98,32,0,123,73.95
2024-09-23,Facebook,Carousel,Community,Static,2024,2024-Q3,2024-09,7,57592,34374,646,453,51,67,54,245,72,25,0,95,49.3
2024-09-23,Facebook,Short Video,Community,Video,2024,2024-Q3,2024-09,8,108890,70475,1257,916,108,111,128,482,143,54,60413,122,56.83
2024-09-23,Facebook,Text,Community,Static,2024,2024-Q3,2024-09,7,20002,13935,130,85,12,11,8,118,31,10,0,98,49.63
2024-09-23,Facebook,Story,Community,Ephemeral,2024,2024-Q3,2024-09,13,57089,34410,504,346,38,50,38,230,86,28,0,151,96.72
2024-09-23,LinkedIn,Long Video,Professional,Video,2024,2024-Q3,2024-09,2,22924,13248,293,205,21,31,26,67,37,14,11292,26,18.92
2024-09-30,Instagram,Image,Visual,Static,2024,2024-Q3,2024-09,12,190648,114713,5013,3548,378,451,454,641,261,100,0,174,107.79
2024-09-30,Instagram,Carousel,Visual,Static,2024,2024-Q3,2024-09,8,146696,100536,6061,4199,547,504,534,789,133,59,0,145,62.66
2024-09-30,Instagram,Short Video,Visual,Video,2024,2024-Q3,2024-09,18,453443,301163,21006,14222,2056,1771,1536,3021,579,159,310208,199,90.9
2024-09-30,Instagram,Story,Visual,Ephemeral,2024,2024-Q3,2024-09,20,210743,141286,7004,4897,630,510,581,1045,227,92,0,394,156.26
2024-09-30,LinkedIn,Image,Professional,Static,2024,2024-Q3,2024-09,8,73555,47924,1291,884,115,118,95,364,106,36,0,90,51.78
2024-09-30,LinkedIn,Short Video,Professional,Video,2024,2024-Q3,2024-09,10,187208,117855,5152,3643,422,482,448,763,254,95,99544,145,80.84
2024-09-30,LinkedIn,Text,Professional,Static,2024,2024-Q3,2024-09,7,33279,22929,456,314,44,40,34,204,45,16,0,87,42.09
2024-09-30,TikTok,Short Video,Short Video,Video,2024,2024-Q3,2024-09,25,1149238,720297,73725,49503,6063,7430,4953,5546,1819,561,731621,256,170.24
2024-09-30,TikTok,Story,Short Video,Ephemeral,2024,2024-Q3,2024-09,22,392538,269639,16361,10791,1686,1297,996,2579,456,149,0,314,119.88
2024-09-30,X (Twitter),Image,Conversation,Static,2024,2024-Q3,2024-09,11,82020,51137,944,647,78,88,72,338,108,36,0,133,79.59
2024-09-30,X (Twitter),Short Video,Conversation,Video,2024,2024-Q3,2024-09,13,179220,123940,3621,2522,341,316,305,1020,238,84,108966,166,77.89
2024-09-30,X (Twitter),Text,Conversation,Static,2024,2024-Q3,2024-09,9,36476,23389,350,238,30,35,27,161,55,19,0,107,65.22
2024-09-30,YouTube,Short Video,Video,Video,2024,2024-Q3,2024-09,6,220829,137646,7185,4980,523,687,572,896,327,118,127575,81,47.42
2024-09-30,Facebook,Image,Community,Static,2024,2024-Q3,2024-09,10,62814,38493,442,306,34,39,39,216,78,32,0,163,78.09
2024-09-30,Facebook,Carousel,Community,Static,2024,2024-Q3,2024-09,5,36323,25174,425,289,40,36,31,217,48,16,0,72,32.9
2024-09-30,Facebook,Short Video,Community,Video,2024,2024-Q3,2024-09,12,125284,83792,1585,1061,145,136,104,660,168,48,78139,120,55.21
2024-09-30,Facebook,Text,Community,Static,2024,2024-Q3,2024-09,6,22296,14540,132,92,12,12,11,103,29,11,0,94,49.74
2024-09-30,Facebook,Story,Community,Ephemeral,2024,2024-Q3,2024-09,14,63358,41967,573,404,50,52,48,317,89,34,0,197,105.58
2024-09-30,Facebook,Long Video,Community,Video,2024,2024-Q3,2024-09,3,21232,11672,148,102,10,16,12,49,30,12,9781,36,24.19
2024-09-30,LinkedIn,Carousel,Professional,Static,2024,2024-Q3,2024-09,5,54573,35575,1572,1066,136,160,116,255,90,31,0,59,38.71
2024-10-07,Instagram,Image,Visual,Static,2024,2024-Q4,2024-10,11,169967,127051,5139,3592,547,413,328,1240,232,65,0,113,40.74
2024-10-07,Instagram,Carousel,Visual,Static,2024,2024-Q4,2024-10,10,168701,114573,8049,5470,766,779,593,741,269,88,0,113,65.37
2024-10-07,Instagram,Short Video,Visual,Video,2024,2024-Q4,2024-10,21,575081,373517,30751,21116,2655,2764,2401,2656,812,280,314506,280,152.29
2024-10-07,Instagram,Story,Visual,Ephemeral,2024,2024-Q4,2024-10,21,187343,126177,6695,4435,611,614,490,1028,277,90,0,255,130.84
2024-10-07,LinkedIn,Image,Professional,Static,2024,2024-Q4,2024-10,9,92048,56066,1389,987,104,126,126,321,134,53,0,137,80.69
2024-10-07,LinkedIn,Carousel,Professional,Static,2024,2024-Q4,2024-10,5,54134,37956,1372,929,128,113,128,324,71,30,0,88,38.64
2024-10-07,LinkedIn,Short Video,Professional,Video,2024,2024-Q4,2024-10,11,170529,111889,4673,3135,455,397,319,1124,211,64,116770,132,57.54
2024-10-07,LinkedIn,Text,Professional,Static,2024,2024-Q4,2024-10,6,32670,20938,418,293,35,38,36,140,42,16,0,86,53.43
2024-10-07,TikTok,Short Video,Short Video,Video,2024,2024-Q4,2024-10,24,1344123,853387,75373,53957,6245,6389,6026,5709,1595,570,729873,338,167
2024-10-07,TikTok,Story,Short Video,Ephemeral,2024,2024-Q4,2024-10,32,574986,379423,25956,17613,2306,2467,1920,2725,842,284,0,386,217.36
2024-10-07,X (Twitter),Image,Conversation,Static,2024,2024-Q4,2024-10,8,62640,41685,680,486,60,52,63,298,81,35,0,143,81.44
2024-10-07,X (Twitter),Short Video,Conversation,Video,2024,2024-Q4,2024-10,16,203615,127886,4157,2790,342,417,276,1068,315,98,122308,160,104.1
2024-10-07,X (Twitter),Text,Conversation,Static,2024,2024-Q4,2024-10,9,37047,23681,319,226,25,29,30,157,45,19,0,170,90.43
2024-10-07,YouTube,Short Video,Video,Video,2024,2024-Q4,2024-10,7,269272,183856,8888,6135,824,687,697,1498,301,101,163123,92,35.28
2024-10-07,Facebook,Image,Community,Static,2024,2024-Q4,2024-10,7,38907,28631,301,206,31,22,25,270,49,17,0,106,40.32
2024-10-07,Facebook,Carousel,Community,Static,2024,2024-Q4,2024-10,7,46108,30771,567,376,55,54,36,267,69,22,0,103,54.26
2024-10-07,Facebook,Short Video,Community,Video,2024,2024-Q4,2024-10,12,139052,85313,1802,1247,147,181,140,602,214,72,85103,146,94.96
2024-10-07,Facebook,Text,Community,Static,2024,2024-Q4,2024-10,7,22823,16311,127,87,13,9,11,148,25,10,0,118,41.56
2024-10-07,Facebook,Story,Community,Ephemeral,2024,2024-Q4,2024-10,15,60387,39024,535,361,49,49,38,355,85,23,0,200,102
2024-10-07,Facebook,Long Video,Community,Video,2024,2024-Q4,2024-10,2,13054,7449,96,67,7,10,9,36,20,7,6323,24,17.08
2024-10-14,Instagram,Image,Visual,Static,2024,2024-Q4,2024-10,12,165033,102231,4590,3098,380,451,321,651,257,79,0,118,78.64
2024-10-14,Instagram,Carousel,Visual,Static,2024,2024-Q4,2024-10,10,194828,117613,7429,5238,562,650,663,667,224,86,0,150,90.29
2024-10-14,Instagram,Short Video,Visual,Video,2024,2024-Q4,2024-10,16,421870,287580,19434,13374,1802,1596,1506,2281,526,198,246080,266,120.03
2024-10-14,Instagram,Story,Visual,Ephemeral,2024,2024-Q4,2024-10,22,234098,149349,7810,5428,645,729,651,991,317,117,0,320,165.34
2024-10-14,LinkedIn,Image,Professional,Static,2024,2024-Q4,2024-10,7,69744,50023,1169,819,118,97,102,448,97,37,0,109,36.18
2024-10-14,LinkedIn,Carousel,Professional,Static,2024,2024-Q4,2024-10,7,70523,49110,1966,1354,192,177,152,449,105,36,0,74,39.39
2024-10-14,LinkedIn,Short Video,Professional,Video,2024,2024-Q4,2024-10,13,220916,143166,6817,4662,639,699,519,1144,359,125,118269,168,108.28
2024-10-14,LinkedIn,Text,Professional,Static,2024,2024-Q4,2024-10,7,40504,28777,503,361,50,36,48,250,52,17,0,99,40.58
2024-10-14,TikTok,Short Video,Short Video,Video,2024,2024-Q4,2024-10,20,865001,595157,52765,35359,5548,4314,3579,5873,1095,324,584597,313,129.59
2024-10-14,TikTok,Story,Short Video,Ephemeral,2024,2024-Q4,2024-10,22,397254,261010,16677,11566,1368,1510,1456,1765,540,227,0,412,203.02
2024-10-14,X (Twitter),Image,Conversation,Static,2024,2024-Q4,2024-10,10,75912,51701,940,647,89,84,72,432,111,38,0,95,52.6
2024-10-14,X (Twitter),Short Video,Conversation,Video,2024,2024-Q4,2024-10,16,254298,160901,5050,3616,416,492,463,1041,374,149,134978,260,121.26
2024-10-14,X (Twitter),Text,Conversation,Static,2024,2024-Q4,2024-10,7,28131,20402,273,192,27,23,21,195,39,12,0,79,35.91
2024-10-14,YouTube,Short Video,Video,Video,2024,2024-Q4,2024-10,7,207708,129835,7377,4865,655,709,467,1137,306,92,129088,83,46.77
2024-10-14,Facebook,Image,Community,Static,2024,2024-Q4,2024-10,11,67493,43519,542,372,47,53,41,325,99,33,0,128,86.43
2024-10-14,Facebook,Carousel,Community,Static,2024,2024-Q4,2024-10,6,51266,34259,608,431,53,59,52,205,76,30,0,98,43.01
2024-10-14,Facebook,Short Video,Community,Video,2024,2024-Q4,2024-10,11,129158,87582,1719,1213,156,160,144,699,147,48,77302,128,50.79
2024-10-14,Facebook,Text,Community,Static,2024,2024-Q4,2024-10,7,22082,15140,149,101,15,15,10,106,31,10,0,70,44.75
2024-10-14,Facebook,Story,Community,Ephemeral,2024,2024-Q4,2024-10,16,74602,47736,702,490,59,61,61,322,96,37,0,241,119.28
2024-10-14,LinkedIn,Long Video,Professional,Video,2024,2024-Q4,2024-10,2,22281,13358,387,276,30,44,31,76,39,14,11521,28,21.66
2024-10-21,Instagram,Image,Visual,Static,2024,2024-Q4,2024-10,11,175328,114131,4968,3552,422,451,448,820,229,90,0,169,82.94
2024-10-21,Instagram,Carousel,Visual,Static,2024,2024-Q4,2024-10,7,138025,100640,5857,4131,601,442,512,930,197,77,0,106,49.48
2024-10-21,Instagram,Short Video,Visual,Video,2024,2024-Q4,2024-10,19,450802,314486,23992,15951,2310,2269,1691,2794,710,237,278513,242,126.36
2024-10-21,Instagram,Story,Visual,Ephemeral,2024,2024-Q4,2024-10,16,153148,110788,4882,3431,491,355,416,983,181,66,0,248,110.23
2024-10-21,LinkedIn,Image,Professional,Static,2024,2024-Q4,2024-10,8,71740,43730,1246,851,98,127,94,264,114,38,0,85,58.73
2024-10-21,LinkedIn,Carousel,Professional,Static,2024,2024-Q4,2024-10,4,47989,28587,1127,792,85,101,99,153,61,22,0,57,30.77
2024-10-21,LinkedIn,Short Video,Professional,Video,2024,2024-Q4,2024-10,9,147607,100084,3956,2709,355,314,320,771,176,69,85421,140,59.65
2024-10-21,TikTok,Short Video,Short Video,Video,2024,2024-Q4,2024-10,25,1174343,797317,81957,55745,7598,8345,6141,6393,1983,678,672192,309,192.89
2024-10-21,TikTok,Story,Short Video,Ephemeral,2024,2024-Q4,2024-10,26,434099,309110,20281,13769,2052,1741,1633,2934,613,216,0,298,142.37
2024-10-21,X (Twitter),Image,Conversation,Static,2024,2024-Q4,2024-10,10,78662,45763,809,565,59,75,67,241,104,37,0,137,75.47
2024-10-21,X (Twitter),Short Video,Conversation,Video,2024,2024-Q4,2024-10,12,142645,98723,2783,1847,291,220,176,964,172,54,95812,183,71.45
2024-10-21,X (Twitter),Text,Conversation,Static,2024,2024-Q4,2024-10,9,38992,23570,322,224,25,27,27,139,58,20,0,118,72.55
2024-10-21,YouTube,Short Video,Video,Video,2024,2024-Q4,2024-10,6,231685,146343,7899,5609,695,749,727,1088,325,129,132726,97,53.78
2024-10-21,Facebook,Image,Community,Static,2024,2024-Q4,2024-10,8,54122,35413,359,261,30,28,37,242,75,31,0,129,67.34
2024-10-21,Facebook,Carousel,Community,Static,2024,2024-Q4,2024-10,6,39913,29465,474,320,49,37,38,293,51,19,0,85,32.96
2024-10-21,Facebook,Short Video,Community,Video,2024,2024-Q4,2024-10,14,135051,83778,1710,1126,152,160,107,703,189,55,81772,160,86.82
2024-10-21,Facebook,Text,Community,Static,2024,2024-Q4,2024-10,6,21590,14142,117,84,9,9,12,99,24,10,0,113,57.95
2024-10-21,Facebook,Story,Community,Ephemeral,2024,2024-Q4,2024-10,10,39089,28062,339,228,34,26,24,262,44,13,0,153,54.92
2024-10-21,LinkedIn,Text,Professional,Static,2024,2024-Q4,2024-10,6,26927,17373,360,238,32,32,22,126,38,11,0,48,29.32
2024-10-21,Facebook,Long Video,Community,Video,2024,2024-Q4,2024-10,2,14335,8017,98,68,7,10,7,36,21,7,6758,23,15.78
2024-10-28,Instagram,Image,Visual,Static,2024,2024-Q4,2024-10,13,178921,121581,5228,3552,488,443,391,1088,239,65,0,108,54.66
2024-10-28,Instagram,Carousel,Visual,Static,2024,2024-Q4,2024-10,9,163401,103375,7099,4853,606,675,524,601,265,88,0,97,66.44
2024-10-28,Instagram,Short Video,Visual,Video,2024,2024-Q4,2024-10,19,553070,356576,27359,19176,2023,2697,2375,1985,627,242,274390,295,162.95
2024-10-28,Instagram,Story,Visual,Ephemeral,2024,2024-Q4,2024-10,25,243936,163233,8922,6023,723,754,629,1081,388,122,0,250,162.73
2024-10-28,LinkedIn,Image,Professional,Static,2024,2024-Q4,2024-10,9,93363,59168,1557,1114,128,146,141,402,125,49,0,137,73.98
2024-10-28,LinkedIn,Carousel,Professional,Static,2024,2024-Q4,2024-10,6,74334,54493,1906,1329,196,147,157,503,96,35,0,85,31.56
2024-10-28,LinkedIn,Short Video,Professional,Video,2024,2024-Q4,2024-10,12,180986,125150,5589,3743,530,514,407,1089,275,88,110480,141,74
2024-10-28,LinkedIn,Text,Professional,Static,2024,2024-Q4,2024-10,6,36187,23217,423,307,36,36,42,159,45,20,0,108,47.9
2024-10-28,TikTok,Short Video,Short Video,Video,2024,2024-Q4,2024-10,20,992691,662273,61280,42916,5335,4391,5200,4788,1051,463,551998,388,144.32
2024-10-28,TikTok,Story,Short Video,Ephemeral,2024,2024-Q4,2024-10,27,507273,312408,19766,13683,1544,1717,1618,1860,592,209,0,370,218.67
2024-10-28,X (Twitter),Image,Conversation,Static,2024,2024-Q4,2024-10,7,53166,36971,625,436,60,51,55,312,68,25,0,98,39.01
2024-10-28,X (Twitter),Short Video,Conversation,Video,2024,2024-Q4,2024-10,16,213334,141048,4657,3164,403,470,346,1001,349,119,117087,194,124.64
2024-10-28,X (Twitter),Text,Conversation,Static,2024,2024-Q4,2024-10,7,31457,21766,258,183,23,19,23,173,43,17,0,114,54.35
2024-10-28,YouTube,Short Video,Video,Video,2024,2024-Q4,2024-10,6,202341,147629,7249,4776,752,566,439,1429,256,94,134455,86,32.85
2024-10-28,Facebook,Image,Community,Static,2024,2024-Q4,2024-10,8,48012,31888,360,248,32,31,27,246,65,21,0,94,44.3
2024-10-28,Facebook,Short Video,Community,Video,2024,2024-Q4,2024-10,11,135211,83491,1656,1162,140,160,140,569,191,72,74062,167,95.55
2024-10-28,Facebook,Text,Community,Static,2024,2024-Q4,2024-10,7,24749,17769,149,104,15,12,12,155,34,13,0,95,38.46
2024-10-28,Facebook,Story,Community,Ephemeral,2024,2024-Q4,2024-10,17,68336,45438,682,462,63,69,49,346,115,40,0,222,136.72
2024-10-28,LinkedIn,Long Video,Professional,Video,2024,2024-Q4,2024-10,2,24135,14706,433,305,34,50,36,88,45,17,12092,30,23.89
2024-10-28,Facebook,Carousel,Community,Static,2024,2024-Q4,2024-10,6,42614,28253,530,359,48,53,37,222,68,21,0,60,37.63
2024-10-28,Facebook,Long Video,Community,Video,2024,2024-Q4,2024-10,1,6990,4210,55,39,4,6,4,24,13,5,3636,15,11.7
2024-11-04,Instagram,Image,Visual,Static,2024,2024-Q4,2024-11,15,233802,139733,6909,4854,586,615,560,962,306,108,0,205,111.06
2024-11-04,Instagram,Carousel,Visual,Static,2024,2024-Q4,2024-11,8,173409,112504,6793,4950,577,586,585,774,224,84,0,123,57.52
2024-11-04,Instagram,Short Video,Visual,Video,2024,2024-Q4,2024-11,14,364439,268146,17308,12036,1806,1304,1419,2484,460,155,233551,191,82.75
2024-11-04,Instagram,Story,Visual,Ephemeral,2024,2024-Q4,2024-11,17,197378,123977,5692,4094,460,483,552,780,277,118,0,283,153.53
2024-11-04,LinkedIn,Image,Professional,Static,2024,2024-Q4,2024-11,7,60702,40740,1003,685,92,82,76,358,75,25,0,80,33.49
2024-11-04,LinkedIn,Short Video,Professional,Video,2024,2024-Q4,2024-11,11,199207,126194,5556,3875,463,523,472,859,271,104,107061,164,86.67
2024-11-04,LinkedIn,Text,Professional,Static,2024,2024-Q4,2024-11,7,36155,25126,473,329,46,37,39,208,44,16,0,74,28.06
2024-11-04,TikTok,Short Video,Short Video,Video,2024,2024-Q4,2024-11,23,964621,647818,62427,41692,5828,5671,4631,5493,1355,432,574198,275,138.56
2024-11-04,TikTok,Story,Short Video,Ephemeral,2024,2024-Q4,2024-11,18,330090,232051,13003,9141,1270,916,1113,1955,406,155,0,285,140.42
2024-11-04,X (Twitter),Image,Conversation,Static,2024,2024-Q4,2024-11,12,85022,53217,1040,701,87,105,73,349,137,41,0,122,81.14
2024-11-04,X (Twitter),Short Video,Conversation,Video,2024,2024-Q4,2024-11,13,175393,114305,3385,2337,282,312,298,799,243,104,96846,249,94.5
2024-11-04,X (Twitter),Text,Conversation,Static,2024,2024-Q4,2024-11,8,32558,21591,313,215,28,29,24,164,49,13,0,69,44.32
2024-11-04,YouTube,Short Video,Video,Video,2024,2024-Q4,2024-11,7,228790,151513,8398,5684,752,799,613,1149,331,109,128342,78,42.38
2024-11-04,Facebook,Image,Community,Static,2024,2024-Q4,2024-11,8,52796,32277,383,268,30,38,32,204,80,29,0,106,66.12
2024-11-04,Facebook,Carousel,Community,Static,2024,2024-Q4,2024-11,6,45602,30053,491,355,42,40,49,211,55,25,0,117,51.65
2024-11-04,Facebook,Short Video,Community,Video,2024,2024-Q4,2024-11,11,115820,84117,1495,1005,155,114,103,806,139,48,75797,191,73.51
2024-11-04,Facebook,Long Video,Community,Video,2024,2024-Q4,2024-11,2,14727,8391,104,72,7,11,7,40,23,7,9161,24,17.03
2024-11-04,Facebook,Text,Community,Static,2024,2024-Q4,2024-11,7,24562,15597,138,95,11,13,11,91,41,14,0,87,62.86
2024-11-04,Facebook,Story,Community,Ephemeral,2024,2024-Q4,2024-11,13,58082,35853,513,360,39,52,46,212,60,25,0,220,121.38
2024-11-04,LinkedIn,Carousel,Professional,Static,2024,2024-Q4,2024-11,6,63069,41322,1681,1121,152,161,110,323,98,28,0,52,32.81
2024-11-04,LinkedIn,Long Video,Professional,Video,2024,2024-Q4,2024-11,2,20849,12934,386,270,31,46,33,73,41,16,10113,32,15
2024-11-11,Instagram,Image,Visual,Static,2024,2024-Q4,2024-11,12,170608,116128,4895,3340,455,421,367,958,220,75,0,176,81.82
2024-11-11,Instagram,Carousel,Visual,Static,2024,2024-Q4,2024-11,8,142329,93361,5945,4067,521,504,439,688,184,58,0,95,41.93
2024-11-11,Instagram,Short Video,Visual,Video,2024,2024-Q4,2024-11,18,475682,302335,23319,15826,2005,2262,1636,2230,733,231,263176,185,121.19
2024-11-11,Instagram,Story,Visual,Ephemeral,2024,2024-Q4,2024-11,18,181798,127962,6116,4190,600,499,464,1124,242,80,0,221,84.37
2024-11-11,LinkedIn,Image,Professional,Static,2024,2024-Q4,2024-11,9,89988,55779,1602,1117,135,169,130,429,145,52,0,125,61.66
2024-11-11,LinkedIn,Carousel,Professional,Static,2024,2024-Q4,2024-11,5,70081,45903,1689,1236,144,142,173,329,87,38,0,73,30.7
2024-11-11,LinkedIn,Short Video,Professional,Video,2024,2024-Q4,2024-11,8,142466,103029,3916,2774,400,291,350,943,173,59,90019,106,48.94
2024-11-11,LinkedIn,Long Video,Professional,Video,2024,2024-Q4,2024-11,1,10358,6078,173,118,11,19,13,23,17,6,4630,13,9.7
2024-11-11,LinkedIn,Text,Professional,Static,2024,2024-Q4,2024-11,7,36084,21852,501,344,41,53,38,165,51,16,0,84,49.22
2024-11-11,TikTok,Short Video,Short Video,Video,2024,2024-Q4,2024-11,22,1109144,696731,66310,46093,5454,6186,5534,4510,1435,518,589858,306,176.1
2024-11-11,TikTok,Story,Short Video,Ephemeral,2024,2024-Q4,2024-11,28,511635,337829,23169,15862,2103,2158,1745,2667,776,259,0,300,175.92
2024-11-11,X (Twitter),Image,Conversation,Static,2024,2024-Q4,2024-11,11,94776,59318,1140,816,92,113,106,392,114,43,0,155,77.81
2024-11-11,X (Twitter),Short Video,Conversation,Video,2024,2024-Q4,2024-11,14,173901,123794,3712,2521,375,327,270,1179,254,81,102135,164,81.55
2024-11-11,X (Twitter),Text,Conversation,Static,2024,2024-Q4,2024-11,8,38269,23533,333,237,27,30,30,147,48,18,0,127,62.89
2024-11-11,YouTube,Short Video,Video,Video,2024,2024-Q4,2024-11,6,207744,137737,6845,4737,591,575,611,995,253,109,115447,118,51.73
2024-11-11,Facebook,Image,Community,Static,2024,2024-Q4,2024-11,8,54400,36673,429,308,38,35,41,286,67,23,0,103,44.51
2024-11-11,Facebook,Carousel,Community,Static,2024,2024-Q4,2024-11,7,58016,42211,691,487,71,56,50,340,81,25,0,79,33.56
2024-11-11,Facebook,Short Video,Community,Video,2024,2024-Q4,2024-11,14,149974,104089,2229,1510,212,228,164,727,223,72,83328,152,81.34
2024-11-11,Facebook,Text,Community,Static,2024,2024-Q4,2024-11,6,24279,16796,131,96,12,9,10,132,30,10,0,90,32.4
2024-11-11,Facebook,Story,Community,Ephemeral,2024,2024-Q4,2024-11,12,47016,35789,463,316,44,37,35,308,69,21,0,139,59.69
2024-11-11,Facebook,Long Video,Community,Video,2024,2024-Q4,2024-11,5,35792,21328,276,192,22,26,23,137,50,18,19174,68,40.94
2024-11-18,Instagram,Image,Visual,Static,2024,2024-Q4,2024-11,14,178673,126600,5803,3846,570,552,376,1127,290,92,0,208,110.66
2024-11-18,Instagram,Carousel,Visual,Static,2024,2024-Q4,2024-11,10,199116,120930,8697,6028,677,889,691,787,311,109,0,130,85.78
2024-11-18,Instagram,Short Video,Visual,Video,2024,2024-Q4,2024-11,17,533219,342443,23751,17151,1983,2065,2348,2236,779,334,289300,294,165.47
2024-11-18,Instagram,Story,Visual,Ephemeral,2024,2024-Q4,2024-11,21,218049,136753,7368,5050,559,760,555,757,365,124,0,237,167.42
2024-11-18,LinkedIn,Image,Professional,Static,2024,2024-Q4,2024-11,8,74914,50232,1189,825,107,96,95,382,87,32,0,140,59.72
2024-11-18,LinkedIn,Carousel,Professional,Static,2024,2024-Q4,2024-11,7,76535,50911,1883,1277,170,152,140,392,94,29,0,78,31.41
2024-11-18,LinkedIn,Short Video,Professional,Video,2024,2024-Q4,2024-11,12,197412,125628,5538,3726,481,505,376,933,299,91,108225,109,69.79
2024-11-18,LinkedIn,Text,Professional,Static,2024,2024-Q4,2024-11,6,32346,21475,410,285,37,36,35,166,40,14,0,80,39.11
2024-11-18,TikTok,Short Video,Short Video,Video,2024,2024-Q4,2024-11,17,838805,602489,49220,34869,4959,3582,4251,5281,1106,427,519806,273,143.22
2024-11-18,TikTok,Story,Short Video,Ephemeral,2024,2024-Q4,2024-11,22,457125,279754,17809,12706,1370,1643,1640,1670,680,276,0,338,169.42
2024-11-18,X (Twitter),Image,Conversation,Static,2024,2024-Q4,2024-11,9,61631,38788,656,442,60,54,45,378,71,22,0,112,46.26
2024-11-18,X (Twitter),Short Video,Conversation,Video,2024,2024-Q4,2024-11,14,199500,120503,3708,2567,288,347,302,716,257,91,102274,178,103.52
2024-11-18,X (Twitter),Text,Conversation,Static,2024,2024-Q4,2024-11,7,28351,19368,240,166,23,18,20,172,30,10,0,87,29.58
2024-11-18,YouTube,Short Video,Video,Video,2024,2024-Q4,2024-11,7,219061,157843,8168,5565,836,686,669,1484,305,107,139814,80,36.09
2024-11-18,Facebook,Image,Community,Static,2024,2024-Q4,2024-11,9,51787,31778,398,267,31,39,27,222,78,23,0,87,56.33
2024-11-18,Facebook,Carousel,Community,Static,2024,2024-Q4,2024-11,5,39598,24249,422,291,35,37,33,158,53,17,0,60,29.33
2024-11-18,Facebook,Short Video,Community,Video,2024,2024-Q4,2024-11,9,102113,64304,1180,828,95,104,110,412,120,50,53978,165,74.68
2024-11-18,Facebook,Text,Community,Static,2024,2024-Q4,2024-11,7,22444,14714,135,91,11,13,10,107,31,10,0,74,37.78
2024-11-18,Facebook,Story,Community,Ephemeral,2024,2024-Q4,2024-11,15,65452,40397,573,394,47,53,44,267,96,32,0,172,117.09
2024-11-18,LinkedIn,Long Video,Professional,Video,2024,2024-Q4,2024-11,2,22047,12886,379,263,26,43,32,59,39,14,10396,30,22.32
2024-11-25,Instagram,Image,Visual,Static,2024,2024-Q4,2024-11,13,210589,137215,6418,4503,487,658,554,754,260,100,0,207,95.2
2024-11-25,Instagram,Carousel,Visual,Static,2024,2024-Q4,2024-11,9,186086,124238,8211,5852,730,616,652,961,208,71,0,119,47.82
2024-11-25,Instagram,Short Video,Visual,Video,2024,2024-Q4,2024-11,17,490448,352898,24556,16542,2454,2066,1638,2624,694,202,278618,185,78.24
2024-11-25,Instagram,Story,Visual,Ephemeral,2024,2024-Q4,2024-11,20,238017,156977,7800,5426,681,689,634,1174,313,108,0,264,133.02
2024-11-25,LinkedIn,Image,Professional,Static,2024,2024-Q4,2024-11,7,56527,39789,1077,712,104,101,77,349,87,31,0,97,49.32
2024-11-25,LinkedIn,Carousel,Professional,Static,2024,2024-Q4,2024-11,7,85410,52547,2153,1489,172,214,172,365,126,43,0,88,53.68
2024-11-25,LinkedIn,Short Video,Professional,Video,2024,2024-Q4,2024-11,9,179574,113013,4494,3235,367,390,440,717,258,107,96284,150,81.63
2024-11-25,LinkedIn,Text,Professional,Static,2024,2024-Q4,2024-11,7,32870,22546,449,302,45,39,32,210,45,15,0,91,43.47
2024-11-25,TikTok,Short Video,Short Video,Video,2024,2024-Q4,2024-11,25,1180316,777105,79419,53800,6462,7682,5542,5092,1878,583,628619,244,160.39
2024-11-25,TikTok,Story,Short Video,Ephemeral,2024,2024-Q4,2024-11,22,398592,270958,16437,11225,1542,1291,1257,2211,477,157,0,264,93.6
2024-11-25,X (Twitter),Image,Conversation,Static,2024,2024-Q4,2024-11,13,96597,61722,1206,820,110,122,89,476,150,49,0,159,99.33
2024-11-25,X (Twitter),Short Video,Conversation,Video,2024,2024-Q4,2024-11,10,154080,110464,2893,2040,289,213,249,995,199,76,94650,150,73.78
2024-11-25,X (Twitter),Text,Conversation,Static,2024,2024-Q4,2024-11,9,38411,23721,378,260,32,41,28,185,65,22,0,109,78.72
2024-11-25,YouTube,Short Video,Video,Video,2024,2024-Q4,2024-11,6,217670,133601,6890,4774,556,582,550,830,302,106,113639,78,44.81
2024-11-25,Facebook,Image,Community,Static,2024,2024-Q4,2024-11,10,71466,44431,534,379,43,52,48,299,101,38,0,156,90.53
2024-11-25,Facebook,Carousel,Community,Static,2024,2024-Q4,2024-11,6,51495,35771,540,383,51,42,51,293,67,28,0,95,36.7
2024-11-25,Facebook,Short Video,Community,Video,2024,2024-Q4,2024-11,11,120725,86437,1611,1104,163,134,122,814,170,55,76345,123,56.39
2024-11-25,Facebook,Long Video,Community,Video,2024,2024-Q4,2024-11,4,29074,18868,242,166,21,26,19,130,54,19,15410,54,39.91
2024-11-25,Facebook,Text,Community,Static,2024,2024-Q4,2024-11,7,27256,16625,154,110,12,14,14,112,37,14,0,106,58.57
2024-11-25,Facebook,Story,Community,Ephemeral,2024,2024-Q4,2024-11,11,54405,36795,468,334,43,39,45,275,81,35,0,181,98.94
2024-12-02,Instagram,Image,Visual,Static,2024,2024-Q4,2024-12,10,132982,98671,3957,2662,421,305,302,976,174,56,0,117,44.73
2024-12-02,Instagram,Carousel,Visual,Static,2024,2024-Q4,2024-12,10,170778,107481,7530,5001,697,738,497,859,260,80,0,135,77.11
2024-12-02,Instagram,Short Video,Visual,Video,2024,2024-Q4,2024-12,16,450930,273743,20786,14214,1654,1975,1544,1653,635,208,254638,188,107.68
2024-12-02,Instagram,Story,Visual,Ephemeral,2024,2024-Q4,2024-12,21,200024,128762,6687,4459,574,609,452,1165,274,83,0,204,109.3
2024-12-02,LinkedIn,Image,Professional,Static,2024,2024-Q4,2024-12,9,96167,62409,1653,1164,140,158,146,412,137,54,0,147,79.71
2024-12-02,LinkedIn,Carousel,Professional,Static,2024,2024-Q4,2024-12,6,76834,51754,1991,1408,180,177,175,415,101,40,0,84,31.86
2024-12-02,LinkedIn,Short Video,Professional,Video,2024,2024-Q4,2024-12,10,176856,124882,5181,3549,515,438,391,1124,241,66,107292,102,43.68
2024-12-02,LinkedIn,Long Video,Professional,Video,2024,2024-Q4,2024-12,3,33644,18819,553,385,38,62,45,85,53,20,15864,42,29.07
2024-12-02,LinkedIn,Text,Professional,Static,2024,2024-Q4,2024-12,6,32860,22241,484,336,46,49,40,142,54,20,0,87,41.57
2024-12-02,TikTok,Short Video,Short Video,Video,2024,2024-Q4,2024-12,19,1086366,686013,61594,44318,4898,5616,5861,4362,1485,612,582309,318,165.93
2024-12-02,TikTok,Story,Short Video,Ephemeral,2024,2024-Q4,2024-12,28,514533,319530,23144,15768,1886,2367,1690,2308,835,263,0,300,204.86
2024-12-02,X (Twitter),Image,Conversation,Static,2024,2024-Q4,2024-12,9,72870,48160,843,592,74,76,72,340,99,39,0,170,65.66
2024-12-02,X (Twitter),Short Video,Conversation,Video,2024,2024-Q4,2024-12,16,229895,152738,4809,3314,440,453,318,1214,355,101,121992,138,88.36
2024-12-02,X (Twitter),Text,Conversation,Static,2024,2024-Q4,2024-12,10,46832,30192,432,304,38,34,39,208,53,19,0,156,70
2024-12-02,YouTube,Short Video,Video,Video,2024,2024-Q4,2024-12,6,240154,170873,7854,5573,757,559,705,1419,317,128,145163,96,42.42
2024-12-02,Facebook,Image,Community,Static,2024,2024-Q4,2024-12,7,44496,30330,312,215,31,24,25,277,46,15,0,107,37.54
2024-12-02,Facebook,Carousel,Community,Static,2024,2024-Q4,2024-12,7,53449,35572,633,431,58,58,37,278,79,22,0,57,34.82
2024-12-02,Facebook,Short Video,Community,Video,2024,2024-Q4,2024-12,12,143168,92230,1855,1280,161,177,145,535,206,68,73623,144,100.9
2024-12-02,Facebook,Text,Community,Static,2024,2024-Q4,2024-12,7,25955,18176,142,100,14,10,10,157,27,9,0,79,24.37
2024-12-02,Facebook,Story,Community,Ephemeral,2024,2024-Q4,2024-12,15,68727,47888,643,431,61,56,44,342,101,29,0,150,76.48
2024-12-02,Facebook,Long Video,Community,Video,2024,2024-Q4,2024-12,3,20989,12563,167,117,13,14,14,59,27,11,10018,46,22.65
2024-12-09,Instagram,Image,Visual,Static,2024,2024-Q4,2024-12,14,206467,133743,6154,4183,537,598,452,1016,310,99,0,149,97.69
2024-12-09,Instagram,Carousel,Visual,Static,2024,2024-Q4,2024-12,11,225685,147812,9929,6943,864,964,843,1058,340,128,0,168,93.99
2024-12-09,Instagram,Short Video,Visual,Video,2024,2024-Q4,2024-12,15,462749,308125,21647,15428,1916,1879,1963,2359,592,228,271674,229,107.26
2024-12-09,Instagram,Story,Visual,Ephemeral,2024,2024-Q4,2024-12,23,265249,160491,8733,6115,713,889,720,1177,398,145,0,327,205.24
2024-12-09,LinkedIn,Image,Professional,Static,2024,2024-Q4,2024-12,7,59804,43252,988,671,99,71,89,391,71,24,0,99,34.72
2024-12-09,LinkedIn,Carousel,Professional,Static,2024,2024-Q4,2024-12,7,70652,46293,1864,1221,178,169,112,383,101,30,0,97,48.32
2024-12-09,LinkedIn,Short Video,Professional,Video,2024,2024-Q4,2024-12,12,214541,129000,5953,4081,466,617,451,863,314,99,128349,135,84.17
2024-12-09,LinkedIn,Text,Professional,Static,2024,2024-Q4,2024-12,6,29679,21163,367,246,36,26,28,194,33,13,0,94,32.4
2024-12-09,TikTok,Short Video,Short Video,Video,2024,2024-Q4,2024-12,20,1023396,704112,62373,42742,5950,5055,4856,5902,1310,441,611283,254,97.78
2024-12-09,TikTok,Story,Short Video,Ephemeral,2024,2024-Q4,2024-12,26,567271,363675,24916,17844,2096,2403,2235,2559,806,316,0,405,229.68
2024-12-09,X (Twitter),Image,Conversation,Static,2024,2024-Q4,2024-12,11,74646,55009,1040,688,107,95,75,431,119,37,0,130,65.79
2024-12-09,X (Twitter),Short Video,Conversation,Video,2024,2024-Q4,2024-12,10,165114,103561,2928,2107,233,263,278,657,214,85,88377,163,76.05
2024-12-09,X (Twitter),Text,Conversation,Static,2024,2024-Q4,2024-12,7,26481,18899,256,171,26,22,17,174,37,11,0,102,42.99
2024-12-09,YouTube,Short Video,Video,Video,2024,2024-Q4,2024-12,7,249260,168122,9112,6211,838,828,677,1357,377,122,144456,77,43.48
2024-12-09,Facebook,Image,Community,Static,2024,2024-Q4,2024-12,11,70912,45395,608,415,51,67,47,293,100,34,0,138,76.65
2024-12-09,Facebook,Carousel,Community,Static,2024,2024-Q4,2024-12,7,64896,40196,744,532,59,63,69,283,78,31,0,111,52.43
2024-12-09,Facebook,Short Video,Community,Video,2024,2024-Q4,2024-12,8,109260,76095,1258,868,122,95,99,636,144,53,64654,113,51.38
2024-12-09,Facebook,Long Video,Community,Video,2024,2024-Q4,2024-12,2,13304,10755,130,88,11,12,9,78,24,7,7705,19,11
2024-12-09,Facebook,Text,Community,Static,2024,2024-Q4,2024-12,7,22630,14601,145,98,14,15,9,119,37,13,0,92,56.03
2024-12-09,Facebook,Story,Community,Ephemeral,2024,2024-Q4,2024-12,10,48568,28494,403,282,30,38,33,155,64,22,0,137,76.14
2024-12-09,LinkedIn,Long Video,Professional,Video,2024,2024-Q4,2024-12,2,20292,11332,320,222,21,32,26,50,30,10,9548,22,15.07
2024-12-16,Instagram,Image,Visual,Static,2024,2024-Q4,2024-12,12,194268,123495,5346,3840,439,482,516,828,268,116,0,217,128.82
2024-12-16,Instagram,Carousel,Visual,Static,2024,2024-Q4,2024-12,7,134712,96432,5525,3797,559,403,423,895,151,56,0,122,44.19
2024-12-16,Instagram,Short Video,Visual,Video,2024,2024-Q4,2024-12,19,507558,332678,25039,16834,2199,2319,1492,2837,751,208,335818,202,110.9
2024-12-16,Instagram,Story,Visual,Ephemeral,2024,2024-Q4,2024-12,20,228235,158900,6864,4599,669,471,455,1381,224,80,0,328,105.59
2024-12-16,LinkedIn,Image,Professional,Static,2024,2024-Q4,2024-12,8,76760,48935,1299,880,110,122,94,350,104,34,0,88,58.21
2024-12-16,LinkedIn,Carousel,Professional,Static,2024,2024-Q4,2024-12,5,64481,42190,1738,1212,147,172,143,288,99,37,0,75,44.38
2024-12-16,LinkedIn,Short Video,Professional,Video,2024,2024-Q4,2024-12,9,177020,115650,4990,3554,429,456,432,845,236,90,101565,132,68.6
2024-12-16,LinkedIn,Text,Professional,Static,2024,2024-Q4,2024-12,7,34598,23304,501,337,45,49,39,192,55,18,0,85,48.2
2024-12-16,TikTok,Short Video,Short Video,Video,2024,2024-Q4,2024-12,22,1117813,699022,73131,49933,5474,7591,5396,4570,1860,614,651247,247,174
2024-12-16,TikTok,Story,Short Video,Ephemeral,2024,2024-Q4,2024-12,25,424681,287062,18613,12357,1712,1603,1222,2940,572,166,0,291,134.39
2024-12-16,X (Twitter),Image,Conversation,Static,2024,2024-Q4,2024-12,11,90753,57516,1058,733,88,99,86,375,122,44,0,157,79.71
2024-12-16,X (Twitter),Short Video,Conversation,Video,2024,2024-Q4,2024-12,12,170544,117920,3303,2255,316,265,253,965,207,66,110432,142,53.09
2024-12-16,X (Twitter),Text,Conversation,Static,2024,2024-Q4,2024-12,9,41093,26572,391,270,33,38,32,179,61,22,0,128,71.99
2024-12-16,YouTube,Short Video,Video,Video,2024,2024-Q4,2024-12,6,253276,155687,7866,5623,621,734,730,975,348,140,135318,100,39.58
2024-12-16,Facebook,Image,Community,Static,2024,2024-Q4,2024-12,9,59842,38992,430,300,35,38,38,256,78,32,0,165,78.21
2024-12-16,Facebook,Carousel,Community,Static,2024,2024-Q4,2024-12,6,46701,31967,512,351,48,38,40,293,54,18,0,66,24.09
2024-12-16,Facebook,Short Video,Community,Video,2024,2024-Q4,2024-12,13,147131,97155,1917,1290,172,175,132,736,219,63,82242,123,68.49
2024-12-16,Facebook,Text,Community,Static,2024,2024-Q4,2024-12,7,27537,17836,149,106,12,12,13,123,34,13,0,125,56.89
2024-12-16,Facebook,Story,Community,Ephemeral,2024,2024-Q4,2024-12,13,60284,41999,560,392,53,50,50,352,83,29,0,171,83.53
2024-12-16,Facebook,Long Video,Community,Video,2024,2024-Q4,2024-12,4,28722,17400,217,149,17,23,17,112,45,15,15055,47,30.96
2024-12-23,Instagram,Image,Visual,Static,2024,2024-Q4,2024-12,12,201769,147566,6173,4120,641,519,405,1160,298,83,0,113,53.22
2024-12-23,Instagram,Carousel,Visual,Static,2024,2024-Q4,2024-12,12,232070,159502,11802,8038,973,1074,891,1043,350,115,0,139,71.88
2024-12-23,Instagram,Short Video,Visual,Video,2024,2024-Q4,2024-12,20,646017,397066,28149,19763,2371,2585,2398,2710,829,311,348521,299,154.76
2024-12-23,Instagram,Story,Visual,Ephemeral,2024,2024-Q4,2024-12,24,243395,163503,9116,6121,810,906,637,1228,400,138,0,311,189.62
2024-12-23,LinkedIn,Image,Professional,Static,2024,2024-Q4,2024-12,9,96946,60983,1485,1064,120,123,143,388,127,55,0,161,94.65
2024-12-23,LinkedIn,Carousel,Professional,Static,2024,2024-Q4,2024-12,5,57725,42397,1516,1012,158,114,117,416,72,28,0,82,32.45
2024-12-23,LinkedIn,Short Video,Professional,Video,2024,2024-Q4,2024-12,12,204008,132121,5912,3949,510,544,401,1249,291,89,131830,121,66.92
2024-12-23,LinkedIn,Text,Professional,Static,2024,2024-Q4,2024-12,6,34327,21612,426,302,35,37,40,140,42,17,0,106,50.22
2024-12-23,TikTok,Short Video,Short Video,Video,2024,2024-Q4,2024-12,21,1270328,833945,75460,52405,6596,6502,6064,6258,1578,561,726797,278,137.39
2024-12-23,TikTok,Story,Short Video,Ephemeral,2024,2024-Q4,2024-12,27,551754,343402,24080,16568,2055,2424,1872,2364,828,290,0,362,221
2024-12-23,X (Twitter),Image,Conversation,Static,2024,2024-Q4,2024-12,8,60557,43202,672,472,67,49,57,381,69,24,0,123,53.61
2024-12-23,X (Twitter),Short Video,Conversation,Video,2024,2024-Q4,2024-12,15,222423,138658,4633,3174,379,481,334,1003,370,119,135290,169,117.87
2024-12-23,X (Twitter),Text,Conversation,Static,2024,2024-Q4,2024-12,8,35781,24537,319,222,29,26,28,194,32,13,0,146,63.63
2024-12-23,YouTube,Short Video,Video,Video,2024,2024-Q4,2024-12,7,253049,171720,8204,5653,764,611,656,1369,274,90,159332,85,28.66
2024-12-23,Facebook,Image,Community,Static,2024,2024-Q4,2024-12,8,48674,33609,385,262,37,34,32,300,66,25,0,115,52.98
2024-12-23,Facebook,Carousel,Community,Static,2024,2024-Q4,2024-12,7,55497,34430,670,455,62,70,49,285,89,29,0,78,52.77
2024-12-23,Facebook,Short Video,Community,Video,2024,2024-Q4,2024-12,10,135492,80775,1578,1113,119,155,133,460,190,72,75901,144,83.44
2024-12-23,Facebook,Text,Community,Static,2024,2024-Q4,2024-12,7,24409,18045,152,102,16,12,12,180,33,12,0,116,46.79
2024-12-23,Facebook,Story,Community,Ephemeral,2024,2024-Q4,2024-12,16,69900,44313,657,442,54,66,44,341,113,35,0,166,109.7
2024-12-23,LinkedIn,Long Video,Professional,Video,2024,2024-Q4,2024-12,1,12344,7154,201,141,15,22,18,37,20,7,6104,13,9.49
2024-12-23,Facebook,Long Video,Community,Video,2024,2024-Q4,2024-12,1,7382,4309,59,42,4,7,5,23,12,5,3685,17,12.57
2024-12-30,Instagram,Image,Visual,Static,2024,2024-Q4,2024-12,12,200493,121591,5215,3597,415,489,398,763,297,99,0,145,90.2
2024-12-30,Instagram,Carousel,Visual,Static,2024,2024-Q4,2024-12,9,179811,113543,7048,4950,569,620,659,731,208,87,0,165,85.3
2024-12-30,Instagram,Short Video,Visual,Video,2024,2024-Q4,2024-12,15,425504,305233,19921,13539,2023,1524,1452,2847,504,172,274933,241,87.31
2024-12-30,Instagram,Story,Visual,Ephemeral,2024,2024-Q4,2024-12,20,236875,148934,7564,5277,582,713,675,892,316,125,0,338,174.71
2024-12-30,LinkedIn,Image,Professional,Static,2024,2024-Q4,2024-12,7,75290,53932,1309,917,131,105,110,485,102,30,0,78,32.54
2024-12-30,LinkedIn,Carousel,Professional,Static,2024,2024-Q4,2024-12,7,83410,57665,2435,1647,227,242,174,489,141,45,0,72,36.24
2024-12-30,LinkedIn,Short Video,Professional,Video,2024,2024-Q4,2024-12,12,244003,148313,6923,4820,622,713,574,960,306,111,130741,173,88.28
2024-12-30,LinkedIn,Text,Professional,Static,2024,2024-Q4,2024-12,7,40311,30061,551,390,59,42,42,245,54,18,0,90,33.65
2024-12-30,TikTok,Short Video,Short Video,Video,2024,2024-Q4,2024-12,24,1148312,728224,68368,45825,6265,6088,4735,6741,1526,464,736427,301,145.84
2024-12-30,TikTok,Story,Short Video,Ephemeral,2024,2024-Q4,2024-12,22,429622,296136,18532,12668,1751,1533,1397,2424,550,205,0,395,180.74
2024-12-30,X (Twitter),Image,Conversation,Static,2024,2024-Q4,2024-12,11,92341,60749,1172,808,105,115,82,490,144,46,0,113,73.79
2024-12-30,X (Twitter),Short Video,Conversation,Video,2024,2024-Q4,2024-12,16,278589,180457,5678,4078,487,448,519,1306,320,112,156689,211,98.74
2024-12-30,X (Twitter),Text,Conversation,Static,2024,2024-Q4,2024-12,8,32926,22441,331,225,27,30,24,164,49,16,0,92,52.27
2024-12-30,YouTube,Short Video,Video,Video,2024,2024-Q4,2024-12,7,254954,158138,9382,6383,757,970,681,1160,417,134,153550,77,52.43
2024-12-30,Facebook,Image,Community,Static,2024,2024-Q4,2024-12,11,77057,49222,604,418,51,58,48,262,93,33,0,152,86.03
2024-12-30,Facebook,Carousel,Community,Static,2024,2024-Q4,2024-12,6,56071,36850,641,454,54,48,57,263,63,25,0,111,47.62
2024-12-30,Facebook,Short Video,Community,Video,2024,2024-Q4,2024-12,10,122653,89634,1597,1097,165,124,110,813,154,44,78388,102,36.23
2024-12-30,Facebook,Long Video,Community,Video,2024,2024-Q4,2024-12,2,15557,8575,107,74,7,11,9,36,22,8,7192,22,14.72
2024-12-30,Facebook,Text,Community,Static,2024,2024-Q4,2024-12,7,26008,16651,160,110,14,14,13,113,31,11,0,89,40.87
2024-12-30,Facebook,Story,Community,Ephemeral,2024,2024-Q4,2024-12,16,89020,56779,730,507,61,64,60,388,109,40,0,267,127.73
2024-12-30,LinkedIn,Long Video,Professional,Video,2024,2024-Q4,2024-12,1,11478,6773,193,137,14,21,15,37,20,7,5812,14,10.54
2025-01-06,Instagram,Image,Visual,Static,2025,2025-Q1,2025-01,10,172288,121270,4823,3401,462,397,429,986,232,90,0,145,61.94
2025-01-06,Instagram,Carousel,Visual,Static,2025,2025-Q1,2025-01,9,178819,126323,7975,5526,796,667,632,1133,249,84,0,113,51.68
2025-01-06,Instagram,Short Video,Visual,Video,2025,2025-Q1,2025-01,22,620854,428687,34533,23302,3266,3541,2481,3603,1064,377,367203,300,187.05
2025-01-06,Instagram,Story,Visual,Ephemeral,2025,2025-Q1,2025-01,18,190288,143514,6893,4703,751,552,566,1473,267,95,0,216,90.94
2025-01-06,LinkedIn,Image,Professional,Static,2025,2025-Q1,2025-01,7,75921,45840,1164,805,92,113,93,281,106,37,0,87,50.62
2025-01-06,LinkedIn,Carousel,Professional,Static,2025,2025-Q1,2025-01,5,59609,38283,1428,1025,120,122,137,260,72,31,0,93,41.35
2025-01-06,LinkedIn,Short Video,Professional,Video,2025,2025-Q1,2025-01,9,162721,115973,4438,2989,449,327,308,1067,178,59,103796,134,46.87
2025-01-06,LinkedIn,Text,Professional,Static,2025,2025-Q1,2025-01,6,34012,21387,434,296,37,39,31,152,54,18,0,64,43.68
2025-01-06,TikTok,Short Video,Short Video,Video,2025,2025-Q1,2025-01,25,1431675,909011,92004,63752,8285,9408,7483,6934,2229,809,806530,355,220.73
2025-01-06,TikTok,Story,Short Video,Ephemeral,2025,2025-Q1,2025-01,29,534214,376213,26261,17538,2495,2526,1895,3277,874,282,0,329,191.27
2025-01-06,X (Twitter),Image,Conversation,Static,2025,2025-Q1,2025-01,9,84300,52280,850,609,67,73,81,318,115,48,0,145,77.86
2025-01-06,X (Twitter),Short Video,Conversation,Video,2025,2025-Q1,2025-01,14,190933,122526,3557,2380,352,302,244,1096,238,71,121817,175,79.54
2025-01-06,X (Twitter),Text,Conversation,Static,2025,2025-Q1,2025-01,9,45530,27807,375,266,28,33,34,156,57,22,0,142,85.73
2025-01-06,YouTube,Short Video,Video,Video,2025,2025-Q1,2025-01,6,257962,168113,9117,6496,785,840,826,1237,356,140,144417,90,49.12
2025-01-06,Facebook,Image,Community,Static,2025,2025-Q1,2025-01,7,53151,36767,356,252,35,23,32,299,63,25,0,111,55.86
2025-01-06,Facebook,Carousel,Community,Static,2025,2025-Q1,2025-01,7,53180,37967,632,421,65,53,47,347,73,25,0,102,43.03
2025-01-06,Facebook,Short Video,Community,Video,2025,2025-Q1,2025-01,14,169273,104193,2221,1508,190,227,153,846,266,85,101034,149,99.93
2025-01-06,Facebook,Text,Community,Static,2025,2025-Q1,2025-01,7,25688,17379,135,94,12,10,12,128,28,11,0,124,56.3
2025-01-06,Facebook,Story,Community,Ephemeral,2025,2025-Q1,2025-01,12,51093,35645,459,306,48,37,30,354,67,21,0,187,75.49
2025-01-06,Facebook,Long Video,Community,Video,2025,2025-Q1,2025-01,2,15469,8699,107,74,7,11,8,40,23,7,7347,23,15.9
2025-01-13,Instagram,Image,Visual,Static,2025,2025-Q1,2025-01,14,226310,151076,6753,4608,607,628,394,1158,336,91,0,116,71.18
2025-01-13,Instagram,Carousel,Visual,Static,2025,2025-Q1,2025-01,10,220838,136996,9368,6510,699,876,755,764,336,119,0,130,93.56
2025-01-13,Instagram,Short Video,Visual,Video,2025,2025-Q1,2025-01,18,599475,384620,28724,20252,2353,2237,2513,2455,663,275,317331,320,131.38
2025-01-13,Instagram,Story,Visual,Ephemeral,2025,2025-Q1,2025-01,24,281886,172637,8608,5898,691,763,655,1103,343,113,0,279,170.1
2025-01-13,LinkedIn,Image,Professional,Static,2025,2025-Q1,2025-01,8,91427,60476,1545,1098,135,138,143,449,121,47,0,120,57.19
2025-01-13,LinkedIn,Carousel,Professional,Static,2025,2025-Q1,2025-01,7,97349,69644,2487,1737,248,196,207,628,129,45,0,94,37.49
2025-01-13,LinkedIn,Short Video,Professional,Video,2025,2025-Q1,2025-01,14,250401,170736,7994,5365,745,791,558,1399,411,143,148188,183,110.11
2025-01-13,LinkedIn,Text,Professional,Static,2025,2025-Q1,2025-01,6,40527,27422,489,353,45,42,48,201,54,22,0,106,49.13
2025-01-13,TikTok,Short Video,Short Video,Video,2025,2025-Q1,2025-01,20,1117497,775793,61092,41095,5934,4171,4215,6438,1090,423,674805,313,96.98
2025-01-13,TikTok,Story,Short Video,Ephemeral,2025,2025-Q1,2025-01,24,548556,332011,21380,15038,1622,1913,1886,1934,656,258,0,371,178.53
2025-01-13,X (Twitter),Image,Conversation,Static,2025,2025-Q1,2025-01,8,68939,46644,783,540,72,62,62,374,86,30,0,103,37.94
2025-01-13,X (Twitter),Short Video,Conversation,Video,2025,2025-Q1,2025-01,15,247699,161383,5262,3622,454,541,415,1135,405,143,134055,207,131.94
2025-01-13,X (Twitter),Text,Conversation,Static,2025,2025-Q1,2025-01,7,35880,26176,326,229,33,26,29,236,51,20,0,107,50.21
2025-01-13,YouTube,Short Video,Video,Video,2025,2025-Q1,2025-01,7,240388,161553,8329,5548,825,701,557,1628,301,96,152083,103,43.82
2025-01-13,Facebook,Image,Community,Static,2025,2025-Q1,2025-01,9,63015,40587,494,339,43,46,38,299,93,31,0,97,56.87
2025-01-13,Facebook,Short Video,Community,Video,2025,2025-Q1,2025-01,11,153118,97913,1907,1332,159,177,161,665,212,80,83291,153,86.64
2025-01-13,Facebook,Text,Community,Static,2025,2025-Q1,2025-01,7,25601,17797,159,110,16,14,13,157,38,13,0,89,44.18
2025-01-13,Facebook,Story,Community,Ephemeral,2025,2025-Q1,2025-01,16,77738,51841,782,532,70,81,60,377,129,45,0,202,131.8
2025-01-13,LinkedIn,Long Video,Professional,Video,2025,2025-Q1,2025-01,3,41052,24679,716,500,55,81,58,143,73,27,20576,43,33.53
2025-01-13,Facebook,Carousel,Community,Static,2025,2025-Q1,2025-01,5,42107,27249,535,363,47,55,40,202,69,23,0,57,38.35
2025-01-20,Instagram,Image,Visual,Static,2025,2025-Q1,2025-01,12,229850,140099,6366,4491,496,621,543,968,326,121,0,179,104.37
2025-01-20,Instagram,Carousel,Visual,Static,2025,2025-Q1,2025-01,7,178134,122971,6786,4736,634,547,577,963,235,91,0,109,49.79
2025-01-20,Instagram,Short Video,Visual,Video,2025,2025-Q1,2025-01,17,471213,332530,23272,15674,2322,1934,1772,3019,632,208,294160,215,93.47
2025-01-20,Instagram,Story,Visual,Ephemeral,2025,2025-Q1,2025-01,17,225316,149826,6880,4882,610,532,630,1116,285,117,0,271,145.5
2025-01-20,LinkedIn,Image,Professional,Static,2025,2025-Q1,2025-01,7,71114,46957,1239,840,110,115,89,356,101,31,0,56,33.28
2025-01-20,LinkedIn,Short Video,Professional,Video,2025,2025-Q1,2025-01,10,210599,131458,5733,4012,448,547,519,807,284,114,109588,172,87.35
2025-01-20,LinkedIn,Text,Professional,Static,2025,2025-Q1,2025-01,7,41872,29062,574,394,55,49,36,243,59,16,0,68,32.76
2025-01-20,TikTok,Short Video,Short Video,Video,2025,2025-Q1,2025-01,25,1297193,867701,88657,59516,8024,8838,6667,6746,2065,697,746204,311,184.27
2025-01-20,TikTok,Story,Short Video,Ephemeral,2025,2025-Q1,2025-01,20,418245,309685,18285,12760,1918,1397,1524,3004,544,196,0,280,131.21
2025-01-20,X (Twitter),Image,Conversation,Static,2025,2025-Q1,2025-01,11,95657,59313,1127,769,93,115,81,395,155,50,0,120,83.49
2025-01-20,X (Twitter),Short Video,Conversation,Video,2025,2025-Q1,2025-01,12,185683,128632,3695,2534,350,316,284,1061,179,67,111973,222,73.07
2025-01-20,X (Twitter),Text,Conversation,Static,2025,2025-Q1,2025-01,9,43208,27382,405,276,36,41,30,160,71,23,0,97,66.58
2025-01-20,Facebook,Image,Community,Static,2025,2025-Q1,2025-01,8,65665,40254,438,313,33,40,41,243,97,39,0,126,72.2
2025-01-20,Facebook,Carousel,Community,Static,2025,2025-Q1,2025-01,6,52747,36498,577,404,53,46,55,303,52,22,0,111,46.88
2025-01-20,Facebook,Short Video,Community,Video,2025,2025-Q1,2025-01,12,144254,102034,1912,1282,205,162,115,1043,197,59,99318,160,70.32
2025-01-20,Facebook,Text,Community,Static,2025,2025-Q1,2025-01,7,30404,19468,168,119,13,14,15,107,43,16,0,107,70.47
2025-01-20,Facebook,Story,Community,Ephemeral,2025,2025-Q1,2025-01,13,65084,43468,520,361,46,40,46,309,72,32,0,255,99.72
2025-01-20,Facebook,Long Video,Community,Video,2025,2025-Q1,2025-01,2,17325,9912,123,85,9,13,9,49,28,9,8420,24,17.16
2025-01-20,LinkedIn,Carousel,Professional,Static,2025,2025-Q1,2025-01,5,65824,42279,1784,1212,157,175,127,323,104,33,0,48,31.27
2025-01-20,YouTube,Short Video,Video,Video,2025,2025-Q1,2025-01,5,190636,126467,7697,5220,686,821,568,904,329,111,105387,62,41.87
2025-01-20,LinkedIn,Long Video,Professional,Video,2025,2025-Q1,2025-01,1,13312,8425,257,181,21,31,23,57,8,3,7386,17,3.18
2025-01-27,Instagram,Image,Visual,Static,2025,2025-Q1,2025-01,12,199083,134839,5253,3586,526,397,395,1234,222,71,0,132,48.02
2025-01-27,Instagram,Carousel,Visual,Static,2025,2025-Q1,2025-01,9,193132,124340,8371,5711,714,783,612,878,287,91,0,99,55.75
2025-01-27,Instagram,Short Video,Visual,Video,2025,2025-Q1,2025-01,19,615465,392818,29798,20487,2541,2815,2300,2785,860,289,338854,234,140.02
2025-01-27,Instagram,Story,Visual,Ephemeral,2025,2025-Q1,2025-01,20,241513,166006,8317,5696,793,730,626,1409,352,114,0,225,112.02
2025-01-27,LinkedIn,Image,Professional,Static,2025,2025-Q1,2025-01,9,114374,70702,1987,1420,159,203,181,476,135,50,0,136,64.55
2025-01-27,LinkedIn,Carousel,Professional,Static,2025,2025-Q1,2025-01,5,83713,58806,1979,1442,189,141,204,482,90,32,0,74,19.67
2025-01-27,LinkedIn,Short Video,Professional,Video,2025,2025-Q1,2025-01,9,172198,130931,5411,3707,595,440,414,1080,250,84,103677,104,43.91
2025-01-27,LinkedIn,Long Video,Professional,Video,2025,2025-Q1,2025-01,2,26809,16110,468,323,35,53,38,82,48,17,12415,29,22.51
2025-01-27,LinkedIn,Text,Professional,Static,2025,2025-Q1,2025-01,7,46787,27969,620,436,47,56,53,180,60,21,0,99,51.75
2025-01-27,TikTok,Short Video,Short Video,Video,2025,2025-Q1,2025-01,21,1266782,785284,74697,52129,5731,7025,6660,4533,1670,666,642051,354,179.47
2025-01-27,TikTok,Story,Short Video,Ephemeral,2025,2025-Q1,2025-01,28,601757,385584,26867,18278,2341,2590,1969,2902,888,285,0,293,194.55
2025-01-27,X (Twitter),Image,Conversation,Static,2025,2025-Q1,2025-01,9,91078,59017,1106,798,95,95,105,421,113,40,0,124,61.69
2025-01-27,X (Twitter),Short Video,Conversation,Video,2025,2025-Q1,2025-01,16,238944,165260,5307,3558,449,519,397,1198,393,131,134755,189,106.93
2025-01-27,X (Twitter),Text,Conversation,Static,2025,2025-Q1,2025-01,7,41904,27576,372,263,31,31,33,197,54,21,0,111,49.17
2025-01-27,YouTube,Short Video,Video,Video,2025,2025-Q1,2025-01,6,248802,172939,8418,5816,805,663,723,1459,302,128,150218,108,45.99
2025-01-27,Facebook,Image,Community,Static,2025,2025-Q1,2025-01,7,55420,39981,423,299,42,32,31,312,65,20,0,86,27.64
2025-01-27,Facebook,Carousel,Community,Static,2025,2025-Q1,2025-01,7,62066,43748,770,525,68,68,57,344,94,32,0,73,39.36
2025-01-27,Facebook,Short Video,Community,Video,2025,2025-Q1,2025-01,14,190392,122985,2670,1834,229,230,210,865,253,88,102732,184,91.2
2025-01-27,Facebook,Text,Community,Static,2025,2025-Q1,2025-01,7,29692,21141,166,116,17,12,14,180,39,15,0,102,43.02
2025-01-27,Facebook,Story,Community,Ephemeral,2025,2025-Q1,2025-01,14,62597,41940,583,390,54,53,42,353,88,28,0,169,86.01
2025-01-27,Facebook,Long Video,Community,Video,2025,2025-Q1,2025-01,3,25968,15447,199,139,15,22,16,86,44,16,12849,41,31.31
2025-02-03,Instagram,Image,Visual,Static,2025,2025-Q1,2025-02,15,255639,167242,8200,5545,771,857,596,1394,439,147,0,213,135.79
2025-02-03,Instagram,Carousel,Visual,Static,2025,2025-Q1,2025-02,9,225197,135835,9454,6687,727,931,826,802,320,121,0,135,77.84
2025-02-03,Instagram,Short Video,Visual,Video,2025,2025-Q1,2025-02,15,530190,358706,24248,17358,2152,1956,2310,2678,691,295,303349,275,156.71
2025-02-03,Instagram,Story,Visual,Ephemeral,2025,2025-Q1,2025-02,20,269881,157558,7926,5559,577,759,677,838,402,146,0,270,148.51
2025-02-03,LinkedIn,Image,Professional,Static,2025,2025-Q1,2025-02,7,76783,51395,1146,788,112,83,87,449,74,24,0,100,32.18
2025-02-03,LinkedIn,Carousel,Professional,Static,2025,2025-Q1,2025-02,7,92081,60136,2341,1583,207,209,164,436,127,39,0,72,36.38
2025-02-03,LinkedIn,Short Video,Professional,Video,2025,2025-Q1,2025-02,12,247157,156183,6855,4689,580,632,515,1103,332,104,135486,134,90.57
2025-02-03,LinkedIn,Text,Professional,Static,2025,2025-Q1,2025-02,7,44862,30849,570,399,55,45,47,255,54,20,0,91,36.44
2025-02-03,TikTok,Short Video,Short Video,Video,2025,2025-Q1,2025-02,20,1077672,814499,72380,50217,7830,5811,5855,8261,1525,527,728352,210,86.88
2025-02-03,TikTok,Story,Short Video,Ephemeral,2025,2025-Q1,2025-02,23,602445,392960,22281,16225,1932,1817,2281,2766,809,354,0,352,177.29
2025-02-03,X (Twitter),Image,Conversation,Static,2025,2025-Q1,2025-02,10,83004,51136,944,632,76,87,64,459,110,33,0,101,55.23
2025-02-03,X (Twitter),Short Video,Conversation,Video,2025,2025-Q1,2025-02,13,219855,130145,4024,2817,293,385,348,699,283,109,107770,198,112.51
2025-02-03,X (Twitter),Text,Conversation,Static,2025,2025-Q1,2025-02,7,33699,22519,303,208,26,25,22,174,42,14,0,81,34.35
2025-02-03,YouTube,Short Video,Video,Video,2025,2025-Q1,2025-02,7,257790,182047,10204,6789,999,940,813,1662,403,127,161992,78,41.87
2025-02-03,Facebook,Image,Community,Static,2025,2025-Q1,2025-02,9,67292,41052,530,365,43,55,41,275,109,34,0,100,69.59
2025-02-03,Facebook,Carousel,Community,Static,2025,2025-Q1,2025-02,5,51358,31868,537,381,41,46,50,185,63,24,0,75,33.46
2025-02-03,Facebook,Short Video,Community,Video,2025,2025-Q1,2025-02,9,120232,82203,1449,992,130,119,118,646,148,59,69314,143,59.29
2025-02-03,Facebook,Long Video,Community,Video,2025,2025-Q1,2025-02,1,7547,4147,50,33,3,5,3,49,11,3,5621,11,7.3
2025-02-03,Facebook,Text,Community,Static,2025,2025-Q1,2025-02,7,26991,17317,168,114,14,16,12,125,42,12,0,64,41.86
2025-02-03,Facebook,Story,Community,Ephemeral,2025,2025-Q1,2025-02,14,75973,46596,662,460,53,63,55,284,101,37,0,193,115.82
2025-02-03,LinkedIn,Long Video,Professional,Video,2025,2025-Q1,2025-02,3,36321,21298,619,428,44,70,50,92,64,24,16832,43,30.53
2025-02-10,Instagram,Image,Visual,Static,2025,2025-Q1,2025-02,13,248485,160953,6347,4453,531,524,493,1087,288,110,0,233,101.07
2025-02-10,Instagram,Carousel,Visual,Static,2025,2025-Q1,2025-02,7,169320,119773,6914,4692,684,508,511,1046,186,58,0,80,25.83
2025-02-10,Instagram,Short Video,Visual,Video,2025,2025-Q1,2025-02,19,618863,427485,31390,21235,2655,2854,2207,2997,955,296,340655,189,106.84
2025-02-10,Instagram,Story,Visual,Ephemeral,2025,2025-Q1,2025-02,17,209866,147775,7059,4866,687,577,566,1237,261,85,0,207,81.78
2025-02-10,LinkedIn,Image,Professional,Static,2025,2025-Q1,2025-02,9,100720,64605,1894,1283,171,197,140,482,169,57,0,127,83.35
2025-02-10,LinkedIn,Carousel,Professional,Static,2025,2025-Q1,2025-02,6,95408,57667,2251,1593,173,203,192,390,118,44,0,89,43.97
2025-02-10,LinkedIn,Short Video,Professional,Video,2025,2025-Q1,2025-02,8,194080,129217,5092,3649,452,400,488,962,283,121,109216,137,75.25
2025-02-10,LinkedIn,Text,Professional,Static,2025,2025-Q1,2025-02,7,39137,24767,535,356,48,53,35,223,59,17,0,85,48.37
2025-02-10,TikTok,Short Video,Short Video,Video,2025,2025-Q1,2025-02,25,1517550,928064,83432,57006,6697,7099,6252,5894,2190,741,797453,297,204
2025-02-10,TikTok,Story,Short Video,Ephemeral,2025,2025-Q1,2025-02,24,530634,356642,22582,15409,2076,1912,1677,2794,702,221,0,273,117.04
2025-02-10,X (Twitter),Image,Conversation,Static,2025,2025-Q1,2025-02,12,117164,70156,1342,936,109,136,107,514,173,60,0,165,101.59
2025-02-10,X (Twitter),Short Video,Conversation,Video,2025,2025-Q1,2025-02,12,202046,150711,4100,2871,434,319,348,1493,269,94,131798,173,81.25
2025-02-10,X (Twitter),Text,Conversation,Static,2025,2025-Q1,2025-02,8,43211,26717,404,283,32,41,34,185,66,23,0,105,67.33
2025-02-10,YouTube,Short Video,Video,Video,2025,2025-Q1,2025-02,5,237926,146987,7612,5396,604,660,694,906,283,116,121610,81,39.44
2025-02-10,Facebook,Image,Community,Static,2025,2025-Q1,2025-02,10,86079,54579,657,470,55,64,59,373,121,48,0,153,86.51
2025-02-10,Facebook,Carousel,Community,Static,2025,2025-Q1,2025-02,7,71770,51804,805,567,81,62,70,466,100,39,0,108,48.01
2025-02-10,Facebook,Short Video,Community,Video,2025,2025-Q1,2025-02,12,152184,104700,2111,1418,204,197,157,936,233,74,93438,139,74.45
2025-02-10,Facebook,Text,Community,Static,2025,2025-Q1,2025-02,7,35308,22349,206,149,18,18,21,151,48,21,0,126,62.29
2025-02-10,Facebook,Story,Community,Ephemeral,2025,2025-Q1,2025-02,11,59757,43304,515,364,52,40,45,387,79,31,0,179,76.39
2025-02-10,Facebook,Long Video,Community,Video,2025,2025-Q1,2025-02,4,35607,21189,274,188,24,31,23,145,62,23,19546,55,40.98
2025-02-17,Instagram,Image,Visual,Static,2025,2025-Q1,2025-02,11,180531,127858,5507,3653,553,478,380,1200,253,82,0,132,59.96
2025-02-17,Instagram,Carousel,Visual,Static,2025,2025-Q1,2025-02,11,249581,150263,11044,7524,895,1162,799,1156,404,133,0,127,88.56
2025-02-17,Instagram,Short Video,Visual,Video,2025,2025-Q1,2025-02,17,638267,378376,26808,18891,1999,2548,2328,2122,867,324,325179,251,137.7
2025-02-17,Instagram,Story,Visual,Ephemeral,2025,2025-Q1,2025-02,24,289277,181707,9937,6684,825,986,649,1343,449,135,0,234,152.84
2025-02-17,LinkedIn,Image,Professional,Static,2025,2025-Q1,2025-02,9,115538,74797,1931,1365,158,181,169,486,161,66,0,158,63.5
2025-02-17,LinkedIn,Carousel,Professional,Static,2025,2025-Q1,2025-02,7,108383,76149,2811,1983,272,227,246,654,112,34,0,77,23.26
2025-02-17,LinkedIn,Short Video,Professional,Video,2025,2025-Q1,2025-02,11,240752,166615,7205,4942,696,646,479,1432,364,103,129507,103,55.01
2025-02-17,LinkedIn,Text,Professional,Static,2025,2025-Q1,2025-02,6,44376,28333,585,418,48,48,56,188,53,19,0,100,46.04
2025-02-17,TikTok,Short Video,Short Video,Video,2025,2025-Q1,2025-02,18,1241541,824099,68779,49037,6109,5577,6442,6019,1737,733,700986,296,155.9
2025-02-17,TikTok,Story,Short Video,Ephemeral,2025,2025-Q1,2025-02,23,549304,334865,22712,15682,1816,2261,1709,2044,828,280,0,279,174.75
2025-02-17,X (Twitter),Image,Conversation,Static,2025,2025-Q1,2025-02,9,88116,60921,1055,734,99,90,86,521,85,29,0,139,42.57
2025-02-17,X (Twitter),Short Video,Conversation,Video,2025,2025-Q1,2025-02,16,277855,177921,5735,3914,499,564,429,1084,444,146,143524,172,115.83
2025-02-17,X (Twitter),Text,Conversation,Static,2025,2025-Q1,2025-02,9,51952,34519,434,309,38,34,35,267,57,20,0,138,54.44
2025-02-17,YouTube,Short Video,Video,Video,2025,2025-Q1,2025-02,7,303220,219535,10375,7253,1053,773,870,1989,372,132,191699,105,50.45
2025-02-17,Facebook,Image,Community,Static,2025,2025-Q1,2025-02,7,51908,35141,392,268,36,32,26,345,65,18,0,83,35.89
2025-02-17,Facebook,Short Video,Community,Video,2025,2025-Q1,2025-02,11,168347,107483,2150,1504,157,173,185,564,230,87,83030,161,96.42
2025-02-17,Facebook,Text,Community,Static,2025,2025-Q1,2025-02,7,30373,21210,178,118,16,15,11,181,38,11,0,73,28.19
2025-02-17,Facebook,Story,Community,Ephemeral,2025,2025-Q1,2025-02,17,88508,54917,800,539,66,78,57,368,133,42,0,165,108.38
2025-02-17,LinkedIn,Long Video,Professional,Video,2025,2025-Q1,2025-02,3,41495,24020,708,492,49,81,60,111,47,17,19678,45,31.22
2025-02-17,Facebook,Carousel,Community,Static,2025,2025-Q1,2025-02,6,53950,35677,657,439,60,64,42,208,87,25,0,55,35.33
2025-02-17,Facebook,Long Video,Community,Video,2025,2025-Q1,2025-02,2,16947,10599,111,77,9,10,10,62,21,8,8317,32,15.39
2025-02-24,Instagram,Image,Visual,Static,2025,2025-Q1,2025-02,13,246549,159863,7431,5111,633,734,589,1139,369,129,0,167,94.23
2025-02-24,Instagram,Carousel,Visual,Static,2025,2025-Q1,2025-02,10,256361,163394,10790,7597,898,1023,943,1093,360,139,0,169,93.56
2025-02-24,Instagram,Short Video,Visual,Video,2025,2025-Q1,2025-02,16,564778,402056,27973,19486,2773,2350,2358,3574,765,284,351977,215,90.4
2025-02-24,Instagram,Story,Visual,Ephemeral,2025,2025-Q1,2025-02,22,333190,207704,11228,8036,906,1105,1004,1542,490,192,0,351,210.06
2025-02-24,LinkedIn,Image,Professional,Static,2025,2025-Q1,2025-02,7,73145,54883,1345,907,145,110,106,483,101,34,0,97,39.96
2025-02-24,LinkedIn,Carousel,Professional,Static,2025,2025-Q1,2025-02,7,96580,58724,2503,1684,228,251,170,462,146,46,0,73,47.57
2025-02-24,LinkedIn,Short Video,Professional,Video,2025,2025-Q1,2025-02,10,236879,138351,5896,4130,431,562,479,739,311,109,129407,135,73.83
2025-02-24,LinkedIn,Text,Professional,Static,2025,2025-Q1,2025-02,7,42478,30876,567,383,58,45,39,297,52,19,0,109,40.84
2025-02-24,TikTok,Short Video,Short Video,Video,2025,2025-Q1,2025-02,22,1356333,917686,84922,58234,7867,7434,6460,7440,1946,639,791129,260,121.16
2025-02-24,TikTok,Story,Short Video,Ephemeral,2025,2025-Q1,2025-02,23,590957,401627,26011,18507,2385,2250,2336,3180,777,297,0,281,119.66
2025-02-24,X (Twitter),Image,Conversation,Static,2025,2025-Q1,2025-02,12,106319,71478,1404,941,126,139,98,542,174,57,0,148,90.57
2025-02-24,X (Twitter),Short Video,Conversation,Video,2025,2025-Q1,2025-02,11,236765,158070,4267,2985,385,346,366,1131,321,120,133908,168,84.27
2025-02-24,X (Twitter),Text,Conversation,Static,2025,2025-Q1,2025-02,8,36645,23844,355,235,34,35,23,197,57,18,0,114,61.74
2025-02-24,Facebook,Image,Community,Static,2025,2025-Q1,2025-02,11,93587,57825,755,526,61,67,61,368,126,46,0,155,84.07
2025-02-24,Facebook,Carousel,Community,Static,2025,2025-Q1,2025-02,6,72924,47865,776,545,66,62,66,347,82,30,0,92,35.99
2025-02-24,Facebook,Short Video,Community,Video,2025,2025-Q1,2025-02,9,135748,99512,1729,1197,180,130,137,919,192,65,86959,114,51.8
2025-02-24,Facebook,Long Video,Community,Video,2025,2025-Q1,2025-02,3,25415,16117,200,135,16,22,14,111,41,13,13643,37,22.42
2025-02-24,Facebook,Story,Community,Ephemeral,2025,2025-Q1,2025-02,10,64068,40519,525,379,42,48,50,264,86,37,0,168,85.86
2025-02-24,YouTube,Short Video,Video,Video,2025,2025-Q1,2025-02,6,248484,163750,9307,6256,847,886,631,1332,390,118,143633,56,35.72
2025-02-24,Facebook,Text,Community,Static,2025,2025-Q1,2025-02,6,25189,15115,153,104,12,17,11,120,41,13,0,70,47.84
2025-02-24,LinkedIn,Long Video,Professional,Video,2025,2025-Q1,2025-02,1,12899,7372,220,154,16,26,19,36,20,8,6260,16,11.4
2025-03-03,Instagram,Image,Visual,Static,2025,2025-Q1,2025-03,11,203228,137970,5708,3964,520,365,535,1075,259,105,0,194,100.87
2025-03-03,Instagram,Carousel,Visual,Static,2025,2025-Q1,2025-03,8,183220,126049,7884,5222,845,662,498,1280,242,85,0,109,46.14
2025-03-03,Instagram,Short Video,Visual,Video,2025,2025-Q1,2025-03,21,710690,456334,36254,24553,2773,3679,2580,3209,1178,367,452474,219,147.5
2025-03-03,Instagram,Story,Visual,Ephemeral,2025,2025-Q1,2025-03,19,224731,156453,7443,4962,767,589,490,1501,276,78,0,237,91.94
2025-03-03,LinkedIn,Image,Professional,Static,2025,2025-Q1,2025-03,9,112349,69772,1852,1276,149,177,149,443,151,54,0,122,64.66
2025-03-03,LinkedIn,Carousel,Professional,Static,2025,2025-Q1,2025-03,5,77871,49809,2005,1396,165,192,167,325,113,41,0,86,47.7
2025-03-03,LinkedIn,Short Video,Professional,Video,2025,2025-Q1,2025-03,9,197904,141447,5830,4016,582,478,465,1223,261,86,123383,111,46.19
2025-03-03,LinkedIn,Long Video,Professional,Video,2025,2025-Q1,2025-03,1,13902,7641,221,152,15,22,18,32,20,7,6403,11,7.31
2025-03-03,TikTok,Short Video,Short Video,Video,2025,2025-Q1,2025-03,21,1417423,826802,81111,56659,5919,8287,6713,4385,2110,765,814462,275,155.26
2025-03-03,TikTok,Story,Short Video,Ephemeral,2025,2025-Q1,2025-03,27,580595,358288,25013,16637,2154,2410,1579,2980,851,250,0,245,153.59
2025-03-03,X (Twitter),Image,Conversation,Static,2025,2025-Q1,2025-03,10,101888,62740,1117,777,85,104,99,370,130,50,0,166,84.12
2025-03-03,X (Twitter),Short Video,Conversation,Video,2025,2025-Q1,2025-03,14,248932,170458,4917,3377,463,417,370,1378,334,109,145409,169,71.38
2025-03-03,X (Twitter),Text,Conversation,Static,2025,2025-Q1,2025-03,9,54222,35207,498,352,43,48,43,244,77,30,0,143,79.2
2025-03-03,YouTube,Short Video,Video,Video,2025,2025-Q1,2025-03,5,284131,191070,9059,6674,809,684,972,1407,312,147,163476,81,25.42
2025-03-03,Facebook,Image,Community,Static,2025,2025-Q1,2025-03,8,65445,44249,471,325,44,40,37,343,77,31,0,144,63.16
2025-03-03,Facebook,Carousel,Community,Static,2025,2025-Q1,2025-03,7,66900,44891,752,513,68,62,56,386,83,28,0,81,33.76
2025-03-03,Facebook,Short Video,Community,Video,2025,2025-Q1,2025-03,13,181960,118026,2343,1575,210,214,156,897,283,86,101847,119,76.76
2025-03-03,Facebook,Text,Community,Static,2025,2025-Q1,2025-03,7,33486,22331,185,131,17,15,16,174,40,16,0,119,52.11
2025-03-03,Facebook,Story,Community,Ephemeral,2025,2025-Q1,2025-03,12,66445,46309,593,406,57,48,46,397,86,28,0,146,56.61
2025-03-03,LinkedIn,Text,Professional,Static,2025,2025-Q1,2025-03,6,37657,25414,571,387,52,59,42,203,63,20,0,64,41.98
2025-03-03,Facebook,Long Video,Community,Video,2025,2025-Q1,2025-03,4,34664,21644,278,191,23,31,22,142,57,19,18354,52,34.39
2025-03-10,Instagram,Image,Visual,Static,2025,2025-Q1,2025-03,14,262286,170367,7714,5227,682,721,537,1303,378,115,0,139,81.35
2025-03-10,Instagram,Carousel,Visual,Static,2025,2025-Q1,2025-03,12,297053,190250,12632,8660,1070,1196,986,1244,402,140,0,162,83.3
2025-03-10,Instagram,Short Video,Visual,Video,2025,2025-Q1,2025-03,17,670138,422809,31168,22052,2556,2920,2698,2845,915,344,358900,244,136.38
2025-03-10,Instagram,Story,Visual,Ephemeral,2025,2025-Q1,2025-03,22,293833,194896,10948,7417,977,1122,805,1459,495,165,0,270,177.22
2025-03-10,LinkedIn,Image,Professional,Static,2025,2025-Q1,2025-03,8,105129,70211,1661,1190,147,135,157,527,122,51,0,144,82.71
2025-03-10,LinkedIn,Carousel,Professional,Static,2025,2025-Q1,2025-03,6,83648,59128,2189,1470,235,179,148,602,110,38,0,99,41.91
2025-03-10,LinkedIn,Short Video,Professional,Video,2025,2025-Q1,2025-03,13,279284,178193,8338,5581,695,833,553,1395,448,137,178163,131,86.26
2025-03-10,LinkedIn,Text,Professional,Static,2025,2025-Q1,2025-03,6,41600,27878,529,368,46,44,49,207,43,20,0,122,55.38
2025-03-10,TikTok,Short Video,Short Video,Video,2025,2025-Q1,2025-03,20,1298792,894633,80204,55924,7520,6779,6794,7303,1670,583,786412,256,111.75
2025-03-10,TikTok,Story,Short Video,Ephemeral,2025,2025-Q1,2025-03,27,741551,458728,31062,21854,2638,2965,2719,3168,1034,394,0,411,235.19
2025-03-10,X (Twitter),Image,Conversation,Static,2025,2025-Q1,2025-03,10,90085,67773,1145,775,123,92,89,691,125,42,0,133,55.35
2025-03-10,X (Twitter),Short Video,Conversation,Video,2025,2025-Q1,2025-03,12,230550,141355,4428,3052,358,444,338,877,358,123,130700,150,96.42
2025-03-10,X (Twitter),Text,Conversation,Static,2025,2025-Q1,2025-03,7,37966,27204,335,232,36,24,27,248,44,19,0,124,45.1
2025-03-10,YouTube,Short Video,Video,Video,2025,2025-Q1,2025-03,7,307171,205423,10478,7143,956,875,775,1615,395,127,189943,83,33.64
2025-03-10,Facebook,Image,Community,Static,2025,2025-Q1,2025-03,9,66517,44417,552,369,50,53,41,352,104,36,0,128,71.89
2025-03-10,Facebook,Carousel,Community,Static,2025,2025-Q1,2025-03,7,74986,46556,863,595,73,87,67,374,116,40,0,91,56.41
2025-03-10,Facebook,Short Video,Community,Video,2025,2025-Q1,2025-03,9,157492,99975,1803,1303,148,170,174,650,228,95,85426,154,85.6
2025-03-10,Facebook,Text,Community,Static,2025,2025-Q1,2025-03,7,28917,20002,180,117,20,16,11,190,40,14,0,91,43.54
2025-03-10,Facebook,Story,Community,Ephemeral,2025,2025-Q1,2025-03,15,86551,54428,830,569,62,87,64,359,147,49,0,175,123.86
2025-03-10,LinkedIn,Long Video,Professional,Video,2025,2025-Q1,2025-03,2,29945,17108,494,346,35,52,42,83,47,17,14526,24,17.12
2025-03-17,Instagram,Image,Visual,Static,2025,2025-Q1,2025-03,11,236169,141268,6056,4275,453,557,531,772,339,132,0,158,94.61
2025-03-17,Instagram,Carousel,Visual,Static,2025,2025-Q1,2025-03,8,195755,132794,7903,5453,701,649,736,985,240,97,0,141,58.85
2025-03-17,Instagram,Short Video,Visual,Video,2025,2025-Q1,2025-03,18,602851,396577,27285,18398,2637,2256,1953,3894,718,219,407656,228,94.82
2025-03-17,Instagram,Story,Visual,Ephemeral,2025,2025-Q1,2025-03,20,277831,184381,8951,6215,772,791,730,1326,368,146,0,384,190.15
2025-03-17,LinkedIn,Image,Professional,Static,2025,2025-Q1,2025-03,8,104719,71928,1882,1310,181,167,132,618,154,47,0,80,43.94
2025-03-17,LinkedIn,Short Video,Professional,Video,2025,2025-Q1,2025-03,11,296360,186200,8550,6095,699,714,775,1205,364,131,158035,157,79.65
2025-03-17,LinkedIn,Text,Professional,Static,2025,2025-Q1,2025-03,7,44266,32219,638,437,59,55,48,261,65,20,0,84,39.39
2025-03-17,TikTok,Short Video,Short Video,Video,2025,2025-Q1,2025-03,25,1494535,929192,93995,62818,7633,9322,6144,7032,2257,681,920630,243,156.11
2025-03-17,TikTok,Story,Short Video,Ephemeral,2025,2025-Q1,2025-03,22,522139,355243,21023,14318,2139,1592,1559,3324,580,185,0,303,110.95
2025-03-17,X (Twitter),Image,Conversation,Static,2025,2025-Q1,2025-03,11,112388,72809,1413,971,124,141,110,406,143,48,0,130,88.43
2025-03-17,X (Twitter),Short Video,Conversation,Video,2025,2025-Q1,2025-03,13,266549,182902,5207,3715,479,434,390,1484,333,111,160851,160,72.28
2025-03-17,X (Twitter),Text,Conversation,Static,2025,2025-Q1,2025-03,10,54752,34758,554,378,47,49,42,226,74,25,0,120,61.02
2025-03-17,YouTube,Short Video,Video,Video,2025,2025-Q1,2025-03,7,343725,211438,12136,8451,978,1198,996,1322,512,176,206467,89,54.93
2025-03-17,Facebook,Image,Community,Static,2025,2025-Q1,2025-03,11,98399,63831,779,546,58,63,67,348,119,45,0,169,73
2025-03-17,Facebook,Carousel,Community,Static,2025,2025-Q1,2025-03,6,67624,45934,714,502,65,56,50,375,75,25,0,86,33.68
2025-03-17,Facebook,Short Video,Community,Video,2025,2025-Q1,2025-03,11,167215,119749,2247,1486,194,190,145,855,235,64,103056,111,49.58
2025-03-17,Facebook,Long Video,Community,Video,2025,2025-Q1,2025-03,4,38542,21377,275,191,18,23,22,94,56,21,17969,51,34.99
2025-03-17,Facebook,Text,Community,Static,2025,2025-Q1,2025-03,7,34933,22506,193,136,16,17,17,150,41,15,0,108,48.51
2025-03-17,Facebook,Story,Community,Ephemeral,2025,2025-Q1,2025-03,14,84591,55013,741,520,64,66,63,404,110,41,0,183,97.06
2025-03-17,LinkedIn,Carousel,Professional,Static,2025,2025-Q1,2025-03,6,90458,61930,2726,1855,255,285,206,398,135,46,0,70,37.53
2025-03-24,Instagram,Image,Visual,Static,2025,2025-Q1,2025-03,11,230728,170863,6818,4715,701,564,557,1599,334,122,0,151,68.75
2025-03-24,Instagram,Carousel,Visual,Static,2025,2025-Q1,2025-03,10,228187,153518,10658,7210,999,992,814,1312,339,115,0,130,70.47
2025-03-24,Instagram,Short Video,Visual,Video,2025,2025-Q1,2025-03,21,780599,501933,40882,27944,3767,4333,3121,3873,1304,456,447219,271,182.23
2025-03-24,Instagram,Story,Visual,Ephemeral,2025,2025-Q1,2025-03,20,242016,173849,9094,6072,935,835,656,1692,374,120,0,229,113.81
2025-03-24,LinkedIn,Image,Professional,Static,2025,2025-Q1,2025-03,8,113416,68167,1612,1141,120,140,145,385,158,60,0,120,65
2025-03-24,LinkedIn,Carousel,Professional,Static,2025,2025-Q1,2025-03,5,71404,48819,1741,1202,161,140,160,410,89,35,0,86,36.55
2025-03-24,LinkedIn,Short Video,Professional,Video,2025,2025-Q1,2025-03,11,230843,160164,6594,4401,695,544,439,1587,299,87,156264,163,67.98
2025-03-24,LinkedIn,Text,Professional,Static,2025,2025-Q1,2025-03,6,44388,28153,556,389,44,49,45,184,56,21,0,84,50.76
2025-03-24,TikTok,Short Video,Short Video,Video,2025,2025-Q1,2025-03,24,1829166,1149031,113585,81125,9269,11129,10325,8403,2690,1056,961583,382,229.06
2025-03-24,TikTok,Story,Short Video,Ephemeral,2025,2025-Q1,2025-03,31,739884,510302,37658,25521,3550,3920,2769,4244,1327,448,0,346,190.19
2025-03-24,X (Twitter),Image,Conversation,Static,2025,2025-Q1,2025-03,8,91538,60122,968,691,84,75,90,430,112,47,0,131,69.02
2025-03-24,X (Twitter),Short Video,Conversation,Video,2025,2025-Q1,2025-03,16,275536,169752,5459,3616,467,533,354,1380,410,124,163484,152,97.05
2025-03-24,X (Twitter),Text,Conversation,Static,2025,2025-Q1,2025-03,9,50393,31860,424,297,33,36,40,199,58,24,0,166,85.88
2025-03-24,YouTube,Short Video,Video,Video,2025,2025-Q1,2025-03,7,366361,247602,12780,9138,1156,1100,1186,1966,461,181,219087,84,30.31
2025-03-24,Facebook,Image,Community,Static,2025,2025-Q1,2025-03,7,57988,42172,429,300,44,31,36,387,69,25,0,102,47.75
2025-03-24,Facebook,Carousel,Community,Static,2025,2025-Q1,2025-03,7,62381,43670,791,520,76,73,49,378,97,30,0,97,49.82
2025-03-24,Facebook,Short Video,Community,Video,2025,2025-Q1,2025-03,12,188901,114652,2374,1624,184,238,177,786,284,93,114230,140,89.31
2025-03-24,Facebook,Text,Community,Static,2025,2025-Q1,2025-03,7,30988,21930,169,114,17,12,14,188,32,13,0,114,38.33
2025-03-24,Facebook,Story,Community,Ephemeral,2025,2025-Q1,2025-03,14,73910,47821,641,431,60,56,44,434,94,30,0,180,84.24
2025-03-24,Facebook,Long Video,Community,Video,2025,2025-Q1,2025-03,2,17845,10065,129,90,9,14,11,47,27,10,8510,23,16.01
2025-03-31,Instagram,Image,Visual,Static,2025,2025-Q1,2025-03,14,273291,178054,8361,5642,650,830,585,1039,448,136,0,139,93.23
2025-03-31,Instagram,Carousel,Visual,Static,2025,2025-Q1,2025-03,11,298053,177619,10801,7585,791,873,946,934,381,147,0,163,98.57
2025-03-31,Instagram,Short Video,Visual,Video,2025,2025-Q1,2025-03,15,587820,398983,26762,18135,2387,2169,2215,3095,719,287,343756,239,107.77
2025-03-31,Instagram,Story,Visual,Ephemeral,2025,2025-Q1,2025-03,20,291783,178874,9242,6400,733,865,758,1113,381,136,0,271,148.42
2025-03-31,LinkedIn,Image,Professional,Static,2025,2025-Q1,2025-03,7,94767,67197,1544,1081,153,127,132,586,125,49,0,102,40.56
2025-03-31,LinkedIn,Carousel,Professional,Static,2025,2025-Q1,2025-03,7,105828,73268,2816,1942,271,245,222,658,149,51,0,88,43.11
2025-03-31,LinkedIn,Short Video,Professional,Video,2025,2025-Q1,2025-03,13,298786,203099,9552,6478,887,962,706,1637,499,167,173309,155,95.78
2025-03-31,LinkedIn,Text,Professional,Static,2025,2025-Q1,2025-03,6,48522,34879,613,435,60,45,57,297,67,28,0,100,45.95
2025-03-31,TikTok,Short Video,Short Video,Video,2025,2025-Q1,2025-03,20,1189693,810720,70906,47311,7358,5684,4583,7831,1399,449,794770,302,115.97
2025-03-31,TikTok,Story,Short Video,Ephemeral,2025,2025-Q1,2025-03,22,542261,346698,21861,15036,1767,1944,1871,2282,697,286,0,401,183.32
2025-03-31,X (Twitter),Image,Conversation,Static,2025,2025-Q1,2025-03,9,93608,61774,1091,753,97,96,85,473,132,42,0,104,50.83
2025-03-31,X (Twitter),Short Video,Conversation,Video,2025,2025-Q1,2025-03,16,344401,215770,6581,4653,564,633,590,1516,487,191,191582,254,144.41
2025-03-31,X (Twitter),Text,Conversation,Static,2025,2025-Q1,2025-03,7,38786,27873,367,256,36,30,31,252,53,18,0,97,42.22
2025-03-31,YouTube,Short Video,Video,Video,2025,2025-Q1,2025-03,7,285469,176578,9919,6513,869,937,609,1474,395,114,172282,78,41.99
2025-03-31,Facebook,Image,Community,Static,2025,2025-Q1,2025-03,10,84899,52334,641,438,53,62,47,351,119,38,0,108,72.3
2025-03-31,Facebook,Carousel,Community,Static,2025,2025-Q1,2025-03,6,70781,46366,812,572,70,76,71,334,99,38,0,95,49.52
2025-03-31,Facebook,Short Video,Community,Video,2025,2025-Q1,2025-03,11,178310,118479,2275,1589,203,206,188,918,243,88,105322,146,75.98
2025-03-31,Facebook,Text,Community,Static,2025,2025-Q1,2025-03,7,30397,20646,201,138,19,20,15,173,47,17,0,66,41.44
2025-03-31,Facebook,Story,Community,Ephemeral,2025,2025-Q1,2025-03,15,94940,59815,888,615,78,93,72,416,151,55,0,214,138.89
2025-03-31,LinkedIn,Long Video,Professional,Video,2025,2025-Q1,2025-03,2,30867,18302,525,367,40,58,41,101,53,19,15729,28,21.25
2025-04-07,Instagram,Image,Visual,Static,2025,2025-Q2,2025-04,10,216838,137197,5935,4175,489,538,509,934,282,103,0,139,70.76
2025-04-07,Instagram,Carousel,Visual,Static,2025,2025-Q2,2025-04,7,192862,139305,7994,5590,797,591,671,1223,266,102,0,103,46.22
2025-04-07,Instagram,Short Video,Visual,Video,2025,2025-Q2,2025-04,19,627019,433312,32676,21869,3105,2962,2407,3766,933,304,382737,234,118.72
2025-04-07,Instagram,Story,Visual,Ephemeral,2025,2025-Q2,2025-04,16,231208,164176,7136,5014,707,507,611,1435,293,109,0,241,125.01
2025-04-07,LinkedIn,Image,Professional,Static,2025,2025-Q2,2025-04,7,85376,55089,1535,1035,132,152,106,386,138,41,0,67,44.13
2025-04-07,LinkedIn,Carousel,Professional,Static,2025,2025-Q2,2025-04,5,85393,54355,2221,1554,189,213,190,271,122,45,0,67,38.09
2025-04-07,LinkedIn,Short Video,Professional,Video,2025,2025-Q2,2025-04,10,244977,164047,6845,4770,599,613,566,1211,265,102,137470,197,74.59
2025-04-07,LinkedIn,Text,Professional,Static,2025,2025-Q2,2025-04,7,50269,34265,709,468,66,66,43,231,77,20,0,58,36.7
2025-04-07,TikTok,Short Video,Short Video,Video,2025,2025-Q2,2025-04,25,1637319,1100924,111917,75776,10047,11035,8188,8345,2602,870,925064,296,180.75
2025-04-07,TikTok,Story,Short Video,Ephemeral,2025,2025-Q2,2025-04,24,545333,383945,24820,16730,2471,2124,1946,3569,758,251,0,313,143.21
2025-04-07,X (Twitter),Image,Conversation,Static,2025,2025-Q2,2025-04,11,121720,75475,1345,934,112,127,109,373,187,63,0,141,90.23
2025-04-07,X (Twitter),Short Video,Conversation,Video,2025,2025-Q2,2025-04,11,199575,145489,4028,2719,418,317,246,1406,252,78,131223,194,75.82
2025-04-07,X (Twitter),Text,Conversation,Static,2025,2025-Q2,2025-04,10,60961,37855,547,378,41,51,44,211,93,34,0,130,93.76
2025-04-07,YouTube,Short Video,Video,Video,2025,2025-Q2,2025-04,5,259535,159714,9073,6355,784,909,785,1091,389,145,141862,75,45.93
2025-04-07,Facebook,Image,Community,Static,2025,2025-Q2,2025-04,9,89664,57494,632,456,52,54,62,389,134,59,0,157,90.51
2025-04-07,Facebook,Carousel,Community,Static,2025,2025-Q2,2025-04,6,62352,45425,705,478,73,52,58,438,74,31,0,101,38.48
2025-04-07,Facebook,Short Video,Community,Video,2025,2025-Q2,2025-04,13,184738,120358,2395,1567,227,221,144,1166,264,73,121438,168,85.51
2025-04-07,Facebook,Text,Community,Static,2025,2025-Q2,2025-04,7,35564,22726,176,126,13,12,16,144,41,18,0,126,66.97
2025-04-07,Facebook,Story,Community,Ephemeral,2025,2025-Q2,2025-04,10,58891,41841,496,330,50,35,36,376,64,24,0,148,50.9
2025-04-07,Facebook,Long Video,Community,Video,2025,2025-Q2,2025-04,2,21022,12078,151,105,11,16,12,60,33,11,10274,25,17.98
2025-04-14,Instagram,Image,Visual,Static,2025,2025-Q2,2025-04,13,246280,164766,6916,4679,625,573,504,1452,314,100,0,138,60.04
2025-04-14,Instagram,Carousel,Visual,Static,2025,2025-Q2,2025-04,9,226815,141536,9425,6386,790,928,680,963,355,115,0,93,62.47
2025-04-14,Instagram,Short Video,Visual,Video,2025,2025-Q2,2025-04,19,778690,496891,37177,25955,3044,3560,3166,3287,1096,419,413569,286,153.44
2025-04-14,Instagram,Story,Visual,Ephemeral,2025,2025-Q2,2025-04,23,334437,219985,11878,8148,1069,1143,909,1730,512,167,0,211,135.46
2025-04-14,LinkedIn,Image,Professional,Static,2025,2025-Q2,2025-04,8,127877,81383,2216,1608,184,192,214,562,158,58,0,119,59.34
2025-04-14,LinkedIn,Carousel,Professional,Static,2025,2025-Q2,2025-04,6,114754,83600,2892,2075,295,216,223,736,140,47,0,82,26.65
2025-04-14,LinkedIn,Short Video,Professional,Video,2025,2025-Q2,2025-04,11,234064,170644,7647,5115,688,706,553,1364,372,116,138551,125,63.68
2025-04-14,LinkedIn,Long Video,Professional,Video,2025,2025-Q2,2025-04,3,50334,30946,918,648,73,82,78,191,69,26,26074,46,25.93
2025-04-14,LinkedIn,Text,Professional,Static,2025,2025-Q2,2025-04,6,50992,31895,621,447,50,54,60,211,61,25,0,101,43.77
2025-04-14,TikTok,Short Video,Short Video,Video,2025,2025-Q2,2025-04,20,1397375,922846,84356,58593,6988,7660,7392,6330,1910,811,766255,378,189.19
2025-04-14,TikTok,Story,Short Video,Ephemeral,2025,2025-Q2,2025-04,27,713670,454216,31672,21835,2683,3099,2539,3202,1020,349,0,340,214.88
2025-04-14,X (Twitter),Image,Conversation,Static,2025,2025-Q2,2025-04,7,82617,57369,955,685,90,74,77,465,97,33,0,93,35.07
2025-04-14,X (Twitter),Short Video,Conversation,Video,2025,2025-Q2,2025-04,17,322603,210095,7173,4890,619,652,543,1492,464,154,175151,201,108.18
2025-04-14,X (Twitter),Text,Conversation,Static,2025,2025-Q2,2025-04,7,44299,29975,376,266,33,31,33,233,59,23,0,106,47.53
2025-04-14,YouTube,Short Video,Video,Video,2025,2025-Q2,2025-04,6,284304,205504,9953,6782,1019,743,725,1946,334,120,186738,106,40.06
2025-04-14,Facebook,Image,Community,Static,2025,2025-Q2,2025-04,7,65029,46948,518,349,48,44,37,362,90,27,0,80,31.91
2025-04-14,Facebook,Carousel,Community,Static,2025,2025-Q2,2025-04,7,72201,46553,888,602,76,77,65,343,97,29,0,71,45.82
2025-04-14,Facebook,Short Video,Community,Video,2025,2025-Q2,2025-04,13,227176,146491,2719,1894,231,243,227,1011,295,108,120378,195,93.81
2025-04-14,Facebook,Text,Community,Static,2025,2025-Q2,2025-04,7,34829,24510,203,141,20,16,17,211,45,16,0,93,36.16
2025-04-14,Facebook,Story,Community,Ephemeral,2025,2025-Q2,2025-04,16,89935,60009,888,597,78,87,68,456,146,51,0,203,122.19
2025-04-14,Facebook,Long Video,Community,Video,2025,2025-Q2,2025-04,2,20186,12250,161,115,13,18,14,73,37,14,10605,30,23.74
2025-04-21,Instagram,Image,Visual,Static,2025,2025-Q2,2025-04,15,325197,200142,9755,6756,826,1035,767,1577,538,190,0,197,133.78
2025-04-21,Instagram,Carousel,Visual,Static,2025,2025-Q2,2025-04,9,271624,171240,11021,7965,891,1051,1066,1122,395,165,0,152,73.23
2025-04-21,Instagram,Short Video,Visual,Video,2025,2025-Q2,2025-04,14,513899,372655,23745,16788,2415,1754,2098,3383,621,234,325381,185,77.5
2025-04-21,Instagram,Story,Visual,Ephemeral,2025,2025-Q2,2025-04,16,262428,163662,7503,5376,598,615,701,1004,341,137,0,262,130.4
2025-04-21,LinkedIn,Image,Professional,Static,2025,2025-Q2,2025-04,7,85573,56864,1382,939,123,109,103,538,99,32,0,76,30.6
2025-04-21,LinkedIn,Short Video,Professional,Video,2025,2025-Q2,2025-04,11,278465,174380,7606,5280,624,707,631,1150,356,128,147473,152,87.07
2025-04-21,LinkedIn,Text,Professional,Static,2025,2025-Q2,2025-04,7,50156,34403,629,435,60,49,50,283,58,20,0,88,30.42
2025-04-21,TikTok,Short Video,Short Video,Video,2025,2025-Q2,2025-04,22,1311984,948927,89935,60572,9295,7943,7103,9351,1970,603,767671,242,120.53
2025-04-21,TikTok,Story,Short Video,Ephemeral,2025,2025-Q2,2025-04,18,514397,359657,19932,14444,1932,1380,1958,2891,674,264,0,276,127.57
2025-04-21,X (Twitter),Image,Conversation,Static,2025,2025-Q2,2025-04,11,111145,67198,1305,879,102,130,86,475,167,50,0,108,71.17
2025-04-21,X (Twitter),Short Video,Conversation,Video,2025,2025-Q2,2025-04,12,231289,148204,4384,3027,354,406,371,979,304,126,123049,221,107.41
2025-04-21,X (Twitter),Text,Conversation,Static,2025,2025-Q2,2025-04,8,45221,29225,419,287,35,39,31,214,66,22,0,88,48.11
2025-04-21,YouTube,Short Video,Video,Video,2025,2025-Q2,2025-04,7,322570,225692,13318,9005,1262,1351,967,1556,563,184,178491,75,39.63
2025-04-21,Facebook,Image,Community,Static,2025,2025-Q2,2025-04,8,74583,45099,528,367,41,53,42,270,111,38,0,104,63.24
2025-04-21,Facebook,Carousel,Community,Static,2025,2025-Q2,2025-04,6,71133,46803,747,539,64,60,76,315,81,35,0,114,59.04
2025-04-21,Facebook,Short Video,Community,Video,2025,2025-Q2,2025-04,10,149918,108066,1880,1263,190,141,129,1019,173,65,96121,156,57.17
2025-04-21,Facebook,Long Video,Community,Video,2025,2025-Q2,2025-04,2,19620,11062,136,91,9,14,10,51,30,10,11902,23,15.97
2025-04-21,Facebook,Text,Community,Static,2025,2025-Q2,2025-04,7,34163,21384,185,126,17,16,14,149,55,20,0,80,56.54
2025-04-21,Facebook,Story,Community,Ephemeral,2025,2025-Q2,2025-04,13,82058,50111,709,500,55,68,62,278,112,45,0,214,114.53
2025-04-21,LinkedIn,Carousel,Professional,Static,2025,2025-Q2,2025-04,6,88875,57625,2317,1540,207,217,142,426,134,36,0,49,30.31
2025-04-21,LinkedIn,Long Video,Professional,Video,2025,2025-Q2,2025-04,2,27923,17123,506,352,40,59,42,92,52,20,13319,30,24.15
2025-04-28,Instagram,Image,Visual,Static,2025,2025-Q2,2025-04,12,264821,179789,7234,4870,668,589,506,1471,315,120,0,208,91.72
2025-04-28,Instagram,Carousel,Visual,Static,2025,2025-Q2,2025-04,7,170602,113140,6998,4744,630,566,516,861,206,65,0,78,31.08
2025-04-28,Instagram,Short Video,Visual,Video,2025,2025-Q2,2025-04,21,794951,493380,35303,23917,2944,3099,2510,3381,1212,396,427413,212,140.7
2025-04-28,Instagram,Story,Visual,Ephemeral,2025,2025-Q2,2025-04,18,256359,178721,8433,5753,816,667,626,1496,321,103,0,212,77.09
2025-04-28,LinkedIn,Image,Professional,Static,2025,2025-Q2,2025-04,9,127095,77939,2214,1523,195,231,173,572,199,71,0,121,78.86
2025-04-28,LinkedIn,Carousel,Professional,Static,2025,2025-Q2,2025-04,5,99157,64308,2336,1703,194,186,229,449,112,48,0,93,35.64
2025-04-28,LinkedIn,Short Video,Professional,Video,2025,2025-Q2,2025-04,8,201067,144065,5399,3809,542,392,473,1253,265,99,124445,124,65.66
2025-04-28,LinkedIn,Long Video,Professional,Video,2025,2025-Q2,2025-04,1,14619,8481,238,162,15,26,18,31,24,8,6425,13,8.1
2025-04-28,LinkedIn,Text,Professional,Static,2025,2025-Q2,2025-04,7,50026,31386,708,483,58,75,52,237,85,29,0,80,55.52
2025-04-28,TikTok,Short Video,Short Video,Video,2025,2025-Q2,2025-04,22,1565524,965224,89884,62211,7223,8065,7347,6066,1949,686,820745,281,156.11
2025-04-28,TikTok,Story,Short Video,Ephemeral,2025,2025-Q2,2025-04,27,698496,453535,30819,21062,2727,2831,2249,3371,1023,326,0,278,159.26
2025-04-28,X (Twitter),Image,Conversation,Static,2025,2025-Q2,2025-04,11,133977,82980,1576,1117,127,154,138,606,193,74,0,172,100.94
2025-04-28,X (Twitter),Short Video,Conversation,Video,2025,2025-Q2,2025-04,14,244866,172667,5117,3460,510,444,414,1588,346,119,153237,194,90.52
2025-04-28,X (Twitter),Text,Conversation,Static,2025,2025-Q2,2025-04,8,53784,32908,491,350,38,49,44,203,76,30,0,122,71.71
2025-04-28,YouTube,Short Video,Video,Video,2025,2025-Q2,2025-04,5,233412,150453,7689,5375,649,672,744,1098,290,125,128812,97,44.19
2025-04-28,Facebook,Image,Community,Static,2025,2025-Q2,2025-04,8,76848,51292,592,422,52,53,54,391,103,40,0,121,58.98
2025-04-28,Facebook,Carousel,Community,Static,2025,2025-Q2,2025-04,7,81921,59061,957,670,97,76,79,524,111,41,0,97,39.88
2025-04-28,Facebook,Short Video,Community,Video,2025,2025-Q2,2025-04,13,199926,136736,2929,1978,274,298,212,1125,334,113,118562,135,88.78
2025-04-28,Facebook,Text,Community,Static,2025,2025-Q2,2025-04,7,39227,26070,220,158,20,19,22,193,54,24,0,120,46.61
2025-04-28,Facebook,Story,Community,Ephemeral,2025,2025-Q2,2025-04,12,73864,55510,692,485,73,54,59,560,103,37,0,133,54.94
2025-04-28,Facebook,Long Video,Community,Video,2025,2025-Q2,2025-04,4,41586,24896,324,226,24,36,27,177,73,28,22617,56,43.16
2025-05-05,Instagram,Image,Visual,Static,2025,2025-Q2,2025-05,13,237077,166206,7613,5037,737,721,489,1441,367,124,0,172,89.86
2025-05-05,Instagram,Carousel,Visual,Static,2025,2025-Q2,2025-05,11,305569,184419,13156,9128,1015,1356,1051,1169,474,163,0,140,92.28
2025-05-05,Instagram,Short Video,Visual,Video,2025,2025-Q2,2025-05,16,713861,451998,30180,21754,2467,2544,2963,2901,1001,429,384610,272,141.94
2025-05-05,Instagram,Story,Visual,Ephemeral,2025,2025-Q2,2025-05,21,306268,189977,10119,6906,824,1028,716,1212,497,160,0,227,157.22
2025-05-05,LinkedIn,Image,Professional,Static,2025,2025-Q2,2025-05,9,129866,86114,2194,1544,194,200,192,641,136,51,0,153,59.03
2025-05-05,LinkedIn,Carousel,Professional,Static,2025,2025-Q2,2025-05,7,119706,83555,3056,2124,292,239,209,704,145,43,0,76,29.35
2025-05-05,LinkedIn,Short Video,Professional,Video,2025,2025-Q2,2025-05,12,302317,202630,9377,6325,869,913,630,1322,480,144,161518,115,74.56
2025-05-05,LinkedIn,Text,Professional,Static,2025,2025-Q2,2025-05,7,59372,39125,709,508,62,55,55,296,66,22,0,112,45.88
2025-05-05,TikTok,Short Video,Short Video,Video,2025,2025-Q2,2025-05,17,1307820,926557,74974,52993,7407,5373,6591,8073,1650,649,801265,265,130.6
2025-05-05,TikTok,Story,Short Video,Ephemeral,2025,2025-Q2,2025-05,22,643004,389380,24465,17381,1850,2338,2158,2249,911,347,0,328,184.21
2025-05-05,X (Twitter),Image,Conversation,Static,2025,2025-Q2,2025-05,9,94383,64813,1073,735,111,85,70,619,115,33,0,109,43.22
2025-05-05,X (Twitter),Short Video,Conversation,Video,2025,2025-Q2,2025-05,15,308156,195152,6333,4384,481,532,508,1105,453,160,156809,196,127.09
2025-05-05,X (Twitter),Text,Conversation,Static,2025,2025-Q2,2025-05,7,44160,31280,387,263,35,28,28,273,49,16,0,80,25.2
2025-05-05,YouTube,Short Video,Video,Video,2025,2025-Q2,2025-05,7,334323,238743,11916,8300,1200,952,983,2199,445,160,209866,95,40.37
2025-05-05,Facebook,Image,Community,Static,2025,2025-Q2,2025-05,8,68975,45093,549,360,47,52,32,366,102,28,0,72,45.04
2025-05-05,Facebook,Carousel,Community,Static,2025,2025-Q2,2025-05,6,68175,43901,791,544,62,73,59,261,115,39,0,70,49.89
2025-05-05,Facebook,Short Video,Community,Video,2025,2025-Q2,2025-05,11,192807,121605,2077,1457,165,164,192,737,192,79,99874,194,104.85
2025-05-05,Facebook,Text,Community,Static,2025,2025-Q2,2025-05,7,30897,19968,180,121,16,15,12,144,42,13,0,71,34.71
2025-05-05,Facebook,Story,Community,Ephemeral,2025,2025-Q2,2025-05,16,99979,60887,805,550,65,70,61,392,147,50,0,179,122.54
2025-05-05,LinkedIn,Long Video,Professional,Video,2025,2025-Q2,2025-05,3,47629,28466,843,588,62,75,71,133,61,22,22718,46,22.71
2025-05-12,Instagram,Image,Visual,Static,2025,2025-Q2,2025-05,13,293499,189294,8749,6111,736,883,738,1240,444,168,0,201,116.5
2025-05-12,Instagram,Carousel,Visual,Static,2025,2025-Q2,2025-05,9,259317,170432,11126,7900,974,1023,986,1282,351,136,0,132,71.68
2025-05-12,Instagram,Short Video,Visual,Video,2025,2025-Q2,2025-05,17,669319,471445,32392,22322,3184,2676,2529,4174,901,308,405134,176,70.54
2025-05-12,Instagram,Story,Visual,Ephemeral,2025,2025-Q2,2025-05,19,311188,202288,10616,7564,904,995,960,1452,385,148,0,251,123.36
2025-05-12,LinkedIn,Image,Professional,Static,2025,2025-Q2,2025-05,7,78533,57994,1541,1016,143,141,106,479,126,42,0,91,45.01
2025-05-12,LinkedIn,Carousel,Professional,Static,2025,2025-Q2,2025-05,7,119053,72452,3220,2219,267,301,251,554,172,56,0,85,50.43
2025-05-12,LinkedIn,Short Video,Professional,Video,2025,2025-Q2,2025-05,9,250499,156063,6122,4387,480,558,573,961,341,137,132496,146,77.03
2025-05-12,LinkedIn,Text,Professional,Static,2025,2025-Q2,2025-05,7,45687,31024,613,410,63,52,41,283,59,20,0,107,47.18
2025-05-12,TikTok,Short Video,Short Video,Video,2025,2025-Q2,2025-05,25,1758896,1156239,114084,78523,10265,10714,8870,8970,2685,794,992150,213,136.15
2025-05-12,TikTok,Story,Short Video,Ephemeral,2025,2025-Q2,2025-05,22,613560,447766,27035,18859,2750,2076,2294,4095,760,222,0,253,85.25
2025-05-12,X (Twitter),Image,Conversation,Static,2025,2025-Q2,2025-05,13,140272,92745,1910,1299,169,177,146,696,214,71,0,162,92.88
2025-05-12,X (Twitter),Short Video,Conversation,Video,2025,2025-Q2,2025-05,10,214953,152700,3945,2769,388,297,334,1289,294,113,130444,146,69.56
2025-05-12,X (Twitter),Text,Conversation,Static,2025,2025-Q2,2025-05,9,52852,32309,509,348,42,54,38,245,86,29,0,105,73.23
2025-05-12,YouTube,Short Video,Video,Video,2025,2025-Q2,2025-05,6,303234,196812,10889,7516,943,1025,856,1455,435,148,156011,73,51.4
2025-05-12,Facebook,Image,Community,Static,2025,2025-Q2,2025-05,11,110919,68495,779,548,64,72,67,450,144,55,0,168,88.84
2025-05-12,Facebook,Carousel,Community,Static,2025,2025-Q2,2025-05,6,71818,49413,734,519,69,55,68,385,86,34,0,92,34.25
2025-05-12,Facebook,Short Video,Community,Video,2025,2025-Q2,2025-05,11,168031,119172,2194,1496,219,179,157,1082,229,69,104979,118,52.07
2025-05-12,Facebook,Long Video,Community,Video,2025,2025-Q2,2025-05,4,39413,25344,320,219,27,35,24,161,69,24,20635,53,37.11
2025-05-12,Facebook,Text,Community,Static,2025,2025-Q2,2025-05,7,37515,22668,208,147,15,19,18,150,50,18,0,99,54.43
2025-05-12,Facebook,Story,Community,Ephemeral,2025,2025-Q2,2025-05,11,74392,49317,607,433,55,51,57,359,104,42,0,172,88.11
2025-05-19,Instagram,Image,Visual,Static,2025,2025-Q2,2025-05,10,198279,145323,5713,3852,591,428,504,1378,245,93,0,112,40.89
2025-05-19,Instagram,Carousel,Visual,Static,2025,2025-Q2,2025-05,9,204660,129550,8939,5904,798,856,570,1180,297,92,0,121,65.43
2025-05-19,Instagram,Short Video,Visual,Video,2025,2025-Q2,2025-05,18,696456,417888,31831,21800,2480,3288,2395,2429,1118,375,415412,201,119.71
2025-05-19,Instagram,Story,Visual,Ephemeral,2025,2025-Q2,2025-05,21,274833,173248,8784,5825,788,778,573,1529,362,108,0,194,101.34
2025-05-19,LinkedIn,Image,Professional,Static,2025,2025-Q2,2025-05,9,130898,82672,2164,1513,175,203,185,532,178,68,0,140,70.08
2025-05-19,LinkedIn,Carousel,Professional,Static,2025,2025-Q2,2025-05,6,104000,69490,2573,1799,230,222,220,545,133,51,0,81,40.42
2025-05-19,LinkedIn,Short Video,Professional,Video,2025,2025-Q2,2025-05,10,243404,170224,6973,4728,677,569,514,1455,322,101,145803,118,46.51
2025-05-19,LinkedIn,Long Video,Professional,Video,2025,2025-Q2,2025-05,3,46487,25697,748,517,51,79,60,111,67,24,21576,39,26.44
2025-05-19,LinkedIn,Text,Professional,Static,2025,2025-Q2,2025-05,6,45226,30303,652,450,58,65,52,225,71,25,0,84,49.87
2025-05-19,TikTok,Short Video,Short Video,Video,2025,2025-Q2,2025-05,18,1402130,858166,76615,54707,5914,6980,7039,5157,1851,718,734320,278,136.18
2025-05-19,TikTok,Story,Short Video,Ephemeral,2025,2025-Q2,2025-05,26,661124,401735,28885,19509,2263,2924,1995,2810,1035,321,0,269,181.09
2025-05-19,X (Twitter),Image,Conversation,Static,2025,2025-Q2,2025-05,9,98901,64732,1113,776,94,99,94,444,128,50,0,166,79.56
2025-05-19,X (Twitter),Short Video,Conversation,Video,2025,2025-Q2,2025-05,16,316476,208032,6478,4423,572,599,487,1584,474,154,178258,174,100.51
2025-05-19,X (Twitter),Text,Conversation,Static,2025,2025-Q2,2025-05,9,59181,38063,532,375,45,50,48,257,82,31,0,157,84.5
2025-05-19,YouTube,Short Video,Video,Video,2025,2025-Q2,2025-05,5,308940,220972,10271,7464,1013,743,836,1908,362,131,186570,75,22.6
2025-05-19,Facebook,Image,Community,Static,2025,2025-Q2,2025-05,7,61163,43226,437,301,44,32,34,389,67,23,0,103,34.41
2025-05-19,Facebook,Carousel,Community,Static,2025,2025-Q2,2025-05,7,73480,48380,853,577,75,77,60,358,104,31,0,75,38.82
2025-05-19,Facebook,Short Video,Community,Video,2025,2025-Q2,2025-05,12,196918,125497,2495,1705,214,227,187,906,295,97,109138,138,94.87
2025-05-19,Facebook,Text,Community,Static,2025,2025-Q2,2025-05,7,35707,24768,208,147,20,18,18,208,43,16,0,93,37.55
2025-05-19,Facebook,Story,Community,Ephemeral,2025,2025-Q2,2025-05,14,86501,59678,787,541,76,67,62,504,119,41,0,131,61.92
2025-05-19,Facebook,Long Video,Community,Video,2025,2025-Q2,2025-05,3,28776,17037,225,156,17,25,18,76,50,19,13520,44,31.73
2025-05-26,Instagram,Image,Visual,Static,2025,2025-Q2,2025-05,16,327592,209707,9088,6158,770,813,653,1485,422,132,0,175,116.05
2025-05-26,Instagram,Carousel,Visual,Static,2025,2025-Q2,2025-05,11,305711,198184,13143,9150,1127,1256,1075,1328,432,158,0,162,88.31
2025-05-26,Instagram,Short Video,Visual,Video,2025,2025-Q2,2025-05,17,710617,465208,33254,23653,2869,2979,3003,3411,918,347,408598,246,123.11
2025-05-26,Instagram,Story,Visual,Ephemeral,2025,2025-Q2,2025-05,22,333555,207553,11348,7821,1000,1154,902,1521,521,184,0,298,189.99
2025-05-26,LinkedIn,Image,Professional,Static,2025,2025-Q2,2025-05,7,89023,63655,1407,976,141,101,129,561,99,38,0,118,51.54
2025-05-26,LinkedIn,Carousel,Professional,Static,2025,2025-Q2,2025-05,7,106340,73238,2835,1909,289,251,202,689,150,46,0,112,53.14
2025-05-26,LinkedIn,Short Video,Professional,Video,2025,2025-Q2,2025-05,12,290370,183700,8749,5941,735,895,629,1237,480,154,171396,129,89.39
2025-05-26,LinkedIn,Text,Professional,Static,2025,2025-Q2,2025-05,6,45231,31782,591,410,57,39,53,275,46,20,0,112,38.59
2025-05-26,TikTok,Short Video,Short Video,Video,2025,2025-Q2,2025-05,19,1291944,887836,77140,52794,7329,6065,5967,7366,1504,488,828673,229,81.78
2025-05-26,TikTok,Story,Short Video,Ephemeral,2025,2025-Q2,2025-05,26,754507,479658,31985,22672,2654,2993,2814,3297,1031,397,0,394,217.71
2025-05-26,X (Twitter),Image,Conversation,Static,2025,2025-Q2,2025-05,11,108023,77609,1408,940,145,126,101,752,160,55,0,140,67.11
2025-05-26,X (Twitter),Short Video,Conversation,Video,2025,2025-Q2,2025-05,12,269079,165464,4986,3547,385,482,453,995,388,150,140847,186,104.53
2025-05-26,X (Twitter),Text,Conversation,Static,2025,2025-Q2,2025-05,7,39638,28008,369,244,39,30,26,278,50,19,0,99,40.28
2025-05-26,YouTube,Short Video,Video,Video,2025,2025-Q2,2025-05,7,331385,220464,11818,8031,1067,1060,862,1718,482,150,186261,72,36.94
2025-05-26,Facebook,Image,Community,Static,2025,2025-Q2,2025-05,10,85597,56952,749,511,67,80,56,427,151,53,0,117,82
2025-05-26,Facebook,Carousel,Community,Static,2025,2025-Q2,2025-05,7,88101,54013,974,692,77,93,88,371,122,47,0,107,59.94
2025-05-26,Facebook,Short Video,Community,Video,2025,2025-Q2,2025-05,10,181258,121677,2189,1554,195,189,201,913,274,114,103231,158,77.61
2025-05-26,Facebook,Long Video,Community,Video,2025,2025-Q2,2025-05,1,9312,7566,93,62,11,9,7,92,17,5,7062,12,6.99
2025-05-26,Facebook,Text,Community,Static,2025,2025-Q2,2025-05,7,30615,19537,191,127,17,18,12,174,47,15,0,89,51.75
2025-05-26,Facebook,Story,Community,Ephemeral,2025,2025-Q2,2025-05,12,78588,45787,655,457,47,66,54,280,121,43,0,155,90.08
2025-05-26,LinkedIn,Long Video,Professional,Video,2025,2025-Q2,2025-05,3,43944,24792,717,499,50,75,60,115,67,24,20962,39,27.34
2025-06-02,Instagram,Image,Visual,Static,2025,2025-Q2,2025-06,10,222088,139571,5826,4165,463,492,553,863,294,125,0,176,104.73
2025-06-02,Instagram,Carousel,Visual,Static,2025,2025-Q2,2025-06,7,178700,126765,7169,4906,717,499,585,1125,192,78,0,119,41.18
2025-06-02,Instagram,Short Video,Visual,Video,2025,2025-Q2,2025-06,19,673709,436802,32508,21757,2810,2936,2235,4088,937,286,433328,192,102.84
2025-06-02,Instagram,Story,Visual,Ephemeral,2025,2025-Q2,2025-06,19,276039,190630,9088,6273,862,758,719,1625,347,122,0,351,113.59
2025-06-02,LinkedIn,Image,Professional,Static,2025,2025-Q2,2025-06,9,117109,76245,2188,1489,193,225,161,500,152,45,0,97,64.38
2025-06-02,LinkedIn,Short Video,Professional,Video,2025,2025-Q2,2025-06,9,253161,163884,6859,4921,586,602,560,1185,319,116,144625,123,63.03
2025-06-02,LinkedIn,Text,Professional,Static,2025,2025-Q2,2025-06,7,45912,30596,652,442,59,62,48,244,69,23,0,81,44.76
2025-06-02,TikTok,Short Video,Short Video,Video,2025,2025-Q2,2025-06,24,1647453,1015620,105898,72351,8536,10942,7866,7362,2689,863,1021268,265,183.26
2025-06-02,TikTok,Story,Short Video,Ephemeral,2025,2025-Q2,2025-06,24,583002,386973,24493,16538,2396,2065,1765,3882,745,199,0,315,139.95
2025-06-02,X (Twitter),Image,Conversation,Static,2025,2025-Q2,2025-06,12,131374,86805,1672,1156,130,143,136,524,169,59,0,161,92.24
2025-06-02,X (Twitter),Short Video,Conversation,Video,2025,2025-Q2,2025-06,12,255760,185882,5138,3448,468,404,358,1446,326,96,163606,132,47.56
2025-06-02,X (Twitter),Text,Conversation,Static,2025,2025-Q2,2025-06,10,61397,39267,550,378,45,50,43,244,81,28,0,140,70.72
2025-06-02,YouTube,Short Video,Video,Video,2025,2025-Q2,2025-06,6,337342,205257,10226,7280,794,939,932,1248,430,170,190444,94,47.14
2025-06-02,Facebook,Image,Community,Static,2025,2025-Q2,2025-06,10,94898,60708,638,451,52,52,55,395,108,44,0,177,73.45
2025-06-02,Facebook,Carousel,Community,Static,2025,2025-Q2,2025-06,5,57291,41656,671,443,67,52,42,390,71,20,0,62,23.32
2025-06-02,Facebook,Short Video,Community,Video,2025,2025-Q2,2025-06,12,185376,119066,2336,1562,203,212,156,863,267,77,101253,114,62.27
2025-06-02,Facebook,Text,Community,Static,2025,2025-Q2,2025-06,6,30465,19549,169,118,15,15,14,126,39,15,0,103,49.4
2025-06-02,Facebook,Story,Community,Ephemeral,2025,2025-Q2,2025-06,13,79990,55213,728,505,69,64,58,451,104,37,0,164,76.32
2025-06-02,Facebook,Long Video,Community,Video,2025,2025-Q2,2025-06,5,49200,29894,337,232,27,31,27,180,63,21,25274,63,42.48
2025-06-02,LinkedIn,Carousel,Professional,Static,2025,2025-Q2,2025-06,5,81799,55626,2526,1733,203,239,198,337,129,44,0,68,37.05
2025-06-09,Instagram,Image,Visual,Static,2025,2025-Q2,2025-06,12,262414,188956,7813,5399,795,646,615,1737,373,128,0,107,48.54
2025-06-09,Instagram,Carousel,Visual,Static,2025,2025-Q2,2025-06,11,278312,186682,13731,9332,1218,1406,1079,1451,473,159,0,126,84.84
2025-06-09,Instagram,Short Video,Visual,Video,2025,2025-Q2,2025-06,20,840208,511138,40550,28481,3586,4222,3387,3786,1318,487,447005,288,144.75
2025-06-09,Instagram,Story,Visual,Ephemeral,2025,2025-Q2,2025-06,23,306525,217251,11983,8027,1176,1189,828,1511,530,173,0,265,157.69
2025-06-09,LinkedIn,Image,Professional,Static,2025,2025-Q2,2025-06,9,134084,84401,2018,1447,163,162,193,540,186,78,0,150,82.52
2025-06-09,LinkedIn,Carousel,Professional,Static,2025,2025-Q2,2025-06,5,75016,54608,1893,1258,195,138,143,525,89,35,0,76,28.47
2025-06-09,LinkedIn,Short Video,Professional,Video,2025,2025-Q2,2025-06,12,258966,164310,7174,4763,661,649,471,1532,352,104,166540,134,66.88
2025-06-09,LinkedIn,Text,Professional,Static,2025,2025-Q2,2025-06,6,44609,27811,534,380,42,45,49,166,53,22,0,103,47.08
2025-06-09,TikTok,Short Video,Short Video,Video,2025,2025-Q2,2025-06,23,1817711,1174658,115484,82864,9838,11260,10439,8445,2002,791,1020586,297,131.79
2025-06-09,TikTok,Story,Short Video,Ephemeral,2025,2025-Q2,2025-06,29,774005,500811,36853,25306,3163,3906,2870,3507,1082,372,0,389,204.66
2025-06-09,X (Twitter),Image,Conversation,Static,2025,2025-Q2,2025-06,7,75943,53084,799,567,78,53,71,443,91,35,0,113,57.76
2025-06-09,X (Twitter),Short Video,Conversation,Video,2025,2025-Q2,2025-06,15,284354,174252,5767,3910,457,591,407,1227,457,145,169950,162,109.32
2025-06-09,X (Twitter),Text,Conversation,Static,2025,2025-Q2,2025-06,8,46384,31510,402,281,35,33,39,233,59,24,0,142,59.77
2025-06-09,YouTube,Short Video,Video,Video,2025,2025-Q2,2025-06,7,364555,258375,13327,9406,1309,967,1193,2227,397,121,227173,81,25.2
2025-06-09,Facebook,Image,Community,Static,2025,2025-Q2,2025-06,8,62249,42538,478,323,46,41,39,371,80,27,0,108,47.58
2025-06-09,Facebook,Carousel,Community,Static,2025,2025-Q2,2025-06,7,70769,45849,881,589,84,89,61,376,115,38,0,94,56.72
2025-06-09,Facebook,Short Video,Community,Video,2025,2025-Q2,2025-06,10,172560,101997,2075,1454,155,201,174,566,234,85,94755,136,77.77
2025-06-09,Facebook,Text,Community,Static,2025,2025-Q2,2025-06,7,31648,23195,194,131,20,16,15,227,41,16,0,112,43.39
2025-06-09,Facebook,Story,Community,Ephemeral,2025,2025-Q2,2025-06,15,84043,53023,775,520,64,76,49,454,130,40,0,146,93.84
2025-06-09,LinkedIn,Long Video,Professional,Video,2025,2025-Q2,2025-06,1,16105,9228,256,179,18,27,22,45,25,8,7843,12,8.59
2025-06-09,Facebook,Long Video,Community,Video,2025,2025-Q2,2025-06,1,9501,5483,74,52,5,8,6,28,15,6,4671,16,11.59
2025-06-16,Instagram,Image,Visual,Static,2025,2025-Q2,2025-06,14,297178,176733,7979,5500,611,792,626,1034,474,166,0,161,100.93
2025-06-16,Instagram,Carousel,Visual,Static,2025,2025-Q2,2025-06,9,246878,155862,9441,6723,754,779,879,979,274,114,0,161,80.48
2025-06-16,Instagram,Short Video,Visual,Video,2025,2025-Q2,2025-06,14,494728,353882,23095,15482,2335,1704,1547,3275,553,182,318338,215,76.58
2025-06-16,Instagram,Story,Visual,Ephemeral,2025,2025-Q2,2025-06,19,280027,171237,8733,6060,657,825,763,1000,356,139,0,310,154.01
2025-06-16,LinkedIn,Image,Professional,Static,2025,2025-Q2,2025-06,7,95511,67775,1626,1134,162,130,135,585,124,45,0,95,36.03
2025-06-16,LinkedIn,Carousel,Professional,Static,2025,2025-Q2,2025-06,7,105789,71525,2987,2008,275,292,231,593,167,56,0,86,49.34
2025-06-16,LinkedIn,Short Video,Professional,Video,2025,2025-Q2,2025-06,12,303941,192485,8861,6127,798,894,714,1465,474,169,171484,167,101.24
2025-06-16,LinkedIn,Text,Professional,Static,2025,2025-Q2,2025-06,7,51116,37404,677,475,69,52,58,348,65,25,0,109,53.95
2025-06-16,TikTok,Short Video,Short Video,Video,2025,2025-Q2,2025-06,23,1395769,881435,81639,54509,8003,7015,5535,7701,1750,522,879526,281,131.64
2025-06-16,TikTok,Story,Short Video,Ephemeral,2025,2025-Q2,2025-06,21,519061,353751,21621,14763,2006,1768,1617,2808,644,258,0,347,154.56
2025-06-16,X (Twitter),Image,Conversation,Static,2025,2025-Q2,2025-06,10,107383,68291,1311,902,111,127,102,489,157,53,0,115,69.31
2025-06-16,X (Twitter),Short Video,Conversation,Video,2025,2025-Q2,2025-06,16,347440,223214,6829,4857,576,642,611,1580,485,191,190235,240,135.64
2025-06-16,X (Twitter),Text,Conversation,Static,2025,2025-Q2,2025-06,8,41795,28184,407,282,38,38,32,241,61,21,0,87,48.27
2025-06-16,YouTube,Short Video,Video,Video,2025,2025-Q2,2025-06,7,323618,198456,11655,7895,988,1186,798,1596,507,160,192237,73,48.69
2025-06-16,Facebook,Image,Community,Static,2025,2025-Q2,2025-06,10,90506,55877,677,467,54,65,55,350,120,43,0,131,81.34
2025-06-16,Facebook,Carousel,Community,Static,2025,2025-Q2,2025-06,6,69931,45547,770,544,64,70,69,316,95,36,0,108,53.94
2025-06-16,Facebook,Short Video,Community,Video,2025,2025-Q2,2025-06,11,173339,122738,2327,1608,227,203,189,1062,246,82,108078,132,62.43
2025-06-16,Facebook,Long Video,Community,Video,2025,2025-Q2,2025-06,2,19891,10833,129,89,9,13,11,44,28,10,9047,20,13.1
2025-06-16,Facebook,Text,Community,Static,2025,2025-Q2,2025-06,7,33021,22291,212,146,20,20,16,172,50,17,0,85,48.56
2025-06-16,Facebook,Story,Community,Ephemeral,2025,2025-Q2,2025-06,16,113210,71498,1014,726,88,99,92,512,166,65,0,260,120.56
2025-06-16,LinkedIn,Long Video,Professional,Video,2025,2025-Q2,2025-06,2,29558,17577,506,360,38,56,43,98,51,18,15121,28,21.4
2025-06-23,Instagram,Image,Visual,Static,2025,2025-Q2,2025-06,10,205893,139077,5900,4110,534,512,497,1070,276,100,0,127,59.63
2025-06-23,Instagram,Carousel,Visual,Static,2025,2025-Q2,2025-06,9,237048,166394,10172,7036,998,826,815,1469,319,110,0,110,48.75
2025-06-23,Instagram,Short Video,Visual,Video,2025,2025-Q2,2025-06,22,767279,524221,41395,27822,3790,4126,2912,4141,1277,444,447308,288,175.45
2025-06-23,Instagram,Story,Visual,Ephemeral,2025,2025-Q2,2025-06,18,235045,175797,8343,5664,898,657,668,1738,320,108,0,235,93.38
2025-06-23,LinkedIn,Image,Professional,Static,2025,2025-Q2,2025-06,8,108698,68025,1750,1207,147,168,135,376,185,66,0,97,70.1
2025-06-23,LinkedIn,Carousel,Professional,Static,2025,2025-Q2,2025-06,5,81867,50931,2052,1462,163,160,191,316,109,46,0,87,45.54
2025-06-23,LinkedIn,Short Video,Professional,Video,2025,2025-Q2,2025-06,10,240460,168231,6951,4798,673,474,482,1482,244,90,147364,184,62.66
2025-06-23,TikTok,Short Video,Short Video,Video,2025,2025-Q2,2025-06,24,1686041,1059872,105233,72386,9212,10499,8237,7667,2506,885,942205,326,194.37
2025-06-23,TikTok,Story,Short Video,Ephemeral,2025,2025-Q2,2025-06,28,642304,440627,30535,20316,2864,2903,2164,3755,980,329,0,364,190.71
2025-06-23,X (Twitter),Image,Conversation,Static,2025,2025-Q2,2025-06,10,116098,70954,1249,888,97,110,114,415,174,71,0,152,92.8
2025-06-23,X (Twitter),Short Video,Conversation,Video,2025,2025-Q2,2025-06,13,237197,159426,4605,3010,456,386,276,1607,308,99,162742,184,79.83
2025-06-23,X (Twitter),Text,Conversation,Static,2025,2025-Q2,2025-06,10,62884,37573,480,340,35,38,43,203,80,32,0,148,89.1
2025-06-23,YouTube,Short Video,Video,Video,2025,2025-Q2,2025-06,6,319190,206017,11025,7767,936,984,980,1440,422,162,176486,87,46.41
2025-06-23,Facebook,Image,Community,Static,2025,2025-Q2,2025-06,8,74392,50137,472,340,45,31,46,372,100,42,0,148,73.64
2025-06-23,Facebook,Carousel,Community,Static,2025,2025-Q2,2025-06,7,72608,53923,884,584,95,71,63,544,94,38,0,96,38.88
2025-06-23,Facebook,Short Video,Community,Video,2025,2025-Q2,2025-06,14,205344,132195,2783,1865,238,279,185,1073,332,102,119475,142,91.63
2025-06-23,Facebook,Text,Community,Static,2025,2025-Q2,2025-06,6,30399,20648,162,116,15,11,16,157,32,13,0,104,40.21
2025-06-23,Facebook,Story,Community,Ephemeral,2025,2025-Q2,2025-06,12,63028,43539,555,367,59,44,36,424,76,22,0,182,70.54
2025-06-23,LinkedIn,Text,Professional,Static,2025,2025-Q2,2025-06,6,40831,27185,591,400,48,57,41,174,66,21,0,55,35.62
2025-06-23,Facebook,Long Video,Community,Video,2025,2025-Q2,2025-06,2,21191,12226,153,107,11,16,13,61,34,12,10415,25,18.12
2025-06-30,Instagram,Image,Visual,Static,2025,2025-Q2,2025-06,14,266465,175258,7749,5243,689,708,549,1315,381,117,0,153,78.69
2025-06-30,Instagram,Carousel,Visual,Static,2025,2025-Q2,2025-06,9,239651,147523,9790,6758,798,896,774,971,355,125,0,109,77.63
2025-06-30,Instagram,Short Video,Visual,Video,2025,2025-Q2,2025-06,18,718757,449747,33052,23113,2579,3163,2999,2803,986,399,375472,311,166.76
2025-06-30,Instagram,Story,Visual,Ephemeral,2025,2025-Q2,2025-06,24,338403,221322,11979,8186,1061,1173,886,1719,505,164,0,269,179.98
2025-06-30,LinkedIn,Image,Professional,Static,2025,2025-Q2,2025-06,7,106013,71200,1743,1217,154,142,145,540,126,45,0,100,41.97
2025-06-30,LinkedIn,Carousel,Professional,Static,2025,2025-Q2,2025-06,7,116747,87456,3107,2157,299,241,246,721,160,54,0,91,34.68
2025-06-30,LinkedIn,Short Video,Professional,Video,2025,2025-Q2,2025-06,13,284259,190797,8938,5989,814,883,618,1500,450,146,164436,146,87.77
2025-06-30,LinkedIn,Text,Professional,Static,2025,2025-Q2,2025-06,6,48769,32235,567,407,49,47,56,232,61,25,0,99,40.39
2025-06-30,TikTok,Short Video,Short Video,Video,2025,2025-Q2,2025-06,20,1338345,920671,81411,56111,7655,6831,6389,7470,1735,668,798818,369,117.36
2025-06-30,TikTok,Story,Short Video,Ephemeral,2025,2025-Q2,2025-06,25,680566,434624,30351,21202,2524,3007,2593,2247,773,293,0,378,209.44
2025-06-30,X (Twitter),Image,Conversation,Static,2025,2025-Q2,2025-06,8,82756,61502,1031,708,90,82,77,446,111,35,0,100,35.1
2025-06-30,X (Twitter),Short Video,Conversation,Video,2025,2025-Q2,2025-06,17,339029,218399,6677,4587,567,641,522,1494,476,167,178426,235,128.12
2025-06-30,X (Twitter),Text,Conversation,Static,2025,2025-Q2,2025-06,7,42363,30303,374,262,37,26,31,266,59,22,0,103,43.89
2025-06-30,YouTube,Short Video,Video,Video,2025,2025-Q2,2025-06,7,319057,213216,10586,7236,1106,844,790,2083,380,121,215009,100,40.82
2025-06-30,Facebook,Image,Community,Static,2025,2025-Q2,2025-06,9,75783,48243,580,397,49,52,42,339,108,35,0,93,53.19
2025-06-30,Facebook,Short Video,Community,Video,2025,2025-Q2,2025-06,10,169239,106491,2051,1436,167,189,175,687,227,84,87917,162,86.47
2025-06-30,Facebook,Text,Community,Static,2025,2025-Q2,2025-06,7,33261,23005,200,138,20,17,15,200,46,17,0,83,39.29
2025-06-30,Facebook,Story,Community,Ephemeral,2025,2025-Q2,2025-06,15,87391,57572,847,574,75,86,62,421,141,48,0,180,115.39
2025-06-30,LinkedIn,Long Video,Professional,Video,2025,2025-Q2,2025-06,3,51719,31883,794,564,63,77,70,199,72,27,26822,47,26.98
2025-06-30,Facebook,Carousel,Community,Static,2025,2025-Q2,2025-06,5,50302,32192,627,425,54,65,47,232,78,25,0,55,34.62
2025-07-07,Instagram,Image,Visual,Static,2025,2025-Q3,2025-07,14,313520,190660,9209,6522,718,965,808,1284,498,187,0,203,103.52
2025-07-07,Instagram,Carousel,Visual,Static,2025,2025-Q3,2025-07,8,230023,153090,9084,6554,807,768,895,1131,300,127,0,116,51.54
2025-07-07,Instagram,Short Video,Visual,Video,2025,2025-Q3,2025-07,17,588526,443850,30309,20739,3298,2423,2537,4548,827,271,361402,197,80.69
2025-07-07,Instagram,Story,Visual,Ephemeral,2025,2025-Q3,2025-07,16,247988,164384,7518,5478,662,595,677,1167,334,136,0,245,123.6
2025-07-07,LinkedIn,Image,Professional,Static,2025,2025-Q3,2025-07,7,82648,53963,1408,944,123,124,97,442,114,36,0,74,37.15
2025-07-07,LinkedIn,Short Video,Professional,Video,2025,2025-Q3,2025-07,10,244608,151201,6504,4532,500,598,578,870,310,123,123746,168,82.58
2025-07-07,LinkedIn,Text,Professional,Static,2025,2025-Q3,2025-07,7,47826,32320,630,431,58,54,47,261,65,22,0,86,36.52
2025-07-07,TikTok,Short Video,Short Video,Video,2025,2025-Q3,2025-07,24,1465837,1030965,103992,69641,10136,10113,7520,7434,2420,788,826463,260,155.12
2025-07-07,TikTok,Story,Short Video,Ephemeral,2025,2025-Q3,2025-07,20,486567,357206,20824,14462,2160,1560,1651,3296,610,205,0,270,122.31
2025-07-07,X (Twitter),Image,Conversation,Static,2025,2025-Q3,2025-07,10,103840,62195,1170,794,90,119,84,359,163,53,0,109,75.17
2025-07-07,X (Twitter),Short Video,Conversation,Video,2025,2025-Q3,2025-07,11,202010,138308,3948,2707,369,335,303,1086,265,107,118317,187,88.91
2025-07-07,X (Twitter),Text,Conversation,Static,2025,2025-Q3,2025-07,8,43784,27760,392,265,33,38,28,196,69,23,0,78,52.13
2025-07-07,Facebook,Image,Community,Static,2025,2025-Q3,2025-07,8,76553,46463,498,354,38,47,46,270,107,41,0,122,67.44
2025-07-07,Facebook,Carousel,Community,Static,2025,2025-Q3,2025-07,6,61334,42057,655,458,62,50,61,328,70,28,0,107,43.55
2025-07-07,Facebook,Short Video,Community,Video,2025,2025-Q3,2025-07,12,167675,117455,2176,1451,230,180,145,1178,213,70,114249,192,78.85
2025-07-07,Facebook,Long Video,Community,Video,2025,2025-Q3,2025-07,3,31243,18025,226,157,15,24,18,91,50,17,18169,38,27.6
2025-07-07,Facebook,Text,Community,Static,2025,2025-Q3,2025-07,7,35455,22189,190,133,16,16,16,145,47,18,0,101,62.75
2025-07-07,Facebook,Story,Community,Ephemeral,2025,2025-Q3,2025-07,12,70531,45599,615,426,50,56,52,309,99,42,0,225,117.42
2025-07-07,YouTube,Short Video,Video,Video,2025,2025-Q3,2025-07,6,280557,194292,11943,8139,999,1274,903,1298,438,147,150079,73,40.82
2025-07-07,LinkedIn,Carousel,Professional,Static,2025,2025-Q3,2025-07,5,76250,48421,2021,1366,174,194,138,359,116,35,0,46,29.23
2025-07-07,LinkedIn,Long Video,Professional,Video,2025,2025-Q3,2025-07,1,15316,9592,289,203,24,34,25,62,30,12,7532,16,13.32
2025-07-14,Instagram,Image,Visual,Static,2025,2025-Q3,2025-07,11,196679,131498,5133,3439,511,389,349,1191,206,59,0,143,48.86
2025-07-14,Instagram,Carousel,Visual,Static,2025,2025-Q3,2025-07,8,189263,120806,8002,5428,684,732,578,853,263,80,0,83,43.97
2025-07-14,Instagram,Short Video,Visual,Video,2025,2025-Q3,2025-07,17,620118,383705,29145,19942,2383,2783,2211,2568,854,282,331690,189,126.73
2025-07-14,Instagram,Story,Visual,Ephemeral,2025,2025-Q3,2025-07,20,272392,185224,9171,6253,850,791,659,1500,384,118,0,215,103.6
2025-07-14,LinkedIn,Image,Professional,Static,2025,2025-Q3,2025-07,9,129305,79124,2170,1529,178,221,185,572,193,73,0,132,81.78
2025-07-14,LinkedIn,Carousel,Professional,Static,2025,2025-Q3,2025-07,5,91064,62964,2234,1612,201,176,221,484,110,46,0,87,33.35
2025-07-14,LinkedIn,Short Video,Professional,Video,2025,2025-Q3,2025-07,9,194121,146399,5981,4077,645,477,481,1474,273,94,130534,122,50.15
2025-07-14,LinkedIn,Long Video,Professional,Video,2025,2025-Q3,2025-07,2,28892,17155,493,338,37,55,38,70,50,18,13145,28,21.35
2025-07-14,LinkedIn,Text,Professional,Static,2025,2025-Q3,2025-07,7,52108,32427,710,497,52,71,59,210,80,29,0,92,58.47
2025-07-14,TikTok,Short Video,Short Video,Video,2025,2025-Q3,2025-07,20,1335904,804196,74453,52281,5573,6740,6514,4509,1611,630,667828,314,168.6
2025-07-14,TikTok,Story,Short Video,Ephemeral,2025,2025-Q3,2025-07,27,658775,414311,28624,19409,2425,2656,2006,2968,1002,315,0,273,178.32
2025-07-14,X (Twitter),Image,Conversation,Static,2025,2025-Q3,2025-07,9,102564,65823,1204,859,100,113,111,458,142,54,0,142,75.94
2025-07-14,X (Twitter),Short Video,Conversation,Video,2025,2025-Q3,2025-07,16,269465,184389,5863,3915,546,553,463,1558,417,146,161868,181,99.81
2025-07-14,X (Twitter),Text,Conversation,Static,2025,2025-Q3,2025-07,7,47391,30532,407,297,34,39,41,212,66,27,0,127,52.66
2025-07-14,YouTube,Short Video,Video,Video,2025,2025-Q3,2025-07,5,217694,151393,7443,5025,690,607,607,1270,279,115,133690,87,37.18
2025-07-14,Facebook,Image,Community,Static,2025,2025-Q3,2025-07,7,62422,44645,497,350,49,41,43,390,84,33,0,106,43.93
2025-07-14,Facebook,Carousel,Community,Static,2025,2025-Q3,2025-07,7,69883,48748,851,589,83,74,67,431,103,36,0,69,36.33
2025-07-14,Facebook,Short Video,Community,Video,2025,2025-Q3,2025-07,13,197236,135116,2876,1959,270,293,216,1077,328,113,114453,160,100.94
2025-07-14,Facebook,Text,Community,Static,2025,2025-Q3,2025-07,7,36293,25428,199,142,19,16,18,213,46,20,0,95,34.6
2025-07-14,Facebook,Story,Community,Ephemeral,2025,2025-Q3,2025-07,14,73767,52402,709,481,72,63,59,496,107,33,0,155,76.02
2025-07-14,Facebook,Long Video,Community,Video,2025,2025-Q3,2025-07,4,39549,23774,310,218,24,36,26,171,71,26,19573,57,33.06
2025-07-21,Instagram,Image,Visual,Static,2025,2025-Q3,2025-07,15,279210,180635,8770,5905,812,892,623,1430,457,151,0,205,127.62
2025-07-21,Instagram,Carousel,Visual,Static,2025,2025-Q3,2025-07,10,271934,162563,11319,7988,858,1116,981,1010,385,139,0,141,83.62
2025-07-21,Instagram,Short Video,Visual,Video,2025,2025-Q3,2025-07,15,622894,416292,27721,19842,2465,2185,2641,3122,777,331,351045,253,133.38
2025-07-21,Instagram,Story,Visual,Ephemeral,2025,2025-Q3,2025-07,20,294381,180505,9438,6547,759,945,756,1161,448,158,0,260,164.52
2025-07-21,LinkedIn,Image,Professional,Static,2025,2025-Q3,2025-07,8,106617,73290,1574,1104,152,106,115,618,102,31,0,133,40.21
2025-07-21,LinkedIn,Carousel,Professional,Static,2025,2025-Q3,2025-07,7,110492,76002,2913,1936,248,255,186,529,156,44,0,70,34.24
2025-07-21,LinkedIn,Short Video,Professional,Video,2025,2025-Q3,2025-07,12,277900,169920,7918,5425,629,656,598,1081,396,134,145912,140,95.26
2025-07-21,LinkedIn,Text,Professional,Static,2025,2025-Q3,2025-07,6,41181,28384,537,372,50,44,43,236,50,16,0,71,30.07
2025-07-21,TikTok,Short Video,Short Video,Video,2025,2025-Q3,2025-07,19,1198161,893581,76209,53037,8079,5923,6256,8801,1604,566,783906,263,127.44
2025-07-21,TikTok,Story,Short Video,Ephemeral,2025,2025-Q3,2025-07,22,626211,403221,24734,17885,2048,2156,2460,2648,907,392,0,384,215.12
2025-07-21,X (Twitter),Image,Conversation,Static,2025,2025-Q3,2025-07,10,97172,64507,1157,766,103,102,73,576,137,39,0,114,57.31
2025-07-21,X (Twitter),Short Video,Conversation,Video,2025,2025-Q3,2025-07,15,295043,176628,5081,3558,370,435,439,933,322,123,144717,226,131.4
2025-07-21,X (Twitter),Text,Conversation,Static,2025,2025-Q3,2025-07,7,36015,23903,318,215,27,26,23,181,43,13,0,78,31.19
2025-07-21,YouTube,Short Video,Video,Video,2025,2025-Q3,2025-07,7,280779,193836,10578,7118,1023,957,825,1738,416,143,172435,93,46.31
2025-07-21,Facebook,Image,Community,Static,2025,2025-Q3,2025-07,9,73574,44096,565,384,44,59,40,285,116,37,0,95,65.08
2025-07-21,Facebook,Carousel,Community,Static,2025,2025-Q3,2025-07,6,67924,41441,659,466,48,57,59,233,86,33,0,90,44.25
2025-07-21,Facebook,Short Video,Community,Video,2025,2025-Q3,2025-07,9,130837,88638,1539,1048,136,123,133,664,155,58,74520,139,55.57
2025-07-21,Facebook,Story,Community,Ephemeral,2025,2025-Q3,2025-07,13,77661,47203,655,454,52,61,54,284,99,35,0,167,107.07
2025-07-21,Facebook,Text,Community,Static,2025,2025-Q3,2025-07,6,23656,15145,142,92,12,12,8,108,36,10,0,48,28.78
2025-07-21,LinkedIn,Long Video,Professional,Video,2025,2025-Q3,2025-07,3,43083,26560,657,457,50,64,55,126,59,23,20710,46,24.57
2025-07-28,Instagram,Image,Visual,Static,2025,2025-Q3,2025-07,13,261730,167896,7499,5244,602,730,627,1043,385,154,0,226,127.32
2025-07-28,Instagram,Carousel,Visual,Static,2025,2025-Q3,2025-07,8,205126,141950,9093,6437,859,803,791,1180,277,104,0,93,25.86
2025-07-28,Instagram,Short Video,Visual,Video,2025,2025-Q3,2025-07,19,692185,475268,34296,23606,3267,3043,2647,4024,1027,289,408150,180,94.06
2025-07-28,Instagram,Story,Visual,Ephemeral,2025,2025-Q3,2025-07,17,251465,174188,8635,6142,812,664,801,1435,301,91,0,199,75.35
2025-07-28,LinkedIn,Image,Professional,Static,2025,2025-Q3,2025-07,8,90858,61076,1744,1173,158,177,124,480,154,50,0,105,65.1
2025-07-28,LinkedIn,Carousel,Professional,Static,2025,2025-Q3,2025-07,6,99209,59441,2243,1572,170,195,188,391,118,42,0,85,40.92
2025-07-28,LinkedIn,Short Video,Professional,Video,2025,2025-Q3,2025-07,8,204796,135129,5150,3676,444,417,484,948,288,122,113809,133,70.97
2025-07-28,LinkedIn,Text,Professional,Static,2025,2025-Q3,2025-07,7,41255,25804,552,365,49,52,35,220,61,18,0,83,45.9
2025-07-28,TikTok,Short Video,Short Video,Video,2025,2025-Q3,2025-07,24,1540576,985059,98546,67262,8537,9613,7370,7340,2283,732,795018,262,177
2025-07-28,TikTok,Story,Short Video,Ephemeral,2025,2025-Q3,2025-07,24,613775,436709,27390,18962,2728,2286,1818,3251,848,246,0,261,107.3
2025-07-28,X (Twitter),Image,Conversation,Static,2025,2025-Q3,2025-07,12,121210,75653,1427,981,126,141,112,555,183,63,0,159,93.26
2025-07-28,X (Twitter),Short Video,Conversation,Video,2025,2025-Q3,2025-07,11,188841,140316,3796,2613,397,292,292,1349,249,81,123210,144,67.33
2025-07-28,X (Twitter),Text,Conversation,Static,2025,2025-Q3,2025-07,9,52371,32078,488,342,38,49,41,235,81,28,0,117,76.46
2025-07-28,YouTube,Short Video,Video,Video,2025,2025-Q3,2025-07,6,297814,192024,10344,7275,890,958,911,1085,335,127,149525,92,46.96
2025-07-28,Facebook,Image,Community,Static,2025,2025-Q3,2025-07,10,88965,55942,658,465,54,61,58,373,120,45,0,144,80.29
2025-07-28,Facebook,Carousel,Community,Static,2025,2025-Q3,2025-07,7,75687,54163,833,580,81,69,72,468,102,37,0,103,43.95
2025-07-28,Facebook,Short Video,Community,Video,2025,2025-Q3,2025-07,12,160655,109338,2181,1473,208,197,153,955,231,71,97301,133,69.21
2025-07-28,Facebook,Text,Community,Static,2025,2025-Q3,2025-07,7,37375,23427,212,152,18,19,21,156,48,18,0,118,57.65
2025-07-28,Facebook,Story,Community,Ephemeral,2025,2025-Q3,2025-07,10,62575,44806,530,373,54,39,46,403,88,35,0,150,73.37
2025-07-28,Facebook,Long Video,Community,Video,2025,2025-Q3,2025-07,4,37670,22173,284,194,25,32,23,139,63,23,19771,54,39.41
2025-08-04,Instagram,Image,Visual,Static,2025,2025-Q3,2025-08,11,184269,140321,6043,4032,666,510,435,1493,269,84,0,126,55.35
2025-08-04,Instagram,Carousel,Visual,Static,2025,2025-Q3,2025-08,10,233744,140256,10231,6954,827,1058,728,960,366,121,0,112,76.91
2025-08-04,Instagram,Short Video,Visual,Video,2025,2025-Q3,2025-08,15,570578,334444,23519,16493,1721,2146,1991,1811,693,243,312532,207,102.04
2025-08-04,Instagram,Story,Visual,Ephemeral,2025,2025-Q3,2025-08,23,276833,171924,9300,6192,752,909,593,1262,416,123,0,211,132.71
2025-08-04,LinkedIn,Image,Professional,Static,2025,2025-Q3,2025-08,9,116440,74117,1890,1327,153,173,161,469,157,63,0,155,77.96
2025-08-04,LinkedIn,Carousel,Professional,Static,2025,2025-Q3,2025-08,6,93229,65175,2421,1690,232,203,199,560,122,44,0,74,33.62
2025-08-04,LinkedIn,Short Video,Professional,Video,2025,2025-Q3,2025-08,11,246190,167265,7158,4851,674,631,512,1403,358,110,144918,120,60.45
2025-08-04,LinkedIn,Text,Professional,Static,2025,2025-Q3,2025-08,6,45417,28722,584,415,51,56,52,208,63,24,0,97,53.92
2025-08-04,TikTok,Short Video,Short Video,Video,2025,2025-Q3,2025-08,17,1300707,860431,71122,52042,6301,5669,6026,6344,1732,646,729802,255,126.54
2025-08-04,TikTok,Story,Short Video,Ephemeral,2025,2025-Q3,2025-08,22,523461,317164,22199,15207,1761,2164,1666,1901,764,253,0,257,155.89
2025-08-04,X (Twitter),Image,Conversation,Static,2025,2025-Q3,2025-08,8,79673,54121,902,629,84,74,74,443,97,36,0,147,65.59
2025-08-04,X (Twitter),Short Video,Conversation,Video,2025,2025-Q3,2025-08,16,283760,179609,5640,3815,483,530,402,1307,439,140,155985,165,109.1
2025-08-04,X (Twitter),Text,Conversation,Static,2025,2025-Q3,2025-08,9,52930,34833,487,347,43,44,42,264,72,29,0,133,72.26
2025-08-04,YouTube,Short Video,Video,Video,2025,2025-Q3,2025-08,6,288937,212666,10109,7059,1041,758,842,1983,365,130,182519,82,29.2
2025-08-04,Facebook,Image,Community,Static,2025,2025-Q3,2025-08,7,52865,35088,379,257,36,28,30,337,63,21,0,98,39.02
2025-08-04,Facebook,Short Video,Community,Video,2025,2025-Q3,2025-08,11,171709,108491,2118,1476,175,195,178,714,227,83,92010,157,91.82
2025-08-04,Facebook,Text,Community,Static,2025,2025-Q3,2025-08,7,30951,21409,178,123,17,14,14,195,36,12,0,69,25.52
2025-08-04,Facebook,Story,Community,Ephemeral,2025,2025-Q3,2025-08,16,90946,60245,858,591,78,81,66,467,140,38,0,137,87.53
2025-08-04,LinkedIn,Long Video,Professional,Video,2025,2025-Q3,2025-08,3,42567,24366,712,493,48,78,58,107,67,25,19872,44,29.84
2025-08-04,Facebook,Carousel,Community,Static,2025,2025-Q3,2025-08,6,53712,34923,638,423,56,62,41,260,82,24,0,52,32.68
2025-08-04,Facebook,Long Video,Community,Video,2025,2025-Q3,2025-08,2,17110,10588,142,99,11,17,13,51,33,13,8270,32,26.16
2025-08-11,Instagram,Image,Visual,Static,2025,2025-Q3,2025-08,13,243481,156165,7076,4847,586,678,551,1057,353,121,0,161,88.57
2025-08-11,Instagram,Carousel,Visual,Static,2025,2025-Q3,2025-08,10,253014,159678,10402,7294,834,968,879,1002,342,128,0,164,88.25
2025-08-11,Instagram,Short Video,Visual,Video,2025,2025-Q3,2025-08,15,531362,372969,25590,17828,2484,2064,2158,3127,661,232,326003,202,80.89
2025-08-11,Instagram,Story,Visual,Ephemeral,2025,2025-Q3,2025-08,22,323767,200044,10555,7477,840,1021,927,1453,460,176,0,333,195.98
2025-08-11,LinkedIn,Image,Professional,Static,2025,2025-Q3,2025-08,7,78624,58249,1398,945,149,110,110,584,102,38,0,112,44.71
2025-08-11,LinkedIn,Carousel,Professional,Static,2025,2025-Q3,2025-08,7,93617,59472,2498,1661,228,247,165,540,144,44,0,87,50.15
2025-08-11,LinkedIn,Short Video,Professional,Video,2025,2025-Q3,2025-08,11,254331,157385,7070,4904,506,713,567,800,397,141,135224,139,88.5
2025-08-11,LinkedIn,Text,Professional,Static,2025,2025-Q3,2025-08,7,46732,33591,605,402,62,43,47,315,54,21,0,106,38.05
2025-08-11,TikTok,Short Video,Short Video,Video,2025,2025-Q3,2025-08,21,1278913,864841,78870,53851,7290,6759,5901,6810,1746,554,734564,240,106.23
2025-08-11,TikTok,Story,Short Video,Ephemeral,2025,2025-Q3,2025-08,24,612410,404969,26685,19010,2336,2434,2415,3048,838,319,0,352,184.15
2025-08-11,X (Twitter),Image,Conversation,Static,2025,2025-Q3,2025-08,12,105162,74561,1452,970,144,143,98,664,178,61,0,133,77.77
2025-08-11,X (Twitter),Short Video,Conversation,Video,2025,2025-Q3,2025-08,13,270606,175277,4982,3618,420,440,504,1187,397,176,149195,229,114.77
2025-08-11,X (Twitter),Text,Conversation,Static,2025,2025-Q3,2025-08,7,30809,20131,290,189,30,27,18,191,44,13,0,96,47.56
2025-08-11,Facebook,Image,Community,Static,2025,2025-Q3,2025-08,11,90787,57098,735,507,66,76,58,440,150,53,0,148,97.46
2025-08-11,Facebook,Carousel,Community,Static,2025,2025-Q3,2025-08,7,84229,53595,955,693,81,90,93,369,115,48,0,101,44.63
2025-08-11,Facebook,Short Video,Community,Video,2025,2025-Q3,2025-08,9,134321,96837,1661,1157,169,125,135,880,184,68,85107,111,48.97
2025-08-11,Facebook,Long Video,Community,Video,2025,2025-Q3,2025-08,2,17366,12105,150,101,14,16,11,104,31,10,7534,25,15.31
2025-08-11,Facebook,Text,Community,Static,2025,2025-Q3,2025-08,7,30339,18208,187,128,16,21,13,134,48,16,0,83,47.31
2025-08-11,Facebook,Story,Community,Ephemeral,2025,2025-Q3,2025-08,10,63465,39765,506,363,40,45,47,251,80,31,0,163,75.61
2025-08-11,YouTube,Short Video,Video,Video,2025,2025-Q3,2025-08,6,244921,159568,8973,6005,803,843,593,1231,371,106,137590,49,30.4
2025-08-11,LinkedIn,Long Video,Professional,Video,2025,2025-Q3,2025-08,2,25812,14871,344,241,25,29,30,74,41,16,12662,32,23.15
2025-08-18,Instagram,Image,Visual,Static,2025,2025-Q3,2025-08,10,179734,119046,4891,3450,430,421,423,884,220,87,0,163,84.17
2025-08-18,Instagram,Carousel,Visual,Static,2025,2025-Q3,2025-08,8,175367,119424,7384,4996,783,599,524,1190,217,73,0,128,52.42
2025-08-18,Instagram,Short Video,Visual,Video,2025,2025-Q3,2025-08,20,641055,408314,31930,21459,2658,3169,2090,3180,1013,304,407373,195,127.08
2025-08-18,Instagram,Story,Visual,Ephemeral,2025,2025-Q3,2025-08,18,225205,153746,7094,4847,721,547,535,1438,259,82,0,262,95.77
2025-08-18,LinkedIn,Image,Professional,Static,2025,2025-Q3,2025-08,9,109052,68128,1933,1335,154,161,158,425,127,43,0,119,72.27
2025-08-18,LinkedIn,Carousel,Professional,Static,2025,2025-Q3,2025-08,5,82074,51891,1952,1316,156,177,139,330,105,40,0,80,40.84
2025-08-18,LinkedIn,Short Video,Professional,Video,2025,2025-Q3,2025-08,9,196525,135263,5607,3897,528,478,470,1099,258,89,118529,114,51.5
2025-08-18,LinkedIn,Long Video,Professional,Video,2025,2025-Q3,2025-08,1,13486,7324,194,133,13,19,15,29,18,6,6110,10,6.5
2025-08-18,TikTok,Short Video,Short Video,Video,2025,2025-Q3,2025-08,21,1357108,824244,79850,55366,6322,7911,6158,4977,2054,706,769009,264,165.97
2025-08-18,TikTok,Story,Short Video,Ephemeral,2025,2025-Q3,2025-08,27,590619,384921,26251,17669,2287,2430,1566,3216,865,241,0,288,158.12
2025-08-18,X (Twitter),Image,Conversation,Static,2025,2025-Q3,2025-08,11,114183,70512,1194,824,93,104,106,414,129,51,0,179,79.74
2025-08-18,X (Twitter),Short Video,Conversation,Video,2025,2025-Q3,2025-08,13,213280,142189,4095,2766,374,345,288,1110,281,87,122126,141,59.64
2025-08-18,X (Twitter),Text,Conversation,Static,2025,2025-Q3,2025-08,9,52019,33433,467,326,39,43,40,216,71,26,0,138,74.45
2025-08-18,YouTube,Short Video,Video,Video,2025,2025-Q3,2025-08,6,317527,207935,10097,7362,867,881,1022,1442,425,187,177362,113,55.15
2025-08-18,Facebook,Image,Community,Static,2025,2025-Q3,2025-08,8,61659,41325,434,298,39,33,35,313,73,30,0,136,57.64
2025-08-18,Facebook,Carousel,Community,Static,2025,2025-Q3,2025-08,7,62734,41435,672,455,61,54,49,351,74,23,0,75,29.58
2025-08-18,Facebook,Short Video,Community,Video,2025,2025-Q3,2025-08,13,170957,109186,2115,1407,184,198,136,797,257,75,93922,109,68.54
2025-08-18,Facebook,Text,Community,Static,2025,2025-Q3,2025-08,6,26577,17656,151,104,14,13,13,133,32,12,0,97,44.87
2025-08-18,Facebook,Story,Community,Ephemeral,2025,2025-Q3,2025-08,12,63612,43897,556,379,53,44,42,358,77,25,0,141,52.15
2025-08-18,LinkedIn,Text,Professional,Static,2025,2025-Q3,2025-08,6,35964,24013,526,355,46,51,38,185,60,18,0,63,40.44
2025-08-18,Facebook,Long Video,Community,Video,2025,2025-Q3,2025-08,4,32975,19898,247,168,19,26,19,127,52,19,17197,49,31.8
2025-08-25,Instagram,Image,Visual,Static,2025,2025-Q3,2025-08,14,264071,182274,8005,5532,772,709,635,1609,392,113,0,122,68.48
2025-08-25,Instagram,Carousel,Visual,Static,2025,2025-Q3,2025-08,11,257839,171381,12326,8452,1107,1273,963,1296,428,153,0,147,73.15
2025-08-25,Instagram,Short Video,Visual,Video,2025,2025-Q3,2025-08,20,800735,504844,38950,27853,3198,3825,3570,3317,940,374,431586,287,138.25
2025-08-25,Instagram,Story,Visual,Ephemeral,2025,2025-Q3,2025-08,25,315398,206098,11950,8126,1040,1271,893,1486,452,150,0,298,165.5
2025-08-25,LinkedIn,Image,Professional,Static,2025,2025-Q3,2025-08,8,97559,64556,1504,1073,132,115,138,456,123,51,0,140,78.32
2025-08-25,LinkedIn,Carousel,Professional,Static,2025,2025-Q3,2025-08,6,77669,57775,2132,1424,228,176,140,583,103,37,0,92,37.4
2025-08-25,LinkedIn,Short Video,Professional,Video,2025,2025-Q3,2025-08,13,254506,159497,7388,4927,607,730,477,1221,393,115,157002,124,78.6
2025-08-25,LinkedIn,Text,Professional,Static,2025,2025-Q3,2025-08,6,38660,25358,473,333,41,40,48,185,46,20,0,118,51.89
2025-08-25,TikTok,Short Video,Short Video,Video,2025,2025-Q3,2025-08,19,1257441,860956,80667,57451,7352,6445,7286,6931,1524,489,756063,223,97.05
2025-08-25,TikTok,Story,Short Video,Ephemeral,2025,2025-Q3,2025-08,28,712934,438377,31287,22063,2624,2709,2692,2980,904,335,0,418,213.87
2025-08-25,X (Twitter),Image,Conversation,Static,2025,2025-Q3,2025-08,9,76006,56623,947,641,101,74,74,555,102,34,0,116,45.18
2025-08-25,X (Twitter),Short Video,Conversation,Video,2025,2025-Q3,2025-08,14,250898,152031,4991,3455,394,507,394,910,388,133,148239,169,111.58
2025-08-25,X (Twitter),Text,Conversation,Static,2025,2025-Q3,2025-08,7,35216,25009,299,204,30,21,23,223,38,16,0,119,41.36
2025-08-25,YouTube,Short Video,Video,Video,2025,2025-Q3,2025-08,7,317021,225211,11371,7944,1112,918,774,1655,413,118,194311,79,30.77
2025-08-25,Facebook,Image,Community,Static,2025,2025-Q3,2025-08,9,61892,40876,502,334,44,47,36,316,92,32,0,121,63.18
2025-08-25,Facebook,Short Video,Community,Video,2025,2025-Q3,2025-08,9,146464,91161,1711,1230,136,160,161,576,204,84,78425,145,74.7
2025-08-25,Facebook,Text,Community,Static,2025,2025-Q3,2025-08,7,26817,18357,162,108,18,14,11,170,36,12,0,110,50.13
2025-08-25,Facebook,Story,Community,Ephemeral,2025,2025-Q3,2025-08,15,80507,50051,755,516,62,78,55,360,133,43,0,167,115.99
2025-08-25,Facebook,Carousel,Community,Static,2025,2025-Q3,2025-08,6,56254,33916,669,457,56,72,49,271,91,31,0,71,49.02
2025-08-25,LinkedIn,Long Video,Professional,Video,2025,2025-Q3,2025-08,1,14249,8199,229,160,16,24,20,41,23,9,6978,13,9.37
2025-09-01,Instagram,Image,Visual,Static,2025,2025-Q3,2025-09,11,213215,125117,5168,3631,373,464,444,659,295,113,0,150,84.77
2025-09-01,Instagram,Carousel,Visual,Static,2025,2025-Q3,2025-09,8,173611,114488,6689,4657,582,532,611,830,198,80,0,137,55.08
2025-09-01,Instagram,Short Video,Visual,Video,2025,2025-Q3,2025-09,16,479235,309344,21117,14127,2210,1720,1429,3030,561,164,323800,194,80.34
2025-09-01,Instagram,Story,Visual,Ephemeral,2025,2025-Q3,2025-09,18,226951,148914,7273,5039,615,647,587,1017,300,124,0,336,162.23
2025-09-01,LinkedIn,Image,Professional,Static,2025,2025-Q3,2025-09,8,94718,64370,1667,1154,156,146,131,526,136,47,0,97,49.58
2025-09-01,LinkedIn,Short Video,Professional,Video,2025,2025-Q3,2025-09,11,263394,164019,7427,5276,599,728,663,1215,385,148,148397,171,102.53
2025-09-01,LinkedIn,Text,Professional,Static,2025,2025-Q3,2025-09,7,43376,31286,597,420,61,49,51,294,60,22,0,76,33.67
2025-09-01,TikTok,Short Video,Short Video,Video,2025,2025-Q3,2025-09,24,1298479,802638,80390,53118,6869,7786,5130,6713,1913,565,783431,223,140.67
2025-09-01,TikTok,Story,Short Video,Ephemeral,2025,2025-Q3,2025-09,20,422418,302931,17966,12094,1825,1377,1249,2823,478,161,0,321,116.1
2025-09-01,X (Twitter),Image,Conversation,Static,2025,2025-Q3,2025-09,11,101632,65113,1248,853,108,122,93,480,146,47,0,125,83.41
2025-09-01,X (Twitter),Short Video,Conversation,Video,2025,2025-Q3,2025-09,15,278438,186197,5637,4023,500,518,516,1442,390,149,164329,223,84.16
2025-09-01,X (Twitter),Text,Conversation,Static,2025,2025-Q3,2025-09,9,44420,29290,457,312,40,48,35,224,76,25,0,98,68.01
2025-09-01,YouTube,Short Video,Video,Video,2025,2025-Q3,2025-09,6,259143,157351,8671,5922,675,805,641,1078,350,114,156589,70,39.24
2025-09-01,Facebook,Image,Community,Static,2025,2025-Q3,2025-09,10,82446,51840,620,434,49,59,53,321,112,44,0,156,81.71
2025-09-01,Facebook,Carousel,Community,Static,2025,2025-Q3,2025-09,6,60116,40517,680,477,63,59,60,317,78,29,0,102,38.39
2025-09-01,Facebook,Short Video,Community,Video,2025,2025-Q3,2025-09,11,147718,103444,1917,1297,187,159,141,897,199,62,97715,101,43.22
2025-09-01,Facebook,Long Video,Community,Video,2025,2025-Q3,2025-09,3,26972,15061,193,134,12,21,15,67,39,15,12690,37,25.52
2025-09-01,Facebook,Text,Community,Static,2025,2025-Q3,2025-09,7,31629,21032,193,134,17,18,16,133,47,17,0,102,43.9
2025-09-01,Facebook,Story,Community,Ephemeral,2025,2025-Q3,2025-09,16,97603,63134,885,632,75,84,81,455,111,44,0,210,97.38
2025-09-01,LinkedIn,Carousel,Professional,Static,2025,2025-Q3,2025-09,6,81545,55242,2406,1630,223,247,177,443,139,45,0,66,43.55
2025-09-08,Instagram,Image,Visual,Static,2025,2025-Q3,2025-09,10,174087,126380,4988,3393,510,409,375,1169,244,82,0,117,48.14
2025-09-08,Instagram,Carousel,Visual,Static,2025,2025-Q3,2025-09,10,213256,142549,9481,6498,875,859,728,1196,304,103,0,119,61.99
2025-09-08,Instagram,Short Video,Visual,Video,2025,2025-Q3,2025-09,20,652362,439652,35306,23961,3234,3623,2614,3470,1114,377,371988,236,156.34
2025-09-08,Instagram,Story,Visual,Ephemeral,2025,2025-Q3,2025-09,20,229341,162927,8313,5558,840,740,646,1545,325,111,0,265,125.3
2025-09-08,LinkedIn,Image,Professional,Static,2025,2025-Q3,2025-09,9,112873,69936,1813,1271,133,172,155,375,181,69,0,127,82.45
2025-09-08,LinkedIn,Carousel,Professional,Static,2025,2025-Q3,2025-09,5,69877,46959,1612,1110,144,125,165,366,76,35,0,80,40.8
2025-09-08,LinkedIn,Short Video,Professional,Video,2025,2025-Q3,2025-09,10,202916,139064,5594,3714,581,452,353,1344,240,77,135510,136,52.67
2025-09-08,LinkedIn,Long Video,Professional,Video,2025,2025-Q3,2025-09,1,14289,8371,237,167,17,26,21,44,24,8,7167,13,9.67
2025-09-08,LinkedIn,Text,Professional,Static,2025,2025-Q3,2025-09,7,46258,28383,526,366,42,43,43,177,59,21,0,94,55.79
2025-09-08,TikTok,Short Video,Short Video,Video,2025,2025-Q3,2025-09,23,1539275,957248,91211,64282,7880,8725,8029,6843,2148,827,864035,354,202.67
2025-09-08,TikTok,Story,Short Video,Ephemeral,2025,2025-Q3,2025-09,31,651451,444632,32482,21917,3014,3335,2334,3487,1110,392,0,418,260.34
2025-09-08,X (Twitter),Image,Conversation,Static,2025,2025-Q3,2025-09,9,89781,57833,901,652,75,74,89,384,124,55,0,145,78.54
2025-09-08,X (Twitter),Short Video,Conversation,Video,2025,2025-Q3,2025-09,15,220142,135065,4276,2815,367,409,268,1112,307,90,129248,169,92.94
2025-09-08,X (Twitter),Text,Conversation,Static,2025,2025-Q3,2025-09,9,47371,29617,388,277,30,32,37,185,52,22,0,154,86.63
2025-09-08,YouTube,Short Video,Video,Video,2025,2025-Q3,2025-09,7,322566,215939,10818,7657,967,895,958,1674,391,151,190548,103,45.76
2025-09-08,Facebook,Image,Community,Static,2025,2025-Q3,2025-09,7,50960,36735,368,257,36,26,33,320,59,21,0,99,44.99
2025-09-08,Facebook,Carousel,Community,Static,2025,2025-Q3,2025-09,7,54783,37963,679,446,70,62,45,366,80,26,0,93,45.04
2025-09-08,Facebook,Short Video,Community,Video,2025,2025-Q3,2025-09,13,179531,108097,2356,1618,182,248,180,717,268,87,103804,150,94.31
2025-09-08,Facebook,Text,Community,Static,2025,2025-Q3,2025-09,6,22509,16047,124,84,12,9,11,144,25,8,0,94,32.18
2025-09-08,Facebook,Story,Community,Ephemeral,2025,2025-Q3,2025-09,14,64897,43809,577,385,57,50,39,394,87,26,0,173,78.26
2025-09-08,Facebook,Long Video,Community,Video,2025,2025-Q3,2025-09,2,15573,8681,105,73,7,11,9,39,23,7,7310,22,15.03
2025-09-15,Instagram,Image,Visual,Static,2025,2025-Q3,2025-09,13,210761,136369,6303,4220,550,613,420,997,333,96,0,119,76.37
2025-09-15,Instagram,Carousel,Visual,Static,2025,2025-Q3,2025-09,10,237455,145794,9633,6749,760,891,833,884,306,112,0,142,94.01
2025-09-15,Instagram,Short Video,Visual,Video,2025,2025-Q3,2025-09,18,599204,398949,28347,19769,2452,2585,2353,2875,836,330,338541,348,131.79
2025-09-15,Instagram,Story,Visual,Ephemeral,2025,2025-Q3,2025-09,23,292803,191373,10406,7193,908,1014,846,1067,359,126,0,311,175.93
2025-09-15,LinkedIn,Image,Professional,Static,2025,2025-Q3,2025-09,7,81437,57225,1385,967,133,112,118,478,103,38,0,99,38.02
2025-09-15,LinkedIn,Carousel,Professional,Static,2025,2025-Q3,2025-09,7,90864,62260,2365,1624,224,199,177,529,125,41,0,86,40.91
2025-09-15,LinkedIn,Short Video,Professional,Video,2025,2025-Q3,2025-09,13,256686,172661,8030,5421,735,783,579,1314,403,134,145328,148,89.64
2025-09-15,LinkedIn,Text,Professional,Static,2025,2025-Q3,2025-09,6,41062,28831,501,354,49,36,46,239,55,22,0,96,40.07
2025-09-15,TikTok,Short Video,Short Video,Video,2025,2025-Q3,2025-09,20,1151366,832719,71006,48570,7296,5489,5386,7910,1414,459,756780,348,131.56
2025-09-15,TikTok,Story,Short Video,Ephemeral,2025,2025-Q3,2025-09,24,558658,354942,24068,16876,1945,1898,2194,2194,618,252,0,418,174.18
2025-09-15,X (Twitter),Image,Conversation,Static,2025,2025-Q3,2025-09,9,80567,52590,918,627,80,79,67,384,109,35,0,100,47.17
2025-09-15,X (Twitter),Short Video,Conversation,Video,2025,2025-Q3,2025-09,15,274351,169235,5205,3653,436,504,450,1101,387,144,146346,225,130.02
2025-09-15,X (Twitter),Text,Conversation,Static,2025,2025-Q3,2025-09,7,36385,25978,333,232,33,27,28,233,47,17,0,94,37.24
2025-09-15,YouTube,Short Video,Video,Video,2025,2025-Q3,2025-09,7,272243,177742,9566,6452,902,859,556,1681,375,101,176617,94,46.62
2025-09-15,Facebook,Image,Community,Static,2025,2025-Q3,2025-09,10,73063,44522,538,364,45,49,39,289,108,35,0,103,67.44
2025-09-15,Facebook,Carousel,Community,Static,2025,2025-Q3,2025-09,5,48587,31343,578,405,49,57,47,215,72,26,0,74,42.08
2025-09-15,Facebook,Short Video,Community,Video,2025,2025-Q3,2025-09,11,153188,100802,1909,1328,168,169,154,762,194,69,87789,136,69.82
2025-09-15,Facebook,Text,Community,Static,2025,2025-Q3,2025-09,7,26113,17326,164,112,15,16,13,143,40,13,0,81,45.59
2025-09-15,Facebook,Story,Community,Ephemeral,2025,2025-Q3,2025-09,14,74559,48894,715,493,62,74,57,352,120,44,0,194,121.96
2025-09-15,LinkedIn,Long Video,Professional,Video,2025,2025-Q3,2025-09,2,29402,17862,524,376,41,59,47,106,54,20,15469,30,23.78
2025-09-22,Instagram,Image,Visual,Static,2025,2025-Q3,2025-09,12,250717,158239,7277,5260,598,714,710,1068,327,131,0,161,89.17
2025-09-22,Instagram,Carousel,Visual,Static,2025,2025-Q3,2025-09,7,176088,125316,7130,5109,706,520,669,1094,227,81,0,99,40.83
2025-09-22,Instagram,Short Video,Visual,Video,2025,2025-Q3,2025-09,18,501300,364546,27078,18085,2821,2459,1971,2931,778,253,297473,210,102.94
2025-09-22,Instagram,Story,Visual,Ephemeral,2025,2025-Q3,2025-09,15,182203,129581,5602,3894,545,396,452,1096,216,77,0,214,103.3
2025-09-22,LinkedIn,Image,Professional,Static,2025,2025-Q3,2025-09,7,71886,45519,1256,839,106,123,82,309,113,33,0,64,41.46
2025-09-22,LinkedIn,Carousel,Professional,Static,2025,2025-Q3,2025-09,5,71910,45299,1828,1273,148,167,148,301,100,36,0,65,35.78
2025-09-22,LinkedIn,Short Video,Professional,Video,2025,2025-Q3,2025-09,10,206178,136739,5631,3905,472,494,482,960,271,117,114213,193,91.94
2025-09-22,LinkedIn,Text,Professional,Static,2025,2025-Q3,2025-09,7,41596,27971,572,391,52,53,42,219,63,20,0,55,33.68
2025-09-22,TikTok,Short Video,Short Video,Video,2025,2025-Q3,2025-09,27,1518427,1056275,112435,76453,9577,11874,8413,7355,2315,767,827999,316,164.05
2025-09-22,TikTok,Story,Short Video,Ephemeral,2025,2025-Q3,2025-09,23,437342,334527,21522,14690,2073,1772,1611,2909,649,211,0,288,125.29
2025-09-22,X (Twitter),Image,Conversation,Static,2025,2025-Q3,2025-09,11,102505,62868,1157,797,93,114,89,408,154,52,0,136,84.57
2025-09-22,X (Twitter),Short Video,Conversation,Video,2025,2025-Q3,2025-09,11,167950,121343,3314,2227,340,250,224,1150,195,66,109197,188,70.67
2025-09-22,X (Twitter),Text,Conversation,Static,2025,2025-Q3,2025-09,9,46422,28610,407,280,34,37,32,189,70,24,0,110,78.52
2025-09-22,YouTube,Short Video,Video,Video,2025,2025-Q3,2025-09,6,265875,171752,9983,6964,849,875,849,1190,361,132,144631,89,45.02
2025-09-22,Facebook,Image,Community,Static,2025,2025-Q3,2025-09,9,75624,48027,513,369,41,45,50,305,109,46,0,153,86.2
2025-09-22,Facebook,Carousel,Community,Static,2025,2025-Q3,2025-09,6,52490,37898,581,393,59,41,52,348,60,25,0,98,35.8
2025-09-22,Facebook,Short Video,Community,Video,2025,2025-Q3,2025-09,13,155351,100119,1970,1308,184,175,130,928,208,61,100918,161,79.56
2025-09-22,Facebook,Text,Community,Static,2025,2025-Q3,2025-09,7,32505,20544,172,123,14,14,16,132,36,14,0,120,72.35
2025-09-22,Facebook,Story,Community,Ephemeral,2025,2025-Q3,2025-09,11,55573,38352,500,343,48,43,39,314,53,19,0,190,59.71
2025-09-22,Facebook,Long Video,Community,Video,2025,2025-Q3,2025-09,2,17741,10076,124,86,9,13,10,48,28,9,8539,24,16.94
2025-09-29,Instagram,Image,Visual,Static,2025,2025-Q3,2025-09,12,182237,120147,5024,3340,446,412,333,1170,224,64,0,111,48.89
2025-09-29,Instagram,Carousel,Visual,Static,2025,2025-Q3,2025-09,9,187883,115913,7627,5145,627,741,537,747,285,86,0,85,55.72
2025-09-29,Instagram,Short Video,Visual,Video,2025,2025-Q3,2025-09,17,564537,350691,26176,18159,2121,2487,2164,2299,770,277,297011,232,132.54
2025-09-29,Instagram,Story,Visual,Ephemeral,2025,2025-Q3,2025-09,23,277061,180289,9501,6460,846,880,692,1380,411,133,0,245,145.23
2025-09-29,LinkedIn,Image,Professional,Static,2025,2025-Q3,2025-09,8,104970,66214,1758,1267,144,167,168,446,144,58,0,134,72.44
2025-09-29,LinkedIn,Carousel,Professional,Static,2025,2025-Q3,2025-09,5,80061,58325,2030,1437,204,152,185,522,103,41,0,81,30.27
2025-09-29,LinkedIn,Short Video,Professional,Video,2025,2025-Q3,2025-09,11,206930,149188,6530,4415,671,569,504,1455,303,103,134051,119,58.8
2025-09-29,LinkedIn,Long Video,Professional,Video,2025,2025-Q3,2025-09,3,41924,25501,749,526,59,85,62,142,76,29,20604,44,34.9
2025-09-29,LinkedIn,Text,Professional,Static,2025,2025-Q3,2025-09,6,42016,25865,492,351,38,46,44,163,56,22,0,97,39.16
2025-09-29,TikTok,Short Video,Short Video,Video,2025,2025-Q3,2025-09,19,1085461,700959,62324,43052,5136,5443,5350,4752,1374,577,581504,353,159.1
2025-09-29,TikTok,Story,Short Video,Ephemeral,2025,2025-Q3,2025-09,27,590602,371849,25285,17358,2098,2379,1941,2545,815,274,0,325,200.69
2025-09-29,X (Twitter),Image,Conversation,Static,2025,2025-Q3,2025-09,7,68458,46478,815,581,74,71,78,368,90,37,0,109,39.14
2025-09-29,X (Twitter),Short Video,Conversation,Video,2025,2025-Q3,2025-09,17,267216,181631,6135,4162,552,634,453,1396,467,159,142944,193,133.77
2025-09-29,X (Twitter),Text,Conversation,Static,2025,2025-Q3,2025-09,7,39731,26848,331,239,30,27,33,206,48,18,0,103,41.96
2025-09-29,YouTube,Short Video,Video,Video,2025,2025-Q3,2025-09,6,235224,168482,7943,5393,802,581,568,1563,264,93,150049,100,36.04
2025-09-29,Facebook,Image,Community,Static,2025,2025-Q3,2025-09,7,53848,38084,416,288,41,34,35,336,72,27,0,77,29.49
2025-09-29,Facebook,Carousel,Community,Static,2025,2025-Q3,2025-09,7,59742,40734,770,528,72,76,59,344,96,29,0,66,41.86
2025-09-29,Facebook,Short Video,Community,Video,2025,2025-Q3,2025-09,12,171333,109469,2283,1585,204,233,185,709,267,97,89932,172,84.78
2025-09-29,Facebook,Text,Community,Static,2025,2025-Q3,2025-09,7,31326,23131,189,134,20,15,14,220,41,12,0,90,31.06
2025-09-29,Facebook,Story,Community,Ephemeral,2025,2025-Q3,2025-09,16,74429,51342,746,500,71,73,56,369,122,40,0,187,105.22
2025-09-29,Facebook,Long Video,Community,Video,2025,2025-Q3,2025-09,2,16650,9995,130,92,10,15,11,57,30,11,8623,29,22.5
2025-10-06,Instagram,Image,Visual,Static,2025,2025-Q4,2025-10,14,245540,149685,7178,4950,645,746,544,1143,383,133,0,176,115.89
2025-10-06,Instagram,Carousel,Visual,Static,2025,2025-Q4,2025-10,9,222189,138668,8809,6340,701,829,815,882,305,122,0,146,76.01
2025-10-06,Instagram,Short Video,Visual,Video,2025,2025-Q4,2025-10,13,430598,307562,19131,13609,1900,1361,1738,2689,527,208,262665,216,109.22
2025-10-06,Instagram,Story,Visual,Ephemeral,2025,2025-Q4,2025-10,19,255561,154802,7505,5339,570,687,683,901,378,151,0,293,177.4
2025-10-06,LinkedIn,Image,Professional,Static,2025,2025-Q4,2025-10,7,77863,53957,1279,856,122,98,88,499,92,27,0,91,33.55
2025-10-06,LinkedIn,Carousel,Professional,Static,2025,2025-Q4,2025-10,7,86373,54265,2208,1472,183,211,145,367,129,38,0,60,38.11
2025-10-06,LinkedIn,Short Video,Professional,Video,2025,2025-Q4,2025-10,12,250564,155658,6446,4463,511,557,528,956,294,104,130378,163,94.03
2025-10-06,LinkedIn,Text,Professional,Static,2025,2025-Q4,2025-10,7,40913,27789,501,344,45,36,39,242,41,15,0,85,28.24
2025-10-06,TikTok,Short Video,Short Video,Video,2025,2025-Q4,2025-10,22,1132243,810070,75147,50594,7648,6452,5894,7780,1616,536,722848,281,130.67
2025-10-06,TikTok,Story,Short Video,Ephemeral,2025,2025-Q4,2025-10,20,457573,307079,18750,13388,1683,1506,1766,2325,607,257,0,361,203.75
2025-10-06,X (Twitter),Image,Conversation,Static,2025,2025-Q4,2025-10,11,88637,52811,1016,678,77,101,65,365,130,38,0,103,65.77
2025-10-06,X (Twitter),Short Video,Conversation,Video,2025,2025-Q4,2025-10,12,188611,119634,3494,2424,277,317,319,748,240,100,98949,214,100.95
2025-10-06,X (Twitter),Text,Conversation,Static,2025,2025-Q4,2025-10,7,31622,20594,288,194,25,25,19,147,43,14,0,72,36.18
2025-10-06,YouTube,Short Video,Video,Video,2025,2025-Q4,2025-10,7,263182,180306,10523,7085,988,1051,745,1494,440,152,156687,91,54.13
2025-10-06,Facebook,Image,Community,Static,2025,2025-Q4,2025-10,9,68504,40944,511,354,39,52,40,235,99,34,0,109,68.02
2025-10-06,Facebook,Carousel,Community,Static,2025,2025-Q4,2025-10,5,47244,30677,495,356,42,40,49,205,56,24,0,92,40.86
2025-10-06,Facebook,Short Video,Community,Video,2025,2025-Q4,2025-10,10,122276,87337,1498,998,151,106,108,793,136,50,77488,151,52.99
2025-10-06,Facebook,Long Video,Community,Video,2025,2025-Q4,2025-10,2,16084,8963,109,73,7,11,7,70,23,7,9146,22,14.98
2025-10-06,Facebook,Text,Community,Static,2025,2025-Q4,2025-10,6,23305,14557,129,86,11,12,8,97,37,11,0,63,42.88
2025-10-06,Facebook,Story,Community,Ephemeral,2025,2025-Q4,2025-10,12,61868,36855,511,358,38,49,44,203,76,30,0,188,105.68
2025-10-06,LinkedIn,Long Video,Professional,Video,2025,2025-Q4,2025-10,2,22718,13781,404,280,29,46,33,61,41,15,10667,30,23.72
2025-10-13,Instagram,Image,Visual,Static,2025,2025-Q4,2025-10,14,252230,168031,7300,5105,651,664,617,1267,352,133,0,235,91.82
2025-10-13,Instagram,Carousel,Visual,Static,2025,2025-Q4,2025-10,7,153646,106937,6543,4547,632,512,544,893,185,54,0,74,28.24
2025-10-13,Instagram,Short Video,Visual,Video,2025,2025-Q4,2025-10,21,684465,453387,35322,24359,3208,3443,2382,3619,1071,322,364275,203,132.11
2025-10-13,Instagram,Story,Visual,Ephemeral,2025,2025-Q4,2025-10,18,229527,168500,7895,5523,814,619,536,1325,299,87,0,196,67.81
2025-10-13,LinkedIn,Image,Professional,Static,2025,2025-Q4,2025-10,8,88915,56227,1558,1064,138,157,118,423,136,46,0,102,62.24
2025-10-13,LinkedIn,Carousel,Professional,Static,2025,2025-Q4,2025-10,6,96297,60191,2252,1621,182,191,215,395,114,47,0,101,43.19
2025-10-13,LinkedIn,Short Video,Professional,Video,2025,2025-Q4,2025-10,7,144946,100614,3659,2584,351,253,320,823,176,68,86707,114,58.74
2025-10-13,LinkedIn,Text,Professional,Static,2025,2025-Q4,2025-10,7,40439,25097,562,382,49,58,40,209,65,20,0,77,52.54
2025-10-13,TikTok,Short Video,Short Video,Video,2025,2025-Q4,2025-10,24,1413258,906919,90312,62496,7735,8876,7242,5054,2039,712,716467,315,200.76
2025-10-13,TikTok,Story,Short Video,Ephemeral,2025,2025-Q4,2025-10,27,599311,413847,27242,18329,2333,2439,1865,2923,905,273,0,268,141.71
2025-10-13,X (Twitter),Image,Conversation,Static,2025,2025-Q4,2025-10,11,106604,65409,1212,855,96,117,104,467,149,56,0,163,94.06
2025-10-13,X (Twitter),Short Video,Conversation,Video,2025,2025-Q4,2025-10,13,187337,130650,3789,2594,372,315,286,1173,258,84,116055,163,75.37
2025-10-13,X (Twitter),Text,Conversation,Static,2025,2025-Q4,2025-10,8,43571,26378,390,278,32,37,35,173,61,22,0,120,68.5
2025-10-13,YouTube,Short Video,Video,Video,2025,2025-Q4,2025-10,6,259884,167325,8806,6180,725,670,834,1167,271,116,138850,111,54.05
2025-10-13,Facebook,Image,Community,Static,2025,2025-Q4,2025-10,9,69990,45688,530,378,46,49,48,333,94,35,0,130,67.76
2025-10-13,Facebook,Carousel,Community,Static,2025,2025-Q4,2025-10,7,65166,45995,737,513,72,59,60,400,85,30,0,94,37.3
2025-10-13,Facebook,Short Video,Community,Video,2025,2025-Q4,2025-10,13,161516,109355,2286,1539,204,225,170,879,262,88,94511,152,92.97
2025-10-13,Facebook,Text,Community,Static,2025,2025-Q4,2025-10,7,31774,20909,174,125,15,14,18,150,41,18,0,115,53.49
2025-10-13,Facebook,Story,Community,Ephemeral,2025,2025-Q4,2025-10,11,52902,39590,489,339,52,37,40,387,73,23,0,148,71.36
2025-10-13,Facebook,Long Video,Community,Video,2025,2025-Q4,2025-10,4,33631,19915,256,178,22,28,20,131,59,20,18034,54,40.89
2025-10-20,Instagram,Image,Visual,Static,2025,2025-Q4,2025-10,13,190051,131950,5896,3883,607,539,387,1118,285,93,0,165,83.78
2025-10-20,Instagram,Carousel,Visual,Static,2025,2025-Q4,2025-10,11,245741,146687,10959,7592,863,1179,839,1061,370,122,0,135,86.88
2025-10-20,Instagram,Short Video,Visual,Video,2025,2025-Q4,2025-10,15,536591,336796,22452,16114,1808,1966,2114,2100,688,277,285091,247,119.4
2025-10-20,Instagram,Story,Visual,Ephemeral,2025,2025-Q4,2025-10,22,256864,158190,8835,6022,711,902,647,987,412,133,0,233,158.85
2025-10-20,LinkedIn,Image,Professional,Static,2025,2025-Q4,2025-10,9,102126,67113,1680,1177,147,148,143,487,134,54,0,168,84.79
2025-10-20,LinkedIn,Carousel,Professional,Static,2025,2025-Q4,2025-10,7,94555,65143,2311,1602,220,179,190,540,108,38,0,90,31.84
2025-10-20,LinkedIn,Short Video,Professional,Video,2025,2025-Q4,2025-10,12,240840,159569,7219,4925,659,678,531,1282,370,120,139622,102,64.25
2025-10-20,LinkedIn,Text,Professional,Static,2025,2025-Q4,2025-10,6,40021,26116,534,377,46,49,50,188,56,21,0,91,38.85
2025-10-20,TikTok,Short Video,Short Video,Video,2025,2025-Q4,2025-10,16,974199,681515,54239,37957,5264,4063,4538,5571,1327,505,581463,233,113.16
2025-10-20,TikTok,Story,Short Video,Ephemeral,2025,2025-Q4,2025-10,22,517468,305827,19888,14000,1477,1889,1719,1699,702,261,0,310,167.5
2025-10-20,X (Twitter),Image,Conversation,Static,2025,2025-Q4,2025-10,8,68568,45337,730,503,74,56,57,417,76,25,0,115,40.93
2025-10-20,X (Twitter),Short Video,Conversation,Video,2025,2025-Q4,2025-10,15,247693,154269,4888,3369,402,471,383,1044,352,120,133510,179,112.87
2025-10-20,X (Twitter),Text,Conversation,Static,2025,2025-Q4,2025-10,8,40843,28285,388,274,36,34,33,236,39,15,0,93,26.01
2025-10-20,YouTube,Short Video,Video,Video,2025,2025-Q4,2025-10,7,268438,201742,10068,6967,973,798,788,1701,373,127,164747,91,37.11
2025-10-20,Facebook,Image,Community,Static,2025,2025-Q4,2025-10,8,54535,35084,420,284,36,38,30,279,78,25,0,85,46.25
2025-10-20,Facebook,Carousel,Community,Static,2025,2025-Q4,2025-10,6,53837,34155,599,407,51,55,43,248,89,30,0,68,47.65
2025-10-20,Facebook,Short Video,Community,Video,2025,2025-Q4,2025-10,10,140030,85845,1668,1179,128,154,152,511,179,73,71714,164,81.88
2025-10-20,Facebook,Text,Community,Static,2025,2025-Q4,2025-10,7,27390,18671,165,114,15,14,12,150,35,10,0,67,31.53
2025-10-20,Facebook,Story,Community,Ephemeral,2025,2025-Q4,2025-10,16,80346,51316,746,511,64,73,54,310,128,42,0,170,114.14
2025-10-20,LinkedIn,Long Video,Professional,Video,2025,2025-Q4,2025-10,3,38290,22008,645,447,44,74,53,98,64,25,17979,44,31.8
2025-10-20,Facebook,Long Video,Community,Video,2025,2025-Q4,2025-10,1,8787,5552,76,54,6,9,7,37,5,2,4377,17,3.15
2025-10-27,Instagram,Image,Visual,Static,2025,2025-Q4,2025-10,12,217659,137905,6229,4324,507,598,516,904,306,114,0,172,95.72
2025-10-27,Instagram,Carousel,Visual,Static,2025,2025-Q4,2025-10,9,208306,135514,8619,6037,741,776,733,992,273,102,0,129,67.92
2025-10-27,Instagram,Short Video,Visual,Video,2025,2025-Q4,2025-10,16,512658,355600,24070,16585,2289,1915,1876,2974,639,215,304707,206,75.16
2025-10-27,Instagram,Story,Visual,Ephemeral,2025,2025-Q4,2025-10,21,279676,178138,9348,6652,778,894,843,1233,397,150,0,312,175.85
2025-10-27,LinkedIn,Image,Professional,Static,2025,2025-Q4,2025-10,7,69934,50974,1316,860,135,116,100,490,100,38,0,89,41.11
2025-10-27,LinkedIn,Carousel,Professional,Static,2025,2025-Q4,2025-10,7,93849,59163,2594,1777,215,275,196,451,160,53,0,81,56.73
2025-10-27,LinkedIn,Short Video,Professional,Video,2025,2025-Q4,2025-10,10,224281,136307,5701,4062,436,529,520,803,339,135,116540,151,77.02
2025-10-27,LinkedIn,Text,Professional,Static,2025,2025-Q4,2025-10,7,36564,24586,472,314,50,40,31,249,46,14,0,105,44.73
2025-10-27,TikTok,Short Video,Short Video,Video,2025,2025-Q4,2025-10,23,1291180,852028,82433,56452,7330,7550,6119,6536,1912,620,729798,246,139.73
2025-10-27,TikTok,Story,Short Video,Ephemeral,2025,2025-Q4,2025-10,20,440759,314144,19586,13659,1943,1618,1661,2803,582,210,0,273,109.16
2025-10-27,X (Twitter),Image,Conversation,Static,2025,2025-Q4,2025-10,13,110359,72327,1473,998,141,155,107,614,188,64,0,153,105.36
2025-10-27,X (Twitter),Short Video,Conversation,Video,2025,2025-Q4,2025-10,10,192656,135456,3478,2514,339,258,346,1146,253,90,116052,138,60.56
2025-10-27,X (Twitter),Text,Conversation,Static,2025,2025-Q4,2025-10,8,36871,22386,348,234,31,36,25,169,57,18,0,86,58.19
2025-10-27,YouTube,Short Video,Video,Video,2025,2025-Q4,2025-10,6,243261,156265,8543,5869,729,772,637,1125,337,110,134860,69,47.67
2025-10-27,Facebook,Image,Community,Static,2025,2025-Q4,2025-10,11,87366,53419,670,471,56,70,58,342,135,50,0,162,82.01
2025-10-27,Facebook,Carousel,Community,Static,2025,2025-Q4,2025-10,6,63909,43211,678,490,62,59,68,331,71,25,0,85,29.14
2025-10-27,Facebook,Short Video,Community,Video,2025,2025-Q4,2025-10,10,132159,100263,1808,1255,196,147,136,1027,189,60,80725,109,43.9
2025-10-27,Facebook,Long Video,Community,Video,2025,2025-Q4,2025-10,3,24337,16261,207,142,18,23,16,63,47,16,10939,40,28.82
2025-10-27,Facebook,Text,Community,Static,2025,2025-Q4,2025-10,7,30129,18010,179,125,15,16,16,130,39,13,0,95,50.58
2025-10-27,Facebook,Story,Community,Ephemeral,2025,2025-Q4,2025-10,11,67240,44836,546,399,49,47,48,321,91,35,0,168,83.81
2025-11-03,Instagram,Image,Visual,Static,2025,2025-Q4,2025-11,10,157051,114108,4338,2949,443,317,376,1059,188,70,0,151,65.85
2025-11-03,Instagram,Carousel,Visual,Static,2025,2025-Q4,2025-11,9,178092,117356,7810,5258,781,713,554,1055,256,80,0,117,61.46
2025-11-03,Instagram,Short Video,Visual,Video,2025,2025-Q4,2025-11,18,559738,353453,26600,17978,2232,2691,1862,2370,922,299,329630,193,133.33
2025-11-03,Instagram,Story,Visual,Ephemeral,2025,2025-Q4,2025-11,21,238253,159946,7947,5414,725,674,482,1414,308,83,0,240,110.03
2025-11-03,LinkedIn,Image,Professional,Static,2025,2025-Q4,2025-11,9,106485,67616,1660,1158,135,143,142,415,127,48,0,137,59.26
2025-11-03,LinkedIn,Carousel,Professional,Static,2025,2025-Q4,2025-11,5,65585,43385,1676,1150,148,151,131,322,89,32,0,77,39.26
2025-11-03,LinkedIn,Short Video,Professional,Video,2025,2025-Q4,2025-11,9,175490,118368,4766,3240,444,379,357,961,213,69,113453,104,38.52
2025-11-03,LinkedIn,Long Video,Professional,Video,2025,2025-Q4,2025-11,2,25529,14211,416,288,28,45,34,63,37,14,11960,26,17.8
2025-11-03,LinkedIn,Text,Professional,Static,2025,2025-Q4,2025-11,6,36367,23834,507,347,44,51,40,174,56,20,0,78,45.2
2025-11-03,TikTok,Short Video,Short Video,Video,2025,2025-Q4,2025-11,21,1322627,796341,72449,51169,5460,7090,6344,4560,1925,729,679220,308,182.43
2025-11-03,TikTok,Story,Short Video,Ephemeral,2025,2025-Q4,2025-11,29,597077,381774,27425,18566,2338,2776,1934,2657,970,303,0,301,201.69
2025-11-03,X (Twitter),Image,Conversation,Static,2025,2025-Q4,2025-11,9,79569,51546,875,608,72,76,71,334,100,40,0,161,74.84
2025-11-03,X (Twitter),Short Video,Conversation,Video,2025,2025-Q4,2025-11,15,233485,153206,4624,3144,408,418,339,1155,340,110,129336,157,82.17
2025-11-03,X (Twitter),Text,Conversation,Static,2025,2025-Q4,2025-11,9,47651,30331,417,290,34,39,36,198,65,25,0,152,79.81
2025-11-03,YouTube,Short Video,Video,Video,2025,2025-Q4,2025-11,6,289618,200161,9671,6970,885,742,949,1548,408,180,168791,107,52.75
2025-11-03,Facebook,Image,Community,Static,2025,2025-Q4,2025-11,7,49155,34405,342,233,32,24,25,304,49,17,0,119,39.55
2025-11-03,Facebook,Carousel,Community,Static,2025,2025-Q4,2025-11,7,57905,37602,656,441,57,60,45,273,78,23,0,72,35.56
2025-11-03,Facebook,Short Video,Community,Video,2025,2025-Q4,2025-11,12,158292,99041,1923,1307,162,171,140,696,229,75,85381,125,84.09
2025-11-03,Facebook,Text,Community,Static,2025,2025-Q4,2025-11,7,28724,19727,160,111,16,13,14,163,33,12,0,91,35.48
2025-11-03,Facebook,Story,Community,Ephemeral,2025,2025-Q4,2025-11,13,63506,43481,572,389,54,49,42,352,88,29,0,146,64.82
2025-11-03,Facebook,Long Video,Community,Video,2025,2025-Q4,2025-11,3,23166,13201,172,119,12,20,13,56,38,14,10710,43,30.43
2025-11-10,Instagram,Image,Visual,Static,2025,2025-Q4,2025-11,16,264625,174802,8278,5706,746,829,594,1174,427,137,0,161,104.91
2025-11-10,Instagram,Carousel,Visual,Static,2025,2025-Q4,2025-11,12,269370,181967,12824,8876,1045,1311,1036,1157,376,134,0,173,86.03
2025-11-10,Instagram,Short Video,Visual,Video,2025,2025-Q4,2025-11,17,623235,406232,30203,21703,2585,2530,2830,2948,765,274,356593,237,114.99
2025-11-10,Instagram,Story,Visual,Ephemeral,2025,2025-Q4,2025-11,24,305705,189783,10794,7502,923,977,868,1275,414,146,0,329,178.85
2025-11-10,LinkedIn,Image,Professional,Static,2025,2025-Q4,2025-11,7,71964,50967,1110,768,109,76,97,425,76,27,0,114,48.3
2025-11-10,LinkedIn,Carousel,Professional,Static,2025,2025-Q4,2025-11,7,85874,58577,2240,1501,225,194,151,540,113,38,0,108,48.35
2025-11-10,LinkedIn,Short Video,Professional,Video,2025,2025-Q4,2025-11,13,253508,158480,7522,5112,619,767,544,1033,412,130,157645,138,93.68
2025-11-10,LinkedIn,Text,Professional,Static,2025,2025-Q4,2025-11,6,35853,24965,453,310,42,37,39,211,44,20,0,108,44.41
2025-11-10,TikTok,Short Video,Short Video,Video,2025,2025-Q4,2025-11,18,1093172,802625,68876,48167,7029,5343,4652,6163,1389,396,694674,196,67.92
2025-11-10,TikTok,Story,Short Video,Ephemeral,2025,2025-Q4,2025-11,29,741973,470994,29821,20932,2471,2617,2522,3146,907,331,0,423,212.43
2025-11-10,X (Twitter),Image,Conversation,Static,2025,2025-Q4,2025-11,10,79891,56525,1020,679,102,86,79,532,111,38,0,130,60.34
2025-11-10,X (Twitter),Short Video,Conversation,Video,2025,2025-Q4,2025-11,11,196352,116064,3530,2486,262,347,306,642,279,101,107964,153,88.86
2025-11-10,X (Twitter),Text,Conversation,Static,2025,2025-Q4,2025-11,7,32045,23570,306,207,34,26,21,232,43,15,0,113,44.49
2025-11-10,YouTube,Short Video,Video,Video,2025,2025-Q4,2025-11,7,267785,188293,10000,6722,860,885,687,1345,406,122,148524,70,34.8
2025-11-10,Facebook,Image,Community,Static,2025,2025-Q4,2025-11,10,69109,45527,592,401,51,61,44,316,117,42,0,134,86.39
2025-11-10,Facebook,Carousel,Community,Static,2025,2025-Q4,2025-11,7,70391,42737,761,537,58,72,68,317,93,35,0,101,55.91
2025-11-10,Facebook,Short Video,Community,Video,2025,2025-Q4,2025-11,9,130267,86533,1502,1065,133,124,137,641,187,75,73825,136,70.81
2025-11-10,Facebook,Long Video,Community,Video,2025,2025-Q4,2025-11,1,7496,6041,73,49,9,7,5,72,14,4,5629,7,3.98
2025-11-10,Facebook,Text,Community,Static,2025,2025-Q4,2025-11,7,24704,16496,158,105,15,15,10,146,39,12,0,104,56.31
2025-11-10,Facebook,Story,Community,Ephemeral,2025,2025-Q4,2025-11,12,63637,38933,573,396,45,58,44,239,97,33,0,149,95.37
2025-11-10,LinkedIn,Long Video,Professional,Video,2025,2025-Q4,2025-11,2,24851,14109,406,283,29,42,35,67,39,14,11955,24,16.9
2025-11-17,Instagram,Image,Visual,Static,2025,2025-Q4,2025-11,10,192672,119889,4927,3518,391,407,464,746,245,101,0,160,88.93
2025-11-17,Instagram,Carousel,Visual,Static,2025,2025-Q4,2025-11,7,143701,101035,5562,3765,549,379,446,878,148,59,0,113,36.84
2025-11-17,Instagram,Short Video,Visual,Video,2025,2025-Q4,2025-11,18,524859,330831,24030,16028,2182,2145,1619,3015,699,211,332842,214,106
2025-11-17,Instagram,Story,Visual,Ephemeral,2025,2025-Q4,2025-11,19,225660,154284,7260,4991,677,593,551,1239,273,104,0,342,147.98
2025-11-17,LinkedIn,Image,Professional,Static,2025,2025-Q4,2025-11,9,95511,61565,1746,1198,151,172,134,468,145,49,0,93,60.72
2025-11-17,LinkedIn,Short Video,Professional,Video,2025,2025-Q4,2025-11,10,233020,148998,6734,4826,564,657,604,1041,335,132,128732,158,69.52
2025-11-17,LinkedIn,Text,Professional,Static,2025,2025-Q4,2025-11,7,37427,26128,544,369,53,51,44,241,58,20,0,74,39.64
2025-11-17,TikTok,Short Video,Short Video,Video,2025,2025-Q4,2025-11,23,1294766,788070,81458,55137,6400,8316,5724,5436,2054,645,787625,244,166.27
2025-11-17,TikTok,Story,Short Video,Ephemeral,2025,2025-Q4,2025-11,23,458800,300258,18734,12624,1802,1546,1313,2950,545,166,0,297,123.49
2025-11-17,X (Twitter),Image,Conversation,Static,2025,2025-Q4,2025-11,12,107432,70286,1340,921,116,129,106,511,160,56,0,156,86.73
2025-11-17,X (Twitter),Short Video,Conversation,Video,2025,2025-Q4,2025-11,12,205160,147308,4196,2939,420,347,363,1329,236,84,129369,126,42.22
2025-11-17,X (Twitter),Text,Conversation,Static,2025,2025-Q4,2025-11,9,44578,29607,454,311,39,46,36,181,75,28,0,118,52.48
2025-11-17,YouTube,Short Video,Video,Video,2025,2025-Q4,2025-11,5,226269,135403,6927,4867,524,578,588,786,246,89,127062,75,31.19
2025-11-17,Facebook,Image,Community,Static,2025,2025-Q4,2025-11,10,77715,49191,577,405,44,55,52,301,107,44,0,172,68.83
2025-11-17,Facebook,Carousel,Community,Static,2025,2025-Q4,2025-11,6,56929,40107,675,473,66,57,57,351,60,22,0,78,24.29
2025-11-17,Facebook,Short Video,Community,Video,2025,2025-Q4,2025-11,12,156786,107964,2085,1412,199,185,149,923,230,61,92224,108,56.91
2025-11-17,Facebook,Text,Community,Static,2025,2025-Q4,2025-11,7,32446,21652,191,136,15,18,17,137,40,16,0,118,48.54
2025-11-17,Facebook,Story,Community,Ephemeral,2025,2025-Q4,2025-11,13,72993,49634,664,475,60,55,50,401,91,29,0,159,71.55
2025-11-17,Facebook,Long Video,Community,Video,2025,2025-Q4,2025-11,4,33686,20878,264,181,22,28,20,86,56,20,15546,50,33.93
2025-11-17,LinkedIn,Carousel,Professional,Static,2025,2025-Q4,2025-11,5,66935,45082,2027,1384,184,217,156,337,122,43,0,66,45.8
2025-11-24,Instagram,Image,Visual,Static,2025,2025-Q4,2025-11,12,213234,151942,6201,4276,622,504,482,1360,287,96,0,145,60.22
2025-11-24,Instagram,Carousel,Visual,Static,2025,2025-Q4,2025-11,11,230091,150601,10856,7343,951,1093,835,1147,376,129,0,136,81.77
2025-11-24,Instagram,Short Video,Visual,Video,2025,2025-Q4,2025-11,19,647266,408845,31834,22020,2840,3234,2577,3072,1018,364,370382,266,163.65
2025-11-24,Instagram,Story,Visual,Ephemeral,2025,2025-Q4,2025-11,23,253240,177847,9699,6466,921,932,686,1542,410,143,0,320,176.04
2025-11-24,LinkedIn,Image,Professional,Static,2025,2025-Q4,2025-11,9,113938,71299,1591,1140,127,134,152,432,160,68,0,152,83.85
2025-11-24,LinkedIn,Carousel,Professional,Static,2025,2025-Q4,2025-11,4,53066,38841,1359,864,141,100,114,377,65,24,0,54,20.73
2025-11-24,LinkedIn,Short Video,Professional,Video,2025,2025-Q4,2025-11,11,198480,123125,5328,3534,478,471,348,1288,253,74,125749,122,59.52
2025-11-24,LinkedIn,Text,Professional,Static,2025,2025-Q4,2025-11,6,40771,25470,476,337,39,39,43,156,45,18,0,96,52.13
2025-11-24,TikTok,Short Video,Short Video,Video,2025,2025-Q4,2025-11,22,1413810,906486,86276,61245,7257,8026,7658,6383,1934,754,786190,326,180.42
2025-11-24,TikTok,Story,Short Video,Ephemeral,2025,2025-Q4,2025-11,29,641382,410828,29904,20440,2737,3084,2275,3118,1042,363,0,373,243.97
2025-11-24,X (Twitter),Image,Conversation,Static,2025,2025-Q4,2025-11,7,62994,43594,646,465,61,43,61,343,73,28,0,110,54.64
2025-11-24,X (Twitter),Short Video,Conversation,Video,2025,2025-Q4,2025-11,16,256832,156584,5197,3546,408,535,363,1198,407,130,149173,172,117.37
2025-11-24,X (Twitter),Text,Conversation,Static,2025,2025-Q4,2025-11,8,37899,25005,314,219,27,25,29,182,44,18,0,138,65.4
2025-11-24,YouTube,Short Video,Video,Video,2025,2025-Q4,2025-11,7,302630,210891,10596,7451,1014,865,933,1773,377,139,186216,97,39.98
2025-11-24,Facebook,Image,Community,Static,2025,2025-Q4,2025-11,8,51436,39068,442,302,49,36,33,405,75,24,0,105,44.63
2025-11-24,Facebook,Carousel,Community,Static,2025,2025-Q4,2025-11,7,58528,37541,714,477,65,71,50,293,90,30,0,90,52.8
2025-11-24,Facebook,Short Video,Community,Video,2025,2025-Q4,2025-11,11,158977,92995,1894,1325,139,183,152,581,214,74,92733,144,82.57
2025-11-24,Facebook,Text,Community,Static,2025,2025-Q4,2025-11,7,25777,18739,153,101,15,12,13,180,31,10,0,105,38.61
2025-11-24,Facebook,Story,Community,Ephemeral,2025,2025-Q4,2025-11,15,68199,42240,610,402,52,59,38,356,100,29,0,175,98.36
2025-11-24,LinkedIn,Long Video,Professional,Video,2025,2025-Q4,2025-11,1,13972,8219,234,165,17,26,21,44,24,8,7046,13,9.74
2025-11-24,Facebook,Long Video,Community,Video,2025,2025-Q4,2025-11,1,7940,4530,61,43,4,6,5,22,12,5,3845,12,8.52
2025-12-01,Instagram,Image,Visual,Static,2025,2025-Q4,2025-12,13,231833,146002,6481,4429,552,628,473,1008,381,125,0,145,101.1
2025-12-01,Instagram,Carousel,Visual,Static,2025,2025-Q4,2025-12,10,231242,141909,9353,6620,723,875,848,846,287,116,0,165,93.11
2025-12-01,Instagram,Short Video,Visual,Video,2025,2025-Q4,2025-12,17,560882,389695,27179,18838,2596,1807,2190,3374,548,187,341080,313,103.93
2025-12-01,Instagram,Story,Visual,Ephemeral,2025,2025-Q4,2025-12,22,297483,195813,10445,7315,771,859,902,1073,364,139,0,352,154.5
2025-12-01,LinkedIn,Image,Professional,Static,2025,2025-Q4,2025-12,7,80683,56067,1329,917,125,104,105,472,98,33,0,93,33.7
2025-12-01,LinkedIn,Carousel,Professional,Static,2025,2025-Q4,2025-12,7,89058,59648,2425,1653,219,229,180,485,136,44,0,83,46.52
2025-12-01,LinkedIn,Short Video,Professional,Video,2025,2025-Q4,2025-12,12,256693,160877,7324,5043,639,728,568,1156,378,132,142954,161,95.24
2025-12-01,LinkedIn,Text,Professional,Static,2025,2025-Q4,2025-12,7,47005,34114,609,430,62,45,51,303,66,25,0,105,48.32
2025-12-01,TikTok,Short Video,Short Video,Video,2025,2025-Q4,2025-12,22,1219059,804502,72822,49492,7105,6148,4467,8116,1560,427,837196,305,133.59
2025-12-01,TikTok,Story,Short Video,Ephemeral,2025,2025-Q4,2025-12,24,555263,373333,21707,15157,1928,1660,1805,2776,614,247,0,387,154.33
2025-12-01,X (Twitter),Image,Conversation,Static,2025,2025-Q4,2025-12,10,90444,56960,1064,725,90,100,81,398,129,42,0,111,65.31
2025-12-01,X (Twitter),Short Video,Conversation,Video,2025,2025-Q4,2025-12,15,271632,172013,5316,3754,439,499,454,1133,380,143,145462,214,123.84
2025-12-01,X (Twitter),Text,Conversation,Static,2025,2025-Q4,2025-12,8,37877,25438,359,248,32,32,29,208,53,18,0,102,52.13
2025-12-01,YouTube,Short Video,Video,Video,2025,2025-Q4,2025-12,7,267412,171720,9945,6656,847,993,658,1386,427,130,171357,70,45.05
2025-12-01,Facebook,Image,Community,Static,2025,2025-Q4,2025-12,10,76352,46641,551,378,43,50,43,283,98,34,0,126,76.14
2025-12-01,Facebook,Carousel,Community,Static,2025,2025-Q4,2025-12,5,46643,29813,528,368,43,51,44,185,67,26,0,86,46.11
2025-12-01,Facebook,Short Video,Community,Video,2025,2025-Q4,2025-12,11,146231,102492,1919,1320,183,162,148,865,195,65,90010,126,57.79
2025-12-01,Facebook,Long Video,Community,Video,2025,2025-Q4,2025-12,1,8548,4690,56,39,4,6,4,20,12,4,3927,11,7.28
2025-12-01,Facebook,Story,Community,Ephemeral,2025,2025-Q4,2025-12,15,86838,54005,759,535,64,76,66,374,126,49,0,232,136.84
2025-12-01,Facebook,Text,Community,Static,2025,2025-Q4,2025-12,6,23095,15350,151,102,13,16,11,123,37,13,0,61,38.39
2025-12-01,LinkedIn,Long Video,Professional,Video,2025,2025-Q4,2025-12,1,12866,7703,223,159,17,25,18,44,23,8,6641,14,10.81
2025-12-08,Instagram,Image,Visual,Static,2025,2025-Q4,2025-12,10,204106,138545,5763,4151,519,479,429,1061,259,82,0,122,55.16
2025-12-08,Instagram,Carousel,Visual,Static,2025,2025-Q4,2025-12,8,183658,138681,8381,5788,904,671,666,1046,260,85,0,99,39.17
2025-12-08,Instagram,Short Video,Visual,Video,2025,2025-Q4,2025-12,21,636916,454231,35779,23984,3159,3549,2479,3366,1103,365,364790,244,146.23
2025-12-08,Instagram,Story,Visual,Ephemeral,2025,2025-Q4,2025-12,17,190434,140440,6373,4389,664,485,495,1339,243,79,0,222,83.52
2025-12-08,LinkedIn,Image,Professional,Static,2025,2025-Q4,2025-12,8,92375,56981,1542,1060,126,158,119,368,151,52,0,89,62.76
2025-12-08,LinkedIn,Carousel,Professional,Static,2025,2025-Q4,2025-12,5,70627,43432,1708,1212,135,155,156,261,91,37,0,85,43.23
2025-12-08,LinkedIn,Short Video,Professional,Video,2025,2025-Q4,2025-12,10,207298,143565,5857,4011,559,476,446,1195,261,95,125344,179,80.16
2025-12-08,TikTok,Short Video,Short Video,Video,2025,2025-Q4,2025-12,26,1604104,1043139,97740,67108,8479,9142,7588,7413,2226,773,859823,356,182.56
2025-12-08,TikTok,Story,Short Video,Ephemeral,2025,2025-Q4,2025-12,27,529160,363137,24438,16372,2281,2225,1818,3086,786,258,0,339,171.15
2025-12-08,X (Twitter),Image,Conversation,Static,2025,2025-Q4,2025-12,10,100341,60055,1027,727,77,93,92,338,144,57,0,144,85.26
2025-12-08,X (Twitter),Short Video,Conversation,Video,2025,2025-Q4,2025-12,13,204152,135928,3872,2620,406,312,278,1342,247,78,138458,178,74.36
2025-12-08,X (Twitter),Text,Conversation,Static,2025,2025-Q4,2025-12,9,49718,30908,437,306,35,41,36,193,71,28,0,133,88.5
2025-12-08,YouTube,Short Video,Video,Video,2025,2025-Q4,2025-12,5,246259,158295,8552,5849,721,777,660,1097,337,119,132305,84,45.63
2025-12-08,Facebook,Image,Community,Static,2025,2025-Q4,2025-12,8,64295,42419,450,323,39,35,42,308,82,35,0,137,77.28
2025-12-08,Facebook,Carousel,Community,Static,2025,2025-Q4,2025-12,7,62580,46037,734,496,78,57,56,454,80,32,0,113,44.54
2025-12-08,Facebook,Short Video,Community,Video,2025,2025-Q4,2025-12,14,176486,112492,2340,1561,211,229,152,1003,271,80,110400,135,85.46
2025-12-08,Facebook,Text,Community,Static,2025,2025-Q4,2025-12,7,29881,19701,160,114,15,12,15,136,32,14,0,140,69.25
2025-12-08,Facebook,Story,Community,Ephemeral,2025,2025-Q4,2025-12,11,54464,39632,495,334,52,39,35,381,67,23,0,192,74.52
2025-12-08,LinkedIn,Text,Professional,Static,2025,2025-Q4,2025-12,6,35185,23205,497,334,46,47,34,184,54,15,0,53,33.6
2025-12-08,Facebook,Long Video,Community,Video,2025,2025-Q4,2025-12,2,18311,10443,130,91,9,13,10,50,28,9,8862,24,17.07
2025-12-15,Instagram,Image,Visual,Static,2025,2025-Q4,2025-12,14,234969,153078,6683,4504,575,586,462,1245,320,97,0,146,72.85
2025-12-15,Instagram,Carousel,Visual,Static,2025,2025-Q4,2025-12,9,211478,128834,8451,5806,677,759,642,824,335,116,0,103,71.92
2025-12-15,Instagram,Short Video,Visual,Video,2025,2025-Q4,2025-12,16,555587,343567,25318,17593,1932,2428,2247,2005,735,291,281170,269,135.89
2025-12-15,Instagram,Story,Visual,Ephemeral,2025,2025-Q4,2025-12,24,298519,191929,10167,6889,892,962,731,1461,431,135,0,241,158.06
2025-12-15,LinkedIn,Image,Professional,Static,2025,2025-Q4,2025-12,8,106121,69035,1829,1319,155,172,177,498,149,62,0,131,57.09
2025-12-15,LinkedIn,Carousel,Professional,Static,2025,2025-Q4,2025-12,6,96056,72308,2583,1825,275,203,227,712,133,51,0,68,26.12
2025-12-15,LinkedIn,Short Video,Professional,Video,2025,2025-Q4,2025-12,13,250142,178665,8187,5464,798,785,580,1618,412,131,142951,141,82.59
2025-12-15,LinkedIn,Text,Professional,Static,2025,2025-Q4,2025-12,6,47794,31694,555,407,50,49,59,227,57,21,0,96,37.52
2025-12-15,TikTok,Short Video,Short Video,Video,2025,2025-Q4,2025-12,18,1067787,729502,63075,43376,5879,5104,4881,5723,1306,536,624004,309,135.66
2025-12-15,TikTok,Story,Short Video,Ephemeral,2025,2025-Q4,2025-12,25,602370,374439,25423,17683,2056,2425,2129,2426,823,309,0,349,186.68
2025-12-15,X (Twitter),Image,Conversation,Static,2025,2025-Q4,2025-12,8,78812,57391,946,657,98,80,78,538,101,38,0,93,31.03
2025-12-15,X (Twitter),Short Video,Conversation,Video,2025,2025-Q4,2025-12,16,282570,181413,6117,4193,547,643,478,1190,476,169,148267,214,112.49
2025-12-15,X (Twitter),Text,Conversation,Static,2025,2025-Q4,2025-12,7,41264,29379,357,255,35,27,28,249,53,17,0,101,41.69
2025-12-15,YouTube,Short Video,Video,Video,2025,2025-Q4,2025-12,7,281722,195912,9657,6561,999,764,701,1886,344,118,187593,115,44.55
2025-12-15,Facebook,Image,Community,Static,2025,2025-Q4,2025-12,9,70861,47362,549,379,50,49,44,375,104,32,0,88,46.37
2025-12-15,Facebook,Short Video,Community,Video,2025,2025-Q4,2025-12,11,178202,111901,2297,1624,184,229,206,701,216,76,93175,175,84.82
2025-12-15,Facebook,Text,Community,Static,2025,2025-Q4,2025-12,7,29388,21368,185,128,20,15,13,170,43,13,0,79,36.2
2025-12-15,Facebook,Story,Community,Ephemeral,2025,2025-Q4,2025-12,17,88535,60698,934,636,79,87,70,418,132,44,0,200,107.14
2025-12-15,LinkedIn,Long Video,Professional,Video,2025,2025-Q4,2025-12,3,45603,27810,819,576,64,94,68,169,84,31,23303,45,24.76
2025-12-15,Facebook,Carousel,Community,Static,2025,2025-Q4,2025-12,6,55304,37303,724,492,66,75,55,239,94,32,0,69,35.12
2025-12-22,Instagram,Image,Visual,Static,2025,2025-Q4,2025-12,13,263040,158169,7509,5258,613,769,619,1173,399,144,0,182,117.83
2025-12-22,Instagram,Carousel,Visual,Static,2025,2025-Q4,2025-12,8,209410,137876,8076,5802,704,726,782,971,297,126,0,134,70.67
2025-12-22,Instagram,Short Video,Visual,Video,2025,2025-Q4,2025-12,16,504034,376089,25316,17299,2717,1980,2077,3678,678,239,332980,229,91.28
2025-12-22,Instagram,Story,Visual,Ephemeral,2025,2025-Q4,2025-12,18,270566,173542,8348,6031,696,697,827,1174,363,159,0,315,182.59
2025-12-22,LinkedIn,Image,Professional,Static,2025,2025-Q4,2025-12,7,73432,47206,1215,812,104,105,83,379,96,29,0,68,33.05
2025-12-22,LinkedIn,Short Video,Professional,Video,2025,2025-Q4,2025-12,10,222520,133635,5661,3971,424,509,493,745,264,102,110813,155,73.04
2025-12-22,LinkedIn,Text,Professional,Static,2025,2025-Q4,2025-12,7,43388,29043,558,382,50,46,42,222,53,17,0,83,33.74
2025-12-22,TikTok,Short Video,Short Video,Video,2025,2025-Q4,2025-12,24,1324101,923014,92008,61325,8855,8800,7035,8189,2068,702,816685,316,167.82
2025-12-22,TikTok,Story,Short Video,Ephemeral,2025,2025-Q4,2025-12,20,484095,349375,20070,14262,2036,1470,1817,3168,578,225,0,326,138.21
2025-12-22,X (Twitter),Image,Conversation,Static,2025,2025-Q4,2025-12,11,102583,60890,1203,819,92,123,88,341,158,50,0,116,78.97
2025-12-22,X (Twitter),Short Video,Conversation,Video,2025,2025-Q4,2025-12,11,183445,124282,3449,2351,304,288,276,949,232,92,105900,181,83.17
2025-12-22,X (Twitter),Text,Conversation,Static,2025,2025-Q4,2025-12,8,39598,24857,346,232,28,34,23,168,62,18,0,75,49.26
2025-12-22,Facebook,Image,Community,Static,2025,2025-Q4,2025-12,8,69542,41226,465,328,35,44,42,231,95,36,0,114,60.68
2025-12-22,Facebook,Carousel,Community,Static,2025,2025-Q4,2025-12,5,49794,34139,539,385,50,43,49,276,59,24,0,86,36.37
2025-12-22,Facebook,Short Video,Community,Video,2025,2025-Q4,2025-12,12,151590,105193,1894,1255,199,152,120,1033,184,59,102085,186,73.53
2025-12-22,Facebook,Long Video,Community,Video,2025,2025-Q4,2025-12,3,28146,16052,200,138,15,21,15,78,45,15,16164,37,26.35
2025-12-22,Facebook,Text,Community,Static,2025,2025-Q4,2025-12,6,27213,16979,150,105,12,13,12,110,39,14,0,79,44.89
2025-12-22,Facebook,Story,Community,Ephemeral,2025,2025-Q4,2025-12,12,64181,41033,550,379,43,51,46,264,83,34,0,219,105.78
2025-12-22,LinkedIn,Carousel,Professional,Static,2025,2025-Q4,2025-12,6,84535,52240,1992,1342,166,193,136,355,129,40,0,57,37.34
2025-12-22,YouTube,Short Video,Video,Video,2025,2025-Q4,2025-12,6,249401,171476,10409,7056,979,1092,766,1418,439,149,146094,70,47.43
2025-12-22,LinkedIn,Long Video,Professional,Video,2025,2025-Q4,2025-12,1,14102,8739,261,182,21,30,22,55,27,10,6830,16,13.09
2025-12-29,Instagram,Image,Visual,Static,2025,2025-Q4,2025-12,6,88520,67418,2909,1863,307,246,152,679,130,31,0,39,17.06
2025-12-29,Instagram,Carousel,Visual,Static,2025,2025-Q4,2025-12,4,97004,59613,4195,2826,348,414,271,237,150,44,0,41,26.9
2025-12-29,Instagram,Short Video,Visual,Video,2025,2025-Q4,2025-12,9,349060,203389,17120,12003,1227,1835,1488,1027,515,202,171537,146,105.86
2025-12-29,Instagram,Story,Visual,Ephemeral,2025,2025-Q4,2025-12,9,115154,82281,4317,2875,347,401,267,527,191,50,0,75,45.25
2025-12-29,LinkedIn,Image,Professional,Static,2025,2025-Q4,2025-12,4,60125,38225,953,693,79,87,90,260,77,31,0,67,33.58
2025-12-29,LinkedIn,Carousel,Professional,Static,2025,2025-Q4,2025-12,3,50963,36294,1239,891,119,90,121,298,61,27,0,51,15.07
2025-12-29,LinkedIn,Short Video,Professional,Video,2025,2025-Q4,2025-12,5,98083,77117,3256,2148,371,279,199,873,161,41,71472,29,15.37
2025-12-29,LinkedIn,Long Video,Professional,Video,2025,2025-Q4,2025-12,1,13687,8182,236,162,18,26,19,34,24,9,6290,14,10.78
2025-12-29,LinkedIn,Text,Professional,Static,2025,2025-Q4,2025-12,3,24130,15016,321,231,25,31,30,96,35,13,0,48,27.79
2025-12-29,TikTok,Short Video,Short Video,Video,2025,2025-Q4,2025-12,6,481088,327062,24081,17511,2231,1471,2452,2361,417,193,265801,120,34.84
2025-12-29,TikTok,Story,Short Video,Ephemeral,2025,2025-Q4,2025-12,15,384205,217278,14092,9796,973,1247,1176,1023,586,224,0,195,137.68
2025-12-29,X (Twitter),Image,Conversation,Static,2025,2025-Q4,2025-12,3,32796,22378,353,254,34,24,34,183,31,13,0,47,13.61
2025-12-29,X (Twitter),Short Video,Conversation,Video,2025,2025-Q4,2025-12,8,141744,85188,2915,1979,234,301,216,545,217,72,73530,96,60.31
2025-12-29,X (Twitter),Text,Conversation,Static,2025,2025-Q4,2025-12,3,21201,14522,173,130,15,12,19,113,19,10,0,68,18.06
2025-12-29,YouTube,Short Video,Video,Video,2025,2025-Q4,2025-12,3,131262,94461,4327,2719,435,304,401,881,149,75,85741,48,17.74
2025-12-29,Facebook,Image,Community,Static,2025,2025-Q4,2025-12,3,17974,14060,159,102,18,13,8,144,29,7,0,17,8.44
2025-12-29,Facebook,Carousel,Community,Static,2025,2025-Q4,2025-12,3,29418,18314,343,232,30,33,25,131,44,13,0,27,16.78
2025-12-29,Facebook,Short Video,Community,Video,2025,2025-Q4,2025-12,5,81858,50633,1068,745,81,113,90,263,130,50,39541,79,52.6
2025-12-29,Facebook,Text,Community,Static,2025,2025-Q4,2025-12,3,13036,9888,83,57,8,7,6,93,18,6,0,35,15.61
2025-12-29,Facebook,Story,Community,Ephemeral,2025,2025-Q4,2025-12,7,36910,25005,366,245,35,36,25,221,56,17,0,65,38.48
