Cohort Month,Cohort Label,Channel,Channel Type,Month Index,Cohort Size,Customers Retained,Retention,Cohort Revenue
2024-01-01,2024-01,Paid Search,Paid,0,1095,1095,1.0,37747.44
2024-01-01,2024-01,Paid Search,Paid,1,1095,917,0.84,26944.54
2024-01-01,2024-01,Paid Search,Paid,2,1095,780,0.71,23803.72
2024-01-01,2024-01,Paid Search,Paid,3,1095,636,0.58,20904.31
2024-01-01,2024-01,Paid Search,Paid,4,1095,567,0.52,19279.49
2024-01-01,2024-01,Paid Search,Paid,5,1095,519,0.47,15006.08
2024-01-01,2024-01,Paid Search,Paid,6,1095,479,0.44,14392.84
2024-01-01,2024-01,Paid Search,Paid,7,1095,435,0.4,14093.35
2024-01-01,2024-01,Paid Search,Paid,8,1095,415,0.38,13916.08
2024-01-01,2024-01,Paid Search,Paid,9,1095,401,0.37,11405.86
2024-01-01,2024-01,Paid Search,Paid,10,1095,389,0.36,11979.01
2024-01-01,2024-01,Paid Search,Paid,11,1095,376,0.34,12005.15
2024-01-01,2024-01,Paid Search,Paid,12,1095,370,0.34,12683.38
2024-01-01,2024-01,Paid Search,Paid,13,1095,365,0.33,10210.38
2024-01-01,2024-01,Paid Search,Paid,14,1095,362,0.33,10977.45
2024-01-01,2024-01,Paid Search,Paid,15,1095,359,0.33,11293.66
2024-01-01,2024-01,Paid Search,Paid,16,1095,356,0.33,12036.18
2024-01-01,2024-01,Paid Search,Paid,17,1095,355,0.32,9763.82
2024-01-01,2024-01,Paid Search,Paid,18,1095,354,0.32,10568.51
2024-01-01,2024-01,Paid Search,Paid,19,1095,353,0.32,10939.03
2024-01-01,2024-01,Paid Search,Paid,20,1095,352,0.32,11735.53
2024-01-01,2024-01,Paid Search,Paid,21,1095,352,0.32,12134.78
2024-01-01,2024-01,Paid Search,Paid,22,1095,351,0.32,10314.0
2024-01-01,2024-01,Paid Search,Paid,23,1095,351,0.32,10712.12
2024-01-01,2024-01,Paid Social,Paid,0,1014,1014,1.0,29615.92
2024-01-01,2024-01,Paid Social,Paid,1,1014,760,0.75,18828.63
2024-01-01,2024-01,Paid Social,Paid,2,1014,615,0.61,15843.87
2024-01-01,2024-01,Paid Social,Paid,3,1014,471,0.46,13098.45
2024-01-01,2024-01,Paid Social,Paid,4,1014,403,0.4,11605.49
2024-01-01,2024-01,Paid Social,Paid,5,1014,358,0.35,8722.75
2024-01-01,2024-01,Paid Social,Paid,6,1014,324,0.32,8214.41
2024-01-01,2024-01,Paid Social,Paid,7,1014,301,0.3,8247.58
2024-01-01,2024-01,Paid Social,Paid,8,1014,278,0.27,7891.99
2024-01-01,2024-01,Paid Social,Paid,9,1014,268,0.26,6420.2
2024-01-01,2024-01,Paid Social,Paid,10,1014,261,0.26,6510.34
2024-01-01,2024-01,Paid Social,Paid,11,1014,256,0.25,6909.78
2024-01-01,2024-01,Paid Social,Paid,12,1014,251,0.25,7022.78
2024-01-01,2024-01,Paid Social,Paid,13,1014,249,0.25,7476.64
2024-01-01,2024-01,Paid Social,Paid,14,1014,247,0.24,6060.03
2024-01-01,2024-01,Paid Social,Paid,15,1014,246,0.24,6539.18
2024-01-01,2024-01,Paid Social,Paid,16,1014,245,0.24,6754.63
2024-01-01,2024-01,Paid Social,Paid,17,1014,245,0.24,7256.26
2024-01-01,2024-01,Paid Social,Paid,18,1014,244,0.24,6145.11
2024-01-01,2024-01,Paid Social,Paid,19,1014,244,0.24,6386.15
2024-01-01,2024-01,Paid Social,Paid,20,1014,244,0.24,6885.74
2024-01-01,2024-01,Paid Social,Paid,21,1014,244,0.24,7126.78
2024-01-01,2024-01,Paid Social,Paid,22,1014,244,0.24,6045.25
2024-01-01,2024-01,Paid Social,Paid,23,1014,243,0.24,6260.53
2024-01-01,2024-01,Content / SEO,Organic,0,1062,1062,1.0,37966.32
2024-01-01,2024-01,Content / SEO,Organic,1,1062,918,0.86,27694.36
2024-01-01,2024-01,Content / SEO,Organic,2,1062,843,0.79,26480.43
2024-01-01,2024-01,Content / SEO,Organic,3,1062,771,0.73,26206.64
2024-01-01,2024-01,Content / SEO,Organic,4,1062,676,0.64,23818.48
2024-01-01,2024-01,Content / SEO,Organic,5,1062,634,0.6,23973.29
2024-01-01,2024-01,Content / SEO,Organic,6,1062,603,0.57,18630.74
2024-01-01,2024-01,Content / SEO,Organic,7,1062,573,0.54,19181.21
2024-01-01,2024-01,Content / SEO,Organic,8,1062,551,0.52,19130.2
2024-01-01,2024-01,Content / SEO,Organic,9,1062,519,0.49,19357.34
2024-01-01,2024-01,Content / SEO,Organic,10,1062,504,0.47,15312.21
2024-01-01,2024-01,Content / SEO,Organic,11,1062,493,0.46,16249.12
2024-01-01,2024-01,Content / SEO,Organic,12,1062,483,0.45,16520.37
2024-01-01,2024-01,Content / SEO,Organic,13,1062,470,0.44,17287.53
2024-01-01,2024-01,Content / SEO,Organic,14,1062,464,0.44,17644.06
2024-01-01,2024-01,Content / SEO,Organic,15,1062,459,0.43,14891.93
2024-01-01,2024-01,Content / SEO,Organic,16,1062,455,0.43,15328.17
2024-01-01,2024-01,Content / SEO,Organic,17,1062,450,0.42,16319.97
2024-01-01,2024-01,Content / SEO,Organic,18,1062,447,0.42,16767.24
2024-01-01,2024-01,Content / SEO,Organic,19,1062,445,0.42,14208.37
2024-01-01,2024-01,Content / SEO,Organic,20,1062,443,0.42,14695.6
2024-01-01,2024-01,Content / SEO,Organic,21,1062,441,0.42,15766.29
2024-01-01,2024-01,Content / SEO,Organic,22,1062,440,0.41,16277.89
2024-01-01,2024-01,Content / SEO,Organic,23,1062,439,0.41,13790.54
2024-01-01,2024-01,Email,Owned,0,500,500,1.0,19402.6
2024-01-01,2024-01,Email,Owned,1,500,440,0.88,18342.21
2024-01-01,2024-01,Email,Owned,2,500,413,0.83,14024.32
2024-01-01,2024-01,Email,Owned,3,500,385,0.77,14182.95
2024-01-01,2024-01,Email,Owned,4,500,365,0.73,13953.65
2024-01-01,2024-01,Email,Owned,5,500,327,0.65,13443.24
2024-01-01,2024-01,Email,Owned,6,500,315,0.63,13387.87
2024-01-01,2024-01,Email,Owned,7,500,302,0.6,10951.37
2024-01-01,2024-01,Email,Owned,8,500,292,0.58,10994.72
2024-01-01,2024-01,Email,Owned,9,500,283,0.57,11471.35
2024-01-01,2024-01,Email,Owned,10,500,269,0.54,11277.87
2024-01-01,2024-01,Email,Owned,11,500,263,0.53,9385.63
2024-01-01,2024-01,Email,Owned,12,500,259,0.52,9602.98
2024-01-01,2024-01,Email,Owned,13,500,254,0.51,10149.53
2024-01-01,2024-01,Email,Owned,14,500,248,0.5,10254.59
2024-01-01,2024-01,Email,Owned,15,500,245,0.49,8602.14
2024-01-01,2024-01,Email,Owned,16,500,243,0.49,8869.77
2024-01-01,2024-01,Email,Owned,17,500,240,0.48,9451.87
2024-01-01,2024-01,Email,Owned,18,500,238,0.48,9704.0
2024-01-01,2024-01,Email,Owned,19,500,237,0.47,8184.74
2024-01-01,2024-01,Email,Owned,20,500,236,0.47,8478.33
2024-01-01,2024-01,Email,Owned,21,500,235,0.47,9119.59
2024-01-01,2024-01,Email,Owned,22,500,234,0.47,9406.12
2024-01-01,2024-01,Email,Owned,23,500,233,0.47,7912.39
2024-01-01,2024-01,Referral,Earned,0,447,447,1.0,18603.41
2024-01-01,2024-01,Referral,Earned,1,447,401,0.9,17305.18
2024-01-01,2024-01,Referral,Earned,2,447,384,0.86,17794.58
2024-01-01,2024-01,Referral,Earned,3,447,365,0.82,14397.43
2024-01-01,2024-01,Referral,Earned,4,447,351,0.79,14384.58
2024-01-01,2024-01,Referral,Earned,5,447,336,0.75,14840.01
2024-01-01,2024-01,Referral,Earned,6,447,311,0.7,14213.75
2024-01-01,2024-01,Referral,Earned,7,447,301,0.67,11681.32
2024-01-01,2024-01,Referral,Earned,8,447,294,0.66,11861.45
2024-01-01,2024-01,Referral,Earned,9,447,286,0.64,12449.59
2024-01-01,2024-01,Referral,Earned,10,447,274,0.61,12348.29
2024-01-01,2024-01,Referral,Earned,11,447,268,0.6,10230.02
2024-01-01,2024-01,Referral,Earned,12,447,265,0.59,10522.73
2024-01-01,2024-01,Referral,Earned,13,447,261,0.58,11195.17
2024-01-01,2024-01,Referral,Earned,14,447,254,0.57,11285.24
2024-01-01,2024-01,Referral,Earned,15,447,251,0.56,9421.3
2024-01-01,2024-01,Referral,Earned,16,447,249,0.56,9728.87
2024-01-01,2024-01,Referral,Earned,17,447,247,0.55,10437.41
2024-01-01,2024-01,Referral,Earned,18,447,244,0.55,10685.6
2024-01-01,2024-01,Referral,Earned,19,447,242,0.54,11368.78
2024-01-01,2024-01,Referral,Earned,20,447,241,0.54,9262.86
2024-01-01,2024-01,Referral,Earned,21,447,240,0.54,9988.82
2024-01-01,2024-01,Referral,Earned,22,447,238,0.53,10271.31
2024-01-01,2024-01,Referral,Earned,23,447,238,0.53,11029.34
2024-01-01,2024-01,Outbound,Sales-led,0,300,300,1.0,27666.36
2024-01-01,2024-01,Outbound,Sales-led,1,300,268,0.89,25656.62
2024-01-01,2024-01,Outbound,Sales-led,2,300,221,0.74,22766.01
2024-01-01,2024-01,Outbound,Sales-led,3,300,200,0.67,21305.21
2024-01-01,2024-01,Outbound,Sales-led,4,300,184,0.61,16700.94
2024-01-01,2024-01,Outbound,Sales-led,5,300,170,0.57,16027.34
2024-01-01,2024-01,Outbound,Sales-led,6,300,153,0.51,15538.44
2024-01-01,2024-01,Outbound,Sales-led,7,300,145,0.48,15235.27
2024-01-01,2024-01,Outbound,Sales-led,8,300,140,0.47,12503.51
2024-01-01,2024-01,Outbound,Sales-led,9,300,134,0.45,12943.16
2024-01-01,2024-01,Outbound,Sales-led,10,300,128,0.43,12813.21
2024-01-01,2024-01,Outbound,Sales-led,11,300,125,0.42,13422.89
2024-01-01,2024-01,Outbound,Sales-led,12,300,123,0.41,10806.24
2024-01-01,2024-01,Outbound,Sales-led,13,300,121,0.4,11511.4
2024-01-01,2024-01,Outbound,Sales-led,14,300,119,0.4,11739.11
2024-01-01,2024-01,Outbound,Sales-led,15,300,118,0.39,12499.5
2024-01-01,2024-01,Outbound,Sales-led,16,300,117,0.39,10108.84
2024-01-01,2024-01,Outbound,Sales-led,17,300,117,0.39,10960.6
2024-01-01,2024-01,Outbound,Sales-led,18,300,116,0.39,11274.36
2024-01-01,2024-01,Outbound,Sales-led,19,300,116,0.39,12118.84
2024-01-01,2024-01,Outbound,Sales-led,20,300,115,0.38,9768.7
2024-01-01,2024-01,Outbound,Sales-led,21,300,115,0.38,10605.89
2024-01-01,2024-01,Outbound,Sales-led,22,300,115,0.38,11009.82
2024-01-01,2024-01,Outbound,Sales-led,23,300,115,0.38,11847.02
2024-01-01,2024-01,Marketplace,Partner,0,533,533,1.0,12397.07
2024-01-01,2024-01,Marketplace,Partner,1,533,432,0.81,10443.06
2024-01-01,2024-01,Marketplace,Partner,2,533,327,0.61,8524.75
2024-01-01,2024-01,Marketplace,Partner,3,533,278,0.52,7501.62
2024-01-01,2024-01,Marketplace,Partner,4,533,244,0.46,5582.74
2024-01-01,2024-01,Marketplace,Partner,5,533,217,0.41,5163.47
2024-01-01,2024-01,Marketplace,Partner,6,533,190,0.36,4881.21
2024-01-01,2024-01,Marketplace,Partner,7,533,178,0.33,4735.74
2024-01-01,2024-01,Marketplace,Partner,8,533,169,0.32,3802.69
2024-01-01,2024-01,Marketplace,Partner,9,533,163,0.31,3816.78
2024-01-01,2024-01,Marketplace,Partner,10,533,158,0.3,3999.24
2024-01-01,2024-01,Marketplace,Partner,11,533,153,0.29,4012.63
2024-01-01,2024-01,Marketplace,Partner,12,533,150,0.28,3318.32
2024-01-01,2024-01,Marketplace,Partner,13,533,149,0.28,3432.49
2024-01-01,2024-01,Marketplace,Partner,14,533,147,0.28,3665.1
2024-01-01,2024-01,Marketplace,Partner,15,533,146,0.27,3773.72
2024-01-01,2024-01,Marketplace,Partner,16,533,146,0.27,4050.51
2024-01-01,2024-01,Marketplace,Partner,17,533,145,0.27,3427.66
2024-01-01,2024-01,Marketplace,Partner,18,533,145,0.27,3560.29
2024-01-01,2024-01,Marketplace,Partner,19,533,145,0.27,3835.18
2024-01-01,2024-01,Marketplace,Partner,20,533,144,0.27,3940.45
2024-01-01,2024-01,Marketplace,Partner,21,533,144,0.27,3349.45
2024-01-01,2024-01,Marketplace,Partner,22,533,144,0.27,3481.17
2024-01-01,2024-01,Marketplace,Partner,23,533,144,0.27,3754.16
2024-02-01,2024-02,Paid Search,Paid,0,1101,1101,1.0,31372.7
2024-02-01,2024-02,Paid Search,Paid,1,1101,925,0.84,28532.13
2024-02-01,2024-02,Paid Search,Paid,2,1101,731,0.66,23377.21
2024-02-01,2024-02,Paid Search,Paid,3,1101,641,0.58,22005.91
2024-02-01,2024-02,Paid Search,Paid,4,1101,577,0.52,16170.32
2024-02-01,2024-02,Paid Search,Paid,5,1101,523,0.48,15886.46
2024-02-01,2024-02,Paid Search,Paid,6,1101,485,0.44,15282.28
2024-02-01,2024-02,Paid Search,Paid,7,1101,438,0.4,14830.98
2024-02-01,2024-02,Paid Search,Paid,8,1101,419,0.38,11545.51
2024-02-01,2024-02,Paid Search,Paid,9,1101,403,0.37,12052.01
2024-02-01,2024-02,Paid Search,Paid,10,1101,392,0.36,12167.66
2024-02-01,2024-02,Paid Search,Paid,11,1101,378,0.34,12621.71
2024-02-01,2024-02,Paid Search,Paid,12,1101,372,0.34,12843.3
2024-02-01,2024-02,Paid Search,Paid,13,1101,368,0.33,10832.38
2024-02-01,2024-02,Paid Search,Paid,14,1101,364,0.33,11127.5
2024-02-01,2024-02,Paid Search,Paid,15,1101,360,0.33,11851.51
2024-02-01,2024-02,Paid Search,Paid,16,1101,358,0.33,12191.72
2024-02-01,2024-02,Paid Search,Paid,17,1101,357,0.32,10340.83
2024-02-01,2024-02,Paid Search,Paid,18,1101,356,0.32,10715.65
2024-02-01,2024-02,Paid Search,Paid,19,1101,355,0.32,11520.09
2024-02-01,2024-02,Paid Search,Paid,20,1101,354,0.32,11889.15
2024-02-01,2024-02,Paid Search,Paid,21,1101,354,0.32,10087.58
2024-02-01,2024-02,Paid Search,Paid,22,1101,353,0.32,10459.47
2024-02-01,2024-02,Paid Social,Paid,0,722,722,1.0,17328.39
2024-02-01,2024-02,Paid Social,Paid,1,722,553,0.77,14404.56
2024-02-01,2024-02,Paid Social,Paid,2,722,446,0.62,12058.01
2024-02-01,2024-02,Paid Social,Paid,3,722,336,0.47,9772.02
2024-02-01,2024-02,Paid Social,Paid,4,722,291,0.4,8750.74
2024-02-01,2024-02,Paid Social,Paid,5,722,256,0.35,6563.52
2024-02-01,2024-02,Paid Social,Paid,6,722,232,0.32,6177.38
2024-02-01,2024-02,Paid Social,Paid,7,722,215,0.3,6164.93
2024-02-01,2024-02,Paid Social,Paid,8,722,199,0.28,5902.73
2024-02-01,2024-02,Paid Social,Paid,9,722,191,0.26,4818.83
2024-02-01,2024-02,Paid Social,Paid,10,722,186,0.26,4876.43
2024-02-01,2024-02,Paid Social,Paid,11,722,182,0.25,5144.2
2024-02-01,2024-02,Paid Social,Paid,12,722,179,0.25,5236.23
2024-02-01,2024-02,Paid Social,Paid,13,722,177,0.25,4393.17
2024-02-01,2024-02,Paid Social,Paid,14,722,176,0.24,4542.22
2024-02-01,2024-02,Paid Social,Paid,15,722,175,0.24,4874.72
2024-02-01,2024-02,Paid Social,Paid,16,722,174,0.24,5018.76
2024-02-01,2024-02,Paid Social,Paid,17,722,174,0.24,4247.5
2024-02-01,2024-02,Paid Social,Paid,18,722,174,0.24,4419.39
2024-02-01,2024-02,Paid Social,Paid,19,722,174,0.24,4775.65
2024-02-01,2024-02,Paid Social,Paid,20,722,174,0.24,4947.54
2024-02-01,2024-02,Paid Social,Paid,21,722,173,0.24,4152.28
2024-02-01,2024-02,Paid Social,Paid,22,722,173,0.24,4323.19
2024-02-01,2024-02,Content / SEO,Organic,0,1065,1065,1.0,39781.49
2024-02-01,2024-02,Content / SEO,Organic,1,1065,937,0.88,28519.94
2024-02-01,2024-02,Content / SEO,Organic,2,1065,858,0.81,28327.58
2024-02-01,2024-02,Content / SEO,Organic,3,1065,783,0.74,26825.43
2024-02-01,2024-02,Content / SEO,Organic,4,1065,686,0.64,25270.96
2024-02-01,2024-02,Content / SEO,Organic,5,1065,642,0.6,19210.0
2024-02-01,2024-02,Content / SEO,Organic,6,1065,610,0.57,19825.27
2024-02-01,2024-02,Content / SEO,Organic,7,1065,579,0.54,20310.6
2024-02-01,2024-02,Content / SEO,Organic,8,1065,539,0.51,19577.96
2024-02-01,2024-02,Content / SEO,Organic,9,1065,521,0.49,16016.09
2024-02-01,2024-02,Content / SEO,Organic,10,1065,508,0.48,16248.41
2024-02-01,2024-02,Content / SEO,Organic,11,1065,495,0.46,17108.87
2024-02-01,2024-02,Content / SEO,Organic,12,1065,479,0.45,17151.72
2024-02-01,2024-02,Content / SEO,Organic,13,1065,471,0.44,14236.29
2024-02-01,2024-02,Content / SEO,Organic,14,1065,466,0.44,14664.86
2024-02-01,2024-02,Content / SEO,Organic,15,1065,461,0.43,15696.12
2024-02-01,2024-02,Content / SEO,Organic,16,1065,454,0.43,16022.56
2024-02-01,2024-02,Content / SEO,Organic,17,1065,451,0.42,17079.5
2024-02-01,2024-02,Content / SEO,Organic,18,1065,449,0.42,13898.47
2024-02-01,2024-02,Content / SEO,Organic,19,1065,447,0.42,14989.07
2024-02-01,2024-02,Content / SEO,Organic,20,1065,445,0.42,15475.58
2024-02-01,2024-02,Content / SEO,Organic,21,1065,442,0.42,16510.87
2024-02-01,2024-02,Content / SEO,Organic,22,1065,442,0.42,13453.99
2024-02-01,2024-02,Email,Owned,0,538,538,1.0,21841.49
2024-02-01,2024-02,Email,Owned,1,538,481,0.89,20196.18
2024-02-01,2024-02,Email,Owned,2,538,451,0.84,16123.05
2024-02-01,2024-02,Email,Owned,3,538,419,0.78,15561.62
2024-02-01,2024-02,Email,Owned,4,538,375,0.7,15008.08
2024-02-01,2024-02,Email,Owned,5,538,356,0.66,14742.63
2024-02-01,2024-02,Email,Owned,6,538,342,0.64,12029.35
2024-02-01,2024-02,Email,Owned,7,538,327,0.61,11956.39
2024-02-01,2024-02,Email,Owned,8,538,306,0.57,12070.33
2024-02-01,2024-02,Email,Owned,9,538,297,0.55,12128.25
2024-02-01,2024-02,Email,Owned,10,538,291,0.54,10067.88
2024-02-01,2024-02,Email,Owned,11,538,284,0.53,10220.55
2024-02-01,2024-02,Email,Owned,12,538,279,0.52,10844.59
2024-02-01,2024-02,Email,Owned,13,538,271,0.5,10910.42
2024-02-01,2024-02,Email,Owned,14,538,268,0.5,9117.76
2024-02-01,2024-02,Email,Owned,15,538,265,0.49,9779.33
2024-02-01,2024-02,Email,Owned,16,538,262,0.49,10032.89
2024-02-01,2024-02,Email,Owned,17,538,258,0.48,10623.18
2024-02-01,2024-02,Email,Owned,18,538,257,0.48,8595.49
2024-02-01,2024-02,Email,Owned,19,538,255,0.47,9263.42
2024-02-01,2024-02,Email,Owned,20,538,254,0.47,9580.24
2024-02-01,2024-02,Email,Owned,21,538,252,0.47,10230.98
2024-02-01,2024-02,Email,Owned,22,538,252,0.47,10581.34
2024-02-01,2024-02,Referral,Earned,0,478,478,1.0,20840.51
2024-02-01,2024-02,Referral,Earned,1,478,435,0.91,19634.2
2024-02-01,2024-02,Referral,Earned,2,478,411,0.86,15717.08
2024-02-01,2024-02,Referral,Earned,3,478,394,0.82,15672.44
2024-02-01,2024-02,Referral,Earned,4,478,376,0.79,16153.99
2024-02-01,2024-02,Referral,Earned,5,478,346,0.72,15396.81
2024-02-01,2024-02,Referral,Earned,6,478,336,0.7,12635.08
2024-02-01,2024-02,Referral,Earned,7,478,325,0.68,12720.86
2024-02-01,2024-02,Referral,Earned,8,478,317,0.66,13417.37
2024-02-01,2024-02,Referral,Earned,9,478,299,0.63,13114.97
2024-02-01,2024-02,Referral,Earned,10,478,294,0.62,10868.52
2024-02-01,2024-02,Referral,Earned,11,478,288,0.6,11089.28
2024-02-01,2024-02,Referral,Earned,12,478,284,0.59,11839.8
2024-02-01,2024-02,Referral,Earned,13,478,275,0.58,11887.19
2024-02-01,2024-02,Referral,Earned,14,478,272,0.57,12623.82
2024-02-01,2024-02,Referral,Earned,15,478,269,0.56,10186.44
2024-02-01,2024-02,Referral,Earned,16,478,267,0.56,10961.09
2024-02-01,2024-02,Referral,Earned,17,478,265,0.55,11286.21
2024-02-01,2024-02,Referral,Earned,18,478,261,0.55,11947.13
2024-02-01,2024-02,Referral,Earned,19,478,259,0.54,9642.87
2024-02-01,2024-02,Referral,Earned,20,478,258,0.54,10427.36
2024-02-01,2024-02,Referral,Earned,21,478,257,0.54,11205.48
2024-02-01,2024-02,Referral,Earned,22,478,255,0.53,11510.14
2024-02-01,2024-02,Outbound,Sales-led,0,319,319,1.0,30863.01
2024-02-01,2024-02,Outbound,Sales-led,1,319,265,0.83,26569.35
2024-02-01,2024-02,Outbound,Sales-led,2,319,236,0.74,19942.39
2024-02-01,2024-02,Outbound,Sales-led,3,319,215,0.67,18923.03
2024-02-01,2024-02,Outbound,Sales-led,4,319,196,0.61,18677.63
2024-02-01,2024-02,Outbound,Sales-led,5,319,173,0.54,17093.52
2024-02-01,2024-02,Outbound,Sales-led,6,319,163,0.51,17292.09
2024-02-01,2024-02,Outbound,Sales-led,7,319,155,0.49,13416.63
2024-02-01,2024-02,Outbound,Sales-led,8,319,149,0.47,13981.99
2024-02-01,2024-02,Outbound,Sales-led,9,319,144,0.45,14018.59
2024-02-01,2024-02,Outbound,Sales-led,10,319,136,0.43,14229.85
2024-02-01,2024-02,Outbound,Sales-led,11,319,134,0.42,11403.89
2024-02-01,2024-02,Outbound,Sales-led,12,319,131,0.41,12102.26
2024-02-01,2024-02,Outbound,Sales-led,13,319,129,0.4,12370.6
2024-02-01,2024-02,Outbound,Sales-led,14,319,127,0.4,13103.36
2024-02-01,2024-02,Outbound,Sales-led,15,319,126,0.39,13442.75
2024-02-01,2024-02,Outbound,Sales-led,16,319,125,0.39,11366.05
2024-02-01,2024-02,Outbound,Sales-led,17,319,124,0.39,11710.67
2024-02-01,2024-02,Outbound,Sales-led,18,319,123,0.39,12511.66
2024-02-01,2024-02,Outbound,Sales-led,19,319,123,0.39,12943.69
2024-02-01,2024-02,Outbound,Sales-led,20,319,123,0.39,11005.21
2024-02-01,2024-02,Outbound,Sales-led,21,319,122,0.38,11344.25
2024-02-01,2024-02,Outbound,Sales-led,22,319,122,0.38,12232.41
2024-02-01,2024-02,Marketplace,Partner,0,576,576,1.0,14076.41
2024-02-01,2024-02,Marketplace,Partner,1,576,476,0.83,12067.99
2024-02-01,2024-02,Marketplace,Partner,2,576,355,0.62,9673.3
2024-02-01,2024-02,Marketplace,Partner,3,576,305,0.53,6759.85
2024-02-01,2024-02,Marketplace,Partner,4,576,265,0.46,6375.7
2024-02-01,2024-02,Marketplace,Partner,5,576,237,0.41,5918.83
2024-02-01,2024-02,Marketplace,Partner,6,576,206,0.36,5535.17
2024-02-01,2024-02,Marketplace,Partner,7,576,193,0.34,5362.4
2024-02-01,2024-02,Marketplace,Partner,8,576,183,0.32,4333.49
2024-02-01,2024-02,Marketplace,Partner,9,576,176,0.31,4328.72
2024-02-01,2024-02,Marketplace,Partner,10,576,171,0.3,4529.93
2024-02-01,2024-02,Marketplace,Partner,11,576,165,0.29,4521.91
2024-02-01,2024-02,Marketplace,Partner,12,576,163,0.28,3798.12
2024-02-01,2024-02,Marketplace,Partner,13,576,161,0.28,3898.78
2024-02-01,2024-02,Marketplace,Partner,14,576,159,0.28,4151.79
2024-02-01,2024-02,Marketplace,Partner,15,576,158,0.27,4270.2
2024-02-01,2024-02,Marketplace,Partner,16,576,157,0.27,3598.81
2024-02-01,2024-02,Marketplace,Partner,17,576,157,0.27,3742.42
2024-02-01,2024-02,Marketplace,Partner,18,576,156,0.27,4014.33
2024-02-01,2024-02,Marketplace,Partner,19,576,156,0.27,4157.03
2024-02-01,2024-02,Marketplace,Partner,20,576,156,0.27,3516.77
2024-02-01,2024-02,Marketplace,Partner,21,576,156,0.27,3659.47
2024-02-01,2024-02,Marketplace,Partner,22,576,156,0.27,3955.21
2024-03-01,2024-03,Paid Search,Paid,0,1175,1175,1.0,35199.37
2024-03-01,2024-03,Paid Search,Paid,1,1175,1006,0.86,31277.69
2024-03-01,2024-03,Paid Search,Paid,2,1175,794,0.68,26552.91
2024-03-01,2024-03,Paid Search,Paid,3,1175,694,0.59,23995.87
2024-03-01,2024-03,Paid Search,Paid,4,1175,624,0.53,18399.89
2024-03-01,2024-03,Paid Search,Paid,5,1175,564,0.48,17270.37
2024-03-01,2024-03,Paid Search,Paid,6,1175,501,0.43,16519.0
2024-03-01,2024-03,Paid Search,Paid,7,1175,471,0.4,16064.06
2024-03-01,2024-03,Paid Search,Paid,8,1175,450,0.38,13057.69
2024-03-01,2024-03,Paid Search,Paid,9,1175,432,0.37,13025.37
2024-03-01,2024-03,Paid Search,Paid,10,1175,413,0.35,13423.38
2024-03-01,2024-03,Paid Search,Paid,11,1175,404,0.34,13589.09
2024-03-01,2024-03,Paid Search,Paid,12,1175,398,0.34,11361.78
2024-03-01,2024-03,Paid Search,Paid,13,1175,393,0.33,12142.91
2024-03-01,2024-03,Paid Search,Paid,14,1175,387,0.33,12396.47
2024-03-01,2024-03,Paid Search,Paid,15,1175,384,0.33,13203.09
2024-03-01,2024-03,Paid Search,Paid,16,1175,383,0.33,10753.59
2024-03-01,2024-03,Paid Search,Paid,17,1175,381,0.32,11593.1
2024-03-01,2024-03,Paid Search,Paid,18,1175,380,0.32,11993.68
2024-03-01,2024-03,Paid Search,Paid,19,1175,379,0.32,12853.08
2024-03-01,2024-03,Paid Search,Paid,20,1175,378,0.32,10435.58
2024-03-01,2024-03,Paid Search,Paid,21,1175,377,0.32,11294.23
2024-03-01,2024-03,Paid Social,Paid,0,782,782,1.0,19764.31
2024-03-01,2024-03,Paid Social,Paid,1,782,612,0.78,16072.3
2024-03-01,2024-03,Paid Social,Paid,2,782,484,0.62,13701.76
2024-03-01,2024-03,Paid Social,Paid,3,782,370,0.47,10840.0
2024-03-01,2024-03,Paid Social,Paid,4,782,315,0.4,7832.4
2024-03-01,2024-03,Paid Social,Paid,5,782,280,0.36,7238.74
2024-03-01,2024-03,Paid Social,Paid,6,782,244,0.31,6807.63
2024-03-01,2024-03,Paid Social,Paid,7,782,227,0.29,6557.58
2024-03-01,2024-03,Paid Social,Paid,8,782,216,0.28,5282.39
2024-03-01,2024-03,Paid Social,Paid,9,782,208,0.27,5292.22
2024-03-01,2024-03,Paid Social,Paid,10,782,202,0.26,5553.15
2024-03-01,2024-03,Paid Social,Paid,11,782,196,0.25,5581.83
2024-03-01,2024-03,Paid Social,Paid,12,782,194,0.25,4664.97
2024-03-01,2024-03,Paid Social,Paid,13,782,192,0.25,4806.55
2024-03-01,2024-03,Paid Social,Paid,14,782,191,0.24,5172.58
2024-03-01,2024-03,Paid Social,Paid,15,782,190,0.24,5333.2
2024-03-01,2024-03,Paid Social,Paid,16,782,189,0.24,5692.1
2024-03-01,2024-03,Paid Social,Paid,17,782,189,0.24,4654.09
2024-03-01,2024-03,Paid Social,Paid,18,782,188,0.24,5014.39
2024-03-01,2024-03,Paid Social,Paid,19,782,188,0.24,5200.11
2024-03-01,2024-03,Paid Social,Paid,20,782,188,0.24,5585.04
2024-03-01,2024-03,Paid Social,Paid,21,782,188,0.24,4751.73
2024-03-01,2024-03,Content / SEO,Organic,0,1149,1149,1.0,35385.98
2024-03-01,2024-03,Content / SEO,Organic,1,1149,1028,0.89,32938.35
2024-03-01,2024-03,Content / SEO,Organic,2,1149,929,0.81,32161.52
2024-03-01,2024-03,Content / SEO,Organic,3,1149,800,0.7,28690.8
2024-03-01,2024-03,Content / SEO,Organic,4,1149,742,0.65,22469.11
2024-03-01,2024-03,Content / SEO,Organic,5,1149,700,0.61,22068.06
2024-03-01,2024-03,Content / SEO,Organic,6,1149,659,0.57,22474.62
2024-03-01,2024-03,Content / SEO,Organic,7,1149,606,0.53,21420.96
2024-03-01,2024-03,Content / SEO,Organic,8,1149,582,0.51,22073.18
2024-03-01,2024-03,Content / SEO,Organic,9,1149,565,0.49,17520.89
2024-03-01,2024-03,Content / SEO,Organic,10,1149,548,0.48,18406.63
2024-03-01,2024-03,Content / SEO,Organic,11,1149,536,0.47,18670.34
2024-03-01,2024-03,Content / SEO,Organic,12,1149,518,0.45,19378.92
2024-03-01,2024-03,Content / SEO,Organic,13,1149,510,0.44,15552.47
2024-03-01,2024-03,Content / SEO,Organic,14,1149,504,0.44,16668.97
2024-03-01,2024-03,Content / SEO,Organic,15,1149,498,0.43,17090.04
2024-03-01,2024-03,Content / SEO,Organic,16,1149,490,0.43,18078.87
2024-03-01,2024-03,Content / SEO,Organic,17,1149,487,0.42,14600.09
2024-03-01,2024-03,Content / SEO,Organic,18,1149,484,0.42,15758.05
2024-03-01,2024-03,Content / SEO,Organic,19,1149,482,0.42,16292.54
2024-03-01,2024-03,Content / SEO,Organic,20,1149,479,0.42,17426.15
2024-03-01,2024-03,Content / SEO,Organic,21,1149,478,0.42,17984.4
2024-03-01,2024-03,Email,Owned,0,576,576,1.0,24416.59
2024-03-01,2024-03,Email,Owned,1,576,523,0.91,18127.31
2024-03-01,2024-03,Email,Owned,2,576,484,0.84,18170.28
2024-03-01,2024-03,Email,Owned,3,576,455,0.79,17714.17
2024-03-01,2024-03,Email,Owned,4,576,402,0.7,16809.18
2024-03-01,2024-03,Email,Owned,5,576,384,0.67,13088.35
2024-03-01,2024-03,Email,Owned,6,576,366,0.64,13529.51
2024-03-01,2024-03,Email,Owned,7,576,353,0.61,13539.75
2024-03-01,2024-03,Email,Owned,8,576,328,0.57,13526.02
2024-03-01,2024-03,Email,Owned,9,576,320,0.56,10722.63
2024-03-01,2024-03,Email,Owned,10,576,312,0.54,11353.64
2024-03-01,2024-03,Email,Owned,11,576,306,0.53,11560.74
2024-03-01,2024-03,Email,Owned,12,576,294,0.51,11954.59
2024-03-01,2024-03,Email,Owned,13,576,291,0.51,12237.19
2024-03-01,2024-03,Email,Owned,14,576,287,0.5,10278.57
2024-03-01,2024-03,Email,Owned,15,576,284,0.49,10565.99
2024-03-01,2024-03,Email,Owned,16,576,281,0.49,11264.12
2024-03-01,2024-03,Email,Owned,17,576,277,0.48,11488.9
2024-03-01,2024-03,Email,Owned,18,576,275,0.48,9690.4
2024-03-01,2024-03,Email,Owned,19,576,274,0.48,10036.12
2024-03-01,2024-03,Email,Owned,20,576,271,0.47,10707.16
2024-03-01,2024-03,Email,Owned,21,576,270,0.47,11043.04
2024-03-01,2024-03,Referral,Earned,0,481,481,1.0,21131.36
2024-03-01,2024-03,Referral,Earned,1,481,444,0.92,16444.48
2024-03-01,2024-03,Referral,Earned,2,481,419,0.87,16162.43
2024-03-01,2024-03,Referral,Earned,3,481,401,0.83,16745.27
2024-03-01,2024-03,Referral,Earned,4,481,362,0.75,15672.96
2024-03-01,2024-03,Referral,Earned,5,481,351,0.73,16314.64
2024-03-01,2024-03,Referral,Earned,6,481,338,0.7,13379.88
2024-03-01,2024-03,Referral,Earned,7,481,329,0.68,13529.18
2024-03-01,2024-03,Referral,Earned,8,481,319,0.66,14133.97
2024-03-01,2024-03,Referral,Earned,9,481,303,0.63,13890.67
2024-03-01,2024-03,Referral,Earned,10,481,296,0.62,11528.84
2024-03-01,2024-03,Referral,Earned,11,481,291,0.6,11781.27
2024-03-01,2024-03,Referral,Earned,12,481,286,0.59,12489.75
2024-03-01,2024-03,Referral,Earned,13,481,278,0.58,12567.59
2024-03-01,2024-03,Referral,Earned,14,481,274,0.57,10497.52
2024-03-01,2024-03,Referral,Earned,15,481,272,0.57,10838.88
2024-03-01,2024-03,Referral,Earned,16,481,269,0.56,11576.09
2024-03-01,2024-03,Referral,Earned,17,481,264,0.55,11766.61
2024-03-01,2024-03,Referral,Earned,18,481,263,0.55,9908.65
2024-03-01,2024-03,Referral,Earned,19,481,261,0.54,10234.38
2024-03-01,2024-03,Referral,Earned,20,481,260,0.54,11023.26
2024-03-01,2024-03,Referral,Earned,21,481,258,0.54,11334.93
2024-03-01,2024-03,Outbound,Sales-led,0,229,229,1.0,22329.75
2024-03-01,2024-03,Outbound,Sales-led,1,229,193,0.84,20224.42
2024-03-01,2024-03,Outbound,Sales-led,2,229,172,0.75,14665.1
2024-03-01,2024-03,Outbound,Sales-led,3,229,157,0.69,14529.12
2024-03-01,2024-03,Outbound,Sales-led,4,229,142,0.62,13639.75
2024-03-01,2024-03,Outbound,Sales-led,5,229,126,0.55,13020.15
2024-03-01,2024-03,Outbound,Sales-led,6,229,118,0.52,12607.95
2024-03-01,2024-03,Outbound,Sales-led,7,229,112,0.49,10201.74
2024-03-01,2024-03,Outbound,Sales-led,8,229,107,0.47,10122.14
2024-03-01,2024-03,Outbound,Sales-led,9,229,101,0.44,10289.81
2024-03-01,2024-03,Outbound,Sales-led,10,229,98,0.43,10328.4
2024-03-01,2024-03,Outbound,Sales-led,11,229,96,0.42,8604.65
2024-03-01,2024-03,Outbound,Sales-led,12,229,94,0.41,9109.7
2024-03-01,2024-03,Outbound,Sales-led,13,229,92,0.4,9239.02
2024-03-01,2024-03,Outbound,Sales-led,14,229,91,0.4,7704.43
2024-03-01,2024-03,Outbound,Sales-led,15,229,90,0.39,7935.89
2024-03-01,2024-03,Outbound,Sales-led,16,229,90,0.39,8591.08
2024-03-01,2024-03,Outbound,Sales-led,17,229,89,0.39,8808.24
2024-03-01,2024-03,Outbound,Sales-led,18,229,89,0.39,9456.15
2024-03-01,2024-03,Outbound,Sales-led,19,229,88,0.38,7631.48
2024-03-01,2024-03,Outbound,Sales-led,20,229,88,0.38,8272.11
2024-03-01,2024-03,Outbound,Sales-led,21,229,88,0.38,8581.21
2024-03-01,2024-03,Marketplace,Partner,0,577,577,1.0,14215.13
2024-03-01,2024-03,Marketplace,Partner,1,577,478,0.83,12682.34
2024-03-01,2024-03,Marketplace,Partner,2,577,362,0.63,9935.74
2024-03-01,2024-03,Marketplace,Partner,3,577,306,0.53,7142.84
2024-03-01,2024-03,Marketplace,Partner,4,577,268,0.46,6500.96
2024-03-01,2024-03,Marketplace,Partner,5,577,228,0.4,5962.92
2024-03-01,2024-03,Marketplace,Partner,6,577,208,0.36,5630.11
2024-03-01,2024-03,Marketplace,Partner,7,577,195,0.34,4477.91
2024-03-01,2024-03,Marketplace,Partner,8,577,184,0.32,4393.62
2024-03-01,2024-03,Marketplace,Partner,9,577,174,0.3,4484.71
2024-03-01,2024-03,Marketplace,Partner,10,577,169,0.29,4510.42
2024-03-01,2024-03,Marketplace,Partner,11,577,166,0.29,3749.06
2024-03-01,2024-03,Marketplace,Partner,12,577,163,0.28,3830.4
2024-03-01,2024-03,Marketplace,Partner,13,577,161,0.28,4088.63
2024-03-01,2024-03,Marketplace,Partner,14,577,159,0.28,4183.28
2024-03-01,2024-03,Marketplace,Partner,15,577,158,0.27,3508.51
2024-03-01,2024-03,Marketplace,Partner,16,577,158,0.27,3653.03
2024-03-01,2024-03,Marketplace,Partner,17,577,157,0.27,3927.55
2024-03-01,2024-03,Marketplace,Partner,18,577,157,0.27,4071.16
2024-03-01,2024-03,Marketplace,Partner,19,577,156,0.27,4340.98
2024-03-01,2024-03,Marketplace,Partner,20,577,156,0.27,3700.73
2024-03-01,2024-03,Marketplace,Partner,21,577,156,0.27,3843.42
2024-04-01,2024-04,Paid Search,Paid,0,1251,1251,1.0,39305.29
2024-04-01,2024-04,Paid Search,Paid,1,1251,990,0.79,32227.79
2024-04-01,2024-04,Paid Search,Paid,2,1251,848,0.68,23289.59
2024-04-01,2024-04,Paid Search,Paid,3,1251,750,0.6,21448.78
2024-04-01,2024-04,Paid Search,Paid,4,1251,665,0.53,20581.21
2024-04-01,2024-04,Paid Search,Paid,5,1251,576,0.46,18480.05
2024-04-01,2024-04,Paid Search,Paid,6,1251,534,0.43,18387.88
2024-04-01,2024-04,Paid Search,Paid,7,1251,504,0.4,14176.74
2024-04-01,2024-04,Paid Search,Paid,8,1251,479,0.38,14599.57
2024-04-01,2024-04,Paid Search,Paid,9,1251,462,0.37,14605.44
2024-04-01,2024-04,Paid Search,Paid,10,1251,440,0.35,14944.3
2024-04-01,2024-04,Paid Search,Paid,11,1251,431,0.34,11920.83
2024-04-01,2024-04,Paid Search,Paid,12,1251,424,0.34,12723.97
2024-04-01,2024-04,Paid Search,Paid,13,1251,419,0.33,13049.17
2024-04-01,2024-04,Paid Search,Paid,14,1251,412,0.33,13799.7
2024-04-01,2024-04,Paid Search,Paid,15,1251,410,0.33,14197.74
2024-04-01,2024-04,Paid Search,Paid,16,1251,407,0.33,12022.56
2024-04-01,2024-04,Paid Search,Paid,17,1251,406,0.32,12453.51
2024-04-01,2024-04,Paid Search,Paid,18,1251,404,0.32,13341.9
2024-04-01,2024-04,Paid Search,Paid,19,1251,403,0.32,13765.97
2024-04-01,2024-04,Paid Search,Paid,20,1251,402,0.32,11685.96
2024-04-01,2024-04,Paid Social,Paid,0,783,783,1.0,19957.07
2024-04-01,2024-04,Paid Social,Paid,1,783,625,0.8,17209.65
2024-04-01,2024-04,Paid Social,Paid,2,783,449,0.57,12806.97
2024-04-01,2024-04,Paid Social,Paid,3,783,376,0.48,9058.14
2024-04-01,2024-04,Paid Social,Paid,4,783,320,0.41,8364.25
2024-04-01,2024-04,Paid Social,Paid,5,783,283,0.36,7676.7
2024-04-01,2024-04,Paid Social,Paid,6,783,244,0.31,7118.37
2024-04-01,2024-04,Paid Social,Paid,7,783,229,0.29,6906.99
2024-04-01,2024-04,Paid Social,Paid,8,783,217,0.28,5583.2
2024-04-01,2024-04,Paid Social,Paid,9,783,208,0.27,5557.11
2024-04-01,2024-04,Paid Social,Paid,10,783,202,0.26,5810.4
2024-04-01,2024-04,Paid Social,Paid,11,783,197,0.25,5861.19
2024-04-01,2024-04,Paid Social,Paid,12,783,194,0.25,4912.03
2024-04-01,2024-04,Paid Social,Paid,13,783,192,0.25,5051.06
2024-04-01,2024-04,Paid Social,Paid,14,783,191,0.24,5415.82
2024-04-01,2024-04,Paid Social,Paid,15,783,190,0.24,5575.16
2024-04-01,2024-04,Paid Social,Paid,16,783,189,0.24,4708.08
2024-04-01,2024-04,Paid Social,Paid,17,783,189,0.24,4894.79
2024-04-01,2024-04,Paid Social,Paid,18,783,189,0.24,5281.76
2024-04-01,2024-04,Paid Social,Paid,19,783,188,0.24,5439.53
2024-04-01,2024-04,Paid Social,Paid,20,783,188,0.24,4606.22
2024-04-01,2024-04,Content / SEO,Organic,0,1235,1235,1.0,38367.2
2024-04-01,2024-04,Content / SEO,Organic,1,1235,1123,0.91,37783.2
2024-04-01,2024-04,Content / SEO,Organic,2,1235,1013,0.82,35342.42
2024-04-01,2024-04,Content / SEO,Organic,3,1235,872,0.71,32671.38
2024-04-01,2024-04,Content / SEO,Organic,4,1235,807,0.65,24654.8
2024-04-01,2024-04,Content / SEO,Organic,5,1235,760,0.62,25178.41
2024-04-01,2024-04,Content / SEO,Organic,6,1235,714,0.58,24542.67
2024-04-01,2024-04,Content / SEO,Organic,7,1235,656,0.53,24240.38
2024-04-01,2024-04,Content / SEO,Organic,8,1235,630,0.51,18922.55
2024-04-01,2024-04,Content / SEO,Organic,9,1235,610,0.49,19894.6
2024-04-01,2024-04,Content / SEO,Organic,10,1235,592,0.48,20043.99
2024-04-01,2024-04,Content / SEO,Organic,11,1235,568,0.46,20695.88
2024-04-01,2024-04,Content / SEO,Organic,12,1235,557,0.45,17186.08
2024-04-01,2024-04,Content / SEO,Organic,13,1235,549,0.44,17622.2
2024-04-01,2024-04,Content / SEO,Organic,14,1235,541,0.44,18760.28
2024-04-01,2024-04,Content / SEO,Organic,15,1235,532,0.43,19109.99
2024-04-01,2024-04,Content / SEO,Organic,16,1235,527,0.43,15988.83
2024-04-01,2024-04,Content / SEO,Organic,17,1235,524,0.42,16549.67
2024-04-01,2024-04,Content / SEO,Organic,18,1235,521,0.42,17798.22
2024-04-01,2024-04,Content / SEO,Organic,19,1235,517,0.42,18304.72
2024-04-01,2024-04,Content / SEO,Organic,20,1235,515,0.42,19561.74
2024-04-01,2024-04,Email,Owned,0,578,578,1.0,19404.02
2024-04-01,2024-04,Email,Owned,1,578,526,0.91,19174.07
2024-04-01,2024-04,Email,Owned,2,578,492,0.85,18618.73
2024-04-01,2024-04,Email,Owned,3,578,433,0.75,17633.75
2024-04-01,2024-04,Email,Owned,4,578,408,0.71,17182.9
2024-04-01,2024-04,Email,Owned,5,578,390,0.67,13991.87
2024-04-01,2024-04,Email,Owned,6,578,371,0.64,13826.03
2024-04-01,2024-04,Email,Owned,7,578,343,0.59,13770.96
2024-04-01,2024-04,Email,Owned,8,578,332,0.57,13790.92
2024-04-01,2024-04,Email,Owned,9,578,323,0.56,11402.08
2024-04-01,2024-04,Email,Owned,10,578,314,0.54,11520.95
2024-04-01,2024-04,Email,Owned,11,578,302,0.52,11950.91
2024-04-01,2024-04,Email,Owned,12,578,296,0.51,12125.02
2024-04-01,2024-04,Email,Owned,13,578,292,0.51,10139.57
2024-04-01,2024-04,Email,Owned,14,578,288,0.5,10401.09
2024-04-01,2024-04,Email,Owned,15,578,285,0.49,11114.01
2024-04-01,2024-04,Email,Owned,16,578,280,0.48,11308.33
2024-04-01,2024-04,Email,Owned,17,578,278,0.48,9493.29
2024-04-01,2024-04,Email,Owned,18,578,276,0.48,10220.33
2024-04-01,2024-04,Email,Owned,19,578,275,0.48,10565.64
2024-04-01,2024-04,Email,Owned,20,578,272,0.47,11234.19
2024-04-01,2024-04,Referral,Earned,0,512,512,1.0,23507.54
2024-04-01,2024-04,Referral,Earned,1,512,473,0.92,18455.58
2024-04-01,2024-04,Referral,Earned,2,512,452,0.88,18330.78
2024-04-01,2024-04,Referral,Earned,3,512,428,0.84,18720.64
2024-04-01,2024-04,Referral,Earned,4,512,390,0.76,17657.84
2024-04-01,2024-04,Referral,Earned,5,512,374,0.73,14354.67
2024-04-01,2024-04,Referral,Earned,6,512,363,0.71,14490.3
2024-04-01,2024-04,Referral,Earned,7,512,351,0.69,15129.21
2024-04-01,2024-04,Referral,Earned,8,512,331,0.65,14775.79
2024-04-01,2024-04,Referral,Earned,9,512,323,0.63,12191.58
2024-04-01,2024-04,Referral,Earned,10,512,317,0.62,12452.24
2024-04-01,2024-04,Referral,Earned,11,512,311,0.61,13207.08
2024-04-01,2024-04,Referral,Earned,12,512,300,0.59,13200.96
2024-04-01,2024-04,Referral,Earned,13,512,296,0.58,10984.02
2024-04-01,2024-04,Referral,Earned,14,512,293,0.57,11322.95
2024-04-01,2024-04,Referral,Earned,15,512,290,0.57,12130.66
2024-04-01,2024-04,Referral,Earned,16,512,284,0.55,12316.1
2024-04-01,2024-04,Referral,Earned,17,512,282,0.55,13127.53
2024-04-01,2024-04,Referral,Earned,18,512,280,0.55,10642.3
2024-04-01,2024-04,Referral,Earned,19,512,279,0.54,11492.9
2024-04-01,2024-04,Referral,Earned,20,512,277,0.54,11836.18
2024-04-01,2024-04,Outbound,Sales-led,0,229,229,1.0,23366.67
2024-04-01,2024-04,Outbound,Sales-led,1,229,194,0.85,16737.9
2024-04-01,2024-04,Outbound,Sales-led,2,229,175,0.76,15713.3
2024-04-01,2024-04,Outbound,Sales-led,3,229,157,0.69,15240.02
2024-04-01,2024-04,Outbound,Sales-led,4,229,136,0.59,13679.24
2024-04-01,2024-04,Outbound,Sales-led,5,229,126,0.55,10687.65
2024-04-01,2024-04,Outbound,Sales-led,6,229,119,0.52,10511.87
2024-04-01,2024-04,Outbound,Sales-led,7,229,113,0.49,10804.5
2024-04-01,2024-04,Outbound,Sales-led,8,229,105,0.46,10408.38
2024-04-01,2024-04,Outbound,Sales-led,9,229,101,0.44,10747.15
2024-04-01,2024-04,Outbound,Sales-led,10,229,99,0.43,8601.1
2024-04-01,2024-04,Outbound,Sales-led,11,229,96,0.42,9039.34
2024-04-01,2024-04,Outbound,Sales-led,12,229,95,0.41,9278.86
2024-04-01,2024-04,Outbound,Sales-led,13,229,92,0.4,9655.6
2024-04-01,2024-04,Outbound,Sales-led,14,229,91,0.4,7773.64
2024-04-01,2024-04,Outbound,Sales-led,15,229,90,0.39,8343.41
2024-04-01,2024-04,Outbound,Sales-led,16,229,90,0.39,8659.53
2024-04-01,2024-04,Outbound,Sales-led,17,229,89,0.39,9211.23
2024-04-01,2024-04,Outbound,Sales-led,18,229,89,0.39,9523.84
2024-04-01,2024-04,Outbound,Sales-led,19,229,88,0.38,8029.95
2024-04-01,2024-04,Outbound,Sales-led,20,229,88,0.38,8339.04
2024-04-01,2024-04,Marketplace,Partner,0,622,622,1.0,16057.22
2024-04-01,2024-04,Marketplace,Partner,1,622,474,0.76,12670.1
2024-04-01,2024-04,Marketplace,Partner,2,622,398,0.64,9005.14
2024-04-01,2024-04,Marketplace,Partner,3,622,335,0.54,8214.8
2024-04-01,2024-04,Marketplace,Partner,4,622,293,0.47,7452.89
2024-04-01,2024-04,Marketplace,Partner,5,622,246,0.4,6723.75
2024-04-01,2024-04,Marketplace,Partner,6,622,226,0.36,5027.83
2024-04-01,2024-04,Marketplace,Partner,7,622,210,0.34,5070.0
2024-04-01,2024-04,Marketplace,Partner,8,622,200,0.32,5011.51
2024-04-01,2024-04,Marketplace,Partner,9,622,188,0.3,5067.23
2024-04-01,2024-04,Marketplace,Partner,10,622,183,0.29,5099.85
2024-04-01,2024-04,Marketplace,Partner,11,622,179,0.29,4253.73
2024-04-01,2024-04,Marketplace,Partner,12,622,176,0.28,4343.43
2024-04-01,2024-04,Marketplace,Partner,13,622,174,0.28,4623.95
2024-04-01,2024-04,Marketplace,Partner,14,622,172,0.28,4728.13
2024-04-01,2024-04,Marketplace,Partner,15,622,171,0.27,3998.82
2024-04-01,2024-04,Marketplace,Partner,16,622,170,0.27,4130.94
2024-04-01,2024-04,Marketplace,Partner,17,622,169,0.27,4427.03
2024-04-01,2024-04,Marketplace,Partner,18,622,169,0.27,4581.61
2024-04-01,2024-04,Marketplace,Partner,19,622,169,0.27,3888.01
2024-04-01,2024-04,Marketplace,Partner,20,622,168,0.27,4018.67
2024-05-01,2024-05,Paid Search,Paid,0,897,897,1.0,28403.23
2024-05-01,2024-05,Paid Search,Paid,1,897,724,0.81,24627.23
2024-05-01,2024-05,Paid Search,Paid,2,897,619,0.69,17152.33
2024-05-01,2024-05,Paid Search,Paid,3,897,545,0.61,16383.0
2024-05-01,2024-05,Paid Search,Paid,4,897,483,0.54,15067.08
2024-05-01,2024-05,Paid Search,Paid,5,897,417,0.46,13988.51
2024-05-01,2024-05,Paid Search,Paid,6,897,386,0.43,13386.41
2024-05-01,2024-05,Paid Search,Paid,7,897,364,0.41,10770.99
2024-05-01,2024-05,Paid Search,Paid,8,897,345,0.38,10600.08
2024-05-01,2024-05,Paid Search,Paid,9,897,326,0.36,10782.67
2024-05-01,2024-05,Paid Search,Paid,10,897,317,0.35,10844.54
2024-05-01,2024-05,Paid Search,Paid,11,897,310,0.35,9027.43
2024-05-01,2024-05,Paid Search,Paid,12,897,304,0.34,9197.51
2024-05-01,2024-05,Paid Search,Paid,13,897,299,0.33,9749.13
2024-05-01,2024-05,Paid Search,Paid,14,897,296,0.33,9987.04
2024-05-01,2024-05,Paid Search,Paid,15,897,294,0.33,8423.34
2024-05-01,2024-05,Paid Search,Paid,16,897,292,0.33,9052.48
2024-05-01,2024-05,Paid Search,Paid,17,897,290,0.32,9319.4
2024-05-01,2024-05,Paid Search,Paid,18,897,290,0.32,10001.14
2024-05-01,2024-05,Paid Search,Paid,19,897,289,0.32,8144.28
2024-05-01,2024-05,Paid Social,Paid,0,845,845,1.0,22613.44
2024-05-01,2024-05,Paid Social,Paid,1,845,607,0.72,17487.04
2024-05-01,2024-05,Paid Social,Paid,2,845,494,0.58,14719.64
2024-05-01,2024-05,Paid Social,Paid,3,845,407,0.48,10323.28
2024-05-01,2024-05,Paid Social,Paid,4,845,350,0.41,9223.27
2024-05-01,2024-05,Paid Social,Paid,5,845,306,0.36,8690.3
2024-05-01,2024-05,Paid Social,Paid,6,845,266,0.31,7817.09
2024-05-01,2024-05,Paid Social,Paid,7,845,247,0.29,6163.9
2024-05-01,2024-05,Paid Social,Paid,8,845,235,0.28,6096.59
2024-05-01,2024-05,Paid Social,Paid,9,845,222,0.26,6213.87
2024-05-01,2024-05,Paid Social,Paid,10,845,216,0.26,6259.31
2024-05-01,2024-05,Paid Social,Paid,11,845,213,0.25,5228.25
2024-05-01,2024-05,Paid Social,Paid,12,845,210,0.25,5362.06
2024-05-01,2024-05,Paid Social,Paid,13,845,208,0.25,5736.87
2024-05-01,2024-05,Paid Social,Paid,14,845,206,0.24,5885.21
2024-05-01,2024-05,Paid Social,Paid,15,845,205,0.24,4947.98
2024-05-01,2024-05,Paid Social,Paid,16,845,204,0.24,5125.37
2024-05-01,2024-05,Paid Social,Paid,17,845,204,0.24,5543.06
2024-05-01,2024-05,Paid Social,Paid,18,845,203,0.24,5716.42
2024-05-01,2024-05,Paid Social,Paid,19,845,203,0.24,6132.06
2024-05-01,2024-05,Content / SEO,Organic,0,1323,1323,1.0,43222.74
2024-05-01,2024-05,Content / SEO,Organic,1,1323,1206,0.91,42509.77
2024-05-01,2024-05,Content / SEO,Organic,2,1323,1020,0.77,37222.4
2024-05-01,2024-05,Content / SEO,Organic,3,1323,936,0.71,28932.57
2024-05-01,2024-05,Content / SEO,Organic,4,1323,874,0.66,28103.35
2024-05-01,2024-05,Content / SEO,Organic,5,1323,815,0.62,28307.54
2024-05-01,2024-05,Content / SEO,Organic,6,1323,739,0.56,26587.13
2024-05-01,2024-05,Content / SEO,Organic,7,1323,704,0.53,21398.42
2024-05-01,2024-05,Content / SEO,Organic,8,1323,679,0.51,21483.2
2024-05-01,2024-05,Content / SEO,Organic,9,1323,654,0.49,22378.43
2024-05-01,2024-05,Content / SEO,Organic,10,1323,623,0.47,22092.69
2024-05-01,2024-05,Content / SEO,Organic,11,1323,609,0.46,23166.42
2024-05-01,2024-05,Content / SEO,Organic,12,1323,598,0.45,18612.21
2024-05-01,2024-05,Content / SEO,Organic,13,1323,588,0.44,19817.01
2024-05-01,2024-05,Content / SEO,Organic,14,1323,575,0.43,20094.18
2024-05-01,2024-05,Content / SEO,Organic,15,1323,570,0.43,21389.09
2024-05-01,2024-05,Content / SEO,Organic,16,1323,565,0.43,17293.92
2024-05-01,2024-05,Content / SEO,Organic,17,1323,562,0.42,18651.1
2024-05-01,2024-05,Content / SEO,Organic,18,1323,558,0.42,19212.5
2024-05-01,2024-05,Content / SEO,Organic,19,1323,554,0.42,20503.17
2024-05-01,2024-05,Email,Owned,0,618,618,1.0,21854.53
2024-05-01,2024-05,Email,Owned,1,618,571,0.92,21837.87
2024-05-01,2024-05,Email,Owned,2,618,497,0.8,19698.75
2024-05-01,2024-05,Email,Owned,3,618,464,0.75,19727.87
2024-05-01,2024-05,Email,Owned,4,618,441,0.71,15341.2
2024-05-01,2024-05,Email,Owned,5,618,417,0.67,15707.95
2024-05-01,2024-05,Email,Owned,6,618,383,0.62,14959.71
2024-05-01,2024-05,Email,Owned,7,618,368,0.6,15434.26
2024-05-01,2024-05,Email,Owned,8,618,357,0.58,12213.43
2024-05-01,2024-05,Email,Owned,9,618,346,0.56,12834.15
2024-05-01,2024-05,Email,Owned,10,618,338,0.55,13007.34
2024-05-01,2024-05,Email,Owned,11,618,323,0.52,13360.87
2024-05-01,2024-05,Email,Owned,12,618,318,0.51,10696.01
2024-05-01,2024-05,Email,Owned,13,618,313,0.51,11429.79
2024-05-01,2024-05,Email,Owned,14,618,309,0.5,11713.34
2024-05-01,2024-05,Email,Owned,15,618,302,0.49,12318.25
2024-05-01,2024-05,Email,Owned,16,618,300,0.49,12653.77
2024-05-01,2024-05,Email,Owned,17,618,297,0.48,10674.44
2024-05-01,2024-05,Email,Owned,18,618,296,0.48,11050.04
2024-05-01,2024-05,Email,Owned,19,618,294,0.48,11822.59
2024-05-01,2024-05,Referral,Earned,0,364,364,1.0,13764.36
2024-05-01,2024-05,Referral,Earned,1,364,341,0.94,13418.65
2024-05-01,2024-05,Referral,Earned,2,364,325,0.89,13824.15
2024-05-01,2024-05,Referral,Earned,3,364,290,0.8,12781.04
2024-05-01,2024-05,Referral,Earned,4,364,280,0.77,10409.71
2024-05-01,2024-05,Referral,Earned,5,364,269,0.74,10414.13
2024-05-01,2024-05,Referral,Earned,6,364,260,0.71,10893.79
2024-05-01,2024-05,Referral,Earned,7,364,242,0.66,10511.49
2024-05-01,2024-05,Referral,Earned,8,364,237,0.65,11049.15
2024-05-01,2024-05,Referral,Earned,9,364,231,0.63,9176.67
2024-05-01,2024-05,Referral,Earned,10,364,226,0.62,9325.34
2024-05-01,2024-05,Referral,Earned,11,364,222,0.61,9867.35
2024-05-01,2024-05,Referral,Earned,12,364,214,0.59,9840.62
2024-05-01,2024-05,Referral,Earned,13,364,211,0.58,8247.82
2024-05-01,2024-05,Referral,Earned,14,364,209,0.57,8490.81
2024-05-01,2024-05,Referral,Earned,15,364,206,0.57,9025.04
2024-05-01,2024-05,Referral,Earned,16,364,202,0.55,9160.21
2024-05-01,2024-05,Referral,Earned,17,364,201,0.55,7728.96
2024-05-01,2024-05,Referral,Earned,18,364,199,0.55,7957.86
2024-05-01,2024-05,Referral,Earned,19,364,198,0.54,8548.5
2024-05-01,2024-05,Outbound,Sales-led,0,248,248,1.0,26428.35
2024-05-01,2024-05,Outbound,Sales-led,1,248,214,0.86,18626.21
2024-05-01,2024-05,Outbound,Sales-led,2,248,192,0.77,18109.12
2024-05-01,2024-05,Outbound,Sales-led,3,248,172,0.69,16826.89
2024-05-01,2024-05,Outbound,Sales-led,4,248,149,0.6,15661.5
2024-05-01,2024-05,Outbound,Sales-led,5,248,138,0.56,11810.48
2024-05-01,2024-05,Outbound,Sales-led,6,248,130,0.52,12072.2
2024-05-01,2024-05,Outbound,Sales-led,7,248,123,0.5,11854.19
2024-05-01,2024-05,Outbound,Sales-led,8,248,114,0.46,11816.73
2024-05-01,2024-05,Outbound,Sales-led,9,248,110,0.44,11788.47
2024-05-01,2024-05,Outbound,Sales-led,10,248,107,0.43,9780.65
2024-05-01,2024-05,Outbound,Sales-led,11,248,105,0.42,9966.64
2024-05-01,2024-05,Outbound,Sales-led,12,248,101,0.41,10322.23
2024-05-01,2024-05,Outbound,Sales-led,13,248,100,0.4,10571.27
2024-05-01,2024-05,Outbound,Sales-led,14,248,99,0.4,8905.32
2024-05-01,2024-05,Outbound,Sales-led,15,248,98,0.4,9528.8
2024-05-01,2024-05,Outbound,Sales-led,16,248,97,0.39,9772.27
2024-05-01,2024-05,Outbound,Sales-led,17,248,96,0.39,8158.56
2024-05-01,2024-05,Outbound,Sales-led,18,248,96,0.39,8495.76
2024-05-01,2024-05,Outbound,Sales-led,19,248,96,0.39,9194.63
2024-05-01,2024-05,Marketplace,Partner,0,667,667,1.0,18005.42
2024-05-01,2024-05,Marketplace,Partner,1,667,519,0.78,14484.95
2024-05-01,2024-05,Marketplace,Partner,2,667,428,0.64,10188.61
2024-05-01,2024-05,Marketplace,Partner,3,667,365,0.55,9022.75
2024-05-01,2024-05,Marketplace,Partner,4,667,315,0.47,8383.94
2024-05-01,2024-05,Marketplace,Partner,5,667,266,0.4,7323.08
2024-05-01,2024-05,Marketplace,Partner,6,667,243,0.36,5692.57
2024-05-01,2024-05,Marketplace,Partner,7,667,227,0.34,5525.38
2024-05-01,2024-05,Marketplace,Partner,8,667,210,0.31,5509.71
2024-05-01,2024-05,Marketplace,Partner,9,667,202,0.3,5484.59
2024-05-01,2024-05,Marketplace,Partner,10,667,196,0.29,4517.26
2024-05-01,2024-05,Marketplace,Partner,11,667,192,0.29,4600.69
2024-05-01,2024-05,Marketplace,Partner,12,667,188,0.28,4861.26
2024-05-01,2024-05,Marketplace,Partner,13,667,186,0.28,4979.68
2024-05-01,2024-05,Marketplace,Partner,14,667,184,0.28,4170.96
2024-05-01,2024-05,Marketplace,Partner,15,667,183,0.27,4315.69
2024-05-01,2024-05,Marketplace,Partner,16,667,182,0.27,4637.14
2024-05-01,2024-05,Marketplace,Partner,17,667,182,0.27,4803.62
2024-05-01,2024-05,Marketplace,Partner,18,667,181,0.27,4034.37
2024-05-01,2024-05,Marketplace,Partner,19,667,181,0.27,4199.93
2024-06-01,2024-06,Paid Search,Paid,0,897,897,1.0,29714.8
2024-06-01,2024-06,Paid Search,Paid,1,897,726,0.81,20355.36
2024-06-01,2024-06,Paid Search,Paid,2,897,629,0.7,18349.14
2024-06-01,2024-06,Paid Search,Paid,3,897,547,0.61,17242.94
2024-06-01,2024-06,Paid Search,Paid,4,897,459,0.51,14989.55
2024-06-01,2024-06,Paid Search,Paid,5,897,418,0.47,11523.33
2024-06-01,2024-06,Paid Search,Paid,6,897,389,0.43,11165.08
2024-06-01,2024-06,Paid Search,Paid,7,897,364,0.41,11303.23
2024-06-01,2024-06,Paid Search,Paid,8,897,338,0.38,10879.22
2024-06-01,2024-06,Paid Search,Paid,9,897,326,0.36,11259.35
2024-06-01,2024-06,Paid Search,Paid,10,897,317,0.35,8949.57
2024-06-01,2024-06,Paid Search,Paid,11,897,310,0.35,9480.7
2024-06-01,2024-06,Paid Search,Paid,12,897,305,0.34,9673.73
2024-06-01,2024-06,Paid Search,Paid,13,897,299,0.33,10186.32
2024-06-01,2024-06,Paid Search,Paid,14,897,296,0.33,8217.61
2024-06-01,2024-06,Paid Search,Paid,15,897,294,0.33,8853.22
2024-06-01,2024-06,Paid Search,Paid,16,897,292,0.33,9124.19
2024-06-01,2024-06,Paid Search,Paid,17,897,291,0.32,9777.03
2024-06-01,2024-06,Paid Search,Paid,18,897,290,0.32,7914.76
2024-06-01,2024-06,Paid Social,Paid,0,909,909,1.0,25483.8
2024-06-01,2024-06,Paid Social,Paid,1,909,668,0.73,19387.27
2024-06-01,2024-06,Paid Social,Paid,2,909,542,0.6,13327.97
2024-06-01,2024-06,Paid Social,Paid,3,909,445,0.49,11382.31
2024-06-01,2024-06,Paid Social,Paid,4,909,381,0.42,10525.4
2024-06-01,2024-06,Paid Social,Paid,5,909,315,0.35,9013.28
2024-06-01,2024-06,Paid Social,Paid,6,909,288,0.32,6964.15
2024-06-01,2024-06,Paid Social,Paid,7,909,267,0.29,7003.02
2024-06-01,2024-06,Paid Social,Paid,8,909,253,0.28,6885.76
2024-06-01,2024-06,Paid Social,Paid,9,909,239,0.26,6994.08
2024-06-01,2024-06,Paid Social,Paid,10,909,233,0.26,5538.83
2024-06-01,2024-06,Paid Social,Paid,11,909,229,0.25,5912.61
2024-06-01,2024-06,Paid Social,Paid,12,909,226,0.25,6058.42
2024-06-01,2024-06,Paid Social,Paid,13,909,223,0.25,6434.58
2024-06-01,2024-06,Paid Social,Paid,14,909,221,0.24,6595.2
2024-06-01,2024-06,Paid Social,Paid,15,909,220,0.24,5590.2
2024-06-01,2024-06,Paid Social,Paid,16,909,220,0.24,5807.53
2024-06-01,2024-06,Paid Social,Paid,17,909,219,0.24,6229.53
2024-06-01,2024-06,Paid Social,Paid,18,909,219,0.24,6445.88
2024-06-01,2024-06,Content / SEO,Organic,0,1328,1328,1.0,45515.78
2024-06-01,2024-06,Content / SEO,Organic,1,1328,1130,0.85,40135.25
2024-06-01,2024-06,Content / SEO,Organic,2,1328,1040,0.78,31133.69
2024-06-01,2024-06,Content / SEO,Organic,3,1328,952,0.72,29683.58
2024-06-01,2024-06,Content / SEO,Organic,4,1328,888,0.67,29977.59
2024-06-01,2024-06,Content / SEO,Organic,5,1328,785,0.59,27476.99
2024-06-01,2024-06,Content / SEO,Organic,6,1328,748,0.56,28110.48
2024-06-01,2024-06,Content / SEO,Organic,7,1328,712,0.54,21833.37
2024-06-01,2024-06,Content / SEO,Organic,8,1328,686,0.52,22804.81
2024-06-01,2024-06,Content / SEO,Organic,9,1328,660,0.5,22761.52
2024-06-01,2024-06,Content / SEO,Organic,10,1328,628,0.47,23277.11
2024-06-01,2024-06,Content / SEO,Organic,11,1328,613,0.46,18481.62
2024-06-01,2024-06,Content / SEO,Organic,12,1328,602,0.45,19702.12
2024-06-01,2024-06,Content / SEO,Organic,13,1328,592,0.45,20111.29
2024-06-01,2024-06,Content / SEO,Organic,14,1328,579,0.44,21162.5
2024-06-01,2024-06,Content / SEO,Organic,15,1328,573,0.43,17744.89
2024-06-01,2024-06,Content / SEO,Organic,16,1328,568,0.43,18296.64
2024-06-01,2024-06,Content / SEO,Organic,17,1328,564,0.42,19621.96
2024-06-01,2024-06,Content / SEO,Organic,18,1328,559,0.42,20143.4
2024-06-01,2024-06,Email,Owned,0,659,659,1.0,24485.59
2024-06-01,2024-06,Email,Owned,1,659,618,0.94,23821.44
2024-06-01,2024-06,Email,Owned,2,659,531,0.81,21998.09
2024-06-01,2024-06,Email,Owned,3,659,502,0.76,16916.4
2024-06-01,2024-06,Email,Owned,4,659,471,0.71,17229.02
2024-06-01,2024-06,Email,Owned,5,659,449,0.68,17048.53
2024-06-01,2024-06,Email,Owned,6,659,411,0.62,16790.02
2024-06-01,2024-06,Email,Owned,7,659,395,0.6,16685.58
2024-06-01,2024-06,Email,Owned,8,659,383,0.58,13789.39
2024-06-01,2024-06,Email,Owned,9,659,371,0.56,13873.17
2024-06-01,2024-06,Email,Owned,10,659,353,0.54,14217.29
2024-06-01,2024-06,Email,Owned,11,659,346,0.53,14416.42
2024-06-01,2024-06,Email,Owned,12,659,340,0.52,12045.39
2024-06-01,2024-06,Email,Owned,13,659,334,0.51,12297.2
2024-06-01,2024-06,Email,Owned,14,659,326,0.49,12942.07
2024-06-01,2024-06,Email,Owned,15,659,323,0.49,13272.05
2024-06-01,2024-06,Email,Owned,16,659,320,0.49,11152.51
2024-06-01,2024-06,Email,Owned,17,659,318,0.48,11524.94
2024-06-01,2024-06,Email,Owned,18,659,314,0.48,12284.81
2024-06-01,2024-06,Referral,Earned,0,547,547,1.0,21767.98
2024-06-01,2024-06,Referral,Earned,1,547,520,0.95,21492.59
2024-06-01,2024-06,Referral,Earned,2,547,489,0.89,21768.75
2024-06-01,2024-06,Referral,Earned,3,547,441,0.81,20309.62
2024-06-01,2024-06,Referral,Earned,4,547,422,0.77,16524.91
2024-06-01,2024-06,Referral,Earned,5,547,407,0.74,16562.96
2024-06-01,2024-06,Referral,Earned,6,547,392,0.72,17201.05
2024-06-01,2024-06,Referral,Earned,7,547,366,0.67,16622.59
2024-06-01,2024-06,Referral,Earned,8,547,356,0.65,13713.79
2024-06-01,2024-06,Referral,Earned,9,547,349,0.64,13980.45
2024-06-01,2024-06,Referral,Earned,10,547,340,0.62,14702.81
2024-06-01,2024-06,Referral,Earned,11,547,327,0.6,14643.15
2024-06-01,2024-06,Referral,Earned,12,547,322,0.59,12199.05
2024-06-01,2024-06,Referral,Earned,13,547,318,0.58,12536.18
2024-06-01,2024-06,Referral,Earned,14,547,314,0.57,13378.57
2024-06-01,2024-06,Referral,Earned,15,547,307,0.56,13552.09
2024-06-01,2024-06,Referral,Earned,16,547,304,0.56,11323.57
2024-06-01,2024-06,Referral,Earned,17,547,302,0.55,11713.16
2024-06-01,2024-06,Referral,Earned,18,547,300,0.55,12591.08
2024-06-01,2024-06,Outbound,Sales-led,0,267,267,1.0,23510.41
2024-06-01,2024-06,Outbound,Sales-led,1,267,234,0.88,21426.54
2024-06-01,2024-06,Outbound,Sales-led,2,267,207,0.78,20461.2
2024-06-01,2024-06,Outbound,Sales-led,3,267,175,0.66,17912.79
2024-06-01,2024-06,Outbound,Sales-led,4,267,161,0.6,13942.4
2024-06-01,2024-06,Outbound,Sales-led,5,267,150,0.56,13516.68
2024-06-01,2024-06,Outbound,Sales-led,6,267,140,0.52,13634.76
2024-06-01,2024-06,Outbound,Sales-led,7,267,128,0.48,12915.66
2024-06-01,2024-06,Outbound,Sales-led,8,267,123,0.46,10472.66
2024-06-01,2024-06,Outbound,Sales-led,9,267,119,0.45,10550.06
2024-06-01,2024-06,Outbound,Sales-led,10,267,116,0.43,11128.57
2024-06-01,2024-06,Outbound,Sales-led,11,267,111,0.42,11038.77
2024-06-01,2024-06,Outbound,Sales-led,12,267,109,0.41,11633.39
2024-06-01,2024-06,Outbound,Sales-led,13,267,108,0.4,9417.69
2024-06-01,2024-06,Outbound,Sales-led,14,267,107,0.4,10109.44
2024-06-01,2024-06,Outbound,Sales-led,15,267,106,0.4,10387.28
2024-06-01,2024-06,Outbound,Sales-led,16,267,104,0.39,10948.41
2024-06-01,2024-06,Outbound,Sales-led,17,267,104,0.39,8917.54
2024-06-01,2024-06,Outbound,Sales-led,18,267,103,0.39,9581.63
2024-06-01,2024-06,Marketplace,Partner,0,669,669,1.0,18191.92
2024-06-01,2024-06,Marketplace,Partner,1,669,532,0.8,12283.09
2024-06-01,2024-06,Marketplace,Partner,2,669,437,0.65,10489.41
2024-06-01,2024-06,Marketplace,Partner,3,669,344,0.51,8909.27
2024-06-01,2024-06,Marketplace,Partner,4,669,300,0.45,8044.12
2024-06-01,2024-06,Marketplace,Partner,5,669,270,0.4,6131.58
2024-06-01,2024-06,Marketplace,Partner,6,669,246,0.37,6052.92
2024-06-01,2024-06,Marketplace,Partner,7,669,229,0.34,5844.1
2024-06-01,2024-06,Marketplace,Partner,8,669,211,0.32,5784.75
2024-06-01,2024-06,Marketplace,Partner,9,669,203,0.3,4533.11
2024-06-01,2024-06,Marketplace,Partner,10,669,197,0.29,4772.6
2024-06-01,2024-06,Marketplace,Partner,11,669,193,0.29,4852.24
2024-06-01,2024-06,Marketplace,Partner,12,669,188,0.28,5082.94
2024-06-01,2024-06,Marketplace,Partner,13,669,186,0.28,5199.01
2024-06-01,2024-06,Marketplace,Partner,14,669,185,0.28,4411.78
2024-06-01,2024-06,Marketplace,Partner,15,669,184,0.28,4556.24
2024-06-01,2024-06,Marketplace,Partner,16,669,183,0.27,4878.41
2024-06-01,2024-06,Marketplace,Partner,17,669,182,0.27,5018.23
2024-06-01,2024-06,Marketplace,Partner,18,669,182,0.27,4271.27
2024-07-01,2024-07,Paid Search,Paid,0,970,970,1.0,33551.38
2024-07-01,2024-07,Paid Search,Paid,1,970,801,0.83,22654.91
2024-07-01,2024-07,Paid Search,Paid,2,970,682,0.7,20892.46
2024-07-01,2024-07,Paid Search,Paid,3,970,600,0.62,19061.0
2024-07-01,2024-07,Paid Search,Paid,4,970,498,0.51,16991.33
2024-07-01,2024-07,Paid Search,Paid,5,970,457,0.47,12710.71
2024-07-01,2024-07,Paid Search,Paid,6,970,424,0.44,12789.62
2024-07-01,2024-07,Paid Search,Paid,7,970,397,0.41,12425.47
2024-07-01,2024-07,Paid Search,Paid,8,970,368,0.38,12382.92
2024-07-01,2024-07,Paid Search,Paid,9,970,354,0.36,9679.59
2024-07-01,2024-07,Paid Search,Paid,10,970,344,0.35,10214.83
2024-07-01,2024-07,Paid Search,Paid,11,970,336,0.35,10358.38
2024-07-01,2024-07,Paid Search,Paid,12,970,327,0.34,10849.64
2024-07-01,2024-07,Paid Search,Paid,13,970,323,0.33,11083.28
2024-07-01,2024-07,Paid Search,Paid,14,970,321,0.33,9381.02
2024-07-01,2024-07,Paid Search,Paid,15,970,318,0.33,9654.03
2024-07-01,2024-07,Paid Search,Paid,16,970,315,0.32,10303.47
2024-07-01,2024-07,Paid Search,Paid,17,970,314,0.32,10626.9
2024-07-01,2024-07,Paid Social,Paid,0,911,911,1.0,26700.04
2024-07-01,2024-07,Paid Social,Paid,1,911,684,0.75,16290.4
2024-07-01,2024-07,Paid Social,Paid,2,911,545,0.6,14095.8
2024-07-01,2024-07,Paid Social,Paid,3,911,453,0.5,12163.84
2024-07-01,2024-07,Paid Social,Paid,4,911,358,0.39,10345.92
2024-07-01,2024-07,Paid Social,Paid,5,911,319,0.35,9533.98
2024-07-01,2024-07,Paid Social,Paid,6,911,289,0.32,7356.38
2024-07-01,2024-07,Paid Social,Paid,7,911,269,0.3,7113.02
2024-07-01,2024-07,Paid Social,Paid,8,911,254,0.28,7236.45
2024-07-01,2024-07,Paid Social,Paid,9,911,240,0.26,7074.68
2024-07-01,2024-07,Paid Social,Paid,10,911,234,0.26,5860.6
2024-07-01,2024-07,Paid Social,Paid,11,911,230,0.25,5987.63
2024-07-01,2024-07,Paid Social,Paid,12,911,225,0.25,6318.15
2024-07-01,2024-07,Paid Social,Paid,13,911,223,0.24,6482.29
2024-07-01,2024-07,Paid Social,Paid,14,911,222,0.24,5469.2
2024-07-01,2024-07,Paid Social,Paid,15,911,221,0.24,5662.88
2024-07-01,2024-07,Paid Social,Paid,16,911,220,0.24,6087.71
2024-07-01,2024-07,Paid Social,Paid,17,911,220,0.24,6305.04
2024-07-01,2024-07,Content / SEO,Organic,0,1420,1420,1.0,50946.21
2024-07-01,2024-07,Content / SEO,Organic,1,1420,1230,0.87,45659.58
2024-07-01,2024-07,Content / SEO,Organic,2,1420,1115,0.79,35167.01
2024-07-01,2024-07,Content / SEO,Organic,3,1420,1032,0.73,33833.0
2024-07-01,2024-07,Content / SEO,Organic,4,1420,951,0.67,33629.48
2024-07-01,2024-07,Content / SEO,Organic,5,1420,848,0.6,31042.08
2024-07-01,2024-07,Content / SEO,Organic,6,1420,801,0.56,24850.65
2024-07-01,2024-07,Content / SEO,Organic,7,1420,767,0.54,24749.96
2024-07-01,2024-07,Content / SEO,Organic,8,1420,734,0.52,25577.58
2024-07-01,2024-07,Content / SEO,Organic,9,1420,691,0.49,24938.77
2024-07-01,2024-07,Content / SEO,Organic,10,1420,672,0.47,20502.15
2024-07-01,2024-07,Content / SEO,Organic,11,1420,658,0.46,20893.57
2024-07-01,2024-07,Content / SEO,Organic,12,1420,644,0.45,22109.46
2024-07-01,2024-07,Content / SEO,Organic,13,1420,627,0.44,22305.81
2024-07-01,2024-07,Content / SEO,Organic,14,1420,619,0.44,18566.14
2024-07-01,2024-07,Content / SEO,Organic,15,1420,613,0.43,19148.75
2024-07-01,2024-07,Content / SEO,Organic,16,1420,608,0.43,20560.17
2024-07-01,2024-07,Content / SEO,Organic,17,1420,601,0.42,21071.1
2024-07-01,2024-07,Email,Owned,0,662,662,1.0,24796.35
2024-07-01,2024-07,Email,Owned,1,662,583,0.88,23517.27
2024-07-01,2024-07,Email,Owned,2,662,541,0.82,22575.23
2024-07-01,2024-07,Email,Owned,3,662,510,0.77,18100.08
2024-07-01,2024-07,Email,Owned,4,662,479,0.72,17665.86
2024-07-01,2024-07,Email,Owned,5,662,433,0.65,17217.1
2024-07-01,2024-07,Email,Owned,6,662,414,0.63,13878.93
2024-07-01,2024-07,Email,Owned,7,662,400,0.6,13965.74
2024-07-01,2024-07,Email,Owned,8,662,385,0.58,14551.45
2024-07-01,2024-07,Email,Owned,9,662,364,0.55,14263.82
2024-07-01,2024-07,Email,Owned,10,662,355,0.54,14934.13
2024-07-01,2024-07,Email,Owned,11,662,349,0.53,11984.07
2024-07-01,2024-07,Email,Owned,12,662,342,0.52,12729.23
2024-07-01,2024-07,Email,Owned,13,662,337,0.51,13011.67
2024-07-01,2024-07,Email,Owned,14,662,328,0.5,13609.36
2024-07-01,2024-07,Email,Owned,15,662,325,0.49,10972.75
2024-07-01,2024-07,Email,Owned,16,662,322,0.49,11799.35
2024-07-01,2024-07,Email,Owned,17,662,320,0.48,12170.97
2024-07-01,2024-07,Referral,Earned,0,394,394,1.0,15810.41
2024-07-01,2024-07,Referral,Earned,1,394,354,0.9,15332.77
2024-07-01,2024-07,Referral,Earned,2,394,335,0.85,15024.62
2024-07-01,2024-07,Referral,Earned,3,394,322,0.82,12221.38
2024-07-01,2024-07,Referral,Earned,4,394,307,0.78,12123.83
2024-07-01,2024-07,Referral,Earned,5,394,296,0.75,12632.18
2024-07-01,2024-07,Referral,Earned,6,394,273,0.69,12070.14
2024-07-01,2024-07,Referral,Earned,7,394,266,0.68,9926.57
2024-07-01,2024-07,Referral,Earned,8,394,258,0.65,10024.5
2024-07-01,2024-07,Referral,Earned,9,394,252,0.64,10593.98
2024-07-01,2024-07,Referral,Earned,10,394,240,0.61,10458.31
2024-07-01,2024-07,Referral,Earned,11,394,237,0.6,11082.43
2024-07-01,2024-07,Referral,Earned,12,394,233,0.59,9288.84
2024-07-01,2024-07,Referral,Earned,13,394,230,0.58,9522.68
2024-07-01,2024-07,Referral,Earned,14,394,227,0.58,10121.46
2024-07-01,2024-07,Referral,Earned,15,394,221,0.56,10193.54
2024-07-01,2024-07,Referral,Earned,16,394,219,0.56,8591.29
2024-07-01,2024-07,Referral,Earned,17,394,218,0.55,8887.06
2024-07-01,2024-07,Outbound,Sales-led,0,268,268,1.0,23802.29
2024-07-01,2024-07,Outbound,Sales-led,1,268,236,0.88,22678.29
2024-07-01,2024-07,Outbound,Sales-led,2,268,195,0.73,19423.35
2024-07-01,2024-07,Outbound,Sales-led,3,268,176,0.66,18812.09
2024-07-01,2024-07,Outbound,Sales-led,4,268,163,0.61,14239.57
2024-07-01,2024-07,Outbound,Sales-led,5,268,152,0.57,14385.17
2024-07-01,2024-07,Outbound,Sales-led,6,268,142,0.53,13937.54
2024-07-01,2024-07,Outbound,Sales-led,7,268,130,0.49,13706.12
2024-07-01,2024-07,Outbound,Sales-led,8,268,124,0.46,10652.11
2024-07-01,2024-07,Outbound,Sales-led,9,268,120,0.45,11182.09
2024-07-01,2024-07,Outbound,Sales-led,10,268,116,0.43,11216.79
2024-07-01,2024-07,Outbound,Sales-led,11,268,112,0.42,11645.36
2024-07-01,2024-07,Outbound,Sales-led,12,268,110,0.41,11823.78
2024-07-01,2024-07,Outbound,Sales-led,13,268,108,0.4,9906.72
2024-07-01,2024-07,Outbound,Sales-led,14,268,107,0.4,10190.82
2024-07-01,2024-07,Outbound,Sales-led,15,268,106,0.4,10867.25
2024-07-01,2024-07,Outbound,Sales-led,16,268,105,0.39,11133.54
2024-07-01,2024-07,Outbound,Sales-led,17,268,104,0.39,9388.46
2024-07-01,2024-07,Marketplace,Partner,0,716,716,1.0,16018.27
2024-07-01,2024-07,Marketplace,Partner,1,716,571,0.8,13856.86
2024-07-01,2024-07,Marketplace,Partner,2,716,476,0.66,11986.82
2024-07-01,2024-07,Marketplace,Partner,3,716,369,0.52,9991.86
2024-07-01,2024-07,Marketplace,Partner,4,716,325,0.45,9097.7
2024-07-01,2024-07,Marketplace,Partner,5,716,289,0.4,6903.85
2024-07-01,2024-07,Marketplace,Partner,6,716,265,0.37,6572.91
2024-07-01,2024-07,Marketplace,Partner,7,716,238,0.33,6354.42
2024-07-01,2024-07,Marketplace,Partner,8,716,227,0.32,6268.37
2024-07-01,2024-07,Marketplace,Partner,9,716,218,0.3,5125.13
2024-07-01,2024-07,Marketplace,Partner,10,716,212,0.3,5177.99
2024-07-01,2024-07,Marketplace,Partner,11,716,205,0.29,5395.66
2024-07-01,2024-07,Marketplace,Partner,12,716,202,0.28,5501.47
2024-07-01,2024-07,Marketplace,Partner,13,716,200,0.28,4626.16
2024-07-01,2024-07,Marketplace,Partner,14,716,198,0.28,4761.01
2024-07-01,2024-07,Marketplace,Partner,15,716,196,0.27,5084.5
2024-07-01,2024-07,Marketplace,Partner,16,716,195,0.27,5236.93
2024-07-01,2024-07,Marketplace,Partner,17,716,195,0.27,4436.61
2024-08-01,2024-08,Paid Search,Paid,0,1044,1044,1.0,28600.02
2024-08-01,2024-08,Paid Search,Paid,1,1044,878,0.84,26116.52
2024-08-01,2024-08,Paid Search,Paid,2,1044,747,0.72,23067.13
2024-08-01,2024-08,Paid Search,Paid,3,1044,608,0.58,20204.15
2024-08-01,2024-08,Paid Search,Paid,4,1044,542,0.52,15252.6
2024-08-01,2024-08,Paid Search,Paid,5,1044,496,0.48,14520.68
2024-08-01,2024-08,Paid Search,Paid,6,1044,457,0.44,14453.25
2024-08-01,2024-08,Paid Search,Paid,7,1044,416,0.4,13628.41
2024-08-01,2024-08,Paid Search,Paid,8,1044,396,0.38,10957.88
2024-08-01,2024-08,Paid Search,Paid,9,1044,382,0.37,11003.76
2024-08-01,2024-08,Paid Search,Paid,10,1044,371,0.36,11559.05
2024-08-01,2024-08,Paid Search,Paid,11,1044,358,0.34,11560.07
2024-08-01,2024-08,Paid Search,Paid,12,1044,353,0.34,12228.45
2024-08-01,2024-08,Paid Search,Paid,13,1044,349,0.33,9889.17
2024-08-01,2024-08,Paid Search,Paid,14,1044,345,0.33,10586.86
2024-08-01,2024-08,Paid Search,Paid,15,1044,343,0.33,10914.53
2024-08-01,2024-08,Paid Search,Paid,16,1044,340,0.33,11618.34
2024-08-01,2024-08,Paid Social,Paid,0,977,977,1.0,28843.39
2024-08-01,2024-08,Paid Social,Paid,1,977,750,0.77,18817.42
2024-08-01,2024-08,Paid Social,Paid,2,977,595,0.61,15516.27
2024-08-01,2024-08,Paid Social,Paid,3,977,455,0.47,12796.99
2024-08-01,2024-08,Paid Social,Paid,4,977,389,0.4,11325.01
2024-08-01,2024-08,Paid Social,Paid,5,977,346,0.35,8539.49
2024-08-01,2024-08,Paid Social,Paid,6,977,313,0.32,8034.24
2024-08-01,2024-08,Paid Social,Paid,7,977,291,0.3,8065.35
2024-08-01,2024-08,Paid Social,Paid,8,977,268,0.27,7692.63
2024-08-01,2024-08,Paid Social,Paid,9,977,259,0.27,6286.28
2024-08-01,2024-08,Paid Social,Paid,10,977,251,0.26,6606.02
2024-08-01,2024-08,Paid Social,Paid,11,977,247,0.25,6744.75
2024-08-01,2024-08,Paid Social,Paid,12,977,242,0.25,7103.71
2024-08-01,2024-08,Paid Social,Paid,13,977,240,0.25,5726.89
2024-08-01,2024-08,Paid Social,Paid,14,977,238,0.24,6166.47
2024-08-01,2024-08,Paid Social,Paid,15,977,237,0.24,6374.69
2024-08-01,2024-08,Paid Social,Paid,16,977,236,0.24,6831.0
2024-08-01,2024-08,Content / SEO,Organic,0,1514,1514,1.0,54726.52
2024-08-01,2024-08,Content / SEO,Organic,1,1514,1315,0.87,40193.36
2024-08-01,2024-08,Content / SEO,Organic,2,1514,1207,0.8,38393.81
2024-08-01,2024-08,Content / SEO,Organic,3,1514,1114,0.74,38307.79
2024-08-01,2024-08,Content / SEO,Organic,4,1514,967,0.64,34455.75
2024-08-01,2024-08,Content / SEO,Organic,5,1514,913,0.6,27435.57
2024-08-01,2024-08,Content / SEO,Organic,6,1514,861,0.57,26944.05
2024-08-01,2024-08,Content / SEO,Organic,7,1514,824,0.54,27910.7
2024-08-01,2024-08,Content / SEO,Organic,8,1514,763,0.5,26793.67
2024-08-01,2024-08,Content / SEO,Organic,9,1514,741,0.49,27931.64
2024-08-01,2024-08,Content / SEO,Organic,10,1514,720,0.48,22160.53
2024-08-01,2024-08,Content / SEO,Organic,11,1514,704,0.46,23483.21
2024-08-01,2024-08,Content / SEO,Organic,12,1514,689,0.46,23839.97
2024-08-01,2024-08,Content / SEO,Organic,13,1514,670,0.44,24910.02
2024-08-01,2024-08,Content / SEO,Organic,14,1514,661,0.44,20003.93
2024-08-01,2024-08,Content / SEO,Organic,15,1514,655,0.43,21511.15
2024-08-01,2024-08,Content / SEO,Organic,16,1514,649,0.43,22121.45
2024-08-01,2024-08,Email,Owned,0,704,704,1.0,27631.35
2024-08-01,2024-08,Email,Owned,1,704,622,0.88,26205.31
2024-08-01,2024-08,Email,Owned,2,704,583,0.83,20055.82
2024-08-01,2024-08,Email,Owned,3,704,544,0.77,20281.8
2024-08-01,2024-08,Email,Owned,4,704,515,0.73,19916.62
2024-08-01,2024-08,Email,Owned,5,704,462,0.66,19198.27
2024-08-01,2024-08,Email,Owned,6,704,444,0.63,15018.32
2024-08-01,2024-08,Email,Owned,7,704,426,0.61,15637.05
2024-08-01,2024-08,Email,Owned,8,704,412,0.59,15695.98
2024-08-01,2024-08,Email,Owned,9,704,389,0.55,15940.71
2024-08-01,2024-08,Email,Owned,10,704,379,0.54,16057.86
2024-08-01,2024-08,Email,Owned,11,704,372,0.53,13440.61
2024-08-01,2024-08,Email,Owned,12,704,365,0.52,13695.17
2024-08-01,2024-08,Email,Owned,13,704,354,0.5,14302.54
2024-08-01,2024-08,Email,Owned,14,704,350,0.5,14627.55
2024-08-01,2024-08,Email,Owned,15,704,346,0.49,12301.91
2024-08-01,2024-08,Email,Owned,16,704,343,0.49,12672.13
2024-08-01,2024-08,Referral,Earned,0,425,425,1.0,17896.31
2024-08-01,2024-08,Referral,Earned,1,425,382,0.9,17302.29
2024-08-01,2024-08,Referral,Earned,2,425,366,0.86,17140.01
2024-08-01,2024-08,Referral,Earned,3,425,348,0.82,13897.59
2024-08-01,2024-08,Referral,Earned,4,425,334,0.79,13851.75
2024-08-01,2024-08,Referral,Earned,5,425,320,0.75,14290.33
2024-08-01,2024-08,Referral,Earned,6,425,297,0.7,13719.61
2024-08-01,2024-08,Referral,Earned,7,425,287,0.68,11278.8
2024-08-01,2024-08,Referral,Earned,8,425,280,0.66,11433.98
2024-08-01,2024-08,Referral,Earned,9,425,273,0.64,12017.63
2024-08-01,2024-08,Referral,Earned,10,425,260,0.61,11844.91
2024-08-01,2024-08,Referral,Earned,11,425,255,0.6,9858.89
2024-08-01,2024-08,Referral,Earned,12,425,252,0.59,10130.15
2024-08-01,2024-08,Referral,Earned,13,425,248,0.58,10759.23
2024-08-01,2024-08,Referral,Earned,14,425,242,0.57,10870.8
2024-08-01,2024-08,Referral,Earned,15,425,239,0.56,9088.13
2024-08-01,2024-08,Referral,Earned,16,425,237,0.56,9376.28
2024-08-01,2024-08,Outbound,Sales-led,0,288,288,1.0,26882.66
2024-08-01,2024-08,Outbound,Sales-led,1,288,258,0.9,24988.59
2024-08-01,2024-08,Outbound,Sales-led,2,288,213,0.74,22180.75
2024-08-01,2024-08,Outbound,Sales-led,3,288,192,0.67,16967.98
2024-08-01,2024-08,Outbound,Sales-led,4,288,177,0.61,16264.06
2024-08-01,2024-08,Outbound,Sales-led,5,288,164,0.57,16263.44
2024-08-01,2024-08,Outbound,Sales-led,6,288,147,0.51,15093.92
2024-08-01,2024-08,Outbound,Sales-led,7,288,140,0.49,12168.76
2024-08-01,2024-08,Outbound,Sales-led,8,288,134,0.47,12117.91
2024-08-01,2024-08,Outbound,Sales-led,9,288,129,0.45,12604.86
2024-08-01,2024-08,Outbound,Sales-led,10,288,123,0.43,12450.62
2024-08-01,2024-08,Outbound,Sales-led,11,288,120,0.42,10255.74
2024-08-01,2024-08,Outbound,Sales-led,12,288,118,0.41,10499.28
2024-08-01,2024-08,Outbound,Sales-led,13,288,117,0.41,11262.06
2024-08-01,2024-08,Outbound,Sales-led,14,288,114,0.4,11373.71
2024-08-01,2024-08,Outbound,Sales-led,15,288,113,0.39,12096.57
2024-08-01,2024-08,Outbound,Sales-led,16,288,113,0.39,9889.96
2024-08-01,2024-08,Marketplace,Partner,0,765,765,1.0,18016.56
2024-08-01,2024-08,Marketplace,Partner,1,765,623,0.81,15242.17
2024-08-01,2024-08,Marketplace,Partner,2,765,472,0.62,12442.67
2024-08-01,2024-08,Marketplace,Partner,3,765,400,0.52,10910.51
2024-08-01,2024-08,Marketplace,Partner,4,765,352,0.46,8156.58
2024-08-01,2024-08,Marketplace,Partner,5,765,312,0.41,7515.08
2024-08-01,2024-08,Marketplace,Partner,6,765,274,0.36,7119.24
2024-08-01,2024-08,Marketplace,Partner,7,765,256,0.33,6885.71
2024-08-01,2024-08,Marketplace,Partner,8,765,243,0.32,5538.73
2024-08-01,2024-08,Marketplace,Partner,9,765,233,0.3,5752.53
2024-08-01,2024-08,Marketplace,Partner,10,765,227,0.3,5812.03
2024-08-01,2024-08,Marketplace,Partner,11,765,219,0.29,6022.39
2024-08-01,2024-08,Marketplace,Partner,12,765,216,0.28,4841.46
2024-08-01,2024-08,Marketplace,Partner,13,765,213,0.28,5178.03
2024-08-01,2024-08,Marketplace,Partner,14,765,212,0.28,5347.64
2024-08-01,2024-08,Marketplace,Partner,15,765,210,0.27,5695.31
2024-08-01,2024-08,Marketplace,Partner,16,765,209,0.27,4605.36
2024-09-01,2024-09,Paid Search,Paid,0,1045,1045,1.0,30155.39
2024-09-01,2024-09,Paid Search,Paid,1,1045,882,0.84,27525.15
2024-09-01,2024-09,Paid Search,Paid,2,1045,697,0.67,22542.29
2024-09-01,2024-09,Paid Search,Paid,3,1045,610,0.58,21162.54
2024-09-01,2024-09,Paid Search,Paid,4,1045,550,0.53,15612.81
2024-09-01,2024-09,Paid Search,Paid,5,1045,498,0.48,15307.39
2024-09-01,2024-09,Paid Search,Paid,6,1045,443,0.42,14119.28
2024-09-01,2024-09,Paid Search,Paid,7,1045,417,0.4,14270.9
2024-09-01,2024-09,Paid Search,Paid,8,1045,399,0.38,11138.89
2024-09-01,2024-09,Paid Search,Paid,9,1045,384,0.37,11622.85
2024-09-01,2024-09,Paid Search,Paid,10,1045,372,0.36,11681.57
2024-09-01,2024-09,Paid Search,Paid,11,1045,360,0.34,12151.03
2024-09-01,2024-09,Paid Search,Paid,12,1045,354,0.34,9716.27
2024-09-01,2024-09,Paid Search,Paid,13,1045,349,0.33,10399.47
2024-09-01,2024-09,Paid Search,Paid,14,1045,346,0.33,10702.52
2024-09-01,2024-09,Paid Search,Paid,15,1045,342,0.33,11382.77
2024-09-01,2024-09,Paid Social,Paid,0,1045,1045,1.0,25410.14
2024-09-01,2024-09,Paid Social,Paid,1,1045,805,0.77,21222.54
2024-09-01,2024-09,Paid Social,Paid,2,1045,648,0.62,17723.63
2024-09-01,2024-09,Paid Social,Paid,3,1045,488,0.47,14346.6
2024-09-01,2024-09,Paid Social,Paid,4,1045,422,0.4,10088.6
2024-09-01,2024-09,Paid Social,Paid,5,1045,371,0.36,9628.98
2024-09-01,2024-09,Paid Social,Paid,6,1045,337,0.32,9079.46
2024-09-01,2024-09,Paid Social,Paid,7,1045,302,0.29,8754.83
2024-09-01,2024-09,Paid Social,Paid,8,1045,288,0.28,8633.48
2024-09-01,2024-09,Paid Social,Paid,9,1045,277,0.27,7075.92
2024-09-01,2024-09,Paid Social,Paid,10,1045,269,0.26,7137.3
2024-09-01,2024-09,Paid Social,Paid,11,1045,264,0.25,7545.18
2024-09-01,2024-09,Paid Social,Paid,12,1045,259,0.25,7658.13
2024-09-01,2024-09,Paid Social,Paid,13,1045,256,0.24,6434.71
2024-09-01,2024-09,Paid Social,Paid,14,1045,255,0.24,6661.48
2024-09-01,2024-09,Paid Social,Paid,15,1045,253,0.24,7127.25
2024-09-01,2024-09,Content / SEO,Organic,0,1519,1519,1.0,57343.26
2024-09-01,2024-09,Content / SEO,Organic,1,1519,1342,0.88,43170.77
2024-09-01,2024-09,Content / SEO,Organic,2,1519,1229,0.81,41064.54
2024-09-01,2024-09,Content / SEO,Organic,3,1519,1121,0.74,40346.23
2024-09-01,2024-09,Content / SEO,Organic,4,1519,982,0.65,36565.04
2024-09-01,2024-09,Content / SEO,Organic,5,1519,918,0.6,29058.0
2024-09-01,2024-09,Content / SEO,Organic,6,1519,872,0.57,28686.69
2024-09-01,2024-09,Content / SEO,Organic,7,1519,827,0.54,29338.57
2024-09-01,2024-09,Content / SEO,Organic,8,1519,770,0.51,28274.32
2024-09-01,2024-09,Content / SEO,Organic,9,1519,744,0.49,23166.83
2024-09-01,2024-09,Content / SEO,Organic,10,1519,725,0.48,23477.09
2024-09-01,2024-09,Content / SEO,Organic,11,1519,707,0.47,24717.08
2024-09-01,2024-09,Content / SEO,Organic,12,1519,683,0.45,24727.68
2024-09-01,2024-09,Content / SEO,Organic,13,1519,673,0.44,20609.16
2024-09-01,2024-09,Content / SEO,Organic,14,1519,665,0.44,21191.43
2024-09-01,2024-09,Content / SEO,Organic,15,1519,657,0.43,22630.45
2024-09-01,2024-09,Email,Owned,0,502,502,1.0,20602.8
2024-09-01,2024-09,Email,Owned,1,502,450,0.9,19094.3
2024-09-01,2024-09,Email,Owned,2,502,422,0.84,15273.62
2024-09-01,2024-09,Email,Owned,3,502,393,0.78,14770.42
2024-09-01,2024-09,Email,Owned,4,502,351,0.7,14203.36
2024-09-01,2024-09,Email,Owned,5,502,333,0.66,13937.97
2024-09-01,2024-09,Email,Owned,6,502,319,0.64,11361.95
2024-09-01,2024-09,Email,Owned,7,502,306,0.61,11324.37
2024-09-01,2024-09,Email,Owned,8,502,286,0.57,11408.37
2024-09-01,2024-09,Email,Owned,9,502,278,0.55,9354.99
2024-09-01,2024-09,Email,Owned,10,502,272,0.54,9531.26
2024-09-01,2024-09,Email,Owned,11,502,266,0.53,10087.53
2024-09-01,2024-09,Email,Owned,12,502,257,0.51,10103.54
2024-09-01,2024-09,Email,Owned,13,502,253,0.5,10675.34
2024-09-01,2024-09,Email,Owned,14,502,250,0.5,8616.34
2024-09-01,2024-09,Email,Owned,15,502,247,0.49,9224.71
2024-09-01,2024-09,Referral,Earned,0,425,425,1.0,18738.24
2024-09-01,2024-09,Referral,Earned,1,425,388,0.91,17703.15
2024-09-01,2024-09,Referral,Earned,2,425,371,0.87,14369.45
2024-09-01,2024-09,Referral,Earned,3,425,352,0.83,14174.46
2024-09-01,2024-09,Referral,Earned,4,425,320,0.75,13905.07
2024-09-01,2024-09,Referral,Earned,5,425,308,0.72,13856.93
2024-09-01,2024-09,Referral,Earned,6,425,299,0.7,11390.41
2024-09-01,2024-09,Referral,Earned,7,425,289,0.68,11453.56
2024-09-01,2024-09,Referral,Earned,8,425,282,0.66,12074.3
2024-09-01,2024-09,Referral,Earned,9,425,266,0.63,11798.0
2024-09-01,2024-09,Referral,Earned,10,425,262,0.62,9814.09
2024-09-01,2024-09,Referral,Earned,11,425,257,0.6,10021.73
2024-09-01,2024-09,Referral,Earned,12,425,253,0.6,10671.55
2024-09-01,2024-09,Referral,Earned,13,425,245,0.58,10710.6
2024-09-01,2024-09,Referral,Earned,14,425,242,0.57,11350.21
2024-09-01,2024-09,Referral,Earned,15,425,240,0.56,9601.6
2024-09-01,2024-09,Outbound,Sales-led,0,308,308,1.0,30144.15
2024-09-01,2024-09,Outbound,Sales-led,1,308,257,0.83,26055.45
2024-09-01,2024-09,Outbound,Sales-led,2,308,229,0.74,19607.67
2024-09-01,2024-09,Outbound,Sales-led,3,308,209,0.68,18629.31
2024-09-01,2024-09,Outbound,Sales-led,4,308,190,0.62,18318.93
2024-09-01,2024-09,Outbound,Sales-led,5,308,168,0.55,16787.88
2024-09-01,2024-09,Outbound,Sales-led,6,308,158,0.51,16938.83
2024-09-01,2024-09,Outbound,Sales-led,7,308,150,0.49,13152.04
2024-09-01,2024-09,Outbound,Sales-led,8,308,144,0.47,13674.27
2024-09-01,2024-09,Outbound,Sales-led,9,308,139,0.45,13687.7
2024-09-01,2024-09,Outbound,Sales-led,10,308,132,0.43,13959.34
2024-09-01,2024-09,Outbound,Sales-led,11,308,129,0.42,11123.03
2024-09-01,2024-09,Outbound,Sales-led,12,308,127,0.41,11875.13
2024-09-01,2024-09,Outbound,Sales-led,13,308,125,0.41,12127.18
2024-09-01,2024-09,Outbound,Sales-led,14,308,123,0.4,12828.58
2024-09-01,2024-09,Outbound,Sales-led,15,308,121,0.39,10257.15
2024-09-01,2024-09,Marketplace,Partner,0,767,767,1.0,18968.09
2024-09-01,2024-09,Marketplace,Partner,1,767,637,0.83,16335.83
2024-09-01,2024-09,Marketplace,Partner,2,767,475,0.62,13081.86
2024-09-01,2024-09,Marketplace,Partner,3,767,408,0.53,9161.83
2024-09-01,2024-09,Marketplace,Partner,4,767,353,0.46,8596.0
2024-09-01,2024-09,Marketplace,Partner,5,767,316,0.41,7984.05
2024-09-01,2024-09,Marketplace,Partner,6,767,275,0.36,7469.5
2024-09-01,2024-09,Marketplace,Partner,7,767,258,0.34,5695.74
2024-09-01,2024-09,Marketplace,Partner,8,767,244,0.32,5849.25
2024-09-01,2024-09,Marketplace,Partner,9,767,235,0.31,5848.45
2024-09-01,2024-09,Marketplace,Partner,10,767,224,0.29,5999.36
2024-09-01,2024-09,Marketplace,Partner,11,767,220,0.29,6093.46
2024-09-01,2024-09,Marketplace,Partner,12,767,217,0.28,5119.76
2024-09-01,2024-09,Marketplace,Partner,13,767,214,0.28,5244.72
2024-09-01,2024-09,Marketplace,Partner,14,767,212,0.28,5597.62
2024-09-01,2024-09,Marketplace,Partner,15,767,210,0.27,5736.9
2024-10-01,2024-10,Paid Search,Paid,0,1122,1122,1.0,34017.94
2024-10-01,2024-10,Paid Search,Paid,1,1122,965,0.86,30352.38
2024-10-01,2024-10,Paid Search,Paid,2,1122,762,0.68,25758.69
2024-10-01,2024-10,Paid Search,Paid,3,1122,665,0.59,18286.36
2024-10-01,2024-10,Paid Search,Paid,4,1122,597,0.53,17819.92
2024-10-01,2024-10,Paid Search,Paid,5,1122,540,0.48,16731.0
2024-10-01,2024-10,Paid Search,Paid,6,1122,479,0.43,15967.06
2024-10-01,2024-10,Paid Search,Paid,7,1122,450,0.4,12710.24
2024-10-01,2024-10,Paid Search,Paid,8,1122,430,0.38,12633.05
2024-10-01,2024-10,Paid Search,Paid,9,1122,413,0.37,13104.5
2024-10-01,2024-10,Paid Search,Paid,10,1122,395,0.35,12981.38
2024-10-01,2024-10,Paid Search,Paid,11,1122,386,0.34,10721.17
2024-10-01,2024-10,Paid Search,Paid,12,1122,380,0.34,10985.53
2024-10-01,2024-10,Paid Search,Paid,13,1122,375,0.33,11722.54
2024-10-01,2024-10,Paid Search,Paid,14,1122,370,0.33,11985.9
2024-10-01,2024-10,Paid Social,Paid,0,1048,1048,1.0,26817.73
2024-10-01,2024-10,Paid Social,Paid,1,1048,824,0.79,21899.7
2024-10-01,2024-10,Paid Social,Paid,2,1048,602,0.57,17232.13
2024-10-01,2024-10,Paid Social,Paid,3,1048,498,0.48,14747.11
2024-10-01,2024-10,Paid Social,Paid,4,1048,429,0.41,10802.29
2024-10-01,2024-10,Paid Social,Paid,5,1048,376,0.36,9839.18
2024-10-01,2024-10,Paid Social,Paid,6,1048,327,0.31,9226.47
2024-10-01,2024-10,Paid Social,Paid,7,1048,305,0.29,8907.04
2024-10-01,2024-10,Paid Social,Paid,8,1048,290,0.28,7183.56
2024-10-01,2024-10,Paid Social,Paid,9,1048,278,0.27,7160.93
2024-10-01,2024-10,Paid Social,Paid,10,1048,268,0.26,7452.07
2024-10-01,2024-10,Paid Social,Paid,11,1048,263,0.25,7572.85
2024-10-01,2024-10,Paid Social,Paid,12,1048,260,0.25,6334.02
2024-10-01,2024-10,Paid Social,Paid,13,1048,257,0.25,6514.82
2024-10-01,2024-10,Paid Social,Paid,14,1048,256,0.24,7013.62
2024-10-01,2024-10,Content / SEO,Organic,0,1617,1617,1.0,50441.26
2024-10-01,2024-10,Content / SEO,Organic,1,1617,1452,0.9,47100.47
2024-10-01,2024-10,Content / SEO,Organic,2,1617,1311,0.81,45906.83
2024-10-01,2024-10,Content / SEO,Organic,3,1617,1129,0.7,40938.27
2024-10-01,2024-10,Content / SEO,Organic,4,1617,1047,0.65,32120.87
2024-10-01,2024-10,Content / SEO,Organic,5,1617,987,0.61,31507.96
2024-10-01,2024-10,Content / SEO,Organic,6,1617,936,0.58,32293.19
2024-10-01,2024-10,Content / SEO,Organic,7,1617,854,0.53,30526.45
2024-10-01,2024-10,Content / SEO,Organic,8,1617,825,0.51,24884.95
2024-10-01,2024-10,Content / SEO,Organic,9,1617,796,0.49,25000.42
2024-10-01,2024-10,Content / SEO,Organic,10,1617,775,0.48,26339.06
2024-10-01,2024-10,Content / SEO,Organic,11,1617,742,0.46,26140.57
2024-10-01,2024-10,Content / SEO,Organic,12,1617,729,0.45,27562.17
2024-10-01,2024-10,Content / SEO,Organic,13,1617,718,0.44,22180.59
2024-10-01,2024-10,Content / SEO,Organic,14,1617,709,0.44,23730.58
2024-10-01,2024-10,Email,Owned,0,501,501,1.0,16890.6
2024-10-01,2024-10,Email,Owned,1,501,457,0.91,16042.59
2024-10-01,2024-10,Email,Owned,2,501,422,0.84,16030.0
2024-10-01,2024-10,Email,Owned,3,501,372,0.74,14647.92
2024-10-01,2024-10,Email,Owned,4,501,351,0.7,14832.47
2024-10-01,2024-10,Email,Owned,5,501,335,0.67,11566.92
2024-10-01,2024-10,Email,Owned,6,501,319,0.64,11933.71
2024-10-01,2024-10,Email,Owned,7,501,307,0.61,11911.63
2024-10-01,2024-10,Email,Owned,8,501,286,0.57,11920.98
2024-10-01,2024-10,Email,Owned,9,501,279,0.56,9472.63
2024-10-01,2024-10,Email,Owned,10,501,272,0.54,10018.78
2024-10-01,2024-10,Email,Owned,11,501,266,0.53,10167.6
2024-10-01,2024-10,Email,Owned,12,501,256,0.51,10523.07
2024-10-01,2024-10,Email,Owned,13,501,253,0.5,10751.51
2024-10-01,2024-10,Email,Owned,14,501,250,0.5,9064.43
2024-10-01,2024-10,Referral,Earned,0,457,457,1.0,21054.45
2024-10-01,2024-10,Referral,Earned,1,457,423,0.93,15874.22
2024-10-01,2024-10,Referral,Earned,2,457,399,0.87,16244.36
2024-10-01,2024-10,Referral,Earned,3,457,382,0.84,16139.26
2024-10-01,2024-10,Referral,Earned,4,457,345,0.75,15674.85
2024-10-01,2024-10,Referral,Earned,5,457,334,0.73,15688.33
2024-10-01,2024-10,Referral,Earned,6,457,322,0.7,12904.48
2024-10-01,2024-10,Referral,Earned,7,457,313,0.68,13024.78
2024-10-01,2024-10,Referral,Earned,8,457,304,0.67,13618.5
2024-10-01,2024-10,Referral,Earned,9,457,288,0.63,13344.31
2024-10-01,2024-10,Referral,Earned,10,457,282,0.62,11121.9
2024-10-01,2024-10,Referral,Earned,11,457,277,0.61,11350.37
2024-10-01,2024-10,Referral,Earned,12,457,272,0.6,12011.81
2024-10-01,2024-10,Referral,Earned,13,457,264,0.58,12064.21
2024-10-01,2024-10,Referral,Earned,14,457,261,0.57,10127.51
2024-10-01,2024-10,Outbound,Sales-led,0,309,309,1.0,30477.03
2024-10-01,2024-10,Outbound,Sales-led,1,309,262,0.85,27748.71
2024-10-01,2024-10,Outbound,Sales-led,2,309,233,0.75,20127.37
2024-10-01,2024-10,Outbound,Sales-led,3,309,212,0.69,19856.66
2024-10-01,2024-10,Outbound,Sales-led,4,309,193,0.62,18754.96
2024-10-01,2024-10,Outbound,Sales-led,5,309,170,0.55,17757.5
2024-10-01,2024-10,Outbound,Sales-led,6,309,160,0.52,14191.34
2024-10-01,2024-10,Outbound,Sales-led,7,309,152,0.49,14015.66
2024-10-01,2024-10,Outbound,Sales-led,8,309,145,0.47,14425.8
2024-10-01,2024-10,Outbound,Sales-led,9,309,137,0.44,14111.1
2024-10-01,2024-10,Outbound,Sales-led,10,309,133,0.43,11603.01
2024-10-01,2024-10,Outbound,Sales-led,11,309,130,0.42,11797.9
2024-10-01,2024-10,Outbound,Sales-led,12,309,127,0.41,12450.2
2024-10-01,2024-10,Outbound,Sales-led,13,309,124,0.4,12591.64
2024-10-01,2024-10,Outbound,Sales-led,14,309,123,0.4,10551.61
2024-10-01,2024-10,Marketplace,Partner,0,817,817,1.0,20366.42
2024-10-01,2024-10,Marketplace,Partner,1,817,624,0.76,16738.25
2024-10-01,2024-10,Marketplace,Partner,2,817,515,0.63,14285.49
2024-10-01,2024-10,Marketplace,Partner,3,817,441,0.54,10422.88
2024-10-01,2024-10,Marketplace,Partner,4,817,381,0.47,9353.3
2024-10-01,2024-10,Marketplace,Partner,5,817,323,0.4,8541.79
2024-10-01,2024-10,Marketplace,Partner,6,817,295,0.36,8071.16
2024-10-01,2024-10,Marketplace,Partner,7,817,277,0.34,6441.82
2024-10-01,2024-10,Marketplace,Partner,8,817,261,0.32,6308.47
2024-10-01,2024-10,Marketplace,Partner,9,817,247,0.3,6438.35
2024-10-01,2024-10,Marketplace,Partner,10,817,240,0.29,6475.42
2024-10-01,2024-10,Marketplace,Partner,11,817,235,0.29,5376.03
2024-10-01,2024-10,Marketplace,Partner,12,817,231,0.28,5495.82
2024-10-01,2024-10,Marketplace,Partner,13,817,227,0.28,5831.0
2024-10-01,2024-10,Marketplace,Partner,14,817,225,0.28,6206.19
2024-11-01,2024-11,Paid Search,Paid,0,1201,1201,1.0,38169.22
2024-11-01,2024-11,Paid Search,Paid,1,1201,955,0.8,31434.23
2024-11-01,2024-11,Paid Search,Paid,2,1201,818,0.68,22761.87
2024-11-01,2024-11,Paid Search,Paid,3,1201,722,0.6,20909.46
2024-11-01,2024-11,Paid Search,Paid,4,1201,641,0.53,20070.54
2024-11-01,2024-11,Paid Search,Paid,5,1201,554,0.46,17974.82
2024-11-01,2024-11,Paid Search,Paid,6,1201,514,0.43,14061.16
2024-11-01,2024-11,Paid Search,Paid,7,1201,485,0.4,13817.92
2024-11-01,2024-11,Paid Search,Paid,8,1201,461,0.38,14217.88
2024-11-01,2024-11,Paid Search,Paid,9,1201,435,0.36,13909.39
2024-11-01,2024-11,Paid Search,Paid,10,1201,423,0.35,14520.08
2024-11-01,2024-11,Paid Search,Paid,11,1201,414,0.34,11600.55
2024-11-01,2024-11,Paid Search,Paid,12,1201,408,0.34,12391.56
2024-11-01,2024-11,Paid Search,Paid,13,1201,402,0.33,12665.29
2024-11-01,2024-11,Paid Social,Paid,0,1118,1118,1.0,30032.78
2024-11-01,2024-11,Paid Social,Paid,1,1118,804,0.72,22392.06
2024-11-01,2024-11,Paid Social,Paid,2,1118,645,0.58,19284.41
2024-11-01,2024-11,Paid Social,Paid,3,1118,539,0.48,13154.93
2024-11-01,2024-11,Paid Social,Paid,4,1118,458,0.41,12115.78
2024-11-01,2024-11,Paid Social,Paid,5,1118,405,0.36,11113.83
2024-11-01,2024-11,Paid Social,Paid,6,1118,350,0.31,10321.16
2024-11-01,2024-11,Paid Social,Paid,7,1118,327,0.29,7846.99
2024-11-01,2024-11,Paid Social,Paid,8,1118,309,0.28,8047.72
2024-11-01,2024-11,Paid Social,Paid,9,1118,298,0.27,8055.62
2024-11-01,2024-11,Paid Social,Paid,10,1118,286,0.26,8316.81
2024-11-01,2024-11,Paid Social,Paid,11,1118,281,0.25,8449.0
2024-11-01,2024-11,Paid Social,Paid,12,1118,277,0.25,7100.93
2024-11-01,2024-11,Paid Social,Paid,13,1118,275,0.25,7321.32
2024-11-01,2024-11,Content / SEO,Organic,0,1716,1716,1.0,53991.72
2024-11-01,2024-11,Content / SEO,Organic,1,1716,1567,0.91,53343.85
2024-11-01,2024-11,Content / SEO,Organic,2,1716,1308,0.76,46154.11
2024-11-01,2024-11,Content / SEO,Organic,3,1716,1215,0.71,46005.16
2024-11-01,2024-11,Content / SEO,Organic,4,1716,1124,0.66,36285.69
2024-11-01,2024-11,Content / SEO,Organic,5,1716,1058,0.62,35471.18
2024-11-01,2024-11,Content / SEO,Organic,6,1716,995,0.58,35924.43
2024-11-01,2024-11,Content / SEO,Organic,7,1716,914,0.53,34136.94
2024-11-01,2024-11,Content / SEO,Organic,8,1716,876,0.51,27828.12
2024-11-01,2024-11,Content / SEO,Organic,9,1716,849,0.49,28026.55
2024-11-01,2024-11,Content / SEO,Organic,10,1716,823,0.48,29290.21
2024-11-01,2024-11,Content / SEO,Organic,11,1716,790,0.46,29098.51
2024-11-01,2024-11,Content / SEO,Organic,12,1716,774,0.45,24188.95
2024-11-01,2024-11,Content / SEO,Organic,13,1716,763,0.44,24794.35
2024-11-01,2024-11,Email,Owned,0,541,541,1.0,18402.02
2024-11-01,2024-11,Email,Owned,1,541,501,0.93,18485.14
2024-11-01,2024-11,Email,Owned,2,541,462,0.85,17688.51
2024-11-01,2024-11,Email,Owned,3,541,407,0.75,16755.57
2024-11-01,2024-11,Email,Owned,4,541,383,0.71,16300.03
2024-11-01,2024-11,Email,Owned,5,541,365,0.67,13256.97
2024-11-01,2024-11,Email,Owned,6,541,348,0.64,13123.36
2024-11-01,2024-11,Email,Owned,7,541,322,0.6,13070.77
2024-11-01,2024-11,Email,Owned,8,541,311,0.57,13056.65
2024-11-01,2024-11,Email,Owned,9,541,303,0.56,10830.57
2024-11-01,2024-11,Email,Owned,10,541,295,0.55,10954.76
2024-11-01,2024-11,Email,Owned,11,541,283,0.52,11324.65
2024-11-01,2024-11,Email,Owned,12,541,278,0.51,9390.31
2024-11-01,2024-11,Email,Owned,13,541,274,0.51,9636.15
2024-11-01,2024-11,Referral,Earned,0,490,490,1.0,22737.84
2024-11-01,2024-11,Referral,Earned,1,490,454,0.93,17936.96
2024-11-01,2024-11,Referral,Earned,2,490,434,0.89,17813.71
2024-11-01,2024-11,Referral,Earned,3,490,391,0.8,17294.09
2024-11-01,2024-11,Referral,Earned,4,490,374,0.76,17116.89
2024-11-01,2024-11,Referral,Earned,5,490,362,0.74,14071.69
2024-11-01,2024-11,Referral,Earned,6,490,348,0.71,14062.25
2024-11-01,2024-11,Referral,Earned,7,490,326,0.67,14211.56
2024-11-01,2024-11,Referral,Earned,8,490,317,0.65,14306.35
2024-11-01,2024-11,Referral,Earned,9,490,311,0.63,11891.22
2024-11-01,2024-11,Referral,Earned,10,490,304,0.62,12090.72
2024-11-01,2024-11,Referral,Earned,11,490,298,0.61,12801.21
2024-11-01,2024-11,Referral,Earned,12,490,287,0.59,12769.72
2024-11-01,2024-11,Referral,Earned,13,490,284,0.58,10678.05
2024-11-01,2024-11,Outbound,Sales-led,0,330,330,1.0,34042.54
2024-11-01,2024-11,Outbound,Sales-led,1,330,281,0.85,24559.17
2024-11-01,2024-11,Outbound,Sales-led,2,330,253,0.77,23000.64
2024-11-01,2024-11,Outbound,Sales-led,3,330,227,0.69,22289.49
2024-11-01,2024-11,Outbound,Sales-led,4,330,196,0.59,19933.99
2024-11-01,2024-11,Outbound,Sales-led,5,330,182,0.55,15641.8
2024-11-01,2024-11,Outbound,Sales-led,6,330,172,0.52,15386.5
2024-11-01,2024-11,Outbound,Sales-led,7,330,162,0.49,15671.29
2024-11-01,2024-11,Outbound,Sales-led,8,330,151,0.46,15137.57
2024-11-01,2024-11,Outbound,Sales-led,9,330,146,0.44,12335.36
2024-11-01,2024-11,Outbound,Sales-led,10,330,142,0.43,12496.17
2024-11-01,2024-11,Outbound,Sales-led,11,330,139,0.42,13244.08
2024-11-01,2024-11,Outbound,Sales-led,12,330,135,0.41,13337.14
2024-11-01,2024-11,Outbound,Sales-led,13,330,133,0.4,14107.78
2024-11-01,2024-11,Marketplace,Partner,0,868,868,1.0,22661.29
2024-11-01,2024-11,Marketplace,Partner,1,868,665,0.77,14632.19
2024-11-01,2024-11,Marketplace,Partner,2,868,557,0.64,12765.33
2024-11-01,2024-11,Marketplace,Partner,3,868,470,0.54,11662.5
2024-11-01,2024-11,Marketplace,Partner,4,868,384,0.44,9879.75
2024-11-01,2024-11,Marketplace,Partner,5,868,344,0.4,9502.77
2024-11-01,2024-11,Marketplace,Partner,6,868,316,0.36,7122.34
2024-11-01,2024-11,Marketplace,Partner,7,868,294,0.34,7183.85
2024-11-01,2024-11,Marketplace,Partner,8,868,279,0.32,7072.53
2024-11-01,2024-11,Marketplace,Partner,9,868,262,0.3,7138.29
2024-11-01,2024-11,Marketplace,Partner,10,868,255,0.29,5650.82
2024-11-01,2024-11,Marketplace,Partner,11,868,250,0.29,6013.97
2024-11-01,2024-11,Marketplace,Partner,12,868,246,0.28,6142.77
2024-11-01,2024-11,Marketplace,Partner,13,868,241,0.28,6474.81
2024-12-01,2024-12,Paid Search,Paid,0,1203,1203,1.0,38528.23
2024-12-01,2024-12,Paid Search,Paid,1,1203,975,0.81,33518.17
2024-12-01,2024-12,Paid Search,Paid,2,1203,833,0.69,23383.84
2024-12-01,2024-12,Paid Search,Paid,3,1203,734,0.61,22330.23
2024-12-01,2024-12,Paid Search,Paid,4,1203,649,0.54,20480.42
2024-12-01,2024-12,Paid Search,Paid,5,1203,561,0.47,19022.22
2024-12-01,2024-12,Paid Search,Paid,6,1203,519,0.43,14325.4
2024-12-01,2024-12,Paid Search,Paid,7,1203,489,0.41,14646.89
2024-12-01,2024-12,Paid Search,Paid,8,1203,464,0.39,14424.36
2024-12-01,2024-12,Paid Search,Paid,9,1203,437,0.36,14612.31
2024-12-01,2024-12,Paid Search,Paid,10,1203,425,0.35,12048.16
2024-12-01,2024-12,Paid Search,Paid,11,1203,416,0.35,12264.86
2024-12-01,2024-12,Paid Search,Paid,12,1203,409,0.34,13019.96
2024-12-01,2024-12,Paid Social,Paid,0,1191,1191,1.0,32248.53
2024-12-01,2024-12,Paid Social,Paid,1,1191,860,0.72,25046.93
2024-12-01,2024-12,Paid Social,Paid,2,1191,700,0.59,21078.55
2024-12-01,2024-12,Paid Social,Paid,3,1191,584,0.49,14996.94
2024-12-01,2024-12,Paid Social,Paid,4,1191,494,0.41,13173.78
2024-12-01,2024-12,Paid Social,Paid,5,1191,414,0.35,11888.04
2024-12-01,2024-12,Paid Social,Paid,6,1191,376,0.32,11168.3
2024-12-01,2024-12,Paid Social,Paid,7,1191,350,0.29,8844.65
2024-12-01,2024-12,Paid Social,Paid,8,1191,331,0.28,8691.5
2024-12-01,2024-12,Paid Social,Paid,9,1191,313,0.26,8859.71
2024-12-01,2024-12,Paid Social,Paid,10,1191,305,0.26,8934.57
2024-12-01,2024-12,Paid Social,Paid,11,1191,300,0.25,7458.34
2024-12-01,2024-12,Paid Social,Paid,12,1191,296,0.25,7651.31
2024-12-01,2024-12,Content / SEO,Organic,0,1723,1723,1.0,56975.12
2024-12-01,2024-12,Content / SEO,Organic,1,1723,1578,0.92,56248.93
2024-12-01,2024-12,Content / SEO,Organic,2,1723,1334,0.77,49210.86
2024-12-01,2024-12,Content / SEO,Organic,3,1723,1223,0.71,38289.7
2024-12-01,2024-12,Content / SEO,Organic,4,1723,1142,0.66,37174.39
2024-12-01,2024-12,Content / SEO,Organic,5,1723,1064,0.62,37378.66
2024-12-01,2024-12,Content / SEO,Organic,6,1723,964,0.56,35064.84
2024-12-01,2024-12,Content / SEO,Organic,7,1723,918,0.53,28267.63
2024-12-01,2024-12,Content / SEO,Organic,8,1723,885,0.51,28352.41
2024-12-01,2024-12,Content / SEO,Organic,9,1723,857,0.5,29665.0
2024-12-01,2024-12,Content / SEO,Organic,10,1723,812,0.47,29117.45
2024-12-01,2024-12,Content / SEO,Organic,11,1723,796,0.46,24100.69
2024-12-01,2024-12,Content / SEO,Organic,12,1723,780,0.45,24586.56
2024-12-01,2024-12,Email,Owned,0,583,583,1.0,20875.59
2024-12-01,2024-12,Email,Owned,1,583,541,0.93,20930.66
2024-12-01,2024-12,Email,Owned,2,583,470,0.81,18837.21
2024-12-01,2024-12,Email,Owned,3,583,440,0.75,14889.96
2024-12-01,2024-12,Email,Owned,4,583,417,0.72,14691.4
2024-12-01,2024-12,Email,Owned,5,583,395,0.68,15054.56
2024-12-01,2024-12,Email,Owned,6,583,362,0.62,14300.14
2024-12-01,2024-12,Email,Owned,7,583,347,0.6,14707.53
2024-12-01,2024-12,Email,Owned,8,583,337,0.58,11678.79
2024-12-01,2024-12,Email,Owned,9,583,327,0.56,12274.53
2024-12-01,2024-12,Email,Owned,10,583,319,0.55,12417.76
2024-12-01,2024-12,Email,Owned,11,583,305,0.52,12751.68
2024-12-01,2024-12,Email,Owned,12,583,300,0.51,10223.74
2024-12-01,2024-12,Referral,Earned,0,491,491,1.0,18807.64
2024-12-01,2024-12,Referral,Earned,1,491,462,0.94,18406.76
2024-12-01,2024-12,Referral,Earned,2,491,440,0.9,18931.64
2024-12-01,2024-12,Referral,Earned,3,491,393,0.8,18161.09
2024-12-01,2024-12,Referral,Earned,4,491,379,0.77,14276.22
2024-12-01,2024-12,Referral,Earned,5,491,363,0.74,14829.67
2024-12-01,2024-12,Referral,Earned,6,491,352,0.72,14921.21
2024-12-01,2024-12,Referral,Earned,7,491,327,0.67,14902.95
2024-12-01,2024-12,Referral,Earned,8,491,320,0.65,11850.07
2024-12-01,2024-12,Referral,Earned,9,491,312,0.64,12547.53
2024-12-01,2024-12,Referral,Earned,10,491,306,0.62,12776.46
2024-12-01,2024-12,Referral,Earned,11,491,293,0.6,13166.87
2024-12-01,2024-12,Referral,Earned,12,491,289,0.59,13431.22
2024-12-01,2024-12,Outbound,Sales-led,0,352,352,1.0,29795.84
2024-12-01,2024-12,Outbound,Sales-led,1,352,305,0.87,26888.71
2024-12-01,2024-12,Outbound,Sales-led,2,352,274,0.78,26150.47
2024-12-01,2024-12,Outbound,Sales-led,3,352,229,0.65,22660.03
2024-12-01,2024-12,Outbound,Sales-led,4,352,212,0.6,22521.2
2024-12-01,2024-12,Outbound,Sales-led,5,352,196,0.56,16994.08
2024-12-01,2024-12,Outbound,Sales-led,6,352,185,0.53,17387.13
2024-12-01,2024-12,Outbound,Sales-led,7,352,174,0.49,16964.46
2024-12-01,2024-12,Outbound,Sales-led,8,352,162,0.46,16973.85
2024-12-01,2024-12,Outbound,Sales-led,9,352,156,0.44,13886.62
2024-12-01,2024-12,Outbound,Sales-led,10,352,152,0.43,14064.45
2024-12-01,2024-12,Outbound,Sales-led,11,352,149,0.42,14871.57
2024-12-01,2024-12,Outbound,Sales-led,12,352,144,0.41,14878.32
2024-12-01,2024-12,Marketplace,Partner,0,872,872,1.0,23793.97
2024-12-01,2024-12,Marketplace,Partner,1,872,683,0.78,15163.53
2024-12-01,2024-12,Marketplace,Partner,2,872,570,0.65,13735.39
2024-12-01,2024-12,Marketplace,Partner,3,872,479,0.55,11980.69
2024-12-01,2024-12,Marketplace,Partner,4,872,391,0.45,10520.91
2024-12-01,2024-12,Marketplace,Partner,5,872,349,0.4,9710.02
2024-12-01,2024-12,Marketplace,Partner,6,872,320,0.37,7589.83
2024-12-01,2024-12,Marketplace,Partner,7,872,297,0.34,7315.98
2024-12-01,2024-12,Marketplace,Partner,8,872,275,0.32,7295.4
2024-12-01,2024-12,Marketplace,Partner,9,872,264,0.3,7245.07
2024-12-01,2024-12,Marketplace,Partner,10,872,257,0.29,5998.19
2024-12-01,2024-12,Marketplace,Partner,11,872,251,0.29,6087.74
2024-12-01,2024-12,Marketplace,Partner,12,872,245,0.28,6406.7
2025-01-01,2025-01,Paid Search,Paid,0,1142,1142,1.0,38244.41
2025-01-01,2025-01,Paid Search,Paid,1,1142,929,0.81,26383.41
2025-01-01,2025-01,Paid Search,Paid,2,1142,804,0.7,23745.35
2025-01-01,2025-01,Paid Search,Paid,3,1142,698,0.61,22255.62
2025-01-01,2025-01,Paid Search,Paid,4,1142,586,0.51,19349.17
2025-01-01,2025-01,Paid Search,Paid,5,1142,533,0.47,14886.63
2025-01-01,2025-01,Paid Search,Paid,6,1142,496,0.43,14415.8
2025-01-01,2025-01,Paid Search,Paid,7,1142,465,0.41,14607.94
2025-01-01,2025-01,Paid Search,Paid,8,1142,431,0.38,14028.69
2025-01-01,2025-01,Paid Search,Paid,9,1142,416,0.36,11423.35
2025-01-01,2025-01,Paid Search,Paid,10,1142,404,0.35,11552.06
2025-01-01,2025-01,Paid Search,Paid,11,1142,395,0.35,12223.28
2025-01-01,2025-01,Paid Social,Paid,0,1061,1061,1.0,30079.74
2025-01-01,2025-01,Paid Social,Paid,1,1061,784,0.74,18751.6
2025-01-01,2025-01,Paid Social,Paid,2,1061,636,0.6,15840.04
2025-01-01,2025-01,Paid Social,Paid,3,1061,521,0.49,14042.62
2025-01-01,2025-01,Paid Social,Paid,4,1061,418,0.39,11679.38
2025-01-01,2025-01,Paid Social,Paid,5,1061,369,0.35,11065.78
2025-01-01,2025-01,Paid Social,Paid,6,1061,337,0.32,8255.3
2025-01-01,2025-01,Paid Social,Paid,7,1061,312,0.29,8281.71
2025-01-01,2025-01,Paid Social,Paid,8,1061,296,0.28,8149.42
2025-01-01,2025-01,Paid Social,Paid,9,1061,279,0.26,8252.62
2025-01-01,2025-01,Paid Social,Paid,10,1061,272,0.26,6551.71
2025-01-01,2025-01,Paid Social,Paid,11,1061,267,0.25,6977.95
2025-01-01,2025-01,Content / SEO,Organic,0,1094,1094,1.0,37930.16
2025-01-01,2025-01,Content / SEO,Organic,1,1094,935,0.85,33580.59
2025-01-01,2025-01,Content / SEO,Organic,2,1094,860,0.79,26086.71
2025-01-01,2025-01,Content / SEO,Organic,3,1094,787,0.72,24851.4
2025-01-01,2025-01,Content / SEO,Organic,4,1094,734,0.67,25070.28
2025-01-01,2025-01,Content / SEO,Organic,5,1094,648,0.59,22939.0
2025-01-01,2025-01,Content / SEO,Organic,6,1094,617,0.56,23432.43
2025-01-01,2025-01,Content / SEO,Organic,7,1094,587,0.54,18233.39
2025-01-01,2025-01,Content / SEO,Organic,8,1094,566,0.52,19040.41
2025-01-01,2025-01,Content / SEO,Organic,9,1094,545,0.5,19739.15
2025-01-01,2025-01,Content / SEO,Organic,10,1094,518,0.47,19405.63
2025-01-01,2025-01,Content / SEO,Organic,11,1094,506,0.46,16131.75
2025-01-01,2025-01,Email,Owned,0,518,518,1.0,19476.56
2025-01-01,2025-01,Email,Owned,1,518,488,0.94,19027.06
2025-01-01,2025-01,Email,Owned,2,518,424,0.82,17753.53
2025-01-01,2025-01,Email,Owned,3,518,396,0.76,13520.18
2025-01-01,2025-01,Email,Owned,4,518,375,0.72,13883.82
2025-01-01,2025-01,Email,Owned,5,518,354,0.68,13598.51
2025-01-01,2025-01,Email,Owned,6,518,324,0.63,13379.75
2025-01-01,2025-01,Email,Owned,7,518,311,0.6,10438.98
2025-01-01,2025-01,Email,Owned,8,518,302,0.58,11007.15
2025-01-01,2025-01,Email,Owned,9,518,292,0.56,11048.65
2025-01-01,2025-01,Email,Owned,10,518,278,0.54,11320.02
2025-01-01,2025-01,Email,Owned,11,518,272,0.53,11453.88
2025-01-01,2025-01,Referral,Earned,0,466,466,1.0,18773.18
2025-01-01,2025-01,Referral,Earned,1,466,444,0.95,18569.19
2025-01-01,2025-01,Referral,Earned,2,466,392,0.84,17642.93
2025-01-01,2025-01,Referral,Earned,3,466,377,0.81,17547.15
2025-01-01,2025-01,Referral,Earned,4,466,360,0.77,14273.69
2025-01-01,2025-01,Referral,Earned,5,466,348,0.75,14332.67
2025-01-01,2025-01,Referral,Earned,6,466,334,0.72,14819.85
2025-01-01,2025-01,Referral,Earned,7,466,313,0.67,14369.05
2025-01-01,2025-01,Referral,Earned,8,466,305,0.65,11898.81
2025-01-01,2025-01,Referral,Earned,9,466,297,0.64,12043.11
2025-01-01,2025-01,Referral,Earned,10,466,284,0.61,12420.5
2025-01-01,2025-01,Referral,Earned,11,466,279,0.6,12630.57
2025-01-01,2025-01,Outbound,Sales-led,0,332,332,1.0,29606.21
2025-01-01,2025-01,Outbound,Sales-led,1,332,293,0.88,27157.52
2025-01-01,2025-01,Outbound,Sales-led,2,332,259,0.78,25891.64
2025-01-01,2025-01,Outbound,Sales-led,3,332,219,0.66,22662.16
2025-01-01,2025-01,Outbound,Sales-led,4,332,200,0.6,17544.02
2025-01-01,2025-01,Outbound,Sales-led,5,332,187,0.56,17060.49
2025-01-01,2025-01,Outbound,Sales-led,6,332,175,0.53,17239.69
2025-01-01,2025-01,Outbound,Sales-led,7,332,160,0.48,16323.99
2025-01-01,2025-01,Outbound,Sales-led,8,332,153,0.46,13198.53
2025-01-01,2025-01,Outbound,Sales-led,9,332,148,0.45,13287.05
2025-01-01,2025-01,Outbound,Sales-led,10,332,144,0.43,13976.25
2025-01-01,2025-01,Outbound,Sales-led,11,332,138,0.42,13878.63
2025-01-01,2025-01,Marketplace,Partner,0,548,548,1.0,12311.28
2025-01-01,2025-01,Marketplace,Partner,1,548,438,0.8,10240.68
2025-01-01,2025-01,Marketplace,Partner,2,548,359,0.66,9074.21
2025-01-01,2025-01,Marketplace,Partner,3,548,283,0.52,7412.07
2025-01-01,2025-01,Marketplace,Partner,4,548,246,0.45,5433.37
2025-01-01,2025-01,Marketplace,Partner,5,548,222,0.41,5106.35
2025-01-01,2025-01,Marketplace,Partner,6,548,202,0.37,5029.27
2025-01-01,2025-01,Marketplace,Partner,7,548,182,0.33,4697.8
2025-01-01,2025-01,Marketplace,Partner,8,548,173,0.32,4793.47
2025-01-01,2025-01,Marketplace,Partner,9,548,167,0.3,3777.98
2025-01-01,2025-01,Marketplace,Partner,10,548,162,0.3,3971.99
2025-01-01,2025-01,Marketplace,Partner,11,548,158,0.29,4018.44
2025-02-01,2025-02,Paid Search,Paid,0,1219,1219,1.0,33536.11
2025-02-01,2025-02,Paid Search,Paid,1,1219,1011,0.83,28960.49
2025-02-01,2025-02,Paid Search,Paid,2,1219,873,0.72,27059.69
2025-02-01,2025-02,Paid Search,Paid,3,1219,702,0.58,22555.56
2025-02-01,2025-02,Paid Search,Paid,4,1219,634,0.52,21861.11
2025-02-01,2025-02,Paid Search,Paid,5,1219,575,0.47,16200.9
2025-02-01,2025-02,Paid Search,Paid,6,1219,534,0.44,16301.04
2025-02-01,2025-02,Paid Search,Paid,7,1219,499,0.41,15798.6
2025-02-01,2025-02,Paid Search,Paid,8,1219,463,0.38,15747.25
2025-02-01,2025-02,Paid Search,Paid,9,1219,445,0.37,12328.98
2025-02-01,2025-02,Paid Search,Paid,10,1219,433,0.36,13014.41
2025-02-01,2025-02,Paid Social,Paid,0,1130,1130,1.0,33474.99
2025-02-01,2025-02,Paid Social,Paid,1,1130,853,0.75,20584.39
2025-02-01,2025-02,Paid Social,Paid,2,1130,679,0.6,17775.71
2025-02-01,2025-02,Paid Social,Paid,3,1130,564,0.5,15322.26
2025-02-01,2025-02,Paid Social,Paid,4,1130,446,0.39,13029.71
2025-02-01,2025-02,Paid Social,Paid,5,1130,397,0.35,11990.38
2025-02-01,2025-02,Paid Social,Paid,6,1130,362,0.32,9328.73
2025-02-01,2025-02,Paid Social,Paid,7,1130,335,0.3,8963.88
2025-02-01,2025-02,Paid Social,Paid,8,1130,310,0.27,8929.65
2025-02-01,2025-02,Paid Social,Paid,9,1130,298,0.26,8878.37
2025-02-01,2025-02,Paid Social,Paid,10,1130,291,0.26,7379.96
2025-02-01,2025-02,Content / SEO,Organic,0,1182,1182,1.0,42876.77
2025-02-01,2025-02,Content / SEO,Organic,1,1182,1028,0.87,38569.28
2025-02-01,2025-02,Content / SEO,Organic,2,1182,932,0.79,29765.35
2025-02-01,2025-02,Content / SEO,Organic,3,1182,862,0.73,28602.08
2025-02-01,2025-02,Content / SEO,Organic,4,1182,794,0.67,28392.95
2025-02-01,2025-02,Content / SEO,Organic,5,1182,708,0.6,26198.39
2025-02-01,2025-02,Content / SEO,Organic,6,1182,668,0.57,20989.69
2025-02-01,2025-02,Content / SEO,Organic,7,1182,639,0.54,20873.37
2025-02-01,2025-02,Content / SEO,Organic,8,1182,612,0.52,21569.32
2025-02-01,2025-02,Content / SEO,Organic,9,1182,576,0.49,21017.08
2025-02-01,2025-02,Content / SEO,Organic,10,1182,560,0.47,17307.53
2025-02-01,2025-02,Email,Owned,0,557,557,1.0,21941.29
2025-02-01,2025-02,Email,Owned,1,557,493,0.89,20105.64
2025-02-01,2025-02,Email,Owned,2,557,457,0.82,15786.56
2025-02-01,2025-02,Email,Owned,3,557,431,0.77,15487.65
2025-02-01,2025-02,Email,Owned,4,557,404,0.73,15681.61
2025-02-01,2025-02,Email,Owned,5,557,366,0.66,14715.48
2025-02-01,2025-02,Email,Owned,6,557,349,0.63,11854.79
2025-02-01,2025-02,Email,Owned,7,557,337,0.61,11915.72
2025-02-01,2025-02,Email,Owned,8,557,325,0.58,12427.95
2025-02-01,2025-02,Email,Owned,9,557,307,0.55,12166.47
2025-02-01,2025-02,Email,Owned,10,557,299,0.54,12711.04
2025-02-01,2025-02,Referral,Earned,0,498,498,1.0,20228.03
2025-02-01,2025-02,Referral,Earned,1,498,448,0.9,19623.97
2025-02-01,2025-02,Referral,Earned,2,498,425,0.85,19269.59
2025-02-01,2025-02,Referral,Earned,3,498,408,0.82,15685.64
2025-02-01,2025-02,Referral,Earned,4,498,389,0.78,15552.95
2025-02-01,2025-02,Referral,Earned,5,498,358,0.72,15453.74
2025-02-01,2025-02,Referral,Earned,6,498,345,0.69,15991.38
2025-02-01,2025-02,Referral,Earned,7,498,337,0.68,12741.48
2025-02-01,2025-02,Referral,Earned,8,498,327,0.66,13404.88
2025-02-01,2025-02,Referral,Earned,9,498,320,0.64,13609.67
2025-02-01,2025-02,Referral,Earned,10,498,304,0.61,13897.42
2025-02-01,2025-02,Outbound,Sales-led,0,334,334,1.0,30038.58
2025-02-01,2025-02,Outbound,Sales-led,1,334,300,0.9,29164.75
2025-02-01,2025-02,Outbound,Sales-led,2,334,244,0.73,24577.7
2025-02-01,2025-02,Outbound,Sales-led,3,334,223,0.67,18947.91
2025-02-01,2025-02,Outbound,Sales-led,4,334,204,0.61,18050.06
2025-02-01,2025-02,Outbound,Sales-led,5,334,190,0.57,18194.52
2025-02-01,2025-02,Outbound,Sales-led,6,334,170,0.51,16876.42
2025-02-01,2025-02,Outbound,Sales-led,7,334,162,0.49,17261.59
2025-02-01,2025-02,Outbound,Sales-led,8,334,155,0.46,13488.95
2025-02-01,2025-02,Outbound,Sales-led,9,334,150,0.45,14145.81
2025-02-01,2025-02,Outbound,Sales-led,10,334,145,0.43,14183.59
2025-02-01,2025-02,Marketplace,Partner,0,593,593,1.0,13439.69
2025-02-01,2025-02,Marketplace,Partner,1,593,476,0.8,11690.43
2025-02-01,2025-02,Marketplace,Partner,2,593,396,0.67,10087.87
2025-02-01,2025-02,Marketplace,Partner,3,593,307,0.52,8402.66
2025-02-01,2025-02,Marketplace,Partner,4,593,270,0.46,6016.93
2025-02-01,2025-02,Marketplace,Partner,5,593,242,0.41,5851.74
2025-02-01,2025-02,Marketplace,Partner,6,593,220,0.37,5521.0
2025-02-01,2025-02,Marketplace,Partner,7,593,198,0.33,5344.27
2025-02-01,2025-02,Marketplace,Partner,8,593,188,0.32,5246.32
2025-02-01,2025-02,Marketplace,Partner,9,593,181,0.31,4308.13
2025-02-01,2025-02,Marketplace,Partner,10,593,175,0.3,4325.39
2025-03-01,2025-03,Paid Search,Paid,0,1224,1224,1.0,35463.37
2025-03-01,2025-03,Paid Search,Paid,1,1224,1034,0.84,31131.23
2025-03-01,2025-03,Paid Search,Paid,2,1224,879,0.72,28530.92
2025-03-01,2025-03,Paid Search,Paid,3,1224,716,0.58,24052.31
2025-03-01,2025-03,Paid Search,Paid,4,1224,638,0.52,18185.19
2025-03-01,2025-03,Paid Search,Paid,5,1224,583,0.48,17278.76
2025-03-01,2025-03,Paid Search,Paid,6,1224,537,0.44,17177.81
2025-03-01,2025-03,Paid Search,Paid,7,1224,488,0.4,16163.88
2025-03-01,2025-03,Paid Search,Paid,8,1224,465,0.38,13035.59
2025-03-01,2025-03,Paid Search,Paid,9,1224,449,0.37,13096.32
2025-03-01,2025-03,Paid Social,Paid,0,801,801,1.0,23900.07
2025-03-01,2025-03,Paid Social,Paid,1,801,618,0.77,15700.46
2025-03-01,2025-03,Paid Social,Paid,2,801,490,0.61,12932.64
2025-03-01,2025-03,Paid Social,Paid,3,801,375,0.47,10665.24
2025-03-01,2025-03,Paid Social,Paid,4,801,320,0.4,7682.6
2025-03-01,2025-03,Paid Social,Paid,5,801,284,0.35,7098.86
2025-03-01,2025-03,Paid Social,Paid,6,801,257,0.32,6950.17
2025-03-01,2025-03,Paid Social,Paid,7,801,232,0.29,6503.27
2025-03-01,2025-03,Paid Social,Paid,8,801,220,0.27,6617.35
2025-03-01,2025-03,Paid Social,Paid,9,801,212,0.26,5212.38
2025-03-01,2025-03,Content / SEO,Organic,0,1182,1182,1.0,43195.16
2025-03-01,2025-03,Content / SEO,Organic,1,1182,1045,0.88,32355.75
2025-03-01,2025-03,Content / SEO,Organic,2,1182,946,0.8,30467.28
2025-03-01,2025-03,Content / SEO,Organic,3,1182,873,0.74,30367.08
2025-03-01,2025-03,Content / SEO,Organic,4,1182,757,0.64,27273.76
2025-03-01,2025-03,Content / SEO,Organic,5,1182,715,0.6,21769.64
2025-03-01,2025-03,Content / SEO,Organic,6,1182,674,0.57,21359.77
2025-03-01,2025-03,Content / SEO,Organic,7,1182,644,0.54,22069.47
2025-03-01,2025-03,Content / SEO,Organic,8,1182,596,0.5,21165.96
2025-03-01,2025-03,Content / SEO,Organic,9,1182,579,0.49,17330.44
2025-03-01,2025-03,Email,Owned,0,597,597,1.0,23696.69
2025-03-01,2025-03,Email,Owned,1,597,529,0.89,17697.48
2025-03-01,2025-03,Email,Owned,2,597,496,0.83,17283.09
2025-03-01,2025-03,Email,Owned,3,597,467,0.78,17618.31
2025-03-01,2025-03,Email,Owned,4,597,414,0.69,16194.41
2025-03-01,2025-03,Email,Owned,5,597,396,0.66,16631.43
2025-03-01,2025-03,Email,Owned,6,597,377,0.63,12919.38
2025-03-01,2025-03,Email,Owned,7,597,364,0.61,13522.81
2025-03-01,2025-03,Email,Owned,8,597,350,0.59,13489.32
2025-03-01,2025-03,Email,Owned,9,597,331,0.55,13710.87
2025-03-01,2025-03,Referral,Earned,0,500,500,1.0,21299.78
2025-03-01,2025-03,Referral,Earned,1,500,451,0.9,20648.83
2025-03-01,2025-03,Referral,Earned,2,500,432,0.86,16088.21
2025-03-01,2025-03,Referral,Earned,3,500,410,0.82,16574.75
2025-03-01,2025-03,Referral,Earned,4,500,394,0.79,16533.38
2025-03-01,2025-03,Referral,Earned,5,500,360,0.72,16253.24
2025-03-01,2025-03,Referral,Earned,6,500,350,0.7,16339.6
2025-03-01,2025-03,Referral,Earned,7,500,338,0.68,13448.87
2025-03-01,2025-03,Referral,Earned,8,500,330,0.66,13637.66
2025-03-01,2025-03,Referral,Earned,9,500,321,0.64,14288.1
2025-03-01,2025-03,Outbound,Sales-led,0,355,355,1.0,33534.69
2025-03-01,2025-03,Outbound,Sales-led,1,355,319,0.9,32456.3
2025-03-01,2025-03,Outbound,Sales-led,2,355,264,0.74,27787.67
2025-03-01,2025-03,Outbound,Sales-led,3,355,238,0.67,21300.11
2025-03-01,2025-03,Outbound,Sales-led,4,355,219,0.62,20368.91
2025-03-01,2025-03,Outbound,Sales-led,5,355,202,0.57,20258.31
2025-03-01,2025-03,Outbound,Sales-led,6,355,182,0.51,18891.8
2025-03-01,2025-03,Outbound,Sales-led,7,355,172,0.48,15143.06
2025-03-01,2025-03,Outbound,Sales-led,8,355,166,0.47,15197.88
2025-03-01,2025-03,Outbound,Sales-led,9,355,159,0.45,15714.52
2025-03-01,2025-03,Marketplace,Partner,0,593,593,1.0,14138.95
2025-03-01,2025-03,Marketplace,Partner,1,593,485,0.82,12007.52
2025-03-01,2025-03,Marketplace,Partner,2,593,368,0.62,9808.52
2025-03-01,2025-03,Marketplace,Partner,3,593,312,0.53,7035.42
2025-03-01,2025-03,Marketplace,Partner,4,593,274,0.46,6429.17
2025-03-01,2025-03,Marketplace,Partner,5,593,243,0.41,6162.47
2025-03-01,2025-03,Marketplace,Partner,6,593,213,0.36,5596.5
2025-03-01,2025-03,Marketplace,Partner,7,593,199,0.34,4411.92
2025-03-01,2025-03,Marketplace,Partner,8,593,189,0.32,4363.1
2025-03-01,2025-03,Marketplace,Partner,9,593,181,0.31,4521.56
2025-04-01,2025-04,Paid Search,Paid,0,1303,1303,1.0,38072.28
2025-04-01,2025-04,Paid Search,Paid,1,1303,1105,0.85,34884.58
2025-04-01,2025-04,Paid Search,Paid,2,1303,873,0.67,28550.58
2025-04-01,2025-04,Paid Search,Paid,3,1303,773,0.59,21346.24
2025-04-01,2025-04,Paid Search,Paid,4,1303,687,0.53,19750.58
2025-04-01,2025-04,Paid Search,Paid,5,1303,627,0.48,19499.6
2025-04-01,2025-04,Paid Search,Paid,6,1303,553,0.42,17825.44
2025-04-01,2025-04,Paid Search,Paid,7,1303,523,0.4,18087.9
2025-04-01,2025-04,Paid Search,Paid,8,1303,498,0.38,14083.0
2025-04-01,2025-04,Paid Social,Paid,0,866,866,1.0,21330.71
2025-04-01,2025-04,Paid Social,Paid,1,866,670,0.77,17874.79
2025-04-01,2025-04,Paid Social,Paid,2,866,540,0.62,14940.0
2025-04-01,2025-04,Paid Social,Paid,3,866,406,0.47,12063.94
2025-04-01,2025-04,Paid Social,Paid,4,866,351,0.41,8501.93
2025-04-01,2025-04,Paid Social,Paid,5,866,308,0.36,8091.01
2025-04-01,2025-04,Paid Social,Paid,6,866,280,0.32,7632.07
2025-04-01,2025-04,Paid Social,Paid,7,866,251,0.29,7355.52
2025-04-01,2025-04,Paid Social,Paid,8,866,239,0.28,5691.25
2025-04-01,2025-04,Content / SEO,Organic,0,1273,1273,1.0,38174.48
2025-04-01,2025-04,Content / SEO,Organic,1,1273,1129,0.89,36767.15
2025-04-01,2025-04,Content / SEO,Organic,2,1273,1034,0.81,34959.66
2025-04-01,2025-04,Content / SEO,Organic,3,1273,880,0.69,32021.82
2025-04-01,2025-04,Content / SEO,Organic,4,1273,825,0.65,31046.75
2025-04-01,2025-04,Content / SEO,Organic,5,1273,771,0.61,24711.12
2025-04-01,2025-04,Content / SEO,Organic,6,1273,732,0.58,24371.74
2025-04-01,2025-04,Content / SEO,Organic,7,1273,695,0.55,24931.77
2025-04-01,2025-04,Content / SEO,Organic,8,1273,646,0.51,23977.61
2025-04-01,2025-04,Email,Owned,0,639,639,1.0,26509.11
2025-04-01,2025-04,Email,Owned,1,639,576,0.9,19443.25
2025-04-01,2025-04,Email,Owned,2,639,539,0.84,19747.5
2025-04-01,2025-04,Email,Owned,3,639,501,0.78,19798.99
2025-04-01,2025-04,Email,Owned,4,639,448,0.7,18327.36
2025-04-01,2025-04,Email,Owned,5,639,424,0.66,14700.47
2025-04-01,2025-04,Email,Owned,6,639,407,0.64,14676.94
2025-04-01,2025-04,Email,Owned,7,639,390,0.61,15187.74
2025-04-01,2025-04,Email,Owned,8,639,365,0.57,14721.64
2025-04-01,2025-04,Referral,Earned,0,533,533,1.0,23761.45
2025-04-01,2025-04,Referral,Earned,1,533,488,0.92,22505.23
2025-04-01,2025-04,Referral,Earned,2,533,466,0.87,18277.57
2025-04-01,2025-04,Referral,Earned,3,533,442,0.83,18015.46
2025-04-01,2025-04,Referral,Earned,4,533,403,0.76,17709.4
2025-04-01,2025-04,Referral,Earned,5,533,387,0.73,17601.0
2025-04-01,2025-04,Referral,Earned,6,533,376,0.71,14508.19
2025-04-01,2025-04,Referral,Earned,7,533,363,0.68,14564.39
2025-04-01,2025-04,Referral,Earned,8,533,343,0.64,14854.4
2025-04-01,2025-04,Outbound,Sales-led,0,254,254,1.0,25143.96
2025-04-01,2025-04,Outbound,Sales-led,1,254,213,0.84,21833.44
2025-04-01,2025-04,Outbound,Sales-led,2,254,192,0.76,16654.92
2025-04-01,2025-04,Outbound,Sales-led,3,254,173,0.68,15614.43
2025-04-01,2025-04,Outbound,Sales-led,4,254,159,0.63,15508.35
2025-04-01,2025-04,Outbound,Sales-led,5,254,139,0.55,14045.84
2025-04-01,2025-04,Outbound,Sales-led,6,254,131,0.52,11172.88
2025-04-01,2025-04,Outbound,Sales-led,7,254,124,0.49,11011.4
2025-04-01,2025-04,Outbound,Sales-led,8,254,119,0.47,11433.71
2025-04-01,2025-04,Marketplace,Partner,0,640,640,1.0,16014.25
2025-04-01,2025-04,Marketplace,Partner,1,640,481,0.75,12475.68
2025-04-01,2025-04,Marketplace,Partner,2,640,398,0.62,11077.45
2025-04-01,2025-04,Marketplace,Partner,3,640,342,0.53,7779.64
2025-04-01,2025-04,Marketplace,Partner,4,640,296,0.46,7294.42
2025-04-01,2025-04,Marketplace,Partner,5,640,265,0.41,6772.87
2025-04-01,2025-04,Marketplace,Partner,6,640,230,0.36,6314.38
2025-04-01,2025-04,Marketplace,Partner,7,640,216,0.34,4831.6
2025-04-01,2025-04,Marketplace,Partner,8,640,205,0.32,4974.19
2025-05-01,2025-05,Paid Search,Paid,0,1385,1385,1.0,42493.35
2025-05-01,2025-05,Paid Search,Paid,1,1385,1196,0.86,39506.2
2025-05-01,2025-05,Paid Search,Paid,2,1385,944,0.68,32252.86
2025-05-01,2025-05,Paid Search,Paid,3,1385,824,0.59,23959.43
2025-05-01,2025-05,Paid Search,Paid,4,1385,740,0.53,22356.3
2025-05-01,2025-05,Paid Search,Paid,5,1385,668,0.48,21751.43
2025-05-01,2025-05,Paid Search,Paid,6,1385,593,0.43,19981.88
2025-05-01,2025-05,Paid Search,Paid,7,1385,557,0.4,15934.14
2025-05-01,2025-05,Paid Social,Paid,0,865,865,1.0,22407.67
2025-05-01,2025-05,Paid Social,Paid,1,865,684,0.79,18394.6
2025-05-01,2025-05,Paid Social,Paid,2,865,500,0.58,14470.09
2025-05-01,2025-05,Paid Social,Paid,3,865,412,0.48,12330.36
2025-05-01,2025-05,Paid Social,Paid,4,865,355,0.41,9050.92
2025-05-01,2025-05,Paid Social,Paid,5,865,311,0.36,8236.34
2025-05-01,2025-05,Paid Social,Paid,6,865,271,0.31,7731.87
2025-05-01,2025-05,Paid Social,Paid,7,865,252,0.29,6072.79
2025-05-01,2025-05,Content / SEO,Organic,0,1366,1366,1.0,43153.98
2025-05-01,2025-05,Content / SEO,Organic,1,1366,1232,0.9,40453.32
2025-05-01,2025-05,Content / SEO,Organic,2,1366,1042,0.76,36901.18
2025-05-01,2025-05,Content / SEO,Organic,3,1366,957,0.7,35081.51
2025-05-01,2025-05,Content / SEO,Organic,4,1366,896,0.66,27844.19
2025-05-01,2025-05,Content / SEO,Organic,5,1366,836,0.61,27019.6
2025-05-01,2025-05,Content / SEO,Organic,6,1366,792,0.58,27639.55
2025-05-01,2025-05,Content / SEO,Organic,7,1366,723,0.53,26130.96
2025-05-01,2025-05,Email,Owned,0,640,640,1.0,21860.9
2025-05-01,2025-05,Email,Owned,1,640,586,0.92,20831.13
2025-05-01,2025-05,Email,Owned,2,640,541,0.85,20790.44
2025-05-01,2025-05,Email,Owned,3,640,477,0.75,18994.13
2025-05-01,2025-05,Email,Owned,4,640,449,0.7,15078.15
2025-05-01,2025-05,Email,Owned,5,640,429,0.67,15002.98
2025-05-01,2025-05,Email,Owned,6,640,411,0.64,15557.84
2025-05-01,2025-05,Email,Owned,7,640,379,0.59,14873.46
2025-05-01,2025-05,Referral,Earned,0,567,567,1.0,26400.43
2025-05-01,2025-05,Referral,Earned,1,567,526,0.93,19997.63
2025-05-01,2025-05,Referral,Earned,2,567,497,0.88,20478.03
2025-05-01,2025-05,Referral,Earned,3,567,476,0.84,20344.23
2025-05-01,2025-05,Referral,Earned,4,567,429,0.76,19701.8
2025-05-01,2025-05,Referral,Earned,5,567,416,0.73,15550.76
2025-05-01,2025-05,Referral,Earned,6,567,400,0.71,16226.65
2025-05-01,2025-05,Referral,Earned,7,567,389,0.69,16378.19
2025-05-01,2025-05,Outbound,Sales-led,0,254,254,1.0,26294.09
2025-05-01,2025-05,Outbound,Sales-led,1,254,217,0.85,23226.05
2025-05-01,2025-05,Outbound,Sales-led,2,254,192,0.76,17524.31
2025-05-01,2025-05,Outbound,Sales-led,3,254,175,0.69,16587.35
2025-05-01,2025-05,Outbound,Sales-led,4,254,159,0.63,16228.31
2025-05-01,2025-05,Outbound,Sales-led,5,254,140,0.55,14780.82
2025-05-01,2025-05,Outbound,Sales-led,6,254,131,0.52,11766.06
2025-05-01,2025-05,Outbound,Sales-led,7,254,125,0.49,11666.21
2025-05-01,2025-05,Marketplace,Partner,0,688,688,1.0,17351.58
2025-05-01,2025-05,Marketplace,Partner,1,688,528,0.77,14317.32
2025-05-01,2025-05,Marketplace,Partner,2,688,436,0.63,9605.45
2025-05-01,2025-05,Marketplace,Partner,3,688,373,0.54,8924.64
2025-05-01,2025-05,Marketplace,Partner,4,688,322,0.47,7998.92
2025-05-01,2025-05,Marketplace,Partner,5,688,273,0.4,7299.25
2025-05-01,2025-05,Marketplace,Partner,6,688,249,0.36,5635.62
2025-05-01,2025-05,Marketplace,Partner,7,688,233,0.34,5486.61
2025-06-01,2025-06,Paid Search,Paid,0,1390,1390,1.0,44679.19
2025-06-01,2025-06,Paid Search,Paid,1,1390,1110,0.8,36938.06
2025-06-01,2025-06,Paid Search,Paid,2,1390,951,0.68,26807.12
2025-06-01,2025-06,Paid Search,Paid,3,1390,839,0.6,24601.64
2025-06-01,2025-06,Paid Search,Paid,4,1390,744,0.54,23565.01
2025-06-01,2025-06,Paid Search,Paid,5,1390,643,0.46,21095.3
2025-06-01,2025-06,Paid Search,Paid,6,1390,600,0.43,16631.06
2025-06-01,2025-06,Paid Social,Paid,0,933,933,1.0,25357.38
2025-06-01,2025-06,Paid Social,Paid,1,933,675,0.72,19012.19
2025-06-01,2025-06,Paid Social,Paid,2,933,541,0.58,16345.61
2025-06-01,2025-06,Paid Social,Paid,3,933,452,0.48,11174.15
2025-06-01,2025-06,Paid Social,Paid,4,933,384,0.41,10279.32
2025-06-01,2025-06,Paid Social,Paid,5,933,322,0.35,8937.73
2025-06-01,2025-06,Paid Social,Paid,6,933,292,0.31,8702.89
2025-06-01,2025-06,Content / SEO,Organic,0,1368,1368,1.0,45411.01
2025-06-01,2025-06,Content / SEO,Organic,1,1368,1254,0.92,43186.72
2025-06-01,2025-06,Content / SEO,Organic,2,1368,1047,0.77,38757.31
2025-06-01,2025-06,Content / SEO,Organic,3,1368,972,0.71,29258.64
2025-06-01,2025-06,Content / SEO,Organic,4,1368,899,0.66,29379.13
2025-06-01,2025-06,Content / SEO,Organic,5,1368,846,0.62,28699.52
2025-06-01,2025-06,Content / SEO,Organic,6,1368,760,0.56,27741.6
2025-06-01,2025-06,Email,Owned,0,683,683,1.0,23535.29
2025-06-01,2025-06,Email,Owned,1,683,634,0.93,23673.78
2025-06-01,2025-06,Email,Owned,2,683,585,0.86,22657.46
2025-06-01,2025-06,Email,Owned,3,683,515,0.75,21430.36
2025-06-01,2025-06,Email,Owned,4,683,485,0.71,16433.1
2025-06-01,2025-06,Email,Owned,5,683,463,0.68,17021.89
2025-06-01,2025-06,Email,Owned,6,683,440,0.64,17444.23
2025-06-01,2025-06,Referral,Earned,0,569,569,1.0,26682.88
2025-06-01,2025-06,Referral,Earned,1,569,536,0.94,21439.64
2025-06-01,2025-06,Referral,Earned,2,569,505,0.89,20975.69
2025-06-01,2025-06,Referral,Earned,3,569,456,0.8,20392.77
2025-06-01,2025-06,Referral,Earned,4,569,435,0.76,20122.1
2025-06-01,2025-06,Referral,Earned,5,569,421,0.74,16571.68
2025-06-01,2025-06,Referral,Earned,6,569,405,0.71,16564.24
2025-06-01,2025-06,Outbound,Sales-led,0,274,274,1.0,28572.88
2025-06-01,2025-06,Outbound,Sales-led,1,274,234,0.85,20713.8
2025-06-01,2025-06,Outbound,Sales-led,2,274,211,0.77,19418.96
2025-06-01,2025-06,Outbound,Sales-led,3,274,189,0.69,18770.14
2025-06-01,2025-06,Outbound,Sales-led,4,274,163,0.59,16760.54
2025-06-01,2025-06,Outbound,Sales-led,5,274,153,0.56,13320.99
2025-06-01,2025-06,Outbound,Sales-led,6,274,143,0.52,12952.62
2025-06-01,2025-06,Marketplace,Partner,0,688,688,1.0,18162.86
2025-06-01,2025-06,Marketplace,Partner,1,688,530,0.77,11816.52
2025-06-01,2025-06,Marketplace,Partner,2,688,444,0.65,10305.25
2025-06-01,2025-06,Marketplace,Partner,3,688,374,0.54,9389.58
2025-06-01,2025-06,Marketplace,Partner,4,688,306,0.44,7962.29
2025-06-01,2025-06,Marketplace,Partner,5,688,273,0.4,7621.17
2025-06-01,2025-06,Marketplace,Partner,6,688,251,0.36,5730.6
2025-07-01,2025-07,Paid Search,Paid,0,988,988,1.0,32000.23
2025-07-01,2025-07,Paid Search,Paid,1,988,805,0.81,21976.27
2025-07-01,2025-07,Paid Search,Paid,2,988,687,0.7,19534.12
2025-07-01,2025-07,Paid Search,Paid,3,988,605,0.61,18624.78
2025-07-01,2025-07,Paid Search,Paid,4,988,503,0.51,16667.2
2025-07-01,2025-07,Paid Search,Paid,5,988,462,0.47,15832.65
2025-07-01,2025-07,Paid Social,Paid,0,1002,1002,1.0,27447.02
2025-07-01,2025-07,Paid Social,Paid,1,1002,741,0.74,21814.83
2025-07-01,2025-07,Paid Social,Paid,2,1002,592,0.59,14176.98
2025-07-01,2025-07,Paid Social,Paid,3,1002,493,0.49,12815.58
2025-07-01,2025-07,Paid Social,Paid,4,1002,417,0.42,11251.89
2025-07-01,2025-07,Paid Social,Paid,5,1002,349,0.35,10131.62
2025-07-01,2025-07,Content / SEO,Organic,0,1464,1464,1.0,48992.09
2025-07-01,2025-07,Content / SEO,Organic,1,1464,1346,0.92,48513.68
2025-07-01,2025-07,Content / SEO,Organic,2,1464,1138,0.78,42432.43
2025-07-01,2025-07,Content / SEO,Organic,3,1464,1054,0.72,33417.24
2025-07-01,2025-07,Content / SEO,Organic,4,1464,973,0.66,32059.53
2025-07-01,2025-07,Content / SEO,Organic,5,1464,868,0.59,30837.84
2025-07-01,2025-07,Email,Owned,0,727,727,1.0,26354.52
2025-07-01,2025-07,Email,Owned,1,727,677,0.93,26492.84
2025-07-01,2025-07,Email,Owned,2,727,588,0.81,23827.55
2025-07-01,2025-07,Email,Owned,3,727,550,0.76,18856.58
2025-07-01,2025-07,Email,Owned,4,727,522,0.72,18622.37
2025-07-01,2025-07,Email,Owned,5,727,493,0.68,19008.45
2025-07-01,2025-07,Referral,Earned,0,604,604,1.0,23432.4
2025-07-01,2025-07,Referral,Earned,1,604,570,0.94,23928.8
2025-07-01,2025-07,Referral,Earned,2,604,509,0.84,22150.17
2025-07-01,2025-07,Referral,Earned,3,604,485,0.8,22650.48
2025-07-01,2025-07,Referral,Earned,4,604,467,0.77,17820.12
2025-07-01,2025-07,Referral,Earned,5,604,448,0.74,18521.97
2025-07-01,2025-07,Outbound,Sales-led,0,295,295,1.0,25301.75
2025-07-01,2025-07,Outbound,Sales-led,1,295,257,0.87,22945.24
2025-07-01,2025-07,Outbound,Sales-led,2,295,230,0.78,22209.04
2025-07-01,2025-07,Outbound,Sales-led,3,295,192,0.65,19937.47
2025-07-01,2025-07,Outbound,Sales-led,4,295,178,0.6,19108.91
2025-07-01,2025-07,Outbound,Sales-led,5,295,165,0.56,15112.91
2025-07-01,2025-07,Marketplace,Partner,0,738,738,1.0,20353.07
2025-07-01,2025-07,Marketplace,Partner,1,738,581,0.79,13068.65
2025-07-01,2025-07,Marketplace,Partner,2,738,485,0.66,11828.76
2025-07-01,2025-07,Marketplace,Partner,3,738,407,0.55,10298.69
2025-07-01,2025-07,Marketplace,Partner,4,738,332,0.45,9030.31
2025-07-01,2025-07,Marketplace,Partner,5,738,296,0.4,6545.87
2025-08-01,2025-08,Paid Search,Paid,0,1067,1067,1.0,36119.1
2025-08-01,2025-08,Paid Search,Paid,1,1067,872,0.82,25080.38
2025-08-01,2025-08,Paid Search,Paid,2,1067,755,0.71,22571.58
2025-08-01,2025-08,Paid Search,Paid,3,1067,655,0.61,21121.75
2025-08-01,2025-08,Paid Search,Paid,4,1067,550,0.52,18359.64
2025-08-01,2025-08,Paid Social,Paid,0,1002,1002,1.0,28723.08
2025-08-01,2025-08,Paid Social,Paid,1,1002,744,0.74,18029.53
2025-08-01,2025-08,Paid Social,Paid,2,1002,603,0.6,15208.33
2025-08-01,2025-08,Paid Social,Paid,3,1002,494,0.49,13470.69
2025-08-01,2025-08,Paid Social,Paid,4,1002,396,0.4,11189.56
2025-08-01,2025-08,Content / SEO,Organic,0,1563,1563,1.0,54811.64
2025-08-01,2025-08,Content / SEO,Organic,1,1563,1342,0.86,50521.66
2025-08-01,2025-08,Content / SEO,Organic,2,1563,1233,0.79,37890.75
2025-08-01,2025-08,Content / SEO,Organic,3,1563,1128,0.72,37572.38
2025-08-01,2025-08,Content / SEO,Organic,4,1563,1051,0.67,36315.03
2025-08-01,2025-08,Email,Owned,0,729,729,1.0,27733.65
2025-08-01,2025-08,Email,Owned,1,729,637,0.87,25119.3
2025-08-01,2025-08,Email,Owned,2,729,598,0.82,25304.61
2025-08-01,2025-08,Email,Owned,3,729,558,0.77,19298.85
2025-08-01,2025-08,Email,Owned,4,729,529,0.73,19820.25
2025-08-01,2025-08,Referral,Earned,0,433,433,1.0,17656.18
2025-08-01,2025-08,Referral,Earned,1,433,414,0.96,17517.62
2025-08-01,2025-08,Referral,Earned,2,433,370,0.85,16834.28
2025-08-01,2025-08,Referral,Earned,3,433,351,0.81,16509.2
2025-08-01,2025-08,Referral,Earned,4,433,338,0.78,13567.23
2025-08-01,2025-08,Outbound,Sales-led,0,295,295,1.0,26637.52
2025-08-01,2025-08,Outbound,Sales-led,1,295,261,0.88,24484.18
2025-08-01,2025-08,Outbound,Sales-led,2,295,231,0.78,23351.58
2025-08-01,2025-08,Outbound,Sales-led,3,295,195,0.66,20397.3
2025-08-01,2025-08,Outbound,Sales-led,4,295,178,0.6,15813.78
2025-08-01,2025-08,Marketplace,Partner,0,789,789,1.0,17955.95
2025-08-01,2025-08,Marketplace,Partner,1,789,634,0.8,15008.4
2025-08-01,2025-08,Marketplace,Partner,2,789,520,0.66,13295.56
2025-08-01,2025-08,Marketplace,Partner,3,789,409,0.52,10831.58
2025-08-01,2025-08,Marketplace,Partner,4,789,356,0.45,7966.89
2025-09-01,2025-09,Paid Search,Paid,0,1065,1065,1.0,29685.03
2025-09-01,2025-09,Paid Search,Paid,1,1065,887,0.83,25729.65
2025-09-01,2025-09,Paid Search,Paid,2,1065,766,0.72,24020.47
2025-09-01,2025-09,Paid Search,Paid,3,1065,616,0.58,20015.4
2025-09-01,2025-09,Paid Social,Paid,0,1074,1074,1.0,32154.77
2025-09-01,2025-09,Paid Social,Paid,1,1074,815,0.76,19924.42
2025-09-01,2025-09,Paid Social,Paid,2,1074,658,0.61,17433.46
2025-09-01,2025-09,Paid Social,Paid,3,1074,538,0.5,14785.59
2025-09-01,2025-09,Content / SEO,Organic,0,1566,1566,1.0,57428.21
2025-09-01,2025-09,Content / SEO,Organic,1,1566,1368,0.87,51868.95
2025-09-01,2025-09,Content / SEO,Organic,2,1566,1239,0.79,40062.1
2025-09-01,2025-09,Content / SEO,Organic,3,1566,1145,0.73,38447.05
2025-09-01,2025-09,Email,Owned,0,774,774,1.0,30832.88
2025-09-01,2025-09,Email,Owned,1,774,687,0.89,28322.34
2025-09-01,2025-09,Email,Owned,2,774,637,0.82,22287.2
2025-09-01,2025-09,Email,Owned,3,774,600,0.78,21826.86
2025-09-01,2025-09,Referral,Earned,0,432,432,1.0,18471.2
2025-09-01,2025-09,Referral,Earned,1,432,390,0.9,17274.7
2025-09-01,2025-09,Referral,Earned,2,432,370,0.86,13837.66
2025-09-01,2025-09,Referral,Earned,3,432,355,0.82,13822.2
2025-09-01,2025-09,Outbound,Sales-led,0,316,316,1.0,28774.08
2025-09-01,2025-09,Outbound,Sales-led,1,316,285,0.9,28026.1
2025-09-01,2025-09,Outbound,Sales-led,2,316,232,0.73,23629.11
2025-09-01,2025-09,Outbound,Sales-led,3,316,212,0.67,18250.99
2025-09-01,2025-09,Marketplace,Partner,0,790,790,1.0,18135.18
2025-09-01,2025-09,Marketplace,Partner,1,790,647,0.82,16079.08
2025-09-01,2025-09,Marketplace,Partner,2,790,483,0.61,12445.19
2025-09-01,2025-09,Marketplace,Partner,3,790,416,0.53,11507.5
2025-10-01,2025-10,Paid Search,Paid,0,1146,1146,1.0,33618.42
2025-10-01,2025-10,Paid Search,Paid,1,1146,973,0.85,29647.0
2025-10-01,2025-10,Paid Search,Paid,2,1146,826,0.72,27109.73
2025-10-01,2025-10,Paid Social,Paid,0,1147,1147,1.0,28368.5
2025-10-01,2025-10,Paid Social,Paid,1,1147,889,0.78,22865.66
2025-10-01,2025-10,Paid Social,Paid,2,1147,705,0.61,19576.54
2025-10-01,2025-10,Content / SEO,Organic,0,1668,1668,1.0,61618.04
2025-10-01,2025-10,Content / SEO,Organic,1,1668,1481,0.89,46443.55
2025-10-01,2025-10,Content / SEO,Organic,2,1668,1339,0.8,43656.19
2025-10-01,2025-10,Email,Owned,0,550,550,1.0,22075.25
2025-10-01,2025-10,Email,Owned,1,550,496,0.9,16813.64
2025-10-01,2025-10,Email,Owned,2,550,459,0.83,16197.56
2025-10-01,2025-10,Referral,Earned,0,466,466,1.0,20080.01
2025-10-01,2025-10,Referral,Earned,1,466,422,0.91,19528.1
2025-10-01,2025-10,Referral,Earned,2,466,404,0.87,15243.66
2025-10-01,2025-10,Outbound,Sales-led,0,338,338,1.0,32307.82
2025-10-01,2025-10,Outbound,Sales-led,1,338,279,0.83,28699.4
2025-10-01,2025-10,Outbound,Sales-led,2,338,252,0.75,26807.17
2025-10-01,2025-10,Marketplace,Partner,0,842,842,1.0,20321.75
2025-10-01,2025-10,Marketplace,Partner,1,842,692,0.82,18013.4
2025-10-01,2025-10,Marketplace,Partner,2,842,524,0.62,14119.5
2025-11-01,2025-11,Paid Search,Paid,0,1229,1229,1.0,36355.1
2025-11-01,2025-11,Paid Search,Paid,1,1229,964,0.78,30782.31
2025-11-01,2025-11,Paid Social,Paid,0,1148,1148,1.0,28638.79
2025-11-01,2025-11,Paid Social,Paid,1,1148,893,0.78,24105.79
2025-11-01,2025-11,Content / SEO,Organic,0,1772,1772,1.0,53842.14
2025-11-01,2025-11,Content / SEO,Organic,1,1772,1578,0.89,52016.04
2025-11-01,2025-11,Email,Owned,0,823,823,1.0,34507.71
2025-11-01,2025-11,Email,Owned,1,823,744,0.9,26553.97
2025-11-01,2025-11,Referral,Earned,0,501,501,1.0,22580.66
2025-11-01,2025-11,Referral,Earned,1,501,460,0.92,21439.62
2025-11-01,2025-11,Outbound,Sales-led,0,338,338,1.0,33838.31
2025-11-01,2025-11,Outbound,Sales-led,1,338,284,0.84,29429.72
2025-11-01,2025-11,Marketplace,Partner,0,896,896,1.0,22681.59
2025-11-01,2025-11,Marketplace,Partner,1,896,677,0.76,17757.02
2025-12-01,2025-12,Paid Search,Paid,0,1229,1229,1.0,38152.13
2025-12-01,2025-12,Paid Social,Paid,0,1224,1224,1.0,32093.52
2025-12-01,2025-12,Content / SEO,Organic,0,1776,1776,1.0,56811.83
2025-12-01,2025-12,Email,Owned,0,592,592,1.0,20484.1
2025-12-01,2025-12,Referral,Earned,0,500,500,1.0,18486.1
2025-12-01,2025-12,Outbound,Sales-led,0,361,361,1.0,37775.54
2025-12-01,2025-12,Marketplace,Partner,0,951,951,1.0,25195.28
