Week,Channel,Region,Channel Group,Channel Type,Super Region,Year,Quarter,Month,Spend,Impressions,Clicks,Conversions,Leads,Revenue,New Customers
2024-01-01,Paid Search,North America,Search,Paid,Americas,2024,2024-Q1,2024-01,16349.55,336207,18413,788,2258,89319.24,454
2024-01-01,Paid Search,EMEA,Search,Paid,International,2024,2024-Q1,2024-01,11952.04,235082,11198,521,1354,61736.46,332
2024-01-01,Paid Search,APAC,Search,Paid,International,2024,2024-Q1,2024-01,6985.85,129330,5702,264,643,33484.57,171
2024-01-01,Paid Social,North America,Social,Paid,Americas,2024,2024-Q1,2024-01,13278.17,1101073,13303,288,751,32334.64,170
2024-01-01,Paid Social,EMEA,Social,Paid,International,2024,2024-Q1,2024-01,9135.78,702282,7384,169,393,20582.65,107
2024-01-01,Paid Social,APAC,Social,Paid,International,2024,2024-Q1,2024-01,4896.2,354155,4097,81,200,10515.03,44
2024-01-01,Display,North America,Display,Paid,Americas,2024,2024-Q1,2024-01,8133.77,1675197,7407,82,230,8725.73,50
2024-01-01,Display,EMEA,Display,Paid,International,2024,2024-Q1,2024-01,5236.11,1013174,3904,46,116,5229.53,31
2024-01-01,Display,APAC,Display,Paid,International,2024,2024-Q1,2024-01,3013.99,542429,2187,24,60,2913.26,14
2024-01-01,Video,North America,Video,Paid,Americas,2024,2024-Q1,2024-01,10323.51,541407,4441,82,193,9730.46,52
2024-01-01,Video,EMEA,Video,Paid,International,2024,2024-Q1,2024-01,6191,306129,2620,42,101,5320.08,24
2024-01-01,Video,APAC,Video,Paid,International,2024,2024-Q1,2024-01,3426.12,174500,1678,23,65,2783.78,10
2024-01-01,Email,North America,CRM,Owned,Americas,2024,2024-Q1,2024-01,8769.98,102761,3233,212,536,29890.75,139
2024-01-01,Email,EMEA,CRM,Owned,International,2024,2024-Q1,2024-01,5252.17,74061,2342,140,348,21049.74,85
2024-01-01,Email,APAC,CRM,Owned,International,2024,2024-Q1,2024-01,3113.16,48720,1696,90,238,13294.89,45
2024-01-01,Organic Search,North America,Search,Earned,Americas,2024,2024-Q1,2024-01,6641.54,128765,4605,231,546,28548,138
2024-01-01,Organic Search,EMEA,Search,Earned,International,2024,2024-Q1,2024-01,3763.5,93101,3697,159,411,21132.06,79
2024-01-01,Organic Search,APAC,Search,Earned,International,2024,2024-Q1,2024-01,2519.25,51151,2197,100,275,11940.14,53
2024-01-01,Affiliate,North America,Partner,Paid,Americas,2024,2024-Q1,2024-01,5262.61,144736,2861,103,251,13027.23,68
2024-01-01,Affiliate,EMEA,Partner,Paid,International,2024,2024-Q1,2024-01,3165.86,103666,2274,73,195,9449.42,39
2024-01-01,Affiliate,APAC,Partner,Paid,International,2024,2024-Q1,2024-01,2135.08,61139,1448,48,133,5858.1,25
2024-01-08,Paid Search,North America,Search,Paid,Americas,2024,2024-Q1,2024-01,15389.99,275663,12748,510,1272,66366.79,282
2024-01-08,Paid Search,EMEA,Search,Paid,International,2024,2024-Q1,2024-01,10082.56,194817,9975,389,1069,46169.65,206
2024-01-08,Paid Search,APAC,Search,Paid,International,2024,2024-Q1,2024-01,7153.25,149449,7857,337,943,37627.53,195
2024-01-08,Paid Social,North America,Social,Paid,Americas,2024,2024-Q1,2024-01,11727.74,900699,11036,221,571,28193.3,122
2024-01-08,Paid Social,EMEA,Social,Paid,International,2024,2024-Q1,2024-01,8211.22,677170,9030,181,504,21376.74,97
2024-01-08,Paid Social,APAC,Social,Paid,International,2024,2024-Q1,2024-01,5757.86,469600,5429,119,316,13592.31,71
2024-01-08,Display,North America,Display,Paid,Americas,2024,2024-Q1,2024-01,6796.05,1254311,5299,51,132,6024.53,25
2024-01-08,Display,EMEA,Display,Paid,International,2024,2024-Q1,2024-01,5023.66,1031687,4780,49,141,5053.35,27
2024-01-08,Display,APAC,Display,Paid,International,2024,2024-Q1,2024-01,3518.27,717758,3050,33,88,3542.53,20
2024-01-08,Video,North America,Video,Paid,Americas,2024,2024-Q1,2024-01,8683.67,469797,4690,70,194,8387.06,37
2024-01-08,Video,EMEA,Video,Paid,International,2024,2024-Q1,2024-01,6353.46,355155,3246,54,145,6185.07,30
2024-01-08,Video,APAC,Video,Paid,International,2024,2024-Q1,2024-01,4201.53,219365,1841,33,79,3929.52,19
2024-01-08,Email,North America,CRM,Owned,Americas,2024,2024-Q1,2024-01,7806.45,102720,3671,201,554,28196.28,106
2024-01-08,Email,EMEA,CRM,Owned,International,2024,2024-Q1,2024-01,5743.34,63771,2237,136,373,17940.77,81
2024-01-08,Email,APAC,CRM,Owned,International,2024,2024-Q1,2024-01,4024.05,44453,1360,91,222,12938.52,62
2024-01-08,Organic Search,North America,Search,Earned,Americas,2024,2024-Q1,2024-01,6367.16,122143,5199,251,677,29417.7,139
2024-01-08,Organic Search,EMEA,Search,Earned,International,2024,2024-Q1,2024-01,4657.78,80575,2928,155,391,18048.28,96
2024-01-08,Organic Search,APAC,Search,Earned,International,2024,2024-Q1,2024-01,2722.41,56225,2056,98,237,12280.76,55
2024-01-08,Affiliate,North America,Partner,Paid,Americas,2024,2024-Q1,2024-01,5389.1,130734,3204,111,321,12848.29,65
2024-01-08,Affiliate,EMEA,Partner,Paid,International,2024,2024-Q1,2024-01,3937.35,90041,1926,71,192,8458.19,47
2024-01-08,Affiliate,APAC,Partner,Paid,International,2024,2024-Q1,2024-01,2302.72,63162,1266,46,115,5900.9,30
2024-01-15,Paid Search,North America,Search,Paid,Americas,2024,2024-Q1,2024-01,18062.54,366912,16800,747,1892,85524.55,452
2024-01-15,Paid Search,EMEA,Search,Paid,International,2024,2024-Q1,2024-01,11677.29,222306,9417,420,991,51853.81,261
2024-01-15,Paid Search,APAC,Search,Paid,International,2024,2024-Q1,2024-01,6307.37,111857,5246,200,509,26502.04,102
2024-01-15,Paid Social,North America,Social,Paid,Americas,2024,2024-Q1,2024-01,14670.53,1163330,14815,341,922,40086.75,215
2024-01-15,Paid Social,EMEA,Social,Paid,International,2024,2024-Q1,2024-01,8887.27,663074,7348,167,404,21025.41,111
2024-01-15,Paid Social,APAC,Social,Paid,International,2024,2024-Q1,2024-01,5156.76,374982,4636,96,248,12935.32,51
2024-01-15,Display,North America,Display,Paid,Americas,2024,2024-Q1,2024-01,8950.84,1774325,6235,75,173,8373.25,46
2024-01-15,Display,EMEA,Display,Paid,International,2024,2024-Q1,2024-01,5025.13,934675,3580,34,85,4022.93,19
2024-01-15,Display,APAC,Display,Paid,International,2024,2024-Q1,2024-01,2989.48,600582,2588,25,66,2697.05,12
2024-01-15,Video,North America,Video,Paid,Americas,2024,2024-Q1,2024-01,10063.39,513196,4486,83,203,10182.02,55
2024-01-15,Video,EMEA,Video,Paid,International,2024,2024-Q1,2024-01,6000.95,284465,2602,44,110,5769.12,26
2024-01-15,Video,APAC,Video,Paid,International,2024,2024-Q1,2024-01,3816.4,203164,2054,32,89,3914.29,16
2024-01-15,Email,North America,CRM,Owned,Americas,2024,2024-Q1,2024-01,8455.95,112213,3396,193,465,28278.7,110
2024-01-15,Email,EMEA,CRM,Owned,International,2024,2024-Q1,2024-01,4843.84,76808,2561,127,334,19189.81,61
2024-01-15,Email,APAC,CRM,Owned,International,2024,2024-Q1,2024-01,3428.73,41864,1518,84,237,11379.67,45
2024-01-15,Organic Search,North America,Search,Earned,Americas,2024,2024-Q1,2024-01,6439.2,141487,5375,268,664,34493.67,170
2024-01-15,Organic Search,EMEA,Search,Earned,International,2024,2024-Q1,2024-01,3954.24,96575,4006,184,491,23321.22,98
2024-01-15,Organic Search,APAC,Search,Earned,International,2024,2024-Q1,2024-01,2794.2,56386,2429,118,324,13994.78,66
2024-01-15,Affiliate,North America,Partner,Paid,Americas,2024,2024-Q1,2024-01,5088.12,158798,3338,105,265,13815.95,51
2024-01-15,Affiliate,EMEA,Partner,Paid,International,2024,2024-Q1,2024-01,3333.26,90377,2057,64,176,7877,34
2024-01-15,Affiliate,APAC,Partner,Paid,International,2024,2024-Q1,2024-01,2363.24,53774,1270,45,117,5052.74,27
2024-01-22,Paid Search,North America,Search,Paid,Americas,2024,2024-Q1,2024-01,15314.56,303769,14954,577,1534,71159.77,301
2024-01-22,Paid Search,EMEA,Search,Paid,International,2024,2024-Q1,2024-01,11245.49,235391,11901,490,1335,56632.76,271
2024-01-22,Paid Search,APAC,Search,Paid,International,2024,2024-Q1,2024-01,7928.14,158519,6944,315,805,36712.31,196
2024-01-22,Paid Social,North America,Social,Paid,Americas,2024,2024-Q1,2024-01,12404.34,920024,11867,229,623,28321.79,117
2024-01-22,Paid Social,EMEA,Social,Paid,International,2024,2024-Q1,2024-01,9138.93,745690,10470,223,646,24827.18,129
2024-01-22,Paid Social,APAC,Social,Paid,International,2024,2024-Q1,2024-01,6385.26,498441,6088,141,349,16733.69,92
2024-01-22,Display,North America,Display,Paid,Americas,2024,2024-Q1,2024-01,7600.68,1611008,7152,71,196,7643.32,38
2024-01-22,Display,EMEA,Display,Paid,International,2024,2024-Q1,2024-01,5533.87,1159878,4458,50,127,5210.79,28
2024-01-22,Display,APAC,Display,Paid,International,2024,2024-Q1,2024-01,3440.17,674871,2409,27,62,3006.2,16
2024-01-22,Video,North America,Video,Paid,Americas,2024,2024-Q1,2024-01,9689.53,524650,5523,89,251,10176.65,49
2024-01-22,Video,EMEA,Video,Paid,International,2024,2024-Q1,2024-01,7045.3,378927,3655,63,171,7281.93,40
2024-01-22,Video,APAC,Video,Paid,International,2024,2024-Q1,2024-01,4650.05,233026,1968,35,86,4347,22
2024-01-22,Email,North America,CRM,Owned,Americas,2024,2024-Q1,2024-01,8714.74,101720,3447,201,534,26705.74,114
2024-01-22,Email,EMEA,CRM,Owned,International,2024,2024-Q1,2024-01,6357.58,70066,2044,131,323,18078.22,84
2024-01-22,Email,APAC,CRM,Owned,International,2024,2024-Q1,2024-01,3474.4,49195,1521,83,203,12264.18,43
2024-01-22,Organic Search,North America,Search,Earned,Americas,2024,2024-Q1,2024-01,7076.47,122154,5468,277,780,31296.87,165
2024-01-22,Organic Search,EMEA,Search,Earned,International,2024,2024-Q1,2024-01,5147.53,88406,3417,191,486,23200.69,126
2024-01-22,Organic Search,APAC,Search,Earned,International,2024,2024-Q1,2024-01,2991.88,61989,2404,124,306,16189.73,75
2024-01-22,Affiliate,North America,Partner,Paid,Americas,2024,2024-Q1,2024-01,5978.18,137816,2823,103,259,11874.54,64
2024-01-22,Affiliate,EMEA,Partner,Paid,International,2024,2024-Q1,2024-01,3865.6,99835,1930,64,152,7961.35,35
2024-01-22,Affiliate,APAC,Partner,Paid,International,2024,2024-Q1,2024-01,1965.14,65798,1397,39,102,4992.65,19
2024-01-29,Paid Search,North America,Search,Paid,Americas,2024,2024-Q1,2024-01,20051.43,390265,18912,891,2345,106650.14,577
2024-01-29,Paid Search,EMEA,Search,Paid,International,2024,2024-Q1,2024-01,12070.54,220828,9973,443,1086,56803.97,290
2024-01-29,Paid Search,APAC,Search,Paid,International,2024,2024-Q1,2024-01,6680.63,125222,6273,248,663,32395.42,123
2024-01-29,Paid Social,North America,Social,Paid,Americas,2024,2024-Q1,2024-01,15365.41,1177002,12594,293,688,36025.8,173
2024-01-29,Paid Social,EMEA,Social,Paid,International,2024,2024-Q1,2024-01,8564.55,613321,7200,134,339,17508.33,67
2024-01-29,Paid Social,APAC,Social,Paid,International,2024,2024-Q1,2024-01,5472.27,443574,5822,116,316,13250.38,60
2024-01-29,Display,North America,Display,Paid,Americas,2024,2024-Q1,2024-01,8721.59,1668242,6152,71,168,8176.52,47
2024-01-29,Display,EMEA,Display,Paid,International,2024,2024-Q1,2024-01,4966.98,927368,3815,38,100,4675.92,22
2024-01-29,Display,APAC,Display,Paid,International,2024,2024-Q1,2024-01,3350.26,698531,3141,33,89,3627.72,19
2024-01-29,Video,North America,Video,Paid,Americas,2024,2024-Q1,2024-01,9726.89,476672,4141,67,165,8506.25,39
2024-01-29,Video,EMEA,Video,Paid,International,2024,2024-Q1,2024-01,5995.44,302360,2957,44,116,5382.48,23
2024-01-29,Video,APAC,Video,Paid,International,2024,2024-Q1,2024-01,4267.63,237039,2511,42,119,4723.85,22
2024-01-29,Email,North America,CRM,Owned,Americas,2024,2024-Q1,2024-01,8254.65,124385,3992,226,571,34290.06,137
2024-01-29,Email,EMEA,CRM,Owned,International,2024,2024-Q1,2024-01,5443.87,80298,2805,149,409,21334.97,77
2024-01-29,Email,APAC,CRM,Owned,International,2024,2024-Q1,2024-01,3835.98,46719,1604,93,261,12528.52,53
2024-01-29,Organic Search,North America,Search,Earned,Americas,2024,2024-Q1,2024-01,6349.17,156299,6282,278,719,37288.43,129
2024-01-29,Organic Search,EMEA,Search,Earned,International,2024,2024-Q1,2024-01,4393.26,83495,3640,169,469,20374.04,90
2024-01-29,Organic Search,APAC,Search,Earned,International,2024,2024-Q1,2024-01,3112.69,53209,2263,117,303,13392.29,71
2024-01-29,Affiliate,North America,Partner,Paid,Americas,2024,2024-Q1,2024-01,5082.77,166058,3647,115,306,14489.04,62
2024-01-29,Affiliate,EMEA,Partner,Paid,International,2024,2024-Q1,2024-01,3729.67,100479,2293,76,208,8942.96,41
2024-01-29,Affiliate,APAC,Partner,Paid,International,2024,2024-Q1,2024-01,2627.87,60014,1181,44,112,5160.49,29
2024-02-05,Paid Search,North America,Search,Paid,Americas,2024,2024-Q1,2024-02,17080.47,328401,17067,675,1879,81615.9,357
2024-02-05,Paid Search,EMEA,Search,Paid,International,2024,2024-Q1,2024-02,12574.78,259525,13812,601,1701,67976.53,355
2024-02-05,Paid Search,APAC,Search,Paid,International,2024,2024-Q1,2024-02,8748.86,167647,7379,353,861,43044.96,237
2024-02-05,Paid Social,North America,Social,Paid,Americas,2024,2024-Q1,2024-02,13934.34,1176505,14973,304,852,34838.8,166
2024-02-05,Paid Social,EMEA,Social,Paid,International,2024,2024-Q1,2024-02,10200.19,822329,9054,202,510,23367.63,125
2024-02-05,Paid Social,APAC,Social,Paid,International,2024,2024-Q1,2024-02,5894.82,446107,4817,101,240,12439.86,59
2024-02-05,Display,North America,Display,Paid,Americas,2024,2024-Q1,2024-02,8519.74,1786520,8355,87,254,9075.82,49
2024-02-05,Display,EMEA,Display,Paid,International,2024,2024-Q1,2024-02,6179.9,1239282,5034,57,151,6177.43,36
2024-02-05,Display,APAC,Display,Paid,International,2024,2024-Q1,2024-02,3839.64,723689,2727,32,77,3710.45,20
2024-02-05,Video,North America,Video,Paid,Americas,2024,2024-Q1,2024-02,10748.21,594046,5525,94,243,10547.23,55
2024-02-05,Video,EMEA,Video,Paid,International,2024,2024-Q1,2024-02,7384.05,380955,3060,54,131,6510.23,34
2024-02-05,Video,APAC,Video,Paid,International,2024,2024-Q1,2024-02,3960.04,190921,1702,25,66,3220.32,11
2024-02-05,Email,North America,CRM,Owned,Americas,2024,2024-Q1,2024-02,9731.76,108146,3852,236,652,31502.35,145
2024-02-05,Email,EMEA,CRM,Owned,International,2024,2024-Q1,2024-02,6664.68,78070,2428,165,410,23723.87,112
2024-02-05,Email,APAC,CRM,Owned,International,2024,2024-Q1,2024-02,3858.87,54625,1790,103,266,15848.23,55
2024-02-05,Organic Search,North America,Search,Earned,Americas,2024,2024-Q1,2024-02,7888.22,135149,4731,254,619,29978.26,164
2024-02-05,Organic Search,EMEA,Search,Earned,International,2024,2024-Q1,2024-02,4779.54,98514,3661,166,404,20984.04,89
2024-02-05,Organic Search,APAC,Search,Earned,International,2024,2024-Q1,2024-02,2610.84,61377,2488,106,277,13228.71,51
2024-02-05,Affiliate,North America,Partner,Paid,Americas,2024,2024-Q1,2024-02,6652.84,152255,3310,126,318,15169.74,81
2024-02-05,Affiliate,EMEA,Partner,Paid,International,2024,2024-Q1,2024-02,4007.12,110835,2275,79,199,10242.09,47
2024-02-05,Affiliate,APAC,Partner,Paid,International,2024,2024-Q1,2024-02,2219.65,72929,1633,50,133,6629.54,25
2024-02-12,Paid Search,North America,Search,Paid,Americas,2024,2024-Q1,2024-02,19697.91,369313,15931,670,1593,83460.43,394
2024-02-12,Paid Search,EMEA,Search,Paid,International,2024,2024-Q1,2024-02,10516.24,183942,8795,318,824,40478.4,150
2024-02-12,Paid Search,APAC,Search,Paid,International,2024,2024-Q1,2024-02,7544.92,156206,8237,333,930,37208.83,180
2024-02-12,Paid Social,North America,Social,Paid,Americas,2024,2024-Q1,2024-02,14994.4,1105375,12550,276,672,35136.55,177
2024-02-12,Paid Social,EMEA,Social,Paid,International,2024,2024-Q1,2024-02,8592.4,649107,8184,161,425,20883.03,85
2024-02-12,Paid Social,APAC,Social,Paid,International,2024,2024-Q1,2024-02,6149.93,497321,6448,134,381,15547.35,75
2024-02-12,Display,North America,Display,Paid,Americas,2024,2024-Q1,2024-02,7991.85,1469369,5735,57,141,6783.49,31
2024-02-12,Display,EMEA,Display,Paid,International,2024,2024-Q1,2024-02,5295.91,1053370,4609,45,123,4921.2,23
2024-02-12,Display,APAC,Display,Paid,International,2024,2024-Q1,2024-02,3757.38,807008,3599,38,108,3910.27,21
2024-02-12,Video,North America,Video,Paid,Americas,2024,2024-Q1,2024-02,9651.18,474746,4432,70,179,9298.95,41
2024-02-12,Video,EMEA,Video,Paid,International,2024,2024-Q1,2024-02,6756,371451,3794,60,167,7087.92,33
2024-02-12,Video,APAC,Video,Paid,International,2024,2024-Q1,2024-02,4737.69,259616,2437,43,113,4914.39,27
2024-02-12,Email,North America,CRM,Owned,Americas,2024,2024-Q1,2024-02,8279.71,123427,4162,211,556,32087.69,101
2024-02-12,Email,EMEA,CRM,Owned,International,2024,2024-Q1,2024-02,6120.76,70817,2606,147,418,19388.8,80
2024-02-12,Email,APAC,CRM,Owned,International,2024,2024-Q1,2024-02,4286.62,47181,1596,100,253,13532.05,62
2024-02-12,Organic Search,North America,Search,Earned,Americas,2024,2024-Q1,2024-02,6753.97,155371,6527,292,785,35777.34,145
2024-02-12,Organic Search,EMEA,Search,Earned,International,2024,2024-Q1,2024-02,4941.73,93670,3867,190,524,21901.23,108
2024-02-12,Organic Search,APAC,Search,Earned,International,2024,2024-Q1,2024-02,3268.57,59565,2134,109,272,13011.04,70
2024-02-12,Affiliate,North America,Partner,Paid,Americas,2024,2024-Q1,2024-02,5677.63,153732,3541,112,309,13533.82,60
2024-02-12,Affiliate,EMEA,Partner,Paid,International,2024,2024-Q1,2024-02,4177.09,95143,2144,77,207,8739.08,45
2024-02-12,Affiliate,APAC,Partner,Paid,International,2024,2024-Q1,2024-02,2904.77,66524,1319,52,128,6375.28,35
2024-02-19,Paid Search,North America,Search,Paid,Americas,2024,2024-Q1,2024-02,19256.12,412183,19923,828,2265,93642.44,464
2024-02-19,Paid Search,EMEA,Search,Paid,International,2024,2024-Q1,2024-02,14056.17,277753,11692,541,1324,63936.01,342
2024-02-19,Paid Search,APAC,Search,Paid,International,2024,2024-Q1,2024-02,7605.26,140528,6127,245,596,30703.2,137
2024-02-19,Paid Social,North America,Social,Paid,Americas,2024,2024-Q1,2024-02,15639.27,1301735,17444,375,1056,42069.3,218
2024-02-19,Paid Social,EMEA,Social,Paid,International,2024,2024-Q1,2024-02,11295.6,872429,10176,239,604,28873.92,155
2024-02-19,Paid Social,APAC,Social,Paid,International,2024,2024-Q1,2024-02,6613.49,480520,5528,123,305,15728.71,77
2024-02-19,Display,North America,Display,Paid,Americas,2024,2024-Q1,2024-02,9543.97,1977092,7734,85,216,8956.43,52
2024-02-19,Display,EMEA,Display,Paid,International,2024,2024-Q1,2024-02,6106.69,1185494,4254,48,111,5422.31,30
2024-02-19,Display,APAC,Display,Paid,International,2024,2024-Q1,2024-02,3332.98,602764,2415,23,58,2788.17,10
2024-02-19,Video,North America,Video,Paid,Americas,2024,2024-Q1,2024-02,12046.75,636789,6243,111,301,12973.96,70
2024-02-19,Video,EMEA,Video,Paid,International,2024,2024-Q1,2024-02,7761.11,385425,3295,63,149,7894.88,43
2024-02-19,Video,APAC,Video,Paid,International,2024,2024-Q1,2024-02,4474.5,216722,2058,34,87,4536.26,18
2024-02-19,Email,North America,CRM,Owned,Americas,2024,2024-Q1,2024-02,10865.12,119846,3363,220,522,30784.05,134
2024-02-19,Email,EMEA,CRM,Owned,International,2024,2024-Q1,2024-02,6104.78,86990,2730,140,351,20909.22,71
2024-02-19,Email,APAC,CRM,Owned,International,2024,2024-Q1,2024-02,3619.59,51185,1760,92,242,12964.75,46
2024-02-19,Organic Search,North America,Search,Earned,Americas,2024,2024-Q1,2024-02,8294.13,151135,5644,319,790,39247.21,214
2024-02-19,Organic Search,EMEA,Search,Earned,International,2024,2024-Q1,2024-02,4975.71,109780,4324,210,533,27500.61,121
2024-02-19,Organic Search,APAC,Search,Earned,International,2024,2024-Q1,2024-02,2951.48,68350,2926,131,360,17014.12,67
2024-02-19,Affiliate,North America,Partner,Paid,Americas,2024,2024-Q1,2024-02,6134.04,170276,3345,110,269,13805.02,63
2024-02-19,Affiliate,EMEA,Partner,Paid,International,2024,2024-Q1,2024-02,3499.14,116564,2504,73,190,9439.61,35
2024-02-19,Affiliate,APAC,Partner,Paid,International,2024,2024-Q1,2024-02,2508.46,63536,1495,49,135,5678.61,27
2024-02-26,Paid Search,North America,Search,Paid,Americas,2024,2024-Q1,2024-02,19380.62,351115,16090,680,1696,87379.9,423
2024-02-26,Paid Search,EMEA,Search,Paid,International,2024,2024-Q1,2024-02,11908.01,231610,11775,452,1223,56728.03,229
2024-02-26,Paid Search,APAC,Search,Paid,International,2024,2024-Q1,2024-02,8496.18,174334,8583,366,1013,41868.28,211
2024-02-26,Paid Social,North America,Social,Paid,Americas,2024,2024-Q1,2024-02,13882.63,981764,11731,225,574,29747.57,117
2024-02-26,Paid Social,EMEA,Social,Paid,International,2024,2024-Q1,2024-02,9725.83,777083,10341,208,575,24021.48,111
2024-02-26,Paid Social,APAC,Social,Paid,International,2024,2024-Q1,2024-02,6895.48,569236,7289,159,434,18087.78,95
2024-02-26,Display,North America,Display,Paid,Americas,2024,2024-Q1,2024-02,8023.66,1556912,6531,64,166,7591.97,34
2024-02-26,Display,EMEA,Display,Paid,International,2024,2024-Q1,2024-02,5964.61,1239542,5350,55,156,5829.07,31
2024-02-26,Display,APAC,Display,Paid,International,2024,2024-Q1,2024-02,4163.61,855909,3383,37,101,3957.15,22
2024-02-26,Video,North America,Video,Paid,Americas,2024,2024-Q1,2024-02,10305.88,514839,5119,77,208,9513.62,39
2024-02-26,Video,EMEA,Video,Paid,International,2024,2024-Q1,2024-02,7593.04,416544,4475,75,214,8355.37,42
2024-02-26,Video,APAC,Video,Paid,International,2024,2024-Q1,2024-02,5305.29,278116,2588,46,116,5457.45,31
2024-02-26,Email,North America,CRM,Owned,Americas,2024,2024-Q1,2024-02,9350.85,129760,4585,248,682,34324.36,129
2024-02-26,Email,EMEA,CRM,Owned,International,2024,2024-Q1,2024-02,6808.36,78811,2583,153,416,20077.41,91
2024-02-26,Email,APAC,CRM,Owned,International,2024,2024-Q1,2024-02,4232.92,52809,1517,87,213,12289.81,53
2024-02-26,Organic Search,North America,Search,Earned,Americas,2024,2024-Q1,2024-02,7610.24,144482,6379,302,839,35463.14,164
2024-02-26,Organic Search,EMEA,Search,Earned,International,2024,2024-Q1,2024-02,5533.51,94683,3851,201,532,23277.38,124
2024-02-26,Organic Search,APAC,Search,Earned,International,2024,2024-Q1,2024-02,3652.55,66554,2390,128,308,15967.17,83
2024-02-26,Affiliate,North America,Partner,Paid,Americas,2024,2024-Q1,2024-02,6400.17,161826,3538,120,327,13717.06,67
2024-02-26,Affiliate,EMEA,Partner,Paid,International,2024,2024-Q1,2024-02,4669.14,106725,2021,76,187,9040.55,48
2024-02-26,Affiliate,APAC,Partner,Paid,International,2024,2024-Q1,2024-02,2528.72,74370,1479,46,113,5821.02,26
2024-03-04,Paid Search,North America,Search,Paid,Americas,2024,2024-Q1,2024-03,21573.94,440640,22464,991,2715,113298.67,594
2024-03-04,Paid Search,EMEA,Search,Paid,International,2024,2024-Q1,2024-03,14777.86,281002,12452,599,1485,73578.49,403
2024-03-04,Paid Search,APAC,Search,Paid,International,2024,2024-Q1,2024-03,8551.46,152732,7085,304,770,39617.19,182
2024-03-04,Paid Social,North America,Social,Paid,Americas,2024,2024-Q1,2024-03,17490.25,1393346,15560,354,871,41402.08,222
2024-03-04,Paid Social,EMEA,Social,Paid,International,2024,2024-Q1,2024-03,10500.19,782044,8562,183,440,22793.52,109
2024-03-04,Paid Social,APAC,Social,Paid,International,2024,2024-Q1,2024-03,5779.99,424133,5219,96,248,12144.81,44
2024-03-04,Display,North America,Display,Paid,Americas,2024,2024-Q1,2024-03,10572.84,2097584,8583,100,264,11013.67,65
2024-03-04,Display,EMEA,Display,Paid,International,2024,2024-Q1,2024-03,6414.46,1196667,4576,53,130,6194.43,33
2024-03-04,Display,APAC,Display,Paid,International,2024,2024-Q1,2024-03,3727.28,710714,3029,31,81,3718.48,15
2024-03-04,Video,North America,Video,Paid,Americas,2024,2024-Q1,2024-03,12663.27,646725,5269,95,224,11610.72,55
2024-03-04,Video,EMEA,Video,Paid,International,2024,2024-Q1,2024-03,7129.13,340395,3078,45,114,5879.4,23
2024-03-04,Video,APAC,Video,Paid,International,2024,2024-Q1,2024-03,4501.54,244807,2476,38,103,4318.06,20
2024-03-04,Email,North America,CRM,Owned,Americas,2024,2024-Q1,2024-03,10750.49,133810,4012,259,624,37642.85,167
2024-03-04,Email,EMEA,CRM,Owned,International,2024,2024-Q1,2024-03,6421.11,96814,3220,179,463,27645.3,98
2024-03-04,Email,APAC,CRM,Owned,International,2024,2024-Q1,2024-03,4082.97,56552,2035,112,308,16475.65,60
2024-03-04,Organic Search,North America,Search,Earned,Americas,2024,2024-Q1,2024-03,7584.21,168473,6355,292,720,37289.1,160
2024-03-04,Organic Search,EMEA,Search,Earned,International,2024,2024-Q1,2024-03,4659.97,109098,4511,191,509,24093.07,93
2024-03-04,Organic Search,APAC,Search,Earned,International,2024,2024-Q1,2024-03,3321.87,59785,2695,129,370,14642.17,71
2024-03-04,Affiliate,North America,Partner,Paid,Americas,2024,2024-Q1,2024-03,6439.7,189821,3957,133,333,17298.12,81
2024-03-04,Affiliate,EMEA,Partner,Paid,International,2024,2024-Q1,2024-03,3958.67,128339,2917,92,244,11769.8,48
2024-03-04,Affiliate,APAC,Partner,Paid,International,2024,2024-Q1,2024-03,2822.41,71298,1590,56,153,6508.24,31
2024-03-11,Paid Search,North America,Search,Paid,Americas,2024,2024-Q1,2024-03,18090.34,330712,16261,595,1559,75485.46,290
2024-03-11,Paid Search,EMEA,Search,Paid,International,2024,2024-Q1,2024-03,13403.2,273598,14620,600,1687,68109.29,331
2024-03-11,Paid Search,APAC,Search,Paid,International,2024,2024-Q1,2024-03,9400.86,190188,9307,416,1105,48227.85,256
2024-03-11,Paid Social,North America,Social,Paid,Americas,2024,2024-Q1,2024-03,14768.77,1158153,14821,282,755,35127.4,148
2024-03-11,Paid Social,EMEA,Social,Paid,International,2024,2024-Q1,2024-03,10943.33,905616,11219,237,650,26900.58,136
2024-03-11,Paid Social,APAC,Social,Paid,International,2024,2024-Q1,2024-03,7619.47,602413,6816,158,408,18642.48,99
2024-03-11,Display,North America,Display,Paid,Americas,2024,2024-Q1,2024-03,9075.95,1779473,7898,78,216,8601.77,41
2024-03-11,Display,EMEA,Display,Paid,International,2024,2024-Q1,2024-03,6612.4,1403305,6330,70,194,7281.58,41
2024-03-11,Display,APAC,Display,Paid,International,2024,2024-Q1,2024-03,4648.96,914936,3584,44,102,4892.42,30
2024-03-11,Video,North America,Video,Paid,Americas,2024,2024-Q1,2024-03,11598.31,635604,6228,101,278,11529.28,56
2024-03-11,Video,EMEA,Video,Paid,International,2024,2024-Q1,2024-03,8405.33,455541,4084,72,188,8251.59,43
2024-03-11,Video,APAC,Video,Paid,International,2024,2024-Q1,2024-03,4906.33,247560,2059,33,81,4063.03,20
2024-03-11,Email,North America,CRM,Owned,Americas,2024,2024-Q1,2024-03,10387.83,121509,4530,262,748,35010.3,147
2024-03-11,Email,EMEA,CRM,Owned,International,2024,2024-Q1,2024-03,7617.01,83917,2713,171,443,23377.82,107
2024-03-11,Email,APAC,CRM,Owned,International,2024,2024-Q1,2024-03,4732.35,58832,1790,111,270,16327.42,68
2024-03-11,Organic Search,North America,Search,Earned,Americas,2024,2024-Q1,2024-03,8457.11,152265,5998,299,802,33305.2,174
2024-03-11,Organic Search,EMEA,Search,Earned,International,2024,2024-Q1,2024-03,5809.99,105877,3812,199,481,24042.08,123
2024-03-11,Organic Search,APAC,Search,Earned,International,2024,2024-Q1,2024-03,3115.69,73482,2805,122,308,15834.43,66
2024-03-11,Affiliate,North America,Partner,Paid,Americas,2024,2024-Q1,2024-03,7160.16,163247,3738,135,370,15525.65,82
2024-03-11,Affiliate,EMEA,Partner,Paid,International,2024,2024-Q1,2024-03,4903.46,119135,2380,94,232,11663.83,65
2024-03-11,Affiliate,APAC,Partner,Paid,International,2024,2024-Q1,2024-03,2838.99,82612,1740,58,148,7646.26,35
2024-03-18,Paid Search,North America,Search,Paid,Americas,2024,2024-Q1,2024-03,24023.68,469210,19861,931,2228,111313.97,602
2024-03-18,Paid Search,EMEA,Search,Paid,International,2024,2024-Q1,2024-03,13482.84,248308,10982,451,1102,57455.87,254
2024-03-18,Paid Search,APAC,Search,Paid,International,2024,2024-Q1,2024-03,7991.59,151553,7510,284,752,34654.95,141
2024-03-18,Paid Social,North America,Social,Paid,Americas,2024,2024-Q1,2024-03,18334.62,1405143,16536,394,1011,47939.53,258
2024-03-18,Paid Social,EMEA,Social,Paid,International,2024,2024-Q1,2024-03,10991.98,790907,9229,207,516,26811.57,130
2024-03-18,Paid Social,APAC,Social,Paid,International,2024,2024-Q1,2024-03,6518.12,503251,6565,126,344,15911.08,65
2024-03-18,Display,North America,Display,Paid,Americas,2024,2024-Q1,2024-03,10447.07,2007282,7306,75,182,8541.2,43
2024-03-18,Display,EMEA,Display,Paid,International,2024,2024-Q1,2024-03,5577.88,994849,4063,36,93,4199.73,16
2024-03-18,Display,APAC,Display,Paid,International,2024,2024-Q1,2024-03,3965.58,838687,3778,39,106,3993.39,20
2024-03-18,Video,North America,Video,Paid,Americas,2024,2024-Q1,2024-03,12456.71,612250,5309,96,234,12120.47,61
2024-03-18,Video,EMEA,Video,Paid,International,2024,2024-Q1,2024-03,7499.63,376847,3645,57,151,7407.84,29
2024-03-18,Video,APAC,Video,Paid,International,2024,2024-Q1,2024-03,5053.72,272325,2861,48,131,5775.79,28
2024-03-18,Email,North America,CRM,Owned,Americas,2024,2024-Q1,2024-03,9831.12,148546,4738,248,621,37448.46,128
2024-03-18,Email,EMEA,CRM,Owned,International,2024,2024-Q1,2024-03,6438.25,89851,3128,165,440,23488.56,83
2024-03-18,Email,APAC,CRM,Owned,International,2024,2024-Q1,2024-03,4574.12,50126,1800,106,294,13621.65,62
2024-03-18,Organic Search,North America,Search,Earned,Americas,2024,2024-Q1,2024-03,7954.04,187061,7479,365,937,48243.33,214
2024-03-18,Organic Search,EMEA,Search,Earned,International,2024,2024-Q1,2024-03,5246,119933,5199,239,655,29835.24,126
2024-03-18,Organic Search,APAC,Search,Earned,International,2024,2024-Q1,2024-03,3690.36,67007,2695,137,374,15513.54,81
2024-03-18,Affiliate,North America,Partner,Paid,Americas,2024,2024-Q1,2024-03,6005.69,187991,4117,120,316,15589.22,58
2024-03-18,Affiliate,EMEA,Partner,Paid,International,2024,2024-Q1,2024-03,4446.17,106673,2549,84,238,9450.26,45
2024-03-18,Affiliate,APAC,Partner,Paid,International,2024,2024-Q1,2024-03,3116.72,71871,1579,58,146,6712.45,35
2024-03-25,Paid Search,North America,Search,Paid,Americas,2024,2024-Q1,2024-03,20345.29,409725,21067,822,2254,99376.88,433
2024-03-25,Paid Search,EMEA,Search,Paid,International,2024,2024-Q1,2024-03,14870.09,309409,14573,629,1693,70418.58,370
2024-03-25,Paid Search,APAC,Search,Paid,International,2024,2024-Q1,2024-03,9830.76,191144,8275,378,949,45274.94,238
2024-03-25,Paid Social,North America,Social,Paid,Americas,2024,2024-Q1,2024-03,16569.61,1305331,17611,357,1000,41877.82,196
2024-03-25,Paid Social,EMEA,Social,Paid,International,2024,2024-Q1,2024-03,12066.62,984337,12867,286,746,32689.9,174
2024-03-25,Paid Social,APAC,Social,Paid,International,2024,2024-Q1,2024-03,8447.32,640581,6918,170,402,20992.39,108
2024-03-25,Display,North America,Display,Paid,Americas,2024,2024-Q1,2024-03,10067.61,2140432,8812,92,252,9523.78,51
2024-03-25,Display,EMEA,Display,Paid,International,2024,2024-Q1,2024-03,7357.56,1494441,5620,65,164,7003.39,41
2024-03-25,Display,APAC,Display,Paid,International,2024,2024-Q1,2024-03,4019.28,761583,2838,29,67,3340.94,16
2024-03-25,Video,North America,Video,Paid,Americas,2024,2024-Q1,2024-03,12813.81,717113,7347,125,349,13903.16,74
2024-03-25,Video,EMEA,Video,Paid,International,2024,2024-Q1,2024-03,9353.19,485127,4312,79,199,9474.5,51
2024-03-25,Video,APAC,Video,Paid,International,2024,2024-Q1,2024-03,5475.12,267448,2347,40,102,5115.41,26
2024-03-25,Email,North America,CRM,Owned,Americas,2024,2024-Q1,2024-03,11583.74,128639,3995,244,633,32247.1,147
2024-03-25,Email,EMEA,CRM,Owned,International,2024,2024-Q1,2024-03,7486.36,93320,2729,161,380,23013.12,96
2024-03-25,Email,APAC,CRM,Owned,International,2024,2024-Q1,2024-03,4086.07,65098,2099,106,269,16276.45,54
2024-03-25,Organic Search,North America,Search,Earned,Americas,2024,2024-Q1,2024-03,9429.74,161501,6678,355,951,41520.84,221
2024-03-25,Organic Search,EMEA,Search,Earned,International,2024,2024-Q1,2024-03,6074.06,117548,4294,235,575,29673.55,155
2024-03-25,Organic Search,APAC,Search,Earned,International,2024,2024-Q1,2024-03,3501.79,81359,3286,154,399,20649.98,78
2024-03-25,Affiliate,North America,Partner,Paid,Americas,2024,2024-Q1,2024-03,7952.6,181938,3463,131,317,15756.09,80
2024-03-25,Affiliate,EMEA,Partner,Paid,International,2024,2024-Q1,2024-03,4467.16,131072,2646,79,198,10182.02,42
2024-03-25,Affiliate,APAC,Partner,Paid,International,2024,2024-Q1,2024-03,2649.26,76907,1704,50,135,6082.03,25
2024-04-01,Paid Search,North America,Search,Paid,Americas,2024,2024-Q2,2024-04,23570.33,447668,20174,948,2381,117089.56,639
2024-04-01,Paid Search,EMEA,Search,Paid,International,2024,2024-Q2,2024-04,14069.4,248519,11716,502,1280,66197.26,300
2024-04-01,Paid Search,APAC,Search,Paid,International,2024,2024-Q2,2024-04,8948.18,177353,9290,372,1031,45660.8,198
2024-04-01,Paid Social,North America,Social,Paid,Americas,2024,2024-Q2,2024-04,17791.17,1320615,14655,293,711,37051.46,162
2024-04-01,Paid Social,EMEA,Social,Paid,International,2024,2024-Q2,2024-04,10207.3,741065,9230,170,450,20738.23,83
2024-04-01,Paid Social,APAC,Social,Paid,International,2024,2024-Q2,2024-04,7216.95,605507,8206,168,477,18651.33,94
2024-04-01,Display,North America,Display,Paid,Americas,2024,2024-Q2,2024-04,10192.13,1882812,7304,81,199,9578.82,50
2024-04-01,Display,EMEA,Display,Paid,International,2024,2024-Q2,2024-04,6264,1242560,5394,51,138,5901.42,26
2024-04-01,Display,APAC,Display,Paid,International,2024,2024-Q2,2024-04,4421.51,924785,4087,44,120,4780.75,26
2024-04-01,Video,North America,Video,Paid,Americas,2024,2024-Q2,2024-04,11437.62,539260,4963,74,189,9777.73,38
2024-04-01,Video,EMEA,Video,Paid,International,2024,2024-Q2,2024-04,7940.48,423655,4300,68,185,7792.12,36
2024-04-01,Video,APAC,Video,Paid,International,2024,2024-Q2,2024-04,5623.54,309600,3049,52,141,5856.16,30
2024-04-01,Email,North America,CRM,Owned,Americas,2024,2024-Q2,2024-04,10290.07,163641,5519,306,805,45938.05,170
2024-04-01,Email,EMEA,CRM,Owned,International,2024,2024-Q2,2024-04,7197.2,99401,3624,201,564,28381.65,110
2024-04-01,Email,APAC,CRM,Owned,International,2024,2024-Q2,2024-04,5039.1,55884,1775,111,292,14899.43,67
2024-04-01,Organic Search,North America,Search,Earned,Americas,2024,2024-Q2,2024-04,7931.29,172500,7223,314,842,39749.48,156
2024-04-01,Organic Search,EMEA,Search,Earned,International,2024,2024-Q2,2024-04,5851.57,99678,4573,224,646,24721.08,128
2024-04-01,Organic Search,APAC,Search,Earned,International,2024,2024-Q2,2024-04,4092.12,70865,2811,152,374,17941.77,97
2024-04-01,Affiliate,North America,Partner,Paid,Americas,2024,2024-Q2,2024-04,6732.53,205701,4723,150,405,18591.1,79
2024-04-01,Affiliate,EMEA,Partner,Paid,International,2024,2024-Q2,2024-04,4917.58,119043,2534,89,239,9994.27,52
2024-04-01,Affiliate,APAC,Partner,Paid,International,2024,2024-Q2,2024-04,3049.5,79778,1553,53,134,6389.77,33
2024-04-08,Paid Search,North America,Search,Paid,Americas,2024,2024-Q2,2024-04,22647.08,456528,24746,1026,2918,118107.71,575
2024-04-08,Paid Search,EMEA,Search,Paid,International,2024,2024-Q2,2024-04,16451.59,329433,16368,748,1904,87155.86,467
2024-04-08,Paid Search,APAC,Search,Paid,International,2024,2024-Q2,2024-04,10853.48,202587,8824,422,1017,52750.15,260
2024-04-08,Paid Social,North America,Social,Paid,Americas,2024,2024-Q2,2024-04,18285.45,1534499,18179,389,1037,43192.04,224
2024-04-08,Paid Social,EMEA,Social,Paid,International,2024,2024-Q2,2024-04,12541.78,982990,10693,239,594,28391.92,148
2024-04-08,Paid Social,APAC,Social,Paid,International,2024,2024-Q2,2024-04,6786.58,495801,5651,109,266,13932.4,60
2024-04-08,Display,North America,Display,Paid,Americas,2024,2024-Q2,2024-04,11163.16,2340049,10181,113,306,11788.74,69
2024-04-08,Display,EMEA,Display,Paid,International,2024,2024-Q2,2024-04,8112.7,1579994,5984,72,177,8098.04,49
2024-04-08,Display,APAC,Display,Paid,International,2024,2024-Q2,2024-04,4469.22,819638,3248,34,88,4069.45,20
2024-04-08,Video,North America,Video,Paid,Americas,2024,2024-Q2,2024-04,14181.65,759334,6473,116,294,13468.16,71
2024-04-08,Video,EMEA,Video,Paid,International,2024,2024-Q2,2024-04,8595.91,429105,3621,61,143,7604.94,37
2024-04-08,Video,APAC,Video,Paid,International,2024,2024-Q2,2024-04,4673.81,230388,2167,30,80,3801.73,14
2024-04-08,Email,North America,CRM,Owned,Americas,2024,2024-Q2,2024-04,12821.11,141358,4649,302,784,41690.53,194
2024-04-08,Email,EMEA,CRM,Owned,International,2024,2024-Q2,2024-04,7775.97,102851,3170,198,491,29467.27,125
2024-04-08,Email,APAC,CRM,Owned,International,2024,2024-Q2,2024-04,4519.01,70927,2416,130,346,19781.96,64
2024-04-08,Organic Search,North America,Search,Earned,Americas,2024,2024-Q2,2024-04,9801.82,178641,6272,332,774,40696.78,191
2024-04-08,Organic Search,EMEA,Search,Earned,International,2024,2024-Q2,2024-04,5517.25,129355,5013,211,531,27729.23,108
2024-04-08,Organic Search,APAC,Search,Earned,International,2024,2024-Q2,2024-04,3484.9,70906,3005,135,363,15948.32,69
2024-04-08,Affiliate,North America,Partner,Paid,Americas,2024,2024-Q2,2024-04,7779.93,200904,3880,146,354,18296.73,95
2024-04-08,Affiliate,EMEA,Partner,Paid,International,2024,2024-Q2,2024-04,4646.77,144332,3087,99,255,13183.83,53
2024-04-08,Affiliate,APAC,Partner,Paid,International,2024,2024-Q2,2024-04,2955.61,84880,1985,64,176,8097.11,34
2024-04-15,Paid Search,North America,Search,Paid,Americas,2024,2024-Q2,2024-04,22588.53,412351,18476,709,1736,91179.5,370
2024-04-15,Paid Search,EMEA,Search,Paid,International,2024,2024-Q2,2024-04,13940.26,261875,13199,506,1357,59685.14,257
2024-04-15,Paid Search,APAC,Search,Paid,International,2024,2024-Q2,2024-04,9910.73,209867,10787,452,1251,49778.8,258
2024-04-15,Paid Social,North America,Social,Paid,Americas,2024,2024-Q2,2024-04,17221.3,1225363,14533,307,780,40195.45,181
2024-04-15,Paid Social,EMEA,Social,Paid,International,2024,2024-Q2,2024-04,11361.41,908059,11978,237,654,28871.19,124
2024-04-15,Paid Social,APAC,Social,Paid,International,2024,2024-Q2,2024-04,7997.34,665256,8457,184,496,21399.13,108
2024-04-15,Display,North America,Display,Paid,Americas,2024,2024-Q2,2024-04,9388.7,1750367,7255,66,174,7735.72,32
2024-04-15,Display,EMEA,Display,Paid,International,2024,2024-Q2,2024-04,6893.4,1437255,6500,66,187,6873.22,35
2024-04-15,Display,APAC,Display,Paid,International,2024,2024-Q2,2024-04,4879,1006458,4162,47,122,4968.38,29
2024-04-15,Video,North America,Video,Paid,Americas,2024,2024-Q2,2024-04,12006.03,627867,6190,96,257,11965.09,52
2024-04-15,Video,EMEA,Video,Paid,International,2024,2024-Q2,2024-04,8800.2,485372,4872,81,221,9473.77,46
2024-04-15,Video,APAC,Video,Paid,International,2024,2024-Q2,2024-04,6194.21,326493,2846,51,133,6010.44,32
2024-04-15,Email,North America,CRM,Owned,Americas,2024,2024-Q2,2024-04,10823.98,141478,4953,263,718,37589.24,136
2024-04-15,Email,EMEA,CRM,Owned,International,2024,2024-Q2,2024-04,7960.03,87323,3174,188,530,24508.07,110
2024-04-15,Email,APAC,CRM,Owned,International,2024,2024-Q2,2024-04,5553.78,61774,1949,128,310,17842.1,85
2024-04-15,Organic Search,North America,Search,Earned,Americas,2024,2024-Q2,2024-04,8813.38,189651,8318,387,1074,46724.2,207
2024-04-15,Organic Search,EMEA,Search,Earned,International,2024,2024-Q2,2024-04,6406.48,110452,4215,219,574,25132.2,134
2024-04-15,Organic Search,APAC,Search,Earned,International,2024,2024-Q2,2024-04,3726.96,78015,2802,140,343,17254.82,84
2024-04-15,Affiliate,North America,Partner,Paid,Americas,2024,2024-Q2,2024-04,7464.49,179091,4336,147,416,16811.69,82
2024-04-15,Affiliate,EMEA,Partner,Paid,International,2024,2024-Q2,2024-04,5419.44,125071,2626,98,251,11477.15,62
2024-04-15,Affiliate,APAC,Partner,Paid,International,2024,2024-Q2,2024-04,3365.39,86855,1715,61,149,7657.2,38
2024-04-22,Paid Search,North America,Search,Paid,Americas,2024,2024-Q2,2024-04,24720.03,508526,22851,1001,2602,113295.12,596
2024-04-22,Paid Search,EMEA,Search,Paid,International,2024,2024-Q2,2024-04,15932.55,306754,12802,554,1342,67019.87,336
2024-04-22,Paid Search,APAC,Search,Paid,International,2024,2024-Q2,2024-04,8673.27,155539,7175,266,667,34658.15,139
2024-04-22,Paid Social,North America,Social,Paid,Americas,2024,2024-Q2,2024-04,20092.67,1622179,20282,459,1225,53057.28,283
2024-04-22,Paid Social,EMEA,Social,Paid,International,2024,2024-Q2,2024-04,13751.42,1034360,11321,268,639,33254.69,178
2024-04-22,Paid Social,APAC,Social,Paid,International,2024,2024-Q2,2024-04,7529.28,532251,6442,132,339,17524.76,74
2024-04-22,Display,North America,Display,Paid,Americas,2024,2024-Q2,2024-04,12244.73,2457785,8884,103,254,11247.96,68
2024-04-22,Display,EMEA,Display,Paid,International,2024,2024-Q2,2024-04,6935.81,1302439,4920,52,122,6061.23,30
2024-04-22,Display,APAC,Display,Paid,International,2024,2024-Q2,2024-04,4062.78,791647,3325,32,82,3582.02,15
2024-04-22,Video,North America,Video,Paid,Americas,2024,2024-Q2,2024-04,15529.4,797012,7209,134,343,16241.62,89
2024-04-22,Video,EMEA,Video,Paid,International,2024,2024-Q2,2024-04,8857.88,427930,3847,68,167,8797.99,43
2024-04-22,Video,APAC,Video,Paid,International,2024,2024-Q2,2024-04,5193.11,256823,2554,39,104,5144.36,20
2024-04-22,Email,North America,CRM,Owned,Americas,2024,2024-Q2,2024-04,12467.14,155304,4619,275,659,39694.68,152
2024-04-22,Email,EMEA,CRM,Owned,International,2024,2024-Q2,2024-04,6573.86,106141,3464,169,435,25235.34,81
2024-04-22,Email,APAC,CRM,Owned,International,2024,2024-Q2,2024-04,4734.09,57826,2067,113,312,14986.52,60
2024-04-22,Organic Search,North America,Search,Earned,Americas,2024,2024-Q2,2024-04,9489.29,195530,7240,378,922,48149.77,237
2024-04-22,Organic Search,EMEA,Search,Earned,International,2024,2024-Q2,2024-04,5714.11,139952,5737,259,682,35075.56,134
2024-04-22,Organic Search,APAC,Search,Earned,International,2024,2024-Q2,2024-04,3851.58,77833,3447,165,462,20352.02,90
2024-04-22,Affiliate,North America,Partner,Paid,Americas,2024,2024-Q2,2024-04,6920.38,219554,4503,138,340,17971.51,70
2024-04-22,Affiliate,EMEA,Partner,Paid,International,2024,2024-Q2,2024-04,4588.15,132749,2978,92,244,11305.88,46
2024-04-22,Affiliate,APAC,Partner,Paid,International,2024,2024-Q2,2024-04,3259.58,74087,1711,60,163,6645.3,35
2024-04-29,Paid Search,North America,Search,Paid,Americas,2024,2024-Q2,2024-04,21949.05,402272,19353,784,2030,104832.79,433
2024-04-29,Paid Search,EMEA,Search,Paid,International,2024,2024-Q2,2024-04,15361.57,314449,16540,672,1883,79806.35,364
2024-04-29,Paid Search,APAC,Search,Paid,International,2024,2024-Q2,2024-04,10761.21,219501,10612,470,1248,54063.07,284
2024-04-29,Paid Social,North America,Social,Paid,Americas,2024,2024-Q2,2024-04,16919.75,1281304,16255,307,819,37564.24,154
2024-04-29,Paid Social,EMEA,Social,Paid,International,2024,2024-Q2,2024-04,12491.77,1033055,14193,296,846,33315.06,166
2024-04-29,Paid Social,APAC,Social,Paid,International,2024,2024-Q2,2024-04,8740.8,694651,8246,189,486,22170.45,118
2024-04-29,Display,North America,Display,Paid,Americas,2024,2024-Q2,2024-04,10375.33,2131135,9301,92,249,10221.43,47
2024-04-29,Display,EMEA,Display,Paid,International,2024,2024-Q2,2024-04,7583.16,1621239,6855,74,198,7854.27,42
2024-04-29,Display,APAC,Display,Paid,International,2024,2024-Q2,2024-04,5012.12,993648,3672,41,104,4514.89,27
2024-04-29,Video,North America,Video,Paid,Americas,2024,2024-Q2,2024-04,13115.6,689884,7101,113,314,13241.3,61
2024-04-29,Video,EMEA,Video,Paid,International,2024,2024-Q2,2024-04,9639.22,524222,5226,90,235,10277.98,53
2024-04-29,Video,APAC,Video,Paid,International,2024,2024-Q2,2024-04,6697.29,338458,2818,55,129,6792.98,34
2024-04-29,Email,North America,CRM,Owned,Americas,2024,2024-Q2,2024-04,11908.82,154609,5424,307,839,41880.63,168
2024-04-29,Email,EMEA,CRM,Owned,International,2024,2024-Q2,2024-04,8702.85,95821,2896,182,465,24736.95,115
2024-04-29,Email,APAC,CRM,Owned,International,2024,2024-Q2,2024-04,4696.51,66864,2034,115,279,16737.41,66
2024-04-29,Organic Search,North America,Search,Earned,Americas,2024,2024-Q2,2024-04,9676.21,165004,7216,359,1001,39994.26,208
2024-04-29,Organic Search,EMEA,Search,Earned,International,2024,2024-Q2,2024-04,7008.6,121202,4596,251,629,29941.88,164
2024-04-29,Organic Search,APAC,Search,Earned,International,2024,2024-Q2,2024-04,4089.27,84160,3185,158,391,20200.71,95
2024-04-29,Affiliate,North America,Partner,Paid,Americas,2024,2024-Q2,2024-04,8111.48,186353,3762,134,348,15250.83,80
2024-04-29,Affiliate,EMEA,Partner,Paid,International,2024,2024-Q2,2024-04,5228.3,135320,2571,88,214,10760.48,52
2024-04-29,Affiliate,APAC,Partner,Paid,International,2024,2024-Q2,2024-04,2849.09,94479,1979,59,148,7745.6,30
2024-05-06,Paid Search,North America,Search,Paid,Americas,2024,2024-Q2,2024-05,26950.87,530407,25190,1156,2998,136054.73,737
2024-05-06,Paid Search,EMEA,Search,Paid,International,2024,2024-Q2,2024-05,17355.77,321014,14158,650,1581,81804.96,423
2024-05-06,Paid Search,APAC,Search,Paid,International,2024,2024-Q2,2024-05,9472.7,171158,8406,333,877,45192.15,178
2024-05-06,Paid Social,North America,Social,Paid,Americas,2024,2024-Q2,2024-05,20549.96,1591290,16709,380,909,45862.64,242
2024-05-06,Paid Social,EMEA,Social,Paid,International,2024,2024-Q2,2024-05,11533.8,834913,9647,189,468,24370.6,101
2024-05-06,Paid Social,APAC,Social,Paid,International,2024,2024-Q2,2024-05,7286.75,573952,7420,144,388,16911.52,74
2024-05-06,Display,North America,Display,Paid,Americas,2024,2024-Q2,2024-05,12525.6,2419571,9308,114,282,12921.48,77
2024-05-06,Display,EMEA,Display,Paid,International,2024,2024-Q2,2024-05,7518.37,1364459,5483,60,152,7274.74,37
2024-05-06,Display,APAC,Display,Paid,International,2024,2024-Q2,2024-05,4466.42,869386,3865,38,108,4458.56,21
2024-05-06,Video,North America,Video,Paid,Americas,2024,2024-Q2,2024-05,14063.49,695965,5951,94,226,11821.53,52
2024-05-06,Video,EMEA,Video,Paid,International,2024,2024-Q2,2024-05,7973.18,388777,3704,53,141,6396.73,24
2024-05-06,Video,APAC,Video,Paid,International,2024,2024-Q2,2024-05,5707.86,321984,3363,54,153,5944.02,30
2024-05-06,Email,North America,CRM,Owned,Americas,2024,2024-Q2,2024-05,12610.82,168323,5314,316,785,47487.37,191
2024-05-06,Email,EMEA,CRM,Owned,International,2024,2024-Q2,2024-05,7248.67,114828,3957,207,553,31854.9,103
2024-05-06,Email,APAC,CRM,Owned,International,2024,2024-Q2,2024-05,5178.44,63076,2251,131,372,18250.33,74
2024-05-06,Organic Search,North America,Search,Earned,Americas,2024,2024-Q2,2024-05,8445.06,211607,8327,360,916,47493.31,175
2024-05-06,Organic Search,EMEA,Search,Earned,International,2024,2024-Q2,2024-05,5936.84,120521,5172,235,641,28015.47,122
2024-05-06,Organic Search,APAC,Search,Earned,International,2024,2024-Q2,2024-05,4204.55,71799,2988,151,412,17054.58,90
2024-05-06,Affiliate,North America,Partner,Paid,Americas,2024,2024-Q2,2024-05,7191.79,235620,5115,165,433,22169,90
2024-05-06,Affiliate,EMEA,Partner,Paid,International,2024,2024-Q2,2024-05,5031.79,144070,3385,110,309,13367.61,59
2024-05-06,Affiliate,APAC,Partner,Paid,International,2024,2024-Q2,2024-05,3522.82,80332,1742,63,173,7285.1,38
2024-05-13,Paid Search,North America,Search,Paid,Americas,2024,2024-Q2,2024-05,22707.48,443570,22706,885,2410,104762.4,461
2024-05-13,Paid Search,EMEA,Search,Paid,International,2024,2024-Q2,2024-05,16710.8,352224,18372,786,2201,87709.95,451
2024-05-13,Paid Search,APAC,Search,Paid,International,2024,2024-Q2,2024-05,11665.34,227702,10245,481,1199,57531.5,311
2024-05-13,Paid Social,North America,Social,Paid,Americas,2024,2024-Q2,2024-05,18494.16,1526931,20225,407,1130,47948.92,218
2024-05-13,Paid Social,EMEA,Social,Paid,International,2024,2024-Q2,2024-05,13450.9,1106346,13455,295,802,33665.23,176
2024-05-13,Paid Social,APAC,Social,Paid,International,2024,2024-Q2,2024-05,8358.81,638863,6798,150,365,18277.81,96
2024-05-13,Display,North America,Display,Paid,Americas,2024,2024-Q2,2024-05,11314.63,2346417,10763,110,314,11615.78,61
2024-05-13,Display,EMEA,Display,Paid,International,2024,2024-Q2,2024-05,8219.69,1678253,7048,80,201,8570.89,49
2024-05-13,Display,APAC,Display,Paid,International,2024,2024-Q2,2024-05,5421.1,1031723,3838,46,108,5293.94,29
2024-05-13,Video,North America,Video,Paid,Americas,2024,2024-Q2,2024-05,14310.56,806861,7746,128,355,14655.64,73
2024-05-13,Video,EMEA,Video,Paid,International,2024,2024-Q2,2024-05,9812.82,512731,4296,76,188,9026.99,50
2024-05-13,Video,APAC,Video,Paid,International,2024,2024-Q2,2024-05,5257.33,255992,2228,36,86,4565.46,20
2024-05-13,Email,North America,CRM,Owned,Americas,2024,2024-Q2,2024-05,12937.02,142066,4921,298,806,39224.75,176
2024-05-13,Email,EMEA,CRM,Owned,International,2024,2024-Q2,2024-05,9330.56,103846,3172,210,516,29847.5,142
2024-05-13,Email,APAC,CRM,Owned,International,2024,2024-Q2,2024-05,5120.08,72106,2300,130,326,19619.91,73
2024-05-13,Organic Search,North America,Search,Earned,Americas,2024,2024-Q2,2024-05,10491.65,179580,6522,345,869,40122.76,214
2024-05-13,Organic Search,EMEA,Search,Earned,International,2024,2024-Q2,2024-05,6286.04,130090,4701,222,534,27634.13,125
2024-05-13,Organic Search,APAC,Search,Earned,International,2024,2024-Q2,2024-05,3457.67,85714,3431,142,367,18291.31,70
2024-05-13,Affiliate,North America,Partner,Paid,Americas,2024,2024-Q2,2024-05,8800.56,202816,4332,162,421,19166.68,103
2024-05-13,Affiliate,EMEA,Partner,Paid,International,2024,2024-Q2,2024-05,5667.61,146192,2927,107,260,13608.2,69
2024-05-13,Affiliate,APAC,Partner,Paid,International,2024,2024-Q2,2024-05,3096.38,101765,2252,71,189,9681.06,34
2024-05-20,Paid Search,North America,Search,Paid,Americas,2024,2024-Q2,2024-05,25658.49,488819,20521,905,2131,110930.25,561
2024-05-20,Paid Search,EMEA,Search,Paid,International,2024,2024-Q2,2024-05,14525.76,257766,12077,455,1154,59886.41,230
2024-05-20,Paid Search,APAC,Search,Paid,International,2024,2024-Q2,2024-05,9730,197058,10264,410,1131,46894.31,219
2024-05-20,Paid Social,North America,Social,Paid,Americas,2024,2024-Q2,2024-05,20818.47,1551612,17200,410,990,51344.13,272
2024-05-20,Paid Social,EMEA,Social,Paid,International,2024,2024-Q2,2024-05,12446.99,905170,11148,230,601,30697.05,132
2024-05-20,Paid Social,APAC,Social,Paid,International,2024,2024-Q2,2024-05,7921.45,620962,8381,170,480,21103.18,93
2024-05-20,Display,North America,Display,Paid,Americas,2024,2024-Q2,2024-05,11054.29,2056732,7878,75,185,8824.79,39
2024-05-20,Display,EMEA,Display,Paid,International,2024,2024-Q2,2024-05,6805.5,1311764,5646,54,145,5824.75,27
2024-05-20,Display,APAC,Display,Paid,International,2024,2024-Q2,2024-05,4844.43,1055091,4647,48,135,4818.62,28
2024-05-20,Video,North America,Video,Paid,Americas,2024,2024-Q2,2024-05,14115.6,674763,6151,104,262,13609.2,63
2024-05-20,Video,EMEA,Video,Paid,International,2024,2024-Q2,2024-05,8692.14,445990,4502,69,188,8736.99,37
2024-05-20,Video,APAC,Video,Paid,International,2024,2024-Q2,2024-05,6190.13,334783,3273,56,157,6487.2,33
2024-05-20,Email,North America,CRM,Owned,Americas,2024,2024-Q2,2024-05,10625.89,170630,5643,283,730,42451.11,134
2024-05-20,Email,EMEA,CRM,Owned,International,2024,2024-Q2,2024-05,7900.63,96406,3491,193,538,25877.31,103
2024-05-20,Email,APAC,CRM,Owned,International,2024,2024-Q2,2024-05,5592.19,61492,2025,126,330,16827.65,76
2024-05-20,Organic Search,North America,Search,Earned,Americas,2024,2024-Q2,2024-05,8678.45,214536,8891,409,1080,53883.53,217
2024-05-20,Organic Search,EMEA,Search,Earned,International,2024,2024-Q2,2024-05,6439.19,129856,5585,269,763,31881.17,151
2024-05-20,Organic Search,APAC,Search,Earned,International,2024,2024-Q2,2024-05,4487.62,77671,3038,161,433,19000.08,100
2024-05-20,Affiliate,North America,Partner,Paid,Americas,2024,2024-Q2,2024-05,7405.58,200652,4563,144,386,17726.85,73
2024-05-20,Affiliate,EMEA,Partner,Paid,International,2024,2024-Q2,2024-05,5446.16,123914,2906,102,285,11468.99,59
2024-05-20,Affiliate,APAC,Partner,Paid,International,2024,2024-Q2,2024-05,3799.82,86954,1759,66,162,7937.01,44
2024-05-27,Paid Search,North America,Search,Paid,Americas,2024,2024-Q2,2024-05,24540.04,500756,25269,1042,2929,119675.98,575
2024-05-27,Paid Search,EMEA,Search,Paid,International,2024,2024-Q2,2024-05,17764.46,358355,16552,744,1970,86503.99,457
2024-05-27,Paid Search,APAC,Search,Paid,International,2024,2024-Q2,2024-05,10368.28,194825,8364,353,841,43776.45,218
2024-05-27,Paid Social,North America,Social,Paid,Americas,2024,2024-Q2,2024-05,19943.26,1642505,22882,487,1411,55585.92,278
2024-05-27,Paid Social,EMEA,Social,Paid,International,2024,2024-Q2,2024-05,14452.79,1137207,13717,318,781,37726.28,203
2024-05-27,Paid Social,APAC,Social,Paid,International,2024,2024-Q2,2024-05,8973.59,659063,7399,172,421,21810.83,102
2024-05-27,Display,North America,Display,Paid,Americas,2024,2024-Q2,2024-05,12075.7,2552468,10323,112,302,11658.2,66
2024-05-27,Display,EMEA,Display,Paid,International,2024,2024-Q2,2024-05,7779.49,1527177,5398,57,141,6335.44,35
2024-05-27,Display,APAC,Display,Paid,International,2024,2024-Q2,2024-05,4193.15,766355,2993,28,72,3354.2,15
2024-05-27,Video,North America,Video,Paid,Americas,2024,2024-Q2,2024-05,15375.67,827583,7888,138,367,15949.51,85
2024-05-27,Video,EMEA,Video,Paid,International,2024,2024-Q2,2024-05,10519.73,527513,4450,83,197,10305.69,56
2024-05-27,Video,APAC,Video,Paid,International,2024,2024-Q2,2024-05,5693.4,268309,2480,38,101,5003.23,22
2024-05-27,Email,North America,CRM,Owned,Americas,2024,2024-Q2,2024-05,13874.85,152905,4452,287,701,39579.57,183
2024-05-27,Email,EMEA,CRM,Owned,International,2024,2024-Q2,2024-05,7782.67,110514,3379,181,444,26573.31,97
2024-05-27,Email,APAC,CRM,Owned,International,2024,2024-Q2,2024-05,4603.67,68663,2311,115,307,16737.09,54
2024-05-27,Organic Search,North America,Search,Earned,Americas,2024,2024-Q2,2024-05,11147.94,191362,7369,407,1031,49433.88,269
2024-05-27,Organic Search,EMEA,Search,Earned,International,2024,2024-Q2,2024-05,6765,139042,5330,269,670,34809.4,163
2024-05-27,Organic Search,APAC,Search,Earned,International,2024,2024-Q2,2024-05,3720.6,91441,3862,172,463,23009.78,87
2024-05-27,Affiliate,North America,Partner,Paid,Americas,2024,2024-Q2,2024-05,8341.11,215757,4121,143,342,17688.36,78
2024-05-27,Affiliate,EMEA,Partner,Paid,International,2024,2024-Q2,2024-05,4726.81,147470,3124,90,227,11495.29,43
2024-05-27,Affiliate,APAC,Partner,Paid,International,2024,2024-Q2,2024-05,3165.39,81087,1881,60,165,6828.78,32
2024-06-03,Paid Search,North America,Search,Paid,Americas,2024,2024-Q2,2024-06,25735.51,471111,21073,976,2391,124095.88,634
2024-06-03,Paid Search,EMEA,Search,Paid,International,2024,2024-Q2,2024-06,15516.6,290550,14484,579,1544,75597.48,314
2024-06-03,Paid Search,APAC,Search,Paid,International,2024,2024-Q2,2024-06,10456.94,209847,10787,449,1276,54551.9,255
2024-06-03,Paid Social,North America,Social,Paid,Americas,2024,2024-Q2,2024-06,18259.9,1308339,15346,284,711,37056.02,140
2024-06-03,Paid Social,EMEA,Social,Paid,International,2024,2024-Q2,2024-06,11972.28,933917,12266,243,664,27660.45,128
2024-06-03,Paid Social,APAC,Social,Paid,International,2024,2024-Q2,2024-06,8495,710673,8989,192,518,21324.87,111
2024-06-03,Display,North America,Display,Paid,Americas,2024,2024-Q2,2024-06,11108,2074257,8501,87,223,10602.81,50
2024-06-03,Display,EMEA,Display,Paid,International,2024,2024-Q2,2024-06,7333.38,1477157,6638,67,187,7588.78,37
2024-06-03,Display,APAC,Display,Paid,International,2024,2024-Q2,2024-06,5195.58,1080555,4459,51,136,5359.68,31
2024-06-03,Video,North America,Video,Paid,Americas,2024,2024-Q2,2024-06,12640.75,642250,6279,93,247,11306.97,47
2024-06-03,Video,EMEA,Video,Paid,International,2024,2024-Q2,2024-06,9344.45,519777,5500,90,255,10043.38,50
2024-06-03,Video,APAC,Video,Paid,International,2024,2024-Q2,2024-06,6545.29,348972,3199,58,146,6794.89,36
2024-06-03,Email,North America,CRM,Owned,Americas,2024,2024-Q2,2024-06,11483.13,171274,5976,315,852,47033.48,160
2024-06-03,Email,EMEA,CRM,Owned,International,2024,2024-Q2,2024-06,8492.48,103340,3541,208,578,27996.13,120
2024-06-03,Email,APAC,CRM,Owned,International,2024,2024-Q2,2024-06,5554.19,65779,2042,125,326,17411.72,81
2024-06-03,Organic Search,North America,Search,Earned,Americas,2024,2024-Q2,2024-06,9376.63,178037,7755,360,992,42986.58,190
2024-06-03,Organic Search,EMEA,Search,Earned,International,2024,2024-Q2,2024-06,6891.66,117802,4967,255,695,29178.05,153
2024-06-03,Organic Search,APAC,Search,Earned,International,2024,2024-Q2,2024-06,4788.04,82283,2904,165,389,20236.31,103
2024-06-03,Affiliate,North America,Partner,Paid,Americas,2024,2024-Q2,2024-06,7961.45,214262,4883,162,455,19055.44,89
2024-06-03,Affiliate,EMEA,Partner,Paid,International,2024,2024-Q2,2024-06,5760,132858,2750,100,267,11704.92,62
2024-06-03,Affiliate,APAC,Partner,Paid,International,2024,2024-Q2,2024-06,3137.72,92712,1811,60,144,7525.31,38
2024-06-10,Paid Search,North America,Search,Paid,Americas,2024,2024-Q2,2024-06,26163.92,544679,28748,1251,3514,141413.51,739
2024-06-10,Paid Search,EMEA,Search,Paid,International,2024,2024-Q2,2024-06,18878.8,364594,16700,795,1916,96030.3,523
2024-06-10,Paid Search,APAC,Search,Paid,International,2024,2024-Q2,2024-06,11047.83,199343,9021,376,933,48360.33,218
2024-06-10,Paid Social,North America,Social,Paid,Americas,2024,2024-Q2,2024-06,21006.75,1708619,19841,441,1160,50855.25,266
2024-06-10,Paid Social,EMEA,Social,Paid,International,2024,2024-Q2,2024-06,12701.27,961820,10377,218,512,26835.23,134
2024-06-10,Paid Social,APAC,Social,Paid,International,2024,2024-Q2,2024-06,6982.9,518667,6239,115,299,14413.1,60
2024-06-10,Display,North America,Display,Paid,Americas,2024,2024-Q2,2024-06,12858.24,2599126,10425,120,308,12994.76,77
2024-06-10,Display,EMEA,Display,Paid,International,2024,2024-Q2,2024-06,8276.39,1560797,5822,67,162,7769.91,42
2024-06-10,Display,APAC,Display,Paid,International,2024,2024-Q2,2024-06,4518.04,798953,3309,32,85,3957.19,18
2024-06-10,Video,North America,Video,Paid,Americas,2024,2024-Q2,2024-06,15353.61,792603,6359,113,273,13638.14,72
2024-06-10,Video,EMEA,Video,Paid,International,2024,2024-Q2,2024-06,8532.83,411609,3633,55,138,7099.14,31
2024-06-10,Video,APAC,Video,Paid,International,2024,2024-Q2,2024-06,5445.87,286094,2818,44,113,5171.52,22
2024-06-10,Email,North America,CRM,Owned,Americas,2024,2024-Q2,2024-06,13857.02,162428,4991,335,832,48188.77,229
2024-06-10,Email,EMEA,CRM,Owned,International,2024,2024-Q2,2024-06,8315.28,116835,3786,216,554,33018.49,125
2024-06-10,Email,APAC,CRM,Owned,International,2024,2024-Q2,2024-06,4942.64,68566,2434,131,359,19782.59,69
2024-06-10,Organic Search,North America,Search,Earned,Americas,2024,2024-Q2,2024-06,9843.92,203422,7472,336,815,42211.67,189
2024-06-10,Organic Search,EMEA,Search,Earned,International,2024,2024-Q2,2024-06,5632.92,131025,5304,224,583,27903.56,105
2024-06-10,Organic Search,APAC,Search,Earned,International,2024,2024-Q2,2024-06,3996.61,72511,3228,152,427,16900.71,84
2024-06-10,Affiliate,North America,Partner,Paid,Americas,2024,2024-Q2,2024-06,8325.83,228499,4635,161,396,20689.39,96
2024-06-10,Affiliate,EMEA,Partner,Paid,International,2024,2024-Q2,2024-06,4742.16,155879,3487,106,285,14096.1,52
2024-06-10,Affiliate,APAC,Partner,Paid,International,2024,2024-Q2,2024-06,3384.07,85492,1980,66,189,7879.4,38
2024-06-17,Paid Search,North America,Search,Paid,Americas,2024,2024-Q2,2024-06,22574.45,396501,18819,667,1721,84675.63,307
2024-06-17,Paid Search,EMEA,Search,Paid,International,2024,2024-Q2,2024-06,15673.19,325507,17161,688,1915,76418.05,373
2024-06-17,Paid Search,APAC,Search,Paid,International,2024,2024-Q2,2024-06,11087.72,227169,10878,478,1254,54141.42,289
2024-06-17,Paid Social,North America,Social,Paid,Americas,2024,2024-Q2,2024-06,18230.07,1375916,17266,341,902,44206.8,183
2024-06-17,Paid Social,EMEA,Social,Paid,International,2024,2024-Q2,2024-06,12752.26,1032010,13353,274,775,33053.88,152
2024-06-17,Paid Social,APAC,Social,Paid,International,2024,2024-Q2,2024-06,8990.08,719682,8535,193,516,22459.62,120
2024-06-17,Display,North America,Display,Paid,Americas,2024,2024-Q2,2024-06,10577.73,2120407,9273,89,243,9615.65,46
2024-06-17,Display,EMEA,Display,Paid,International,2024,2024-Q2,2024-06,7793.9,1675801,7457,80,221,8132.47,46
2024-06-17,Display,APAC,Display,Paid,International,2024,2024-Q2,2024-06,5445.86,1090488,4200,50,122,5496.01,33
2024-06-17,Video,North America,Video,Paid,Americas,2024,2024-Q2,2024-06,13500.84,717029,7320,114,316,13924.34,60
2024-06-17,Video,EMEA,Video,Paid,International,2024,2024-Q2,2024-06,9932.04,544618,5100,88,239,9970.14,53
2024-06-17,Video,APAC,Video,Paid,International,2024,2024-Q2,2024-06,6103.72,313708,2704,46,120,5539.33,29
2024-06-17,Email,North America,CRM,Owned,Americas,2024,2024-Q2,2024-06,12234.86,141431,5200,293,825,39477.61,162
2024-06-17,Email,EMEA,CRM,Owned,International,2024,2024-Q2,2024-06,8897.78,98922,3338,209,522,28277.93,131
2024-06-17,Email,APAC,CRM,Owned,International,2024,2024-Q2,2024-06,5868.37,69460,2076,133,319,19213.39,78
2024-06-17,Organic Search,North America,Search,Earned,Americas,2024,2024-Q2,2024-06,9989.27,189131,7794,382,1053,43992.55,216
2024-06-17,Organic Search,EMEA,Search,Earned,International,2024,2024-Q2,2024-06,6776.84,124884,4657,239,618,28246.79,154
2024-06-17,Organic Search,APAC,Search,Earned,International,2024,2024-Q2,2024-06,3667.8,86949,3264,150,368,19126.57,87
2024-06-17,Affiliate,North America,Partner,Paid,Americas,2024,2024-Q2,2024-06,8356.59,192328,4294,154,411,17484.15,93
2024-06-17,Affiliate,EMEA,Partner,Paid,International,2024,2024-Q2,2024-06,6089.94,139462,2732,107,258,13005.64,72
2024-06-17,Affiliate,APAC,Partner,Paid,International,2024,2024-Q2,2024-06,3339.94,97615,2008,67,168,8727.3,38
2024-06-24,Paid Search,North America,Search,Paid,Americas,2024,2024-Q2,2024-06,27261.19,543312,23879,1100,2808,128691.71,688
2024-06-24,Paid Search,EMEA,Search,Paid,International,2024,2024-Q2,2024-06,15420.58,286740,12503,503,1207,63014.84,296
2024-06-24,Paid Search,APAC,Search,Paid,International,2024,2024-Q2,2024-06,9122,176237,8565,314,831,37903.09,158
2024-06-24,Paid Social,North America,Social,Paid,Americas,2024,2024-Q2,2024-06,22124,1722180,19832,466,1170,55853.06,302
2024-06-24,Paid Social,EMEA,Social,Paid,International,2024,2024-Q2,2024-06,13413.34,975083,11096,246,609,31466.11,153
2024-06-24,Paid Social,APAC,Social,Paid,International,2024,2024-Q2,2024-06,7373.42,527654,6709,127,339,16615.88,63
2024-06-24,Display,North America,Display,Paid,Americas,2024,2024-Q2,2024-06,11944.82,2320269,8319,92,215,10373.93,56
2024-06-24,Display,EMEA,Display,Paid,International,2024,2024-Q2,2024-06,6763.18,1231381,4882,44,115,5327.25,24
2024-06-24,Display,APAC,Display,Paid,International,2024,2024-Q2,2024-06,4531.98,936237,4124,40,112,4196.75,21
2024-06-24,Video,North America,Video,Paid,Americas,2024,2024-Q2,2024-06,15181.35,754304,6379,118,288,14778.52,79
2024-06-24,Video,EMEA,Video,Paid,International,2024,2024-Q2,2024-06,9076.63,423170,3967,64,165,8529.05,38
2024-06-24,Video,APAC,Video,Paid,International,2024,2024-Q2,2024-06,5779.43,302149,3142,50,140,6215.82,27
2024-06-24,Email,North America,CRM,Owned,Americas,2024,2024-Q2,2024-06,11934.45,169114,5253,268,665,40038.18,144
2024-06-24,Email,EMEA,CRM,Owned,International,2024,2024-Q2,2024-06,7352.52,102776,3502,179,476,25198.16,87
2024-06-24,Email,APAC,CRM,Owned,International,2024,2024-Q2,2024-06,5188.2,59980,2125,120,334,15184.03,69
2024-06-24,Organic Search,North America,Search,Earned,Americas,2024,2024-Q2,2024-06,9729.54,213104,8303,398,1001,52072.31,225
2024-06-24,Organic Search,EMEA,Search,Earned,International,2024,2024-Q2,2024-06,5994.71,137408,5877,263,714,34148.37,135
2024-06-24,Organic Search,APAC,Search,Earned,International,2024,2024-Q2,2024-06,4224.47,75999,3337,167,467,19496.3,97
2024-06-24,Affiliate,North America,Partner,Paid,Americas,2024,2024-Q2,2024-06,6852.73,226054,4853,140,363,18072.99,64
2024-06-24,Affiliate,EMEA,Partner,Paid,International,2024,2024-Q2,2024-06,5049.38,127782,3006,97,270,11136.4,51
2024-06-24,Affiliate,APAC,Partner,Paid,International,2024,2024-Q2,2024-06,3569.8,81361,1744,63,164,7192.22,39
2024-07-01,Paid Search,North America,Search,Paid,Americas,2024,2024-Q3,2024-07,22543.69,439254,22313,848,2299,106192.28,430
2024-07-01,Paid Search,EMEA,Search,Paid,International,2024,2024-Q3,2024-07,16507.03,338948,17517,740,2053,87097.07,429
2024-07-01,Paid Search,APAC,Search,Paid,International,2024,2024-Q3,2024-07,10911.05,214853,9675,449,1170,53107.4,286
2024-07-01,Paid Social,North America,Social,Paid,Americas,2024,2024-Q3,2024-07,18245.18,1462377,19459,386,1070,44184.44,207
2024-07-01,Paid Social,EMEA,Social,Paid,International,2024,2024-Q3,2024-07,13402.6,1107309,14128,306,834,34459.2,179
2024-07-01,Paid Social,APAC,Social,Paid,International,2024,2024-Q3,2024-07,9342.74,716104,8007,194,473,23488.02,131
2024-07-01,Display,North America,Display,Paid,Americas,2024,2024-Q3,2024-07,11169.02,2323013,10542,108,303,11836.06,61
2024-07-01,Display,EMEA,Display,Paid,International,2024,2024-Q3,2024-07,8109.83,1667297,6565,74,196,7864.75,45
2024-07-01,Display,APAC,Display,Paid,International,2024,2024-Q3,2024-07,4716.24,910049,3336,35,88,3957.77,22
2024-07-01,Video,North America,Video,Paid,Americas,2024,2024-Q3,2024-07,14223.06,781198,8382,138,398,15617,79
2024-07-01,Video,EMEA,Video,Paid,International,2024,2024-Q3,2024-07,10317.62,544557,5053,92,226,10835.81,59
2024-07-01,Video,APAC,Video,Paid,International,2024,2024-Q3,2024-07,6401.22,316036,2733,50,120,6282.19,30
2024-07-01,Email,North America,CRM,Owned,Americas,2024,2024-Q3,2024-07,12783.91,149096,4873,291,784,37894.2,171
2024-07-01,Email,EMEA,CRM,Owned,International,2024,2024-Q3,2024-07,8211.44,103718,3105,181,453,25299.69,112
2024-07-01,Email,APAC,CRM,Owned,International,2024,2024-Q3,2024-07,4474.61,71916,2282,120,300,18051.35,66
2024-07-01,Organic Search,North America,Search,Earned,Americas,2024,2024-Q3,2024-07,10372.62,179291,7275,380,998,43611.27,232
2024-07-01,Organic Search,EMEA,Search,Earned,International,2024,2024-Q3,2024-07,7096.7,130698,4690,251,599,31020.25,161
2024-07-01,Organic Search,APAC,Search,Earned,International,2024,2024-Q3,2024-07,3878.15,90572,3600,166,423,22029.35,89
2024-07-01,Affiliate,North America,Partner,Paid,Americas,2024,2024-Q3,2024-07,8754.77,202093,3987,149,383,17559.72,95
2024-07-01,Affiliate,EMEA,Partner,Paid,International,2024,2024-Q3,2024-07,4956.24,146064,2901,91,222,11514.96,51
2024-07-01,Affiliate,APAC,Partner,Paid,International,2024,2024-Q3,2024-07,2933.67,90709,1967,59,152,7385.22,30
2024-07-08,Paid Search,North America,Search,Paid,Americas,2024,2024-Q3,2024-07,28349.46,541746,23990,1158,2841,141572.86,776
2024-07-08,Paid Search,EMEA,Search,Paid,International,2024,2024-Q3,2024-07,16175.11,291061,13490,577,1451,75129.85,345
2024-07-08,Paid Search,APAC,Search,Paid,International,2024,2024-Q3,2024-07,9501.74,175132,8976,350,953,44379.4,181
2024-07-08,Paid Social,North America,Social,Paid,Americas,2024,2024-Q3,2024-07,19147.34,1434592,15701,334,797,41586.62,195
2024-07-08,Paid Social,EMEA,Social,Paid,International,2024,2024-Q3,2024-07,10951.62,809680,9885,178,466,22505.03,89
2024-07-08,Paid Social,APAC,Social,Paid,International,2024,2024-Q3,2024-07,7775.92,646310,8659,175,489,19601.76,95
2024-07-08,Display,North America,Display,Paid,Americas,2024,2024-Q3,2024-07,11698.79,2201955,8327,97,236,11348.27,63
2024-07-08,Display,EMEA,Display,Paid,International,2024,2024-Q3,2024-07,7055.24,1295510,5459,56,144,6703.92,30
2024-07-08,Display,APAC,Display,Paid,International,2024,2024-Q3,2024-07,4756.33,973486,4497,48,133,5350.04,27
2024-07-08,Video,North America,Video,Paid,Americas,2024,2024-Q3,2024-07,13002.82,624813,5597,80,200,10441.45,42
2024-07-08,Video,EMEA,Video,Paid,International,2024,2024-Q3,2024-07,8530.14,443803,4441,69,186,7892.43,37
2024-07-08,Video,APAC,Video,Paid,International,2024,2024-Q3,2024-07,6052.32,337541,3256,55,145,6110.73,31
2024-07-08,Email,North America,CRM,Owned,Americas,2024,2024-Q3,2024-07,11713.32,175660,5780,315,811,48626.08,170
2024-07-08,Email,EMEA,CRM,Owned,International,2024,2024-Q3,2024-07,7736.86,106992,3846,211,584,30972.75,113
2024-07-08,Email,APAC,CRM,Owned,International,2024,2024-Q3,2024-07,5436.83,59722,2081,127,346,16761.54,77
2024-07-08,Organic Search,North America,Search,Earned,Americas,2024,2024-Q3,2024-07,8513.93,197165,8086,345,910,43463.81,165
2024-07-08,Organic Search,EMEA,Search,Earned,International,2024,2024-Q3,2024-07,6238.39,112161,5013,241,681,27317.58,134
2024-07-08,Organic Search,APAC,Search,Earned,International,2024,2024-Q3,2024-07,4408.41,75479,2907,154,393,17919.09,96
2024-07-08,Affiliate,North America,Partner,Paid,Americas,2024,2024-Q3,2024-07,7231.61,234310,5322,164,443,20942.13,83
2024-07-08,Affiliate,EMEA,Partner,Paid,International,2024,2024-Q3,2024-07,5291.7,133552,3108,105,295,12639.52,59
2024-07-08,Affiliate,APAC,Partner,Paid,International,2024,2024-Q3,2024-07,3496.76,85044,1714,65,168,7769.43,43
2024-07-15,Paid Search,North America,Search,Paid,Americas,2024,2024-Q3,2024-07,23380.5,478682,25327,1030,2902,116517.75,569
2024-07-15,Paid Search,EMEA,Search,Paid,International,2024,2024-Q3,2024-07,17166.44,347471,16790,745,1977,85537.29,453
2024-07-15,Paid Search,APAC,Search,Paid,International,2024,2024-Q3,2024-07,11233.24,212169,9079,430,1019,53087.25,285
2024-07-15,Paid Social,North America,Social,Paid,Americas,2024,2024-Q3,2024-07,19057.73,1578257,20536,429,1181,50072.15,243
2024-07-15,Paid Social,EMEA,Social,Paid,International,2024,2024-Q3,2024-07,13911.79,1100389,12423,287,737,33817.18,181
2024-07-15,Paid Social,APAC,Social,Paid,International,2024,2024-Q3,2024-07,7510.47,558626,6259,133,323,16657.72,79
2024-07-15,Display,North America,Display,Paid,Americas,2024,2024-Q3,2024-07,11641.29,2471720,11131,119,336,12264.65,69
2024-07-15,Display,EMEA,Display,Paid,International,2024,2024-Q3,2024-07,8424.23,1658443,6473,77,186,8503,50
2024-07-15,Display,APAC,Display,Paid,International,2024,2024-Q3,2024-07,4913.04,911667,3523,39,97,4569.58,22
2024-07-15,Video,North America,Video,Paid,Americas,2024,2024-Q3,2024-07,14675.17,795397,7103,125,328,14317.33,77
2024-07-15,Video,EMEA,Video,Paid,International,2024,2024-Q3,2024-07,8840.62,449537,3736,64,159,7815.27,40
2024-07-15,Video,APAC,Video,Paid,International,2024,2024-Q3,2024-07,4854.2,241291,2235,33,83,4121.06,16
2024-07-15,Email,North America,CRM,Owned,Americas,2024,2024-Q3,2024-07,13278.17,147734,4767,302,778,41007.1,192
2024-07-15,Email,EMEA,CRM,Owned,International,2024,2024-Q3,2024-07,8540.08,107428,3263,198,480,28846.66,124
2024-07-15,Email,APAC,CRM,Owned,International,2024,2024-Q3,2024-07,4710.61,74300,2494,133,347,20837.06,69
2024-07-15,Organic Search,North America,Search,Earned,Americas,2024,2024-Q3,2024-07,10115.56,186415,6701,350,866,41969.2,215
2024-07-15,Organic Search,EMEA,Search,Earned,International,2024,2024-Q3,2024-07,5678.09,134169,5116,223,555,28711.15,120
2024-07-15,Organic Search,APAC,Search,Earned,International,2024,2024-Q3,2024-07,3582.2,78658,3260,144,380,17614.23,71
2024-07-15,Affiliate,North America,Partner,Paid,Americas,2024,2024-Q3,2024-07,9061.43,209729,4184,163,406,20049.33,109
2024-07-15,Affiliate,EMEA,Partner,Paid,International,2024,2024-Q3,2024-07,5173.92,150864,3176,106,271,13967.95,62
2024-07-15,Affiliate,APAC,Partner,Paid,International,2024,2024-Q3,2024-07,3041.13,93788,2144,68,183,8868.17,35
2024-07-22,Paid Search,North America,Search,Paid,Americas,2024,2024-Q3,2024-07,22795.99,420047,18563,761,1844,96360.99,429
2024-07-22,Paid Search,EMEA,Search,Paid,International,2024,2024-Q3,2024-07,13871.97,265486,13054,492,1299,59827.32,243
2024-07-22,Paid Search,APAC,Search,Paid,International,2024,2024-Q3,2024-07,9916.69,208213,11202,464,1316,51393.07,260
2024-07-22,Paid Social,North America,Social,Paid,Americas,2024,2024-Q3,2024-07,18589.83,1347696,15709,352,875,45546.39,221
2024-07-22,Paid Social,EMEA,Social,Paid,International,2024,2024-Q3,2024-07,11317.21,840688,10848,209,565,27561.39,107
2024-07-22,Paid Social,APAC,Social,Paid,International,2024,2024-Q3,2024-07,8076.73,658094,8724,185,537,21948.74,107
2024-07-22,Display,North America,Display,Paid,Americas,2024,2024-Q3,2024-07,9913.04,1787325,7189,64,162,7461.79,32
2024-07-22,Display,EMEA,Display,Paid,International,2024,2024-Q3,2024-07,6968.96,1489084,6645,67,183,6847.83,36
2024-07-22,Display,APAC,Display,Paid,International,2024,2024-Q3,2024-07,4930.11,1029888,4177,46,121,4791.68,27
2024-07-22,Video,North America,Video,Paid,Americas,2024,2024-Q3,2024-07,12693.34,614046,5873,91,238,11751.01,48
2024-07-22,Video,EMEA,Video,Paid,International,2024,2024-Q3,2024-07,8882.18,479344,5032,83,230,9980.31,46
2024-07-22,Video,APAC,Video,Paid,International,2024,2024-Q3,2024-07,6211.82,333886,3204,57,151,6640.08,34
2024-07-22,Email,North America,CRM,Owned,Americas,2024,2024-Q3,2024-07,10909.68,151985,5247,273,733,38815.52,135
2024-07-22,Email,EMEA,CRM,Owned,International,2024,2024-Q3,2024-07,8038.11,88082,3128,183,507,23518.66,105
2024-07-22,Email,APAC,CRM,Owned,International,2024,2024-Q3,2024-07,5616.75,61914,1896,122,304,16822.03,78
2024-07-22,Organic Search,North America,Search,Earned,Americas,2024,2024-Q3,2024-07,8889.19,202959,8793,404,1108,50363.24,212
2024-07-22,Organic Search,EMEA,Search,Earned,International,2024,2024-Q3,2024-07,6485.77,116678,4907,247,674,29084.3,145
2024-07-22,Organic Search,APAC,Search,Earned,International,2024,2024-Q3,2024-07,4016.85,78097,2871,151,380,18368.41,100
2024-07-22,Affiliate,North America,Partner,Paid,Americas,2024,2024-Q3,2024-07,7465.83,178933,4238,139,391,16104.62,76
2024-07-22,Affiliate,EMEA,Partner,Paid,International,2024,2024-Q3,2024-07,5478.1,124976,2703,99,246,11439.74,60
2024-07-22,Affiliate,APAC,Partner,Paid,International,2024,2024-Q3,2024-07,3583.97,87835,1703,64,154,7970.48,38
2024-07-29,Paid Search,North America,Search,Paid,Americas,2024,2024-Q3,2024-07,24238.27,508566,25137,1075,2891,123897.78,621
2024-07-29,Paid Search,EMEA,Search,Paid,International,2024,2024-Q3,2024-07,16603.76,322982,13956,628,1575,75146,406
2024-07-29,Paid Search,APAC,Search,Paid,International,2024,2024-Q3,2024-07,8907.61,161557,7323,297,738,37895.59,169
2024-07-29,Paid Social,North America,Social,Paid,Americas,2024,2024-Q3,2024-07,19670.49,1605429,20738,456,1250,52034.15,274
2024-07-29,Paid Social,EMEA,Social,Paid,International,2024,2024-Q3,2024-07,14173.6,1074906,12202,297,703,36598.02,188
2024-07-29,Paid Social,APAC,Social,Paid,International,2024,2024-Q3,2024-07,7779.84,556091,6560,130,326,16911.41,73
2024-07-29,Display,North America,Display,Paid,Americas,2024,2024-Q3,2024-07,11992.4,2436914,9145,104,267,11181.51,65
2024-07-29,Display,EMEA,Display,Paid,International,2024,2024-Q3,2024-07,6701.25,1279991,4767,50,119,5717.41,30
2024-07-29,Display,APAC,Display,Paid,International,2024,2024-Q3,2024-07,3962.54,779187,3234,30,77,3328.7,15
2024-07-29,Video,North America,Video,Paid,Americas,2024,2024-Q3,2024-07,15129.29,784956,6948,129,323,15359.73,84
2024-07-29,Video,EMEA,Video,Paid,International,2024,2024-Q3,2024-07,9141.18,446869,3916,70,167,8863.94,45
2024-07-29,Video,APAC,Video,Paid,International,2024,2024-Q3,2024-07,5080.85,242452,2374,36,94,4661.79,17
2024-07-29,Email,North America,CRM,Owned,Americas,2024,2024-Q3,2024-07,12054.51,152130,4446,258,628,36580.43,152
2024-07-29,Email,EMEA,CRM,Owned,International,2024,2024-Q3,2024-07,6813.59,109054,3511,176,449,26795.55,92
2024-07-29,Email,APAC,CRM,Owned,International,2024,2024-Q3,2024-07,4570.47,60311,2124,113,307,15571.83,59
2024-07-29,Organic Search,North America,Search,Earned,Americas,2024,2024-Q3,2024-07,10404.42,189774,6924,377,906,47141.64,247
2024-07-29,Organic Search,EMEA,Search,Earned,International,2024,2024-Q3,2024-07,5910.09,137556,5554,259,672,34712.29,141
2024-07-29,Organic Search,APAC,Search,Earned,International,2024,2024-Q3,2024-07,3722.19,76101,3324,155,431,19506.96,83
2024-07-29,Affiliate,North America,Partner,Paid,Americas,2024,2024-Q3,2024-07,7265.2,213645,4310,127,318,16231.24,67
2024-07-29,Affiliate,EMEA,Partner,Paid,International,2024,2024-Q3,2024-07,4423.92,129778,2847,85,224,10320.37,41
2024-07-29,Affiliate,APAC,Partner,Paid,International,2024,2024-Q3,2024-07,3160.11,75753,1728,58,157,6280.21,32
2024-08-05,Paid Search,North America,Search,Paid,Americas,2024,2024-Q3,2024-08,22016.85,392024,18462,792,2013,104338.14,472
2024-08-05,Paid Search,EMEA,Search,Paid,International,2024,2024-Q3,2024-08,14379.52,274919,14296,572,1578,72857.83,301
2024-08-05,Paid Search,APAC,Search,Paid,International,2024,2024-Q3,2024-08,10228.86,211135,10641,466,1310,54571.76,278
2024-08-05,Paid Social,North America,Social,Paid,Americas,2024,2024-Q3,2024-08,15800.75,1156893,14296,265,693,32237.55,129
2024-08-05,Paid Social,EMEA,Social,Paid,International,2024,2024-Q3,2024-08,11731.41,993619,13464,276,777,30315.62,153
2024-08-05,Paid Social,APAC,Social,Paid,International,2024,2024-Q3,2024-08,8295.65,666357,7727,173,444,20017.15,107
2024-08-05,Display,North America,Display,Paid,Americas,2024,2024-Q3,2024-08,9699.02,1850491,7949,75,204,9039.07,39
2024-08-05,Display,EMEA,Display,Paid,International,2024,2024-Q3,2024-08,7188.81,1505334,6645,71,201,7695.56,39
2024-08-05,Display,APAC,Display,Paid,International,2024,2024-Q3,2024-08,4750.38,961310,3906,46,117,4998.67,29
2024-08-05,Video,North America,Video,Paid,Americas,2024,2024-Q3,2024-08,12446.28,671453,6815,107,294,12240.64,58
2024-08-05,Video,EMEA,Video,Paid,International,2024,2024-Q3,2024-08,9142.92,503587,4911,84,227,9459.47,48
2024-08-05,Video,APAC,Video,Paid,International,2024,2024-Q3,2024-08,6373.35,328021,2795,53,127,6418.48,34
2024-08-05,Email,North America,CRM,Owned,Americas,2024,2024-Q3,2024-08,11282.45,155560,5621,314,876,44208.67,169
2024-08-05,Email,EMEA,CRM,Owned,International,2024,2024-Q3,2024-08,8191.84,90060,3001,185,491,24810.76,113
2024-08-05,Email,APAC,CRM,Owned,International,2024,2024-Q3,2024-08,4761.64,63486,1874,110,276,15829.44,70
2024-08-05,Organic Search,North America,Search,Earned,Americas,2024,2024-Q3,2024-08,9171.75,156226,7103,345,993,39213.93,194
2024-08-05,Organic Search,EMEA,Search,Earned,International,2024,2024-Q3,2024-08,6653.59,114022,4456,239,584,28190.4,151
2024-08-05,Organic Search,APAC,Search,Earned,International,2024,2024-Q3,2024-08,4126.17,79938,2980,154,374,19483.89,87
2024-08-05,Affiliate,North America,Partner,Paid,Americas,2024,2024-Q3,2024-08,7708.56,184864,4117,143,387,16703.83,82
2024-08-05,Affiliate,EMEA,Partner,Paid,International,2024,2024-Q3,2024-08,4949.29,128413,2496,90,225,10861.77,58
2024-08-05,Affiliate,APAC,Partner,Paid,International,2024,2024-Q3,2024-08,2835.11,89287,1841,60,150,7734.01,34
2024-08-12,Paid Search,North America,Search,Paid,Americas,2024,2024-Q3,2024-08,24806.79,497024,24391,1101,2934,128161.72,682
2024-08-12,Paid Search,EMEA,Search,Paid,International,2024,2024-Q3,2024-08,16955.72,316631,13780,653,1569,81605.71,402
2024-08-12,Paid Search,APAC,Search,Paid,International,2024,2024-Q3,2024-08,9188.62,161328,7687,294,764,39072.06,155
2024-08-12,Paid Social,North America,Social,Paid,Americas,2024,2024-Q3,2024-08,20094.88,1570874,17060,375,931,44638.95,240
2024-08-12,Paid Social,EMEA,Social,Paid,International,2024,2024-Q3,2024-08,10490.07,766552,8737,176,431,22289.21,100
2024-08-12,Paid Social,APAC,Social,Paid,International,2024,2024-Q3,2024-08,6683.9,531493,6712,125,334,14569.26,61
2024-08-12,Display,North America,Display,Paid,Americas,2024,2024-Q3,2024-08,12139.17,2364367,8921,106,260,11928.57,71
2024-08-12,Display,EMEA,Display,Paid,International,2024,2024-Q3,2024-08,6898.98,1266003,4967,53,131,6285.6,32
2024-08-12,Display,APAC,Display,Paid,International,2024,2024-Q3,2024-08,4060.84,763746,3346,33,89,3819.5,17
2024-08-12,Video,North America,Video,Paid,Americas,2024,2024-Q3,2024-08,12791.68,643429,5425,90,213,11123.25,52
2024-08-12,Video,EMEA,Video,Paid,International,2024,2024-Q3,2024-08,7306.73,360635,3391,48,123,6038.63,22
2024-08-12,Video,APAC,Video,Paid,International,2024,2024-Q3,2024-08,5195.37,288842,2982,48,132,5379.38,26
2024-08-12,Email,North America,CRM,Owned,Americas,2024,2024-Q3,2024-08,12338.78,153635,4731,292,717,43075.5,187
2024-08-12,Email,EMEA,CRM,Owned,International,2024,2024-Q3,2024-08,6993.62,110917,3778,204,540,32245.24,107
2024-08-12,Email,APAC,CRM,Owned,International,2024,2024-Q3,2024-08,4707.35,57949,2133,122,343,17287.09,68
2024-08-12,Organic Search,North America,Search,Earned,Americas,2024,2024-Q3,2024-08,8204.77,193248,7479,315,789,41050.07,160
2024-08-12,Organic Search,EMEA,Search,Earned,International,2024,2024-Q3,2024-08,5384.93,110673,4687,209,561,24425.48,106
2024-08-12,Organic Search,APAC,Search,Earned,International,2024,2024-Q3,2024-08,3824.99,65953,2708,134,357,14812.5,76
2024-08-12,Affiliate,North America,Partner,Paid,Americas,2024,2024-Q3,2024-08,7401.71,217633,4653,149,383,19829.5,80
2024-08-12,Affiliate,EMEA,Partner,Paid,International,2024,2024-Q3,2024-08,4568.61,132502,3070,99,271,12437.69,52
2024-08-12,Affiliate,APAC,Partner,Paid,International,2024,2024-Q3,2024-08,3247.66,73992,1674,59,168,6717.31,35
2024-08-19,Paid Search,North America,Search,Paid,Americas,2024,2024-Q3,2024-08,19982.37,378281,19051,730,1947,85278.21,372
2024-08-19,Paid Search,EMEA,Search,Paid,International,2024,2024-Q3,2024-08,14750.36,315245,17135,716,1956,78388.54,405
2024-08-19,Paid Search,APAC,Search,Paid,International,2024,2024-Q3,2024-08,10426.3,206917,9184,424,1049,50075.72,269
2024-08-19,Paid Social,North America,Social,Paid,Americas,2024,2024-Q3,2024-08,16291.54,1255671,16441,326,890,41215.66,169
2024-08-19,Paid Social,EMEA,Social,Paid,International,2024,2024-Q3,2024-08,12034.69,1001819,12708,275,768,31935.56,160
2024-08-19,Paid Social,APAC,Social,Paid,International,2024,2024-Q3,2024-08,7450.27,581645,6781,154,406,18461.15,100
2024-08-19,Display,North America,Display,Paid,Americas,2024,2024-Q3,2024-08,10000.37,2106453,9524,97,270,10005.68,52
2024-08-19,Display,EMEA,Display,Paid,International,2024,2024-Q3,2024-08,7342.79,1527395,6262,70,184,7401.38,43
2024-08-19,Display,APAC,Display,Paid,International,2024,2024-Q3,2024-08,4803.79,932137,3367,40,93,4543.85,26
2024-08-19,Video,North America,Video,Paid,Americas,2024,2024-Q3,2024-08,12769.16,705099,7066,118,329,13781.94,67
2024-08-19,Video,EMEA,Video,Paid,International,2024,2024-Q3,2024-08,9321,495220,4539,81,217,9532.85,50
2024-08-19,Video,APAC,Video,Paid,International,2024,2024-Q3,2024-08,5029.97,249429,2133,36,85,4501.67,23
2024-08-19,Email,North America,CRM,Owned,Americas,2024,2024-Q3,2024-08,11549.86,126699,4566,273,762,35570.47,157
2024-08-19,Email,EMEA,CRM,Owned,International,2024,2024-Q3,2024-08,8358.03,92212,2867,186,449,25927.6,123
2024-08-19,Email,APAC,CRM,Owned,International,2024,2024-Q3,2024-08,4872.44,64500,2029,119,299,17758.53,65
2024-08-19,Organic Search,North America,Search,Earned,Americas,2024,2024-Q3,2024-08,9294.68,158850,6362,328,891,37629.61,197
2024-08-19,Organic Search,EMEA,Search,Earned,International,2024,2024-Q3,2024-08,5597.04,116266,4123,206,503,25357.71,132
2024-08-19,Organic Search,APAC,Search,Earned,International,2024,2024-Q3,2024-08,3235.88,80511,3152,142,361,17871.55,76
2024-08-19,Affiliate,North America,Partner,Paid,Americas,2024,2024-Q3,2024-08,7864.08,179577,3713,136,348,15909.4,86
2024-08-19,Affiliate,EMEA,Partner,Paid,International,2024,2024-Q3,2024-08,5056.02,130704,2578,91,220,11423.65,56
2024-08-19,Affiliate,APAC,Partner,Paid,International,2024,2024-Q3,2024-08,2756.45,90473,1954,59,157,7931.6,31
2024-08-26,Paid Search,North America,Search,Paid,Americas,2024,2024-Q3,2024-08,23701.43,455584,18872,807,1945,97760.75,507
2024-08-26,Paid Search,EMEA,Search,Paid,International,2024,2024-Q3,2024-08,12430.59,222918,10186,390,981,50750.68,206
2024-08-26,Paid Search,APAC,Search,Paid,International,2024,2024-Q3,2024-08,8426,172103,8729,337,912,38317.18,173
2024-08-26,Paid Social,North America,Social,Paid,Americas,2024,2024-Q3,2024-08,19201.57,1444989,15805,371,884,46023.96,244
2024-08-26,Paid Social,EMEA,Social,Paid,International,2024,2024-Q3,2024-08,10773.14,761918,9132,185,476,24330.45,105
2024-08-26,Paid Social,APAC,Social,Paid,International,2024,2024-Q3,2024-08,6863.62,520986,6949,138,384,16862.75,74
2024-08-26,Display,North America,Display,Paid,Americas,2024,2024-Q3,2024-08,9585.55,1800582,6738,67,166,7742.66,38
2024-08-26,Display,EMEA,Display,Paid,International,2024,2024-Q3,2024-08,5888.53,1149388,4827,45,119,5023.05,22
2024-08-26,Display,APAC,Display,Paid,International,2024,2024-Q3,2024-08,4172.8,892914,4106,42,121,4267.66,23
2024-08-26,Video,North America,Video,Paid,Americas,2024,2024-Q3,2024-08,13054.57,630453,5612,99,244,12700.48,60
2024-08-26,Video,EMEA,Video,Paid,International,2024,2024-Q3,2024-08,7454.12,369421,3676,54,150,7120.48,28
2024-08-26,Video,APAC,Video,Paid,International,2024,2024-Q3,2024-08,5313.31,281154,2868,47,137,5504.16,27
2024-08-26,Email,North America,CRM,Owned,Americas,2024,2024-Q3,2024-08,9758.57,146829,4786,230,593,34077.83,113
2024-08-26,Email,EMEA,CRM,Owned,International,2024,2024-Q3,2024-08,6783.22,83694,2989,163,449,21425.86,85
2024-08-26,Email,APAC,CRM,Owned,International,2024,2024-Q3,2024-08,4803.92,52733,1718,104,268,13585.81,61
2024-08-26,Organic Search,North America,Search,Earned,Americas,2024,2024-Q3,2024-08,8354.99,195607,8014,361,949,48862.15,186
2024-08-26,Organic Search,EMEA,Search,Earned,International,2024,2024-Q3,2024-08,5521.12,112641,4986,235,657,28760.08,129
2024-08-26,Organic Search,APAC,Search,Earned,International,2024,2024-Q3,2024-08,3904.56,66817,2733,143,398,16540.22,87
2024-08-26,Affiliate,North America,Partner,Paid,Americas,2024,2024-Q3,2024-08,6335.57,185218,4152,126,339,15309.23,62
2024-08-26,Affiliate,EMEA,Partner,Paid,International,2024,2024-Q3,2024-08,4673.31,107375,2476,83,232,9107.19,48
2024-08-26,Affiliate,APAC,Partner,Paid,International,2024,2024-Q3,2024-08,3301.34,75479,1503,58,140,6894.93,37
2024-09-02,Paid Search,North America,Search,Paid,Americas,2024,2024-Q3,2024-09,20474.24,405012,21293,856,2383,105272.36,466
2024-09-02,Paid Search,EMEA,Search,Paid,International,2024,2024-Q3,2024-09,15044.42,307055,14811,658,1792,75106.15,397
2024-09-02,Paid Search,APAC,Search,Paid,International,2024,2024-Q3,2024-09,9241.73,176861,7861,348,894,42556.24,223
2024-09-02,Paid Social,North America,Social,Paid,Americas,2024,2024-Q3,2024-09,16652.55,1390670,19088,397,1127,44215.79,223
2024-09-02,Paid Social,EMEA,Social,Paid,International,2024,2024-Q3,2024-09,12221.94,977882,11592,264,676,30931.24,164
2024-09-02,Paid Social,APAC,Social,Paid,International,2024,2024-Q3,2024-09,7498.92,562428,6192,142,338,17684.52,91
2024-09-02,Display,North America,Display,Paid,Americas,2024,2024-Q3,2024-09,10222.43,2133198,8990,96,267,10125.93,55
2024-09-02,Display,EMEA,Display,Paid,International,2024,2024-Q3,2024-09,6929.53,1386020,5356,61,159,6702.15,39
2024-09-02,Display,APAC,Display,Paid,International,2024,2024-Q3,2024-09,3755.75,698844,2682,28,66,3285.52,16
2024-09-02,Video,North America,Video,Paid,Americas,2024,2024-Q3,2024-09,12995.29,712733,7045,121,333,13800.98,74
2024-09-02,Video,EMEA,Video,Paid,International,2024,2024-Q3,2024-09,9363.58,476849,4126,79,184,9662.94,49
2024-09-02,Video,APAC,Video,Paid,International,2024,2024-Q3,2024-09,5138.18,244857,2203,34,86,4430.18,18
2024-09-02,Email,North America,CRM,Owned,Americas,2024,2024-Q3,2024-09,11613.63,129162,4108,257,678,34889.67,158
2024-09-02,Email,EMEA,CRM,Owned,International,2024,2024-Q3,2024-09,6553.43,93495,2810,159,382,23120.99,96
2024-09-02,Email,APAC,CRM,Owned,International,2024,2024-Q3,2024-09,3876.27,61533,2026,104,273,14861.18,53
2024-09-02,Organic Search,North America,Search,Earned,Americas,2024,2024-Q3,2024-09,9448.45,162061,6052,330,819,39343.71,213
2024-09-02,Organic Search,EMEA,Search,Earned,International,2024,2024-Q3,2024-09,5707.07,117680,4413,217,537,27736.84,129
2024-09-02,Organic Search,APAC,Search,Earned,International,2024,2024-Q3,2024-09,3142.58,76969,3169,136,366,17924.16,67
2024-09-02,Affiliate,North America,Partner,Paid,Americas,2024,2024-Q3,2024-09,7037.58,182437,3421,116,283,14166.49,72
2024-09-02,Affiliate,EMEA,Partner,Paid,International,2024,2024-Q3,2024-09,3939.08,131137,2718,84,212,11013.78,44
2024-09-02,Affiliate,APAC,Partner,Paid,International,2024,2024-Q3,2024-09,2668.98,76939,1745,54,147,6342.33,27
2024-09-09,Paid Search,North America,Search,Paid,Americas,2024,2024-Q3,2024-09,22576.28,417781,18233,834,2030,104946.81,537
2024-09-09,Paid Search,EMEA,Search,Paid,International,2024,2024-Q3,2024-09,12784.7,221860,10750,420,1105,56407.21,224
2024-09-09,Paid Search,APAC,Search,Paid,International,2024,2024-Q3,2024-09,8609.1,167650,8976,369,1041,43933.97,201
2024-09-09,Paid Social,North America,Social,Paid,Americas,2024,2024-Q3,2024-09,14855.09,1075415,12309,237,589,30565.16,126
2024-09-09,Paid Social,EMEA,Social,Paid,International,2024,2024-Q3,2024-09,9843.39,776741,9920,188,510,22064.69,95
2024-09-09,Paid Social,APAC,Social,Paid,International,2024,2024-Q3,2024-09,6937.49,587864,7768,163,453,17919.67,93
2024-09-09,Display,North America,Display,Paid,Americas,2024,2024-Q3,2024-09,9776.72,1775276,7067,75,193,9025.4,44
2024-09-09,Display,EMEA,Display,Paid,International,2024,2024-Q3,2024-09,6032.82,1176289,5224,52,141,6106.91,29
2024-09-09,Display,APAC,Display,Paid,International,2024,2024-Q3,2024-09,4247.09,871780,3743,42,114,4486.85,25
2024-09-09,Video,North America,Video,Paid,Americas,2024,2024-Q3,2024-09,10384.08,506949,4827,69,181,8345.78,32
2024-09-09,Video,EMEA,Video,Paid,International,2024,2024-Q3,2024-09,7641.83,431298,4506,73,204,7990.12,40
2024-09-09,Video,APAC,Video,Paid,International,2024,2024-Q3,2024-09,5396.92,291372,2612,45,115,5166.02,29
2024-09-09,Email,North America,CRM,Owned,Americas,2024,2024-Q3,2024-09,9897.34,148116,5098,265,709,40837.54,132
2024-09-09,Email,EMEA,CRM,Owned,International,2024,2024-Q3,2024-09,6920.46,85110,3033,174,493,24063.32,99
2024-09-09,Email,APAC,CRM,Owned,International,2024,2024-Q3,2024-09,4870.22,53654,1743,111,299,15180.54,72
2024-09-09,Organic Search,North America,Search,Earned,Americas,2024,2024-Q3,2024-09,7642.74,156728,6723,305,832,36095.95,159
2024-09-09,Organic Search,EMEA,Search,Earned,International,2024,2024-Q3,2024-09,5620.49,95909,3992,200,542,22339.49,116
2024-09-09,Organic Search,APAC,Search,Earned,International,2024,2024-Q3,2024-09,3921.91,67995,2475,139,336,16842.39,93
2024-09-09,Affiliate,North America,Partner,Paid,Americas,2024,2024-Q3,2024-09,6480.46,187394,4397,144,395,18258,78
2024-09-09,Affiliate,EMEA,Partner,Paid,International,2024,2024-Q3,2024-09,4758.74,108510,2349,85,233,9754.24,53
2024-09-09,Affiliate,APAC,Partner,Paid,International,2024,2024-Q3,2024-09,2923.83,76495,1530,53,139,6553.36,33
2024-09-16,Paid Search,North America,Search,Paid,Americas,2024,2024-Q3,2024-09,20852.44,439997,22895,971,2695,107231.11,556
2024-09-16,Paid Search,EMEA,Search,Paid,International,2024,2024-Q3,2024-09,15113.67,297002,13376,628,1566,75028.4,406
2024-09-16,Paid Search,APAC,Search,Paid,International,2024,2024-Q3,2024-09,8796.68,162173,7217,320,781,40460.22,200
2024-09-16,Paid Social,North America,Social,Paid,Americas,2024,2024-Q3,2024-09,16964.36,1396248,16944,370,1007,41889.21,220
2024-09-16,Paid Social,EMEA,Social,Paid,International,2024,2024-Q3,2024-09,10803.96,833396,9312,204,522,24753.59,130
2024-09-16,Paid Social,APAC,Social,Paid,International,2024,2024-Q3,2024-09,5898.5,422859,4966,97,242,12625.72,55
2024-09-16,Display,North America,Display,Paid,Americas,2024,2024-Q3,2024-09,10368.36,2131491,8941,101,268,10814.16,62
2024-09-16,Display,EMEA,Display,Paid,International,2024,2024-Q3,2024-09,7017.11,1347021,4948,59,139,6730.82,36
2024-09-16,Display,APAC,Display,Paid,International,2024,2024-Q3,2024-09,3839.99,687477,2797,26,68,3182.81,13
2024-09-16,Video,North America,Video,Paid,Americas,2024,2024-Q3,2024-09,13027.79,684413,5982,104,268,12351.18,66
2024-09-16,Video,EMEA,Video,Paid,International,2024,2024-Q3,2024-09,6866.88,336624,2929,45,112,5694.64,26
2024-09-16,Video,APAC,Video,Paid,International,2024,2024-Q3,2024-09,4375.93,233327,2255,33,89,3851.94,17
2024-09-16,Email,North America,CRM,Owned,Americas,2024,2024-Q3,2024-09,11768.59,129934,3912,261,632,36770.07,174
2024-09-16,Email,EMEA,CRM,Owned,International,2024,2024-Q3,2024-09,6687.31,94338,2983,168,421,25362.84,96
2024-09-16,Email,APAC,CRM,Owned,International,2024,2024-Q3,2024-09,3936.75,58166,2014,107,288,16052.6,54
2024-09-16,Organic Search,North America,Search,Earned,Americas,2024,2024-Q3,2024-09,7915.5,164101,5922,279,665,34707.02,166
2024-09-16,Organic Search,EMEA,Search,Earned,International,2024,2024-Q3,2024-09,4522.01,112049,4435,192,496,24686.24,102
2024-09-16,Organic Search,APAC,Search,Earned,International,2024,2024-Q3,2024-09,3215.41,65095,2822,129,356,14706.77,68
2024-09-16,Affiliate,North America,Partner,Paid,Americas,2024,2024-Q3,2024-09,7139.75,184411,3659,131,323,16665.09,82
2024-09-16,Affiliate,EMEA,Partner,Paid,International,2024,2024-Q3,2024-09,4046.97,132227,2897,90,241,12193.76,47
2024-09-16,Affiliate,APAC,Partner,Paid,International,2024,2024-Q3,2024-09,2724.19,68813,1643,56,153,6854.35,31
2024-09-23,Paid Search,North America,Search,Paid,Americas,2024,2024-Q3,2024-09,17770.65,315502,14630,542,1379,71344.05,286
2024-09-23,Paid Search,EMEA,Search,Paid,International,2024,2024-Q3,2024-09,12356.95,250672,12911,510,1390,58366.7,267
2024-09-23,Paid Search,APAC,Search,Paid,International,2024,2024-Q3,2024-09,8757.24,181766,9119,392,1061,43882.23,229
2024-09-23,Paid Social,North America,Social,Paid,Americas,2024,2024-Q3,2024-09,15223.46,1065266,12952,266,690,35426.56,149
2024-09-23,Paid Social,EMEA,Social,Paid,International,2024,2024-Q3,2024-09,10060.15,789817,10652,218,608,27018.6,118
2024-09-23,Paid Social,APAC,Social,Paid,International,2024,2024-Q3,2024-09,7062.29,571847,7439,166,455,19007.27,102
2024-09-23,Display,North America,Display,Paid,Americas,2024,2024-Q3,2024-09,8333.11,1608699,6834,65,171,7009.97,33
2024-09-23,Display,EMEA,Display,Paid,International,2024,2024-Q3,2024-09,6098.61,1328443,6170,64,175,6450.08,37
2024-09-23,Display,APAC,Display,Paid,International,2024,2024-Q3,2024-09,4305.46,871378,3270,38,91,4096.93,24
2024-09-23,Video,North America,Video,Paid,Americas,2024,2024-Q3,2024-09,10642.29,546920,5517,84,233,10651.34,44
2024-09-23,Video,EMEA,Video,Paid,International,2024,2024-Q3,2024-09,7779.39,421013,4104,70,193,8046.59,40
2024-09-23,Video,APAC,Video,Paid,International,2024,2024-Q3,2024-09,5136.97,266675,2388,45,116,5385.01,29
2024-09-23,Email,North America,CRM,Owned,Americas,2024,2024-Q3,2024-09,9587.16,117913,4266,234,650,31166.04,126
2024-09-23,Email,EMEA,CRM,Owned,International,2024,2024-Q3,2024-09,7030.4,77252,2544,156,408,20617.7,95
2024-09-23,Email,APAC,CRM,Owned,International,2024,2024-Q3,2024-09,4610.43,54495,1601,102,238,14582.15,67
2024-09-23,Organic Search,North America,Search,Earned,Americas,2024,2024-Q3,2024-09,7799.28,157262,6751,322,905,39938.95,178
2024-09-23,Organic Search,EMEA,Search,Earned,International,2024,2024-Q3,2024-09,5698.74,97597,3813,203,542,23747.25,127
2024-09-23,Organic Search,APAC,Search,Earned,International,2024,2024-Q3,2024-09,3290.63,68780,2536,123,304,15410.14,75
2024-09-23,Affiliate,North America,Partner,Paid,Americas,2024,2024-Q3,2024-09,6598.43,150019,3508,119,338,13233.31,69
2024-09-23,Affiliate,EMEA,Partner,Paid,International,2024,2024-Q3,2024-09,4779.94,110437,2230,86,205,10328.69,58
2024-09-23,Affiliate,APAC,Partner,Paid,International,2024,2024-Q3,2024-09,2783.56,77249,1565,54,134,6907.33,29
2024-09-30,Paid Search,North America,Search,Paid,Americas,2024,2024-Q3,2024-09,21181.85,427571,19708,884,2340,101981.26,541
2024-09-30,Paid Search,EMEA,Search,Paid,International,2024,2024-Q3,2024-09,12665.12,239839,10283,435,1072,53382.93,268
2024-09-30,Paid Search,APAC,Search,Paid,International,2024,2024-Q3,2024-09,6968.32,129037,6159,231,593,29047.37,121
2024-09-30,Paid Social,North America,Social,Paid,Americas,2024,2024-Q3,2024-09,17068.28,1352193,16261,376,977,44548.41,239
2024-09-30,Paid Social,EMEA,Social,Paid,International,2024,2024-Q3,2024-09,10976.07,813351,9119,212,514,26614.48,124
2024-09-30,Paid Social,APAC,Social,Paid,International,2024,2024-Q3,2024-09,6064.1,418099,5202,96,253,13043.32,45
2024-09-30,Display,North America,Display,Paid,Americas,2024,2024-Q3,2024-09,9779.62,1932642,7170,77,193,8477.3,49
2024-09-30,Display,EMEA,Display,Paid,International,2024,2024-Q3,2024-09,5181.28,953621,3723,35,88,4158.68,19
2024-09-30,Display,APAC,Display,Paid,International,2024,2024-Q3,2024-09,3512.07,735369,3167,30,82,3128.66,14
2024-09-30,Video,North America,Video,Paid,Americas,2024,2024-Q3,2024-09,13169.6,663748,5550,101,238,12460.16,65
2024-09-30,Video,EMEA,Video,Paid,International,2024,2024-Q3,2024-09,7034.12,331692,3064,49,124,6444.89,28
2024-09-30,Video,APAC,Video,Paid,International,2024,2024-Q3,2024-09,4481.37,229035,2335,36,101,4369.62,19
2024-09-30,Email,North America,CRM,Owned,Americas,2024,2024-Q3,2024-09,9267.72,131799,4026,216,524,31689.8,124
2024-09-30,Email,EMEA,CRM,Owned,International,2024,2024-Q3,2024-09,5693.07,84847,2830,143,374,20791.45,71
2024-09-30,Email,APAC,CRM,Owned,International,2024,2024-Q3,2024-09,4034.35,49150,1797,100,284,12973.41,53
2024-09-30,Organic Search,North America,Search,Earned,Americas,2024,2024-Q3,2024-09,8057.7,165835,6302,316,788,40888.18,189
2024-09-30,Organic Search,EMEA,Search,Earned,International,2024,2024-Q3,2024-09,4600.7,112236,4692,207,553,27665.66,103
2024-09-30,Organic Search,APAC,Search,Earned,International,2024,2024-Q3,2024-09,3279.46,58968,2696,133,380,15825.8,74
2024-09-30,Affiliate,North America,Partner,Paid,Americas,2024,2024-Q3,2024-09,5632.01,175762,3684,110,280,14548.94,58
2024-09-30,Affiliate,EMEA,Partner,Paid,International,2024,2024-Q3,2024-09,3914.79,105806,2430,77,209,8703.82,40
2024-09-30,Affiliate,APAC,Partner,Paid,International,2024,2024-Q3,2024-09,2772.53,63123,1335,46,121,5182.43,28
2024-10-07,Paid Search,North America,Search,Paid,Americas,2024,2024-Q4,2024-10,18070.24,325705,16051,638,1684,82975.11,343
2024-10-07,Paid Search,EMEA,Search,Paid,International,2024,2024-Q4,2024-10,12638.85,253945,13727,573,1631,69336.94,321
2024-10-07,Paid Search,APAC,Search,Paid,International,2024,2024-Q4,2024-10,8830.74,175396,8681,393,1064,46077.75,249
2024-10-07,Paid Social,North America,Social,Paid,Americas,2024,2024-Q4,2024-10,13951.03,1089919,14145,275,750,31316.29,143
2024-10-07,Paid Social,EMEA,Social,Paid,International,2024,2024-Q4,2024-10,10266.97,859503,11472,243,650,27068.48,142
2024-10-07,Paid Social,APAC,Social,Paid,International,2024,2024-Q4,2024-10,7168.01,559167,6090,144,349,17260.7,95
2024-10-07,Display,North America,Display,Paid,Americas,2024,2024-Q4,2024-10,8545.57,1723706,7740,77,216,8700,42
2024-10-07,Display,EMEA,Display,Paid,International,2024,2024-Q4,2024-10,6228.69,1296017,5611,62,169,6473.87,38
2024-10-07,Display,APAC,Display,Paid,International,2024,2024-Q4,2024-10,3857.75,752847,2859,33,84,3693.55,22
2024-10-07,Video,North America,Video,Paid,Americas,2024,2024-Q4,2024-10,10793.33,601999,6368,103,293,11460.01,57
2024-10-07,Video,EMEA,Video,Paid,International,2024,2024-Q4,2024-10,7911.65,422115,3821,67,174,7774.24,41
2024-10-07,Video,APAC,Video,Paid,International,2024,2024-Q4,2024-10,4863.8,243143,2064,37,88,4607.34,23
2024-10-07,Email,North America,CRM,Owned,Americas,2024,2024-Q4,2024-10,9791.99,119116,4265,248,691,34616.96,144
2024-10-07,Email,EMEA,CRM,Owned,International,2024,2024-Q4,2024-10,6709.22,78693,2440,160,409,22165.33,102
2024-10-07,Email,APAC,CRM,Owned,International,2024,2024-Q4,2024-10,3861.49,55311,1726,94,235,13912.22,55
2024-10-07,Organic Search,North America,Search,Earned,Americas,2024,2024-Q4,2024-10,7949.03,135781,5704,291,791,32966.71,172
2024-10-07,Organic Search,EMEA,Search,Earned,International,2024,2024-Q4,2024-10,5744.43,99450,3678,207,488,25174.04,129
2024-10-07,Organic Search,APAC,Search,Earned,International,2024,2024-Q4,2024-10,3141.29,69555,2701,121,301,15788.57,64
2024-10-07,Affiliate,North America,Partner,Paid,Americas,2024,2024-Q4,2024-10,6658.85,153171,3167,117,307,13576.19,72
2024-10-07,Affiliate,EMEA,Partner,Paid,International,2024,2024-Q4,2024-10,4015.79,112069,2188,72,180,8950.63,43
2024-10-07,Affiliate,APAC,Partner,Paid,International,2024,2024-Q4,2024-10,2211.5,77308,1658,51,130,6481.77,28
2024-10-14,Paid Search,North America,Search,Paid,Americas,2024,2024-Q4,2024-10,21422.65,413927,18890,898,2168,107720.34,591
2024-10-14,Paid Search,EMEA,Search,Paid,International,2024,2024-Q4,2024-10,12953.12,235896,10661,475,1171,60533.02,273
2024-10-14,Paid Search,APAC,Search,Paid,International,2024,2024-Q4,2024-10,7210.33,128205,6469,248,668,30844.2,127
2024-10-14,Paid Social,North America,Social,Paid,Americas,2024,2024-Q4,2024-10,14345.58,1094967,11796,246,604,29961.08,150
2024-10-14,Paid Social,EMEA,Social,Paid,International,2024,2024-Q4,2024-10,8170.09,609673,7319,135,345,16852.07,71
2024-10-14,Paid Social,APAC,Social,Paid,International,2024,2024-Q4,2024-10,5890.59,495576,6538,130,355,14455.96,69
2024-10-14,Display,North America,Display,Paid,Americas,2024,2024-Q4,2024-10,9359.91,1781220,6636,76,183,8705.58,50
2024-10-14,Display,EMEA,Display,Paid,International,2024,2024-Q4,2024-10,5354.43,954805,3950,38,102,4687.64,20
2024-10-14,Display,APAC,Display,Paid,International,2024,2024-Q4,2024-10,3564.81,713942,3245,35,95,3825.1,18
2024-10-14,Video,North America,Video,Paid,Americas,2024,2024-Q4,2024-10,9746.48,473341,4175,63,156,8075.27,35
2024-10-14,Video,EMEA,Video,Paid,International,2024,2024-Q4,2024-10,6456.86,341560,3339,51,135,5996.23,25
2024-10-14,Video,APAC,Video,Paid,International,2024,2024-Q4,2024-10,4550.92,259200,2616,44,117,4807.34,26
2024-10-14,Email,North America,CRM,Owned,Americas,2024,2024-Q4,2024-10,9498.76,133600,4327,247,628,37729.32,142
2024-10-14,Email,EMEA,CRM,Owned,International,2024,2024-Q4,2024-10,5791.41,86118,3028,162,439,24527.09,85
2024-10-14,Email,APAC,CRM,Owned,International,2024,2024-Q4,2024-10,4125.45,45268,1649,99,287,13377.65,58
2024-10-14,Organic Search,North America,Search,Earned,Americas,2024,2024-Q4,2024-10,6439,149710,6003,251,653,31231.86,124
2024-10-14,Organic Search,EMEA,Search,Earned,International,2024,2024-Q4,2024-10,4738.72,89858,3953,185,515,20491.6,100
2024-10-14,Organic Search,APAC,Search,Earned,International,2024,2024-Q4,2024-10,3346.71,57242,2161,113,284,13008.45,69
2024-10-14,Affiliate,North America,Partner,Paid,Americas,2024,2024-Q4,2024-10,5739.53,176890,3915,118,314,15672.5,59
2024-10-14,Affiliate,EMEA,Partner,Paid,International,2024,2024-Q4,2024-10,4012.71,101315,2452,82,235,9758.55,46
2024-10-14,Affiliate,APAC,Partner,Paid,International,2024,2024-Q4,2024-10,2802.18,63998,1419,52,142,6132.54,32
2024-10-21,Paid Search,North America,Search,Paid,Americas,2024,2024-Q4,2024-10,17654.34,354518,18532,744,2057,82769.21,399
2024-10-21,Paid Search,EMEA,Search,Paid,International,2024,2024-Q4,2024-10,12954.85,265631,12597,552,1448,62489.71,328
2024-10-21,Paid Search,APAC,Search,Paid,International,2024,2024-Q4,2024-10,9023.07,172962,7226,327,770,39925.32,206
2024-10-21,Paid Social,North America,Social,Paid,Americas,2024,2024-Q4,2024-10,14365.2,1163835,15844,327,925,39274.34,181
2024-10-21,Paid Social,EMEA,Social,Paid,International,2024,2024-Q4,2024-10,10420.52,834490,10396,232,626,26984.68,142
2024-10-21,Paid Social,APAC,Social,Paid,International,2024,2024-Q4,2024-10,6063.01,455886,4978,110,278,13617.05,71
2024-10-21,Display,North America,Display,Paid,Americas,2024,2024-Q4,2024-10,8779.56,1889257,8318,87,243,8847.03,50
2024-10-21,Display,EMEA,Display,Paid,International,2024,2024-Q4,2024-10,6363.32,1275214,4853,58,141,6328.7,37
2024-10-21,Display,APAC,Display,Paid,International,2024,2024-Q4,2024-10,3704.91,696545,2647,29,71,3375.01,17
2024-10-21,Video,North America,Video,Paid,Americas,2024,2024-Q4,2024-10,11096.94,608827,5985,101,277,11779.85,59
2024-10-21,Video,EMEA,Video,Paid,International,2024,2024-Q4,2024-10,7127.28,366592,3155,57,144,6878.56,37
2024-10-21,Video,APAC,Video,Paid,International,2024,2024-Q4,2024-10,4087.29,195635,1765,29,72,3740.89,16
2024-10-21,Email,North America,CRM,Owned,Americas,2024,2024-Q4,2024-10,10024.15,110254,3670,227,600,30400.89,139
2024-10-21,Email,EMEA,CRM,Owned,International,2024,2024-Q4,2024-10,6801.52,80372,2398,155,369,22363.98,93
2024-10-21,Email,APAC,CRM,Owned,International,2024,2024-Q4,2024-10,3708.39,55705,1840,95,243,14676.36,47
2024-10-21,Organic Search,North America,Search,Earned,Americas,2024,2024-Q4,2024-10,8122.38,139232,5187,280,720,33173.1,178
2024-10-21,Organic Search,EMEA,Search,Earned,International,2024,2024-Q4,2024-10,4550.76,101600,3809,185,452,23443.09,109
2024-10-21,Organic Search,APAC,Search,Earned,International,2024,2024-Q4,2024-10,2694.4,66217,2715,115,306,14319.23,58
2024-10-21,Affiliate,North America,Partner,Paid,Americas,2024,2024-Q4,2024-10,6809.46,157109,3073,119,289,14363.17,80
2024-10-21,Affiliate,EMEA,Partner,Paid,International,2024,2024-Q4,2024-10,3856.52,114068,2344,75,188,9701.58,42
2024-10-21,Affiliate,APAC,Partner,Paid,International,2024,2024-Q4,2024-10,2294.94,70350,1582,48,132,6167.92,24
2024-10-28,Paid Search,North America,Search,Paid,Americas,2024,2024-Q4,2024-10,19505.44,366985,15880,677,1619,83742.66,405
2024-10-28,Paid Search,EMEA,Search,Paid,International,2024,2024-Q4,2024-10,11630.17,223058,10760,386,1007,46741.11,193
2024-10-28,Paid Search,APAC,Search,Paid,International,2024,2024-Q4,2024-10,8233.02,175314,9261,375,1048,41347.98,202
2024-10-28,Paid Social,North America,Social,Paid,Americas,2024,2024-Q4,2024-10,16871.72,1245005,14076,314,768,39554.49,200
2024-10-28,Paid Social,EMEA,Social,Paid,International,2024,2024-Q4,2024-10,9519.73,680316,8585,160,430,20780.04,80
2024-10-28,Paid Social,APAC,Social,Paid,International,2024,2024-Q4,2024-10,6714.4,537122,7373,154,439,17895.32,87
2024-10-28,Display,North America,Display,Paid,Americas,2024,2024-Q4,2024-10,8412.12,1540008,6045,56,142,6713.5,30
2024-10-28,Display,EMEA,Display,Paid,International,2024,2024-Q4,2024-10,5770.76,1179279,5167,51,136,5461.65,25
2024-10-28,Display,APAC,Display,Paid,International,2024,2024-Q4,2024-10,4112.42,881916,3775,40,109,4072.4,23
2024-10-28,Video,North America,Video,Paid,Americas,2024,2024-Q4,2024-10,11495.91,542222,5047,82,211,10872.46,47
2024-10-28,Video,EMEA,Video,Paid,International,2024,2024-Q4,2024-10,7382.87,368481,3784,60,166,7396.13,33
2024-10-28,Video,APAC,Video,Paid,International,2024,2024-Q4,2024-10,5236.57,285615,2880,50,144,5708.09,30
2024-10-28,Email,North America,CRM,Owned,Americas,2024,2024-Q4,2024-10,9030.9,130433,4382,222,584,31486.24,108
2024-10-28,Email,EMEA,CRM,Owned,International,2024,2024-Q4,2024-10,6702.93,78187,2883,163,443,20443.88,89
2024-10-28,Email,APAC,CRM,Owned,International,2024,2024-Q4,2024-10,4725.3,52017,1572,98,244,13274.81,63
2024-10-28,Organic Search,North America,Search,Earned,Americas,2024,2024-Q4,2024-10,7387.49,173484,7284,324,868,42174.35,163
2024-10-28,Organic Search,EMEA,Search,Earned,International,2024,2024-Q4,2024-10,5441.56,98744,4339,214,618,25039.31,123
2024-10-28,Organic Search,APAC,Search,Earned,International,2024,2024-Q4,2024-10,3632.38,65806,2687,147,390,17599.86,94
2024-10-28,Affiliate,North America,Partner,Paid,Americas,2024,2024-Q4,2024-10,6278.88,161789,3750,119,330,13786.51,64
2024-10-28,Affiliate,EMEA,Partner,Paid,International,2024,2024-Q4,2024-10,4610.06,105025,2264,81,215,9182.81,47
2024-10-28,Affiliate,APAC,Partner,Paid,International,2024,2024-Q4,2024-10,3043.31,73518,1379,51,119,6236.8,34
2024-11-04,Paid Search,North America,Search,Paid,Americas,2024,2024-Q4,2024-11,24124.05,495820,25596,1082,3091,127252.7,617
2024-11-04,Paid Search,EMEA,Search,Paid,International,2024,2024-Q4,2024-11,16539.08,328553,15616,718,1877,84777.07,452
2024-11-04,Paid Search,APAC,Search,Paid,International,2024,2024-Q4,2024-11,9515.74,175798,7754,333,809,41980.61,210
2024-11-04,Paid Social,North America,Social,Paid,Americas,2024,2024-Q4,2024-11,19588.04,1619899,20489,444,1206,49960.43,263
2024-11-04,Paid Social,EMEA,Social,Paid,International,2024,2024-Q4,2024-11,14163.14,1094328,12087,288,700,34844.33,192
2024-11-04,Paid Social,APAC,Social,Paid,International,2024,2024-Q4,2024-11,7742.68,560929,6506,137,342,17606.89,82
2024-11-04,Display,North America,Display,Paid,Americas,2024,2024-Q4,2024-11,11852.93,2457727,10178,113,301,11990.94,69
2024-11-04,Display,EMEA,Display,Paid,International,2024,2024-Q4,2024-11,7148.45,1380593,5010,55,136,6216.77,35
2024-11-04,Display,APAC,Display,Paid,International,2024,2024-Q4,2024-11,4135.87,780653,3167,32,80,3706.27,18
2024-11-04,Video,North America,Video,Paid,Americas,2024,2024-Q4,2024-11,15080.27,796658,7307,131,342,15416.95,82
2024-11-04,Video,EMEA,Video,Paid,International,2024,2024-Q4,2024-11,9703.47,479489,4141,75,182,9407.52,45
2024-11-04,Video,APAC,Video,Paid,International,2024,2024-Q4,2024-11,5296.98,245370,2328,33,87,4459.42,16
2024-11-04,Email,North America,CRM,Owned,Americas,2024,2024-Q4,2024-11,12799.05,150067,4488,276,691,38616.26,181
2024-11-04,Email,EMEA,CRM,Owned,International,2024,2024-Q4,2024-11,7128.92,109026,3454,190,476,28376.47,105
2024-11-04,Email,APAC,CRM,Owned,International,2024,2024-Q4,2024-11,4539.71,67252,2318,121,322,17014.71,61
2024-11-04,Organic Search,North America,Search,Earned,Americas,2024,2024-Q4,2024-11,10919.76,189166,6775,364,865,44924.56,235
2024-11-04,Organic Search,EMEA,Search,Earned,International,2024,2024-Q4,2024-11,5810.45,136085,5405,245,624,32300.11,132
2024-11-04,Organic Search,APAC,Search,Earned,International,2024,2024-Q4,2024-11,3699.75,79828,3431,155,428,19468.66,81
2024-11-04,Affiliate,North America,Partner,Paid,Americas,2024,2024-Q4,2024-11,7159.25,213498,4234,141,343,17732.55,81
2024-11-04,Affiliate,EMEA,Partner,Paid,International,2024,2024-Q4,2024-11,4390.39,144379,3135,91,239,11238.79,45
2024-11-04,Affiliate,APAC,Partner,Paid,International,2024,2024-Q4,2024-11,3115.51,79657,1890,63,175,7040.21,35
2024-11-11,Paid Search,North America,Search,Paid,Americas,2024,2024-Q4,2024-11,23454.04,422490,19383,824,2052,106034.91,495
2024-11-11,Paid Search,EMEA,Search,Paid,International,2024,2024-Q4,2024-11,14306.92,264025,13527,526,1434,65967.52,271
2024-11-11,Paid Search,APAC,Search,Paid,International,2024,2024-Q4,2024-11,10185.47,207325,10901,471,1358,53926.37,273
2024-11-11,Paid Social,North America,Social,Paid,Americas,2024,2024-Q4,2024-11,15843.62,1173693,14304,254,660,31939.67,125
2024-11-11,Paid Social,EMEA,Social,Paid,International,2024,2024-Q4,2024-11,11684.99,975052,13053,264,735,29574.4,144
2024-11-11,Paid Social,APAC,Social,Paid,International,2024,2024-Q4,2024-11,8267.26,678366,8291,181,480,20500.65,108
2024-11-11,Display,North America,Display,Paid,Americas,2024,2024-Q4,2024-11,10341.15,1900374,7997,80,208,10015.03,43
2024-11-11,Display,EMEA,Display,Paid,International,2024,2024-Q4,2024-11,7150.39,1414081,6493,69,194,7583.7,38
2024-11-11,Display,APAC,Display,Paid,International,2024,2024-Q4,2024-11,5051.99,1031066,4355,51,137,5462.11,32
2024-11-11,Video,North America,Video,Paid,Americas,2024,2024-Q4,2024-11,12352.43,647115,6468,98,268,11186.58,51
2024-11-11,Video,EMEA,Video,Paid,International,2024,2024-Q4,2024-11,9102.5,512576,5241,87,232,9597.61,50
2024-11-11,Video,APAC,Video,Paid,International,2024,2024-Q4,2024-11,6423.25,334128,2804,52,124,6225.65,33
2024-11-11,Email,North America,CRM,Owned,Americas,2024,2024-Q4,2024-11,11208.97,156872,5590,307,840,44735.91,161
2024-11-11,Email,EMEA,CRM,Owned,International,2024,2024-Q4,2024-11,8264.94,90780,3162,192,541,25313.37,116
2024-11-11,Email,APAC,CRM,Owned,International,2024,2024-Q4,2024-11,5122.08,63953,2036,126,328,17862.39,84
2024-11-11,Organic Search,North America,Search,Earned,Americas,2024,2024-Q4,2024-11,9143.06,164406,7341,351,986,39378.24,192
2024-11-11,Organic Search,EMEA,Search,Earned,International,2024,2024-Q4,2024-11,6701.81,114734,4382,232,589,26975.02,144
2024-11-11,Organic Search,APAC,Search,Earned,International,2024,2024-Q4,2024-11,4122.81,79953,2899,148,353,18537.64,91
2024-11-11,Affiliate,North America,Partner,Paid,Americas,2024,2024-Q4,2024-11,7755.78,195794,4553,155,444,18643.01,88
2024-11-11,Affiliate,EMEA,Partner,Paid,International,2024,2024-Q4,2024-11,5316.45,129284,2742,104,267,12408.4,66
2024-11-11,Affiliate,APAC,Partner,Paid,International,2024,2024-Q4,2024-11,3060.85,90025,1806,61,151,7776.52,39
2024-11-18,Paid Search,North America,Search,Paid,Americas,2024,2024-Q4,2024-11,25352.15,513695,24608,1092,2891,125303.27,663
2024-11-18,Paid Search,EMEA,Search,Paid,International,2024,2024-Q4,2024-11,17211.3,327844,13846,649,1528,80075.35,425
2024-11-18,Paid Search,APAC,Search,Paid,International,2024,2024-Q4,2024-11,9376.55,166588,7812,316,801,41416.02,177
2024-11-18,Paid Social,North America,Social,Paid,Americas,2024,2024-Q4,2024-11,20547.18,1639131,19495,444,1149,52206.87,278
2024-11-18,Paid Social,EMEA,Social,Paid,International,2024,2024-Q4,2024-11,11507.89,856768,9496,201,486,25144.9,126
2024-11-18,Paid Social,APAC,Social,Paid,International,2024,2024-Q4,2024-11,6805.37,521234,6492,123,325,14935.66,62
2024-11-18,Display,North America,Display,Paid,Americas,2024,2024-Q4,2024-11,12442.38,2469529,9524,113,268,12468.37,74
2024-11-18,Display,EMEA,Display,Paid,International,2024,2024-Q4,2024-11,7528.86,1398395,5397,59,148,6922.76,34
2024-11-18,Display,APAC,Display,Paid,International,2024,2024-Q4,2024-11,4147.74,752048,3212,31,81,3694.01,16
2024-11-18,Video,North America,Video,Paid,Americas,2024,2024-Q4,2024-11,13061.33,664816,5466,93,230,11338.5,59
2024-11-18,Video,EMEA,Video,Paid,International,2024,2024-Q4,2024-11,7827.57,389283,3583,54,138,6753.1,29
2024-11-18,Video,APAC,Video,Paid,International,2024,2024-Q4,2024-11,5296.67,296841,2987,48,126,5565.82,25
2024-11-18,Email,North America,CRM,Owned,Americas,2024,2024-Q4,2024-11,13408.03,157163,4767,288,695,41912.87,179
2024-11-18,Email,EMEA,CRM,Owned,International,2024,2024-Q4,2024-11,7130.57,112833,3746,196,514,30540.77,102
2024-11-18,Email,APAC,CRM,Owned,International,2024,2024-Q4,2024-11,4802.34,62454,2264,126,348,17860.5,67
2024-11-18,Organic Search,North America,Search,Earned,Americas,2024,2024-Q4,2024-11,8307.43,196716,7493,345,857,44101.46,189
2024-11-18,Organic Search,EMEA,Search,Earned,International,2024,2024-Q4,2024-11,5485.46,126772,5254,226,604,27231.82,110
2024-11-18,Organic Search,APAC,Search,Earned,International,2024,2024-Q4,2024-11,3880.19,70400,3030,147,406,16653.24,84
2024-11-18,Affiliate,North America,Partner,Paid,Americas,2024,2024-Q4,2024-11,7561.31,220825,4593,153,386,19958.07,88
2024-11-18,Affiliate,EMEA,Partner,Paid,International,2024,2024-Q4,2024-11,4614.14,142402,3250,103,276,13390.63,52
2024-11-18,Affiliate,APAC,Partner,Paid,International,2024,2024-Q4,2024-11,3282.59,75497,1785,64,182,7384.41,38
2024-11-25,Paid Search,North America,Search,Paid,Americas,2024,2024-Q4,2024-11,20732.44,397017,19498,721,1903,87283.86,348
2024-11-25,Paid Search,EMEA,Search,Paid,International,2024,2024-Q4,2024-11,15240.17,320085,17209,713,2021,78639.23,398
2024-11-25,Paid Search,APAC,Search,Paid,International,2024,2024-Q4,2024-11,10752.41,216191,9997,451,1152,52131.79,281
2024-11-25,Paid Social,North America,Social,Paid,Americas,2024,2024-Q4,2024-11,16756.43,1246039,16070,308,836,40564.47,157
2024-11-25,Paid Social,EMEA,Social,Paid,International,2024,2024-Q4,2024-11,12388.51,983787,13017,278,799,32568.73,161
2024-11-25,Paid Social,APAC,Social,Paid,International,2024,2024-Q4,2024-11,8711.87,684684,8320,193,525,22880.97,124
2024-11-25,Display,North America,Display,Paid,Americas,2024,2024-Q4,2024-11,10297.11,2120577,9466,95,263,9692.45,51
2024-11-25,Display,EMEA,Display,Paid,International,2024,2024-Q4,2024-11,7565.19,1595406,6487,71,183,7338,43
2024-11-25,Display,APAC,Display,Paid,International,2024,2024-Q4,2024-11,5324.48,1047175,3733,42,99,4710.69,26
2024-11-25,Video,North America,Video,Paid,Americas,2024,2024-Q4,2024-11,13129.67,684368,7139,115,327,13626.9,63
2024-11-25,Video,EMEA,Video,Paid,International,2024,2024-Q4,2024-11,9632.34,518289,4971,88,243,10162.25,55
2024-11-25,Video,APAC,Video,Paid,International,2024,2024-Q4,2024-11,5608.62,283677,2513,44,111,5431.02,28
2024-11-25,Email,North America,CRM,Owned,Americas,2024,2024-Q4,2024-11,11887.75,131667,4674,271,748,34454.95,154
2024-11-25,Email,EMEA,CRM,Owned,International,2024,2024-Q4,2024-11,8709.44,95998,2936,188,466,25893.21,121
2024-11-25,Email,APAC,CRM,Owned,International,2024,2024-Q4,2024-11,5021.04,67251,2063,119,289,17578.1,70
2024-11-25,Organic Search,North America,Search,Earned,Americas,2024,2024-Q4,2024-11,9696.1,174491,7333,371,1038,43662.28,219
2024-11-25,Organic Search,EMEA,Search,Earned,International,2024,2024-Q4,2024-11,6231.81,121095,4632,243,640,29473.36,158
2024-11-25,Organic Search,APAC,Search,Earned,International,2024,2024-Q4,2024-11,3573.65,84138,3238,153,383,19836.15,92
2024-11-25,Affiliate,North America,Partner,Paid,Americas,2024,2024-Q4,2024-11,8189.82,186824,4011,145,385,16748.82,88
2024-11-25,Affiliate,EMEA,Partner,Paid,International,2024,2024-Q4,2024-11,5559.55,135160,2591,96,232,11945.35,57
2024-11-25,Affiliate,APAC,Partner,Paid,International,2024,2024-Q4,2024-11,3031.69,94399,2004,61,157,8109.55,31
2024-12-02,Paid Search,North America,Search,Paid,Americas,2024,2024-Q4,2024-12,25256.53,495739,22404,1009,2642,120340.57,644
2024-12-02,Paid Search,EMEA,Search,Paid,International,2024,2024-Q4,2024-12,14054.73,256719,11515,469,1149,59783.57,279
2024-12-02,Paid Search,APAC,Search,Paid,International,2024,2024-Q4,2024-12,8945.89,176480,8786,332,893,38996.42,167
2024-12-02,Paid Social,North America,Social,Paid,Americas,2024,2024-Q4,2024-12,21553.39,1648055,18484,446,1047,54921.18,300
2024-12-02,Paid Social,EMEA,Social,Paid,International,2024,2024-Q4,2024-12,12278.49,878554,10351,223,557,28899.63,120
2024-12-02,Paid Social,APAC,Social,Paid,International,2024,2024-Q4,2024-12,7225.4,529397,6898,134,370,16160.67,69
2024-12-02,Display,North America,Display,Paid,Americas,2024,2024-Q4,2024-12,10196.97,1949734,7181,76,181,8681.99,47
2024-12-02,Display,EMEA,Display,Paid,International,2024,2024-Q4,2024-12,6246.62,1228933,5048,47,125,5202.8,24
2024-12-02,Display,APAC,Display,Paid,International,2024,2024-Q4,2024-12,4435.97,965019,4331,44,122,4585.31,24
2024-12-02,Video,North America,Video,Paid,Americas,2024,2024-Q4,2024-12,13911.19,680777,5957,103,252,13021.32,64
2024-12-02,Video,EMEA,Video,Paid,International,2024,2024-Q4,2024-12,7932.78,378854,3673,54,144,6952.97,26
2024-12-02,Video,APAC,Video,Paid,International,2024,2024-Q4,2024-12,5651.74,302921,3214,52,150,6021.29,29
2024-12-02,Email,North America,CRM,Owned,Americas,2024,2024-Q4,2024-12,10260.59,164653,5243,275,697,41777.58,143
2024-12-02,Email,EMEA,CRM,Owned,International,2024,2024-Q4,2024-12,7205.19,100291,3498,185,499,25169.3,94
2024-12-02,Email,APAC,CRM,Owned,International,2024,2024-Q4,2024-12,5070.29,56069,1916,114,305,14710.87,66
2024-12-02,Organic Search,North America,Search,Earned,Americas,2024,2024-Q4,2024-12,8890.12,207338,8275,382,989,50813.42,206
2024-12-02,Organic Search,EMEA,Search,Earned,International,2024,2024-Q4,2024-12,5868.79,126351,5516,255,705,32343.67,136
2024-12-02,Organic Search,APAC,Search,Earned,International,2024,2024-Q4,2024-12,4124.63,71250,3043,155,443,17660.33,96
2024-12-02,Affiliate,North America,Partner,Paid,Americas,2024,2024-Q4,2024-12,6724.08,207801,4559,133,356,15887.51,64
2024-12-02,Affiliate,EMEA,Partner,Paid,International,2024,2024-Q4,2024-12,4939.33,119505,2879,96,259,10777.66,55
2024-12-02,Affiliate,APAC,Partner,Paid,International,2024,2024-Q4,2024-12,3482.72,79498,1544,57,138,6652.2,36
2024-12-09,Paid Search,North America,Search,Paid,Americas,2024,2024-Q4,2024-12,22330.45,427072,22178,874,2406,111464.68,459
2024-12-09,Paid Search,EMEA,Search,Paid,International,2024,2024-Q4,2024-12,16305.18,328468,16508,713,2005,82582.96,423
2024-12-09,Paid Search,APAC,Search,Paid,International,2024,2024-Q4,2024-12,10771.75,208308,9622,457,1213,55050.96,299
2024-12-09,Paid Social,North America,Social,Paid,Americas,2024,2024-Q4,2024-12,18057.32,1483130,20119,414,1164,45343.32,229
2024-12-09,Paid Social,EMEA,Social,Paid,International,2024,2024-Q4,2024-12,13228.25,1072498,12475,279,705,31992.8,173
2024-12-09,Paid Social,APAC,Social,Paid,International,2024,2024-Q4,2024-12,8746.63,661525,7182,158,374,19534.96,98
2024-12-09,Display,North America,Display,Paid,Americas,2024,2024-Q4,2024-12,11043.38,2253164,9925,103,295,11007.61,59
2024-12-09,Display,EMEA,Display,Paid,International,2024,2024-Q4,2024-12,8063.36,1628142,6583,77,205,8330.78,48
2024-12-09,Display,APAC,Display,Paid,International,2024,2024-Q4,2024-12,4665.9,884760,3330,36,87,4176.73,23
2024-12-09,Video,North America,Video,Paid,Americas,2024,2024-Q4,2024-12,14051.63,781484,7643,129,350,14366.81,76
2024-12-09,Video,EMEA,Video,Paid,International,2024,2024-Q4,2024-12,10267.67,532232,4538,85,205,10278.58,57
2024-12-09,Video,APAC,Video,Paid,International,2024,2024-Q4,2024-12,5554.32,269979,2384,39,97,4987.83,23
2024-12-09,Email,North America,CRM,Owned,Americas,2024,2024-Q4,2024-12,12724.15,139875,4660,286,784,38027.38,174
2024-12-09,Email,EMEA,CRM,Owned,International,2024,2024-Q4,2024-12,8116.94,102271,3142,187,480,26805.78,120
2024-12-09,Email,APAC,CRM,Owned,International,2024,2024-Q4,2024-12,4441.15,70780,2301,124,316,18961.34,70
2024-12-09,Organic Search,North America,Search,Earned,Americas,2024,2024-Q4,2024-12,10334.33,177083,6917,370,953,43593.64,234
2024-12-09,Organic Search,EMEA,Search,Earned,International,2024,2024-Q4,2024-12,6586.32,128790,4745,244,590,30660.2,140
2024-12-09,Organic Search,APAC,Search,Earned,International,2024,2024-Q4,2024-12,3630.93,84323,3416,146,378,19772.53,69
2024-12-09,Affiliate,North America,Partner,Paid,Americas,2024,2024-Q4,2024-12,8120.84,199447,4039,145,381,17449.25,94
2024-12-09,Affiliate,EMEA,Partner,Paid,International,2024,2024-Q4,2024-12,4570.55,143851,2930,95,235,12224.88,56
2024-12-09,Affiliate,APAC,Partner,Paid,International,2024,2024-Q4,2024-12,2908.81,89429,1985,62,162,7518.1,33
2024-12-16,Paid Search,North America,Search,Paid,Americas,2024,2024-Q4,2024-12,26776.92,504662,21661,1029,2449,127329.4,684
2024-12-16,Paid Search,EMEA,Search,Paid,International,2024,2024-Q4,2024-12,15198.69,267133,12708,521,1339,68922.14,266
2024-12-16,Paid Search,APAC,Search,Paid,International,2024,2024-Q4,2024-12,9672.11,183955,9655,387,1081,45567.84,209
2024-12-16,Paid Social,North America,Social,Paid,Americas,2024,2024-Q4,2024-12,16730,1231329,13882,279,680,35300.12,164
2024-12-16,Paid Social,EMEA,Social,Paid,International,2024,2024-Q4,2024-12,11041.53,878204,11002,205,548,23864.88,105
2024-12-16,Paid Social,APAC,Social,Paid,International,2024,2024-Q4,2024-12,7816.09,676331,8711,179,487,20020.25,100
2024-12-16,Display,North America,Display,Paid,Americas,2024,2024-Q4,2024-12,11006.23,2021987,7839,83,207,9830.33,49
2024-12-16,Display,EMEA,Display,Paid,International,2024,2024-Q4,2024-12,6709.38,1275525,5534,53,146,6094.29,27
2024-12-16,Display,APAC,Display,Paid,International,2024,2024-Q4,2024-12,4776.46,991392,4672,50,144,5268.15,29
2024-12-16,Video,North America,Video,Paid,Americas,2024,2024-Q4,2024-12,11638.22,574754,5344,77,202,9683.61,38
2024-12-16,Video,EMEA,Video,Paid,International,2024,2024-Q4,2024-12,8583.32,477448,4874,77,211,8597.84,41
2024-12-16,Video,APAC,Video,Paid,International,2024,2024-Q4,2024-12,6073.35,332330,3131,53,141,6002.09,31
2024-12-16,Email,North America,CRM,Owned,Americas,2024,2024-Q4,2024-12,11148.64,175566,5913,315,834,49460.86,165
2024-12-16,Email,EMEA,CRM,Owned,International,2024,2024-Q4,2024-12,7777.79,101031,3710,209,588,29930.17,115
2024-12-16,Email,APAC,CRM,Owned,International,2024,2024-Q4,2024-12,5452.02,59980,2036,127,351,17065.43,80
2024-12-16,Organic Search,North America,Search,Earned,Americas,2024,2024-Q4,2024-12,8577.17,186131,7806,344,921,40039.33,172
2024-12-16,Organic Search,EMEA,Search,Earned,International,2024,2024-Q4,2024-12,6267.53,107746,4701,231,611,25520.18,133
2024-12-16,Organic Search,APAC,Search,Earned,International,2024,2024-Q4,2024-12,4417.3,75738,2680,146,347,17398.78,97
2024-12-16,Affiliate,North America,Partner,Paid,Americas,2024,2024-Q4,2024-12,7278.36,209371,4841,154,421,19413.94,81
2024-12-16,Affiliate,EMEA,Partner,Paid,International,2024,2024-Q4,2024-12,5311.15,122258,2767,97,275,10959.08,56
2024-12-16,Affiliate,APAC,Partner,Paid,International,2024,2024-Q4,2024-12,3508.23,85278,1764,67,174,8150.52,45
2024-12-23,Paid Search,North America,Search,Paid,Americas,2024,2024-Q4,2024-12,23996,513283,27878,1158,3152,126702.87,656
2024-12-23,Paid Search,EMEA,Search,Paid,International,2024,2024-Q4,2024-12,17570.03,349161,15339,702,1723,82210.39,445
2024-12-23,Paid Search,APAC,Search,Paid,International,2024,2024-Q4,2024-12,10820.02,201533,8820,376,904,47114.16,226
2024-12-23,Paid Social,North America,Social,Paid,Americas,2024,2024-Q4,2024-12,19539.01,1587152,20078,429,1199,49285.91,251
2024-12-23,Paid Social,EMEA,Social,Paid,International,2024,2024-Q4,2024-12,13394.96,1044255,12129,285,751,34057.8,185
2024-12-23,Paid Social,APAC,Social,Paid,International,2024,2024-Q4,2024-12,7722.44,564670,6489,135,335,17194.23,83
2024-12-23,Display,North America,Display,Paid,Americas,2024,2024-Q4,2024-12,11925.8,2484762,10205,112,295,11701.12,68
2024-12-23,Display,EMEA,Display,Paid,International,2024,2024-Q4,2024-12,8118.32,1576709,5689,66,157,7464.04,42
2024-12-23,Display,APAC,Display,Paid,International,2024,2024-Q4,2024-12,4406.93,803553,3181,32,81,3840.82,18
2024-12-23,Video,North America,Video,Paid,Americas,2024,2024-Q4,2024-12,15146.57,806262,7396,133,353,15519.02,83
2024-12-23,Video,EMEA,Video,Paid,International,2024,2024-Q4,2024-12,9082.94,453853,3872,65,163,8062.45,41
2024-12-23,Video,APAC,Video,Paid,International,2024,2024-Q4,2024-12,5002.87,256447,2436,36,94,4593.42,18
2024-12-23,Email,North America,CRM,Owned,Americas,2024,2024-Q4,2024-12,13583.82,151315,4701,306,731,42594.76,199
2024-12-23,Email,EMEA,CRM,Owned,International,2024,2024-Q4,2024-12,8217.94,109786,3421,202,497,29962.31,108
2024-12-23,Email,APAC,CRM,Owned,International,2024,2024-Q4,2024-12,4571.98,67887,2312,119,318,18231.01,59
2024-12-23,Organic Search,North America,Search,Earned,Americas,2024,2024-Q4,2024-12,9728.55,190781,7044,352,894,43157.73,223
2024-12-23,Organic Search,EMEA,Search,Earned,International,2024,2024-Q4,2024-12,5510.38,137057,5356,241,609,31545.06,135
2024-12-23,Organic Search,APAC,Search,Earned,International,2024,2024-Q4,2024-12,3727.19,80582,3417,153,420,18057.65,78
2024-12-23,Affiliate,North America,Partner,Paid,Americas,2024,2024-Q4,2024-12,8741.63,214510,4179,148,353,18456.44,91
2024-12-23,Affiliate,EMEA,Partner,Paid,International,2024,2024-Q4,2024-12,4693.44,154000,3320,103,264,13836.65,52
2024-12-23,Affiliate,APAC,Partner,Paid,International,2024,2024-Q4,2024-12,3160.13,85295,1984,64,178,7818.87,34
2024-12-30,Paid Search,North America,Search,Paid,Americas,2024,2024-Q4,2024-12,17542.89,315897,14508,555,1387,71823.07,307
2024-12-30,Paid Search,EMEA,Search,Paid,International,2024,2024-Q4,2024-12,12418.9,256593,12961,503,1369,56836.45,258
2024-12-30,Paid Search,APAC,Search,Paid,International,2024,2024-Q4,2024-12,8716.51,184075,8860,377,986,41879.75,217
2024-12-30,Paid Social,North America,Social,Paid,Americas,2024,2024-Q4,2024-12,15166.17,1070933,12881,260,663,34274.82,145
2024-12-30,Paid Social,EMEA,Social,Paid,International,2024,2024-Q4,2024-12,10102.77,781141,10376,205,575,24720.62,109
2024-12-30,Paid Social,APAC,Social,Paid,International,2024,2024-Q4,2024-12,7102.57,584410,7870,173,486,19681.26,103
2024-12-30,Display,North America,Display,Paid,Americas,2024,2024-Q4,2024-12,8379.63,1670701,6992,65,171,7137.32,32
2024-12-30,Display,EMEA,Display,Paid,International,2024,2024-Q4,2024-12,6136.67,1325290,6069,63,177,6397.67,35
2024-12-30,Display,APAC,Display,Paid,International,2024,2024-Q4,2024-12,4339.1,886059,3462,40,100,4275.26,24
2024-12-30,Video,North America,Video,Paid,Americas,2024,2024-Q4,2024-12,10564.6,505800,5000,75,204,9780.52,38
2024-12-30,Video,EMEA,Video,Paid,International,2024,2024-Q4,2024-12,7827.36,415354,4465,76,216,8900.2,43
2024-12-30,Video,APAC,Video,Paid,International,2024,2024-Q4,2024-12,5445.95,283800,2760,49,135,5829.61,30
2024-12-30,Email,North America,CRM,Owned,Americas,2024,2024-Q4,2024-12,9628.69,123828,4394,239,648,31240.24,125
2024-12-30,Email,EMEA,CRM,Owned,International,2024,2024-Q4,2024-12,7068.55,77612,2490,149,383,19564.33,89
2024-12-30,Email,APAC,CRM,Owned,International,2024,2024-Q4,2024-12,4926.77,54399,1559,95,225,13424.74,60
2024-12-30,Organic Search,North America,Search,Earned,Americas,2024,2024-Q4,2024-12,7851.75,156552,6944,330,922,40165.05,179
2024-12-30,Organic Search,EMEA,Search,Earned,International,2024,2024-Q4,2024-12,5695.02,97426,3927,206,557,23736.53,129
2024-12-30,Organic Search,APAC,Search,Earned,International,2024,2024-Q4,2024-12,3453.36,68675,2589,139,343,17288.33,95
2024-12-30,Affiliate,North America,Partner,Paid,Americas,2024,2024-Q4,2024-12,6565.46,150312,3453,117,321,12864.88,67
2024-12-30,Affiliate,EMEA,Partner,Paid,International,2024,2024-Q4,2024-12,4814,110026,2153,81,198,9590.62,53
2024-12-30,Affiliate,APAC,Partner,Paid,International,2024,2024-Q4,2024-12,2717.35,76887,1539,51,124,6478.06,30
2025-01-06,Paid Search,North America,Search,Paid,Americas,2025,2025-Q1,2025-01,19979.7,408204,19671,860,2348,97478.51,518
2025-01-06,Paid Search,EMEA,Search,Paid,International,2025,2025-Q1,2025-01,12854.74,246334,10941,503,1288,61057.75,333
2025-01-06,Paid Search,APAC,Search,Paid,International,2025,2025-Q1,2025-01,7379.48,137849,6430,255,644,33153.09,146
2025-01-06,Paid Social,North America,Social,Paid,Americas,2025,2025-Q1,2025-01,16200.87,1298144,15259,344,881,39860.46,215
2025-01-06,Paid Social,EMEA,Social,Paid,International,2025,2025-Q1,2025-01,10347.76,776791,8543,196,464,24390.41,125
2025-01-06,Paid Social,APAC,Social,Paid,International,2025,2025-Q1,2025-01,5676.27,398114,4873,94,240,12518.66,50
2025-01-06,Display,North America,Display,Paid,Americas,2025,2025-Q1,2025-01,9288.14,1860334,7187,84,219,9165.56,54
2025-01-06,Display,EMEA,Display,Paid,International,2025,2025-Q1,2025-01,5548.58,1041855,3980,41,100,4762.47,25
2025-01-06,Display,APAC,Display,Paid,International,2025,2025-Q1,2025-01,3281.99,662734,2817,25,70,2829.64,13
2025-01-06,Video,North America,Video,Paid,Americas,2025,2025-Q1,2025-01,12445.46,634428,5487,105,244,12827.92,69
2025-01-06,Video,EMEA,Video,Paid,International,2025,2025-Q1,2025-01,7070.66,340454,3056,51,129,6575.59,27
2025-01-06,Video,APAC,Video,Paid,International,2025,2025-Q1,2025-01,4203.38,207406,2082,32,88,3813.08,16
2025-01-06,Email,North America,CRM,Owned,Americas,2025,2025-Q1,2025-01,9320.66,125183,3754,212,525,30537.09,129
2025-01-06,Email,EMEA,CRM,Owned,International,2025,2025-Q1,2025-01,5313.12,85546,2812,146,376,21750.13,77
2025-01-06,Email,APAC,CRM,Owned,International,2025,2025-Q1,2025-01,3821.1,49779,1791,99,272,13198.97,53
2025-01-06,Organic Search,North America,Search,Earned,Americas,2025,2025-Q1,2025-01,7575.53,157578,5898,291,710,36936.99,171
2025-01-06,Organic Search,EMEA,Search,Earned,International,2025,2025-Q1,2025-01,4362.26,107000,4398,190,502,25016.08,93
2025-01-06,Organic Search,APAC,Search,Earned,International,2025,2025-Q1,2025-01,3108.02,58955,2631,127,358,15054.49,70
2025-01-06,Affiliate,North America,Partner,Paid,Americas,2025,2025-Q1,2025-01,5278.45,175626,3631,111,281,14425.73,62
2025-01-06,Affiliate,EMEA,Partner,Paid,International,2025,2025-Q1,2025-01,3704.81,107048,2404,74,201,8651.92,37
2025-01-06,Affiliate,APAC,Partner,Paid,International,2025,2025-Q1,2025-01,2607.39,62574,1378,47,125,5220.11,29
2025-01-13,Paid Search,North America,Search,Paid,Americas,2025,2025-Q1,2025-01,17871.4,310459,15018,587,1529,78735.55,312
2025-01-13,Paid Search,EMEA,Search,Paid,International,2025,2025-Q1,2025-01,12329.72,242177,12868,528,1482,62769.78,288
2025-01-13,Paid Search,APAC,Search,Paid,International,2025,2025-Q1,2025-01,8745.42,177160,9140,409,1129,47168.68,250
2025-01-13,Paid Social,North America,Social,Paid,Americas,2025,2025-Q1,2025-01,13742.27,1090224,13813,264,709,31017.86,132
2025-01-13,Paid Social,EMEA,Social,Paid,International,2025,2025-Q1,2025-01,10049.38,859607,11252,235,650,25817.93,131
2025-01-13,Paid Social,APAC,Social,Paid,International,2025,2025-Q1,2025-01,7086.79,559059,6313,146,361,17230.45,92
2025-01-13,Display,North America,Display,Paid,Americas,2025,2025-Q1,2025-01,8424.72,1580803,6945,69,186,8078.51,36
2025-01-13,Display,EMEA,Display,Paid,International,2025,2025-Q1,2025-01,6151.41,1263545,5702,61,180,6494.68,36
2025-01-13,Display,APAC,Display,Paid,International,2025,2025-Q1,2025-01,4065.72,801899,3343,40,104,4429.53,26
2025-01-13,Video,North America,Video,Paid,Americas,2025,2025-Q1,2025-01,10671.18,589256,6101,96,271,10519.54,51
2025-01-13,Video,EMEA,Video,Paid,International,2025,2025-Q1,2025-01,7817.64,422684,3790,66,169,7558.57,40
2025-01-13,Video,APAC,Video,Paid,International,2025,2025-Q1,2025-01,5130.91,258711,2139,36,86,4429.28,22
2025-01-13,Email,North America,CRM,Owned,Americas,2025,2025-Q1,2025-01,9663.64,117825,4387,251,713,34671.37,141
2025-01-13,Email,EMEA,CRM,Owned,International,2025,2025-Q1,2025-01,7001.32,77087,2634,166,448,22677.22,103
2025-01-13,Email,APAC,CRM,Owned,International,2025,2025-Q1,2025-01,4086.28,54200,1643,100,245,14635.59,66
2025-01-13,Organic Search,North America,Search,Earned,Americas,2025,2025-Q1,2025-01,7850.32,133942,5575,279,747,31127.5,164
2025-01-13,Organic Search,EMEA,Search,Earned,International,2025,2025-Q1,2025-01,5681.38,97496,3507,192,469,23125.67,126
2025-01-13,Organic Search,APAC,Search,Earned,International,2025,2025-Q1,2025-01,3105.55,68210,2607,122,301,15711.69,68
2025-01-13,Affiliate,North America,Partner,Paid,Americas,2025,2025-Q1,2025-01,6593.04,150241,3417,122,335,13916.91,74
2025-01-13,Affiliate,EMEA,Partner,Paid,International,2025,2025-Q1,2025-01,4242.95,109722,2191,82,207,10071.34,56
2025-01-13,Affiliate,APAC,Partner,Paid,International,2025,2025-Q1,2025-01,2437.3,76693,1619,51,130,6687.88,29
2025-01-20,Paid Search,North America,Search,Paid,Americas,2025,2025-Q1,2025-01,22070.53,434281,19345,897,2243,106232.95,573
2025-01-20,Paid Search,EMEA,Search,Paid,International,2025,2025-Q1,2025-01,13354.26,246527,10948,483,1172,60962.9,299
2025-01-20,Paid Search,APAC,Search,Paid,International,2025,2025-Q1,2025-01,7326.76,132964,6616,248,656,31803.34,124
2025-01-20,Paid Social,North America,Social,Paid,Americas,2025,2025-Q1,2025-01,15806.43,1220988,13632,312,789,37571.56,206
2025-01-20,Paid Social,EMEA,Social,Paid,International,2025,2025-Q1,2025-01,9399.68,675584,7893,155,387,19961.27,89
2025-01-20,Paid Social,APAC,Social,Paid,International,2025,2025-Q1,2025-01,5977.52,486466,6281,121,329,14470.88,63
2025-01-20,Display,North America,Display,Paid,Americas,2025,2025-Q1,2025-01,10181.52,1956316,7175,85,202,9673.21,57
2025-01-20,Display,EMEA,Display,Paid,International,2025,2025-Q1,2025-01,5758.93,1040089,4223,43,108,5203.34,22
2025-01-20,Display,APAC,Display,Paid,International,2025,2025-Q1,2025-01,3663.2,709488,3176,32,89,3445.66,15
2025-01-20,Video,North America,Video,Paid,Americas,2025,2025-Q1,2025-01,10678.65,528323,4576,74,177,9287.29,44
2025-01-20,Video,EMEA,Video,Paid,International,2025,2025-Q1,2025-01,6543.73,348345,3360,48,127,5864.59,25
2025-01-20,Video,APAC,Video,Paid,International,2025,2025-Q1,2025-01,4689.8,263645,2617,41,115,4553.65,23
2025-01-20,Email,North America,CRM,Owned,Americas,2025,2025-Q1,2025-01,9678.37,137779,4350,243,603,36419.32,137
2025-01-20,Email,EMEA,CRM,Owned,International,2025,2025-Q1,2025-01,5961.25,88271,3052,160,430,23842.98,80
2025-01-20,Email,APAC,CRM,Owned,International,2025,2025-Q1,2025-01,4198.52,49111,1846,110,312,14829.9,63
2025-01-20,Organic Search,North America,Search,Earned,Americas,2025,2025-Q1,2025-01,6516.96,171656,6805,293,755,37009.56,154
2025-01-20,Organic Search,EMEA,Search,Earned,International,2025,2025-Q1,2025-01,4868.28,98795,4278,196,536,22331.14,103
2025-01-20,Organic Search,APAC,Search,Earned,International,2025,2025-Q1,2025-01,3409.71,58859,2331,119,308,13413.23,70
2025-01-20,Affiliate,North America,Partner,Paid,Americas,2025,2025-Q1,2025-01,5915.04,193145,4224,131,348,17727.68,67
2025-01-20,Affiliate,EMEA,Partner,Paid,International,2025,2025-Q1,2025-01,4079.51,111218,2629,87,243,10741.42,47
2025-01-20,Affiliate,APAC,Partner,Paid,International,2025,2025-Q1,2025-01,2891.7,65981,1530,57,155,6608.19,34
2025-01-27,Paid Search,North America,Search,Paid,Americas,2025,2025-Q1,2025-01,18887.4,384687,19779,778,2113,89068.92,406
2025-01-27,Paid Search,EMEA,Search,Paid,International,2025,2025-Q1,2025-01,13743.45,288148,14363,615,1655,68273.74,356
2025-01-27,Paid Search,APAC,Search,Paid,International,2025,2025-Q1,2025-01,9686.95,187707,8128,385,933,46439.35,251
2025-01-27,Paid Social,North America,Social,Paid,Americas,2025,2025-Q1,2025-01,15205.97,1149753,15380,312,870,38509.89,166
2025-01-27,Paid Social,EMEA,Social,Paid,International,2025,2025-Q1,2025-01,11199.58,914864,11886,264,748,30200.37,160
2025-01-27,Paid Social,APAC,Social,Paid,International,2025,2025-Q1,2025-01,6951.18,528867,6331,148,384,18075.35,97
2025-01-27,Display,North America,Display,Paid,Americas,2025,2025-Q1,2025-01,9324.85,1990136,9171,95,258,9485.82,53
2025-01-27,Display,EMEA,Display,Paid,International,2025,2025-Q1,2025-01,6827.53,1383783,5149,58,144,6249.05,36
2025-01-27,Display,APAC,Display,Paid,International,2025,2025-Q1,2025-01,4207.21,803177,2965,30,75,3460.03,18
2025-01-27,Video,North America,Video,Paid,Americas,2025,2025-Q1,2025-01,11893.14,644084,6603,110,321,12635.97,64
2025-01-27,Video,EMEA,Video,Paid,International,2025,2025-Q1,2025-01,8156.74,424042,4013,73,194,8714.7,47
2025-01-27,Video,APAC,Video,Paid,International,2025,2025-Q1,2025-01,4703.86,229353,2012,35,84,4459.21,23
2025-01-27,Email,North America,CRM,Owned,Americas,2025,2025-Q1,2025-01,10749.3,118102,3862,235,617,31022,142
2025-01-27,Email,EMEA,CRM,Owned,International,2025,2025-Q1,2025-01,7320.11,85754,2484,156,369,22184.87,99
2025-01-27,Email,APAC,CRM,Owned,International,2025,2025-Q1,2025-01,3974.33,59855,1928,103,260,15691.6,55
2025-01-27,Organic Search,North America,Search,Earned,Americas,2025,2025-Q1,2025-01,8646.73,147998,6080,321,859,37512.26,198
2025-01-27,Organic Search,EMEA,Search,Earned,International,2025,2025-Q1,2025-01,5230.06,108035,3934,201,503,25161.12,132
2025-01-27,Organic Search,APAC,Search,Earned,International,2025,2025-Q1,2025-01,3028.62,75223,3043,143,366,18337.16,78
2025-01-27,Affiliate,North America,Partner,Paid,Americas,2025,2025-Q1,2025-01,7308.82,167130,3341,127,316,15128.79,82
2025-01-27,Affiliate,EMEA,Partner,Paid,International,2025,2025-Q1,2025-01,4424.92,121391,2456,84,207,10726.7,45
2025-01-27,Affiliate,APAC,Partner,Paid,International,2025,2025-Q1,2025-01,2429.81,75075,1659,49,130,6434.1,25
2025-02-03,Paid Search,North America,Search,Paid,Americas,2025,2025-Q1,2025-02,20336,385627,16356,723,1782,88707.19,465
2025-02-03,Paid Search,EMEA,Search,Paid,International,2025,2025-Q1,2025-02,12191.83,225791,10707,423,1080,53275.64,230
2025-02-03,Paid Search,APAC,Search,Paid,International,2025,2025-Q1,2025-02,8237.08,171736,8896,353,969,41217.53,190
2025-02-03,Paid Social,North America,Social,Paid,Americas,2025,2025-Q1,2025-02,17620.42,1307479,14629,338,815,42363.52,220
2025-02-03,Paid Social,EMEA,Social,Paid,International,2025,2025-Q1,2025-02,9966.94,693234,8606,156,412,21082.07,75
2025-02-03,Paid Social,APAC,Social,Paid,International,2025,2025-Q1,2025-02,6704.69,522645,7121,145,410,16582.47,80
2025-02-03,Display,North America,Display,Paid,Americas,2025,2025-Q1,2025-02,8739.97,1612794,6265,63,159,7409,36
2025-02-03,Display,EMEA,Display,Paid,International,2025,2025-Q1,2025-02,5763.73,1205485,5181,49,133,5353.63,26
2025-02-03,Display,APAC,Display,Paid,International,2025,2025-Q1,2025-02,4072.76,880440,3685,39,103,3944.95,22
2025-02-03,Video,North America,Video,Paid,Americas,2025,2025-Q1,2025-02,11157.89,530825,4890,76,195,9918.24,43
2025-02-03,Video,EMEA,Video,Paid,International,2025,2025-Q1,2025-02,7360.39,375698,3821,59,164,7127.74,31
2025-02-03,Video,APAC,Video,Paid,International,2025,2025-Q1,2025-02,5181.05,287000,2997,52,144,5850.1,31
2025-02-03,Email,North America,CRM,Owned,Americas,2025,2025-Q1,2025-02,9003.76,142934,4770,238,619,34104.52,119
2025-02-03,Email,EMEA,CRM,Owned,International,2025,2025-Q1,2025-02,6626.92,81809,2986,166,467,21493.14,91
2025-02-03,Email,APAC,CRM,Owned,International,2025,2025-Q1,2025-02,4681.51,52024,1634,102,256,13615.45,63
2025-02-03,Organic Search,North America,Search,Earned,Americas,2025,2025-Q1,2025-02,7369.11,180057,7513,330,882,43835.21,164
2025-02-03,Organic Search,EMEA,Search,Earned,International,2025,2025-Q1,2025-02,5389.25,98065,4439,218,622,25738.95,124
2025-02-03,Organic Search,APAC,Search,Earned,International,2025,2025-Q1,2025-02,3802.11,65160,2732,147,398,17320.48,92
2025-02-03,Affiliate,North America,Partner,Paid,Americas,2025,2025-Q1,2025-02,6196.5,169877,3896,122,332,13799.38,64
2025-02-03,Affiliate,EMEA,Partner,Paid,International,2025,2025-Q1,2025-02,4559.33,104878,2199,77,198,8597.31,45
2025-02-03,Affiliate,APAC,Partner,Paid,International,2025,2025-Q1,2025-02,3211.73,73529,1360,49,113,5950.69,30
2025-02-10,Paid Search,North America,Search,Paid,Americas,2025,2025-Q1,2025-02,20973.75,406852,21843,913,2585,109068.29,511
2025-02-10,Paid Search,EMEA,Search,Paid,International,2025,2025-Q1,2025-02,15373.09,308051,15234,691,1923,80361.36,429
2025-02-10,Paid Search,APAC,Search,Paid,International,2025,2025-Q1,2025-02,8969.95,169029,7723,349,833,43336.72,231
2025-02-10,Paid Social,North America,Social,Paid,Americas,2025,2025-Q1,2025-02,17049.72,1441897,19120,406,1074,44739.51,235
2025-02-10,Paid Social,EMEA,Social,Paid,International,2025,2025-Q1,2025-02,12476.9,974574,10608,249,598,29807.62,161
2025-02-10,Paid Social,APAC,Social,Paid,International,2025,2025-Q1,2025-02,6815.72,501967,5642,115,281,14637.54,65
2025-02-10,Display,North America,Display,Paid,Americas,2025,2025-Q1,2025-02,10453.12,2194351,9487,104,294,10860.41,62
2025-02-10,Display,EMEA,Display,Paid,International,2025,2025-Q1,2025-02,6727.55,1325564,5272,62,155,6912.58,42
2025-02-10,Display,APAC,Display,Paid,International,2025,2025-Q1,2025-02,3861.94,706763,2780,29,73,3461.12,17
2025-02-10,Video,North America,Video,Paid,Americas,2025,2025-Q1,2025-02,13277.15,709393,6373,114,289,13215.23,71
2025-02-10,Video,EMEA,Video,Paid,International,2025,2025-Q1,2025-02,8483.27,426754,3572,65,150,8093.37,41
2025-02-10,Video,APAC,Video,Paid,International,2025,2025-Q1,2025-02,4652.51,217581,2030,32,79,4256.25,17
2025-02-10,Email,North America,CRM,Owned,Americas,2025,2025-Q1,2025-02,11273.96,132078,4314,276,720,38142.35,175
2025-02-10,Email,EMEA,CRM,Owned,International,2025,2025-Q1,2025-02,6735.85,95386,2939,171,418,25283.8,107
2025-02-10,Email,APAC,CRM,Owned,International,2025,2025-Q1,2025-02,3982.71,62811,2138,115,302,16760.18,61
2025-02-10,Organic Search,North America,Search,Earned,Americas,2025,2025-Q1,2025-02,9641.95,165600,6055,338,797,41053.53,225
2025-02-10,Organic Search,EMEA,Search,Earned,International,2025,2025-Q1,2025-02,5479.74,119988,4649,220,555,28606.81,113
2025-02-10,Organic Search,APAC,Search,Earned,International,2025,2025-Q1,2025-02,3225.63,70004,2937,130,352,15986.42,67
2025-02-10,Affiliate,North America,Partner,Paid,Americas,2025,2025-Q1,2025-02,6754.48,186269,3587,126,311,15660.48,81
2025-02-10,Affiliate,EMEA,Partner,Paid,International,2025,2025-Q1,2025-02,4051.91,134628,2882,92,236,11705.23,50
2025-02-10,Affiliate,APAC,Partner,Paid,International,2025,2025-Q1,2025-02,2736.43,78727,1826,58,160,6948.18,30
2025-02-17,Paid Search,North America,Search,Paid,Americas,2025,2025-Q1,2025-02,22798.92,415755,18756,836,2060,106408.35,476
2025-02-17,Paid Search,EMEA,Search,Paid,International,2025,2025-Q1,2025-02,13004.67,231348,11551,436,1176,56527.99,220
2025-02-17,Paid Search,APAC,Search,Paid,International,2025,2025-Q1,2025-02,9254.35,184613,10085,425,1219,48130.15,239
2025-02-17,Paid Social,North America,Social,Paid,Americas,2025,2025-Q1,2025-02,15119.16,1128378,13461,262,667,32739.29,140
2025-02-17,Paid Social,EMEA,Social,Paid,International,2025,2025-Q1,2025-02,10601.84,891606,11628,228,623,26408.01,118
2025-02-17,Paid Social,APAC,Social,Paid,International,2025,2025-Q1,2025-02,7453.95,619772,7455,162,417,18132.45,95
2025-02-17,Display,North America,Display,Paid,Americas,2025,2025-Q1,2025-02,9300.14,1660374,6792,66,171,8103.99,36
2025-02-17,Display,EMEA,Display,Paid,International,2025,2025-Q1,2025-02,6492.69,1300294,5901,58,168,6287.04,32
2025-02-17,Display,APAC,Display,Paid,International,2025,2025-Q1,2025-02,4558.36,947686,4174,45,129,4745.68,28
2025-02-17,Video,North America,Video,Paid,Americas,2025,2025-Q1,2025-02,11198.56,591309,5771,85,229,9950.42,42
2025-02-17,Video,EMEA,Video,Paid,International,2025,2025-Q1,2025-02,8217.28,468535,4725,78,214,8512.72,44
2025-02-17,Video,APAC,Video,Paid,International,2025,2025-Q1,2025-02,5788.39,306914,2648,47,117,5507.74,31
2025-02-17,Email,North America,CRM,Owned,Americas,2025,2025-Q1,2025-02,10171.64,150156,5267,281,761,42356.49,145
2025-02-17,Email,EMEA,CRM,Owned,International,2025,2025-Q1,2025-02,7434.41,82436,3001,180,519,24114.19,106
2025-02-17,Email,APAC,CRM,Owned,International,2025,2025-Q1,2025-02,5221.47,58184,1937,126,331,17558.69,81
2025-02-17,Organic Search,North America,Search,Earned,Americas,2025,2025-Q1,2025-02,8226.27,158077,6940,323,902,35757.42,174
2025-02-17,Organic Search,EMEA,Search,Earned,International,2025,2025-Q1,2025-02,6034.22,104252,3935,205,513,23388.59,124
2025-02-17,Organic Search,APAC,Search,Earned,International,2025,2025-Q1,2025-02,4001.51,72914,2595,130,305,16024.68,78
2025-02-17,Affiliate,North America,Partner,Paid,Americas,2025,2025-Q1,2025-02,6969.12,178217,4271,143,404,16875.39,80
2025-02-17,Affiliate,EMEA,Partner,Paid,International,2025,2025-Q1,2025-02,5104.99,116576,2587,95,256,11105.99,60
2025-02-17,Affiliate,APAC,Partner,Paid,International,2025,2025-Q1,2025-02,2980.23,81967,1602,57,140,7194.3,38
2025-02-24,Paid Search,North America,Search,Paid,Americas,2025,2025-Q1,2025-02,23520.39,487044,24549,1065,2759,119460.41,627
2025-02-24,Paid Search,EMEA,Search,Paid,International,2025,2025-Q1,2025-02,17170.37,331528,13817,626,1454,76298.61,394
2025-02-24,Paid Search,APAC,Search,Paid,International,2025,2025-Q1,2025-02,8677.39,156872,7141,284,701,36849.73,154
2025-02-24,Paid Social,North America,Social,Paid,Americas,2025,2025-Q1,2025-02,19119.28,1544751,19224,431,1191,49722.99,265
2025-02-24,Paid Social,EMEA,Social,Paid,International,2025,2025-Q1,2025-02,11559.35,877916,10088,225,568,27715.72,146
2025-02-24,Paid Social,APAC,Social,Paid,International,2025,2025-Q1,2025-02,6689.22,494866,5973,118,305,15639.03,70
2025-02-24,Display,North America,Display,Paid,Americas,2025,2025-Q1,2025-02,11673.9,2342451,8910,103,256,11221.8,65
2025-02-24,Display,EMEA,Display,Paid,International,2025,2025-Q1,2025-02,6990.12,1323760,4954,54,129,6265.18,33
2025-02-24,Display,APAC,Display,Paid,International,2025,2025-Q1,2025-02,3875.18,717090,3018,28,74,3280.91,13
2025-02-24,Video,North America,Video,Paid,Americas,2025,2025-Q1,2025-02,13098.1,680230,6138,109,281,13101.32,69
2025-02-24,Video,EMEA,Video,Paid,International,2025,2025-Q1,2025-02,7788.85,375484,3349,54,135,6954.26,32
2025-02-24,Video,APAC,Video,Paid,International,2025,2025-Q1,2025-02,4952.43,268708,2673,40,109,4786.23,20
2025-02-24,Email,North America,CRM,Owned,Americas,2025,2025-Q1,2025-02,12492.79,146340,4313,277,653,39935.45,181
2025-02-24,Email,EMEA,CRM,Owned,International,2025,2025-Q1,2025-02,7066.22,106006,3462,188,481,28903.6,92
2025-02-24,Email,APAC,CRM,Owned,International,2025,2025-Q1,2025-02,4452.81,58155,2055,110,306,15371.6,60
2025-02-24,Organic Search,North America,Search,Earned,Americas,2025,2025-Q1,2025-02,8365.06,184647,6836,332,805,42005.43,204
2025-02-24,Organic Search,EMEA,Search,Earned,International,2025,2025-Q1,2025-02,5125.06,126146,5163,230,604,28661.58,119
2025-02-24,Organic Search,APAC,Search,Earned,International,2025,2025-Q1,2025-02,3632.31,73508,3096,146,395,17013.39,78
2025-02-24,Affiliate,North America,Partner,Paid,Americas,2025,2025-Q1,2025-02,7089.22,207374,4253,138,345,17827.87,77
2025-02-24,Affiliate,EMEA,Partner,Paid,International,2025,2025-Q1,2025-02,4323.98,133093,2956,90,241,11479.9,43
2025-02-24,Affiliate,APAC,Partner,Paid,International,2025,2025-Q1,2025-02,3074.83,73799,1801,61,176,7025.32,34
2025-03-03,Paid Search,North America,Search,Paid,Americas,2025,2025-Q1,2025-03,19901.41,384108,18609,698,1821,84165.82,352
2025-03-03,Paid Search,EMEA,Search,Paid,International,2025,2025-Q1,2025-03,14658.87,312992,16429,661,1850,74812.3,356
2025-03-03,Paid Search,APAC,Search,Paid,International,2025,2025-Q1,2025-03,10362.31,211134,9632,426,1077,48620.49,257
2025-03-03,Paid Social,North America,Social,Paid,Americas,2025,2025-Q1,2025-03,16134.34,1156342,14533,271,724,34890.1,134
2025-03-03,Paid Social,EMEA,Social,Paid,International,2025,2025-Q1,2025-03,11923.77,959134,13198,274,784,31655.49,152
2025-03-03,Paid Social,APAC,Social,Paid,International,2025,2025-Q1,2025-03,8350.77,663973,8419,193,520,22495.68,121
2025-03-03,Display,North America,Display,Paid,Americas,2025,2025-Q1,2025-03,9896.61,2052874,8919,87,235,9144.64,45
2025-03-03,Display,EMEA,Display,Paid,International,2025,2025-Q1,2025-03,7224.85,1543965,6571,71,189,7255.4,43
2025-03-03,Display,APAC,Display,Paid,International,2025,2025-Q1,2025-03,5086.88,1011393,3739,45,106,4951.43,30
2025-03-03,Video,North America,Video,Paid,Americas,2025,2025-Q1,2025-03,12629.04,636656,6561,104,288,12743.4,56
2025-03-03,Video,EMEA,Video,Paid,International,2025,2025-Q1,2025-03,9205.98,504639,5048,88,250,10004.57,53
2025-03-03,Video,APAC,Video,Paid,International,2025,2025-Q1,2025-03,6081.97,310257,2850,54,138,6579.12,35
2025-03-03,Email,North America,CRM,Owned,Americas,2025,2025-Q1,2025-03,11367,132679,4916,280,757,36484.3,156
2025-03-03,Email,EMEA,CRM,Owned,International,2025,2025-Q1,2025-03,8313.66,92462,2760,173,420,23382.06,108
2025-03-03,Email,APAC,CRM,Owned,International,2025,2025-Q1,2025-03,5174.58,64391,1941,110,264,15971.69,63
2025-03-03,Organic Search,North America,Search,Earned,Americas,2025,2025-Q1,2025-03,9238.11,168107,7366,367,1049,42480.36,212
2025-03-03,Organic Search,EMEA,Search,Earned,International,2025,2025-Q1,2025-03,6736.2,115529,4632,254,659,30254.1,163
2025-03-03,Organic Search,APAC,Search,Earned,International,2025,2025-Q1,2025-03,3693.31,81197,3071,153,374,19639.87,96
2025-03-03,Affiliate,North America,Partner,Paid,Americas,2025,2025-Q1,2025-03,7810.79,179828,3820,136,351,15368.73,81
2025-03-03,Affiliate,EMEA,Partner,Paid,International,2025,2025-Q1,2025-03,5374.26,130575,2457,89,211,10903.33,58
2025-03-03,Affiliate,APAC,Partner,Paid,International,2025,2025-Q1,2025-03,2883.88,91140,1892,58,149,7617.03,31
2025-03-10,Paid Search,North America,Search,Paid,Americas,2025,2025-Q1,2025-03,26256.39,520495,24623,1131,3048,132904.88,714
2025-03-10,Paid Search,EMEA,Search,Paid,International,2025,2025-Q1,2025-03,14892.42,277475,12214,524,1262,65947.72,330
2025-03-10,Paid Search,APAC,Search,Paid,International,2025,2025-Q1,2025-03,8693.6,165903,8120,312,821,40085.75,170
2025-03-10,Paid Social,North America,Social,Paid,Americas,2025,2025-Q1,2025-03,21342.6,1661032,18364,436,1062,52652.25,288
2025-03-10,Paid Social,EMEA,Social,Paid,International,2025,2025-Q1,2025-03,11984.3,874618,10016,212,520,27212.97,124
2025-03-10,Paid Social,APAC,Social,Paid,International,2025,2025-Q1,2025-03,7129.97,535745,6890,132,355,16245.73,67
2025-03-10,Display,North America,Display,Paid,Americas,2025,2025-Q1,2025-03,10787.48,2104365,8039,88,229,9899.79,59
2025-03-10,Display,EMEA,Display,Paid,International,2025,2025-Q1,2025-03,6467.22,1228668,4933,49,123,5931.59,27
2025-03-10,Display,APAC,Display,Paid,International,2025,2025-Q1,2025-03,4369.54,929004,4086,40,112,4286.17,21
2025-03-10,Video,North America,Video,Paid,Americas,2025,2025-Q1,2025-03,14494.93,723189,6156,111,266,13903.93,73
2025-03-10,Video,EMEA,Video,Paid,International,2025,2025-Q1,2025-03,8281.85,384060,3638,55,145,7385.41,26
2025-03-10,Video,APAC,Video,Paid,International,2025,2025-Q1,2025-03,5571.26,289566,3016,47,137,5369.1,25
2025-03-10,Email,North America,CRM,Owned,Americas,2025,2025-Q1,2025-03,10753.66,163100,5108,282,699,42067.37,165
2025-03-10,Email,EMEA,CRM,Owned,International,2025,2025-Q1,2025-03,7091.88,105240,3590,185,497,26025,90
2025-03-10,Email,APAC,CRM,Owned,International,2025,2025-Q1,2025-03,5011.35,61098,2049,116,311,15359.62,65
2025-03-10,Organic Search,North America,Search,Earned,Americas,2025,2025-Q1,2025-03,8764.33,205075,8047,364,926,47897.76,195
2025-03-10,Organic Search,EMEA,Search,Earned,International,2025,2025-Q1,2025-03,5727.62,123991,5264,238,646,29794.68,121
2025-03-10,Organic Search,APAC,Search,Earned,International,2025,2025-Q1,2025-03,4069.79,69459,3068,153,435,17226.19,88
2025-03-10,Affiliate,North America,Partner,Paid,Americas,2025,2025-Q1,2025-03,6613.12,217753,4672,143,373,17676.7,73
2025-03-10,Affiliate,EMEA,Partner,Paid,International,2025,2025-Q1,2025-03,4867.49,131487,3088,100,280,11528.48,54
2025-03-10,Affiliate,APAC,Partner,Paid,International,2025,2025-Q1,2025-03,3438.62,78410,1601,58,147,6661.93,36
2025-03-17,Paid Search,North America,Search,Paid,Americas,2025,2025-Q1,2025-03,22232.26,410384,20811,801,2183,100269.08,408
2025-03-17,Paid Search,EMEA,Search,Paid,International,2025,2025-Q1,2025-03,16416.54,334442,18435,788,2276,90255.52,455
2025-03-17,Paid Search,APAC,Search,Paid,International,2025,2025-Q1,2025-03,11446.8,223337,10768,502,1313,59954.19,324
2025-03-17,Paid Social,North America,Social,Paid,Americas,2025,2025-Q1,2025-03,18156.67,1515852,20062,400,1113,44671.19,213
2025-03-17,Paid Social,EMEA,Social,Paid,International,2025,2025-Q1,2025-03,13327.14,1094991,13381,292,772,33025.37,173
2025-03-17,Paid Social,APAC,Social,Paid,International,2025,2025-Q1,2025-03,8751.17,672200,7164,165,384,20118.26,108
2025-03-17,Display,North America,Display,Paid,Americas,2025,2025-Q1,2025-03,11111.64,2198085,10079,106,295,11669.04,58
2025-03-17,Display,EMEA,Display,Paid,International,2025,2025-Q1,2025-03,8079.42,1650458,6964,78,217,8300.69,48
2025-03-17,Display,APAC,Display,Paid,International,2025,2025-Q1,2025-03,5016.45,962186,3748,44,106,5001.71,30
2025-03-17,Video,North America,Video,Paid,Americas,2025,2025-Q1,2025-03,14027.15,790547,8076,135,356,14883.46,78
2025-03-17,Video,EMEA,Video,Paid,International,2025,2025-Q1,2025-03,10254.05,537352,4505,83,197,9863.54,54
2025-03-17,Video,APAC,Video,Paid,International,2025,2025-Q1,2025-03,5983.22,294182,2551,40,99,5058.78,24
2025-03-17,Email,North America,CRM,Owned,Americas,2025,2025-Q1,2025-03,12711.86,141077,4913,294,829,38492.42,175
2025-03-17,Email,EMEA,CRM,Owned,International,2025,2025-Q1,2025-03,8713.06,102075,3250,216,546,30457.56,142
2025-03-17,Email,APAC,CRM,Owned,International,2025,2025-Q1,2025-03,5032.42,71578,2288,129,326,19517.05,78
2025-03-17,Organic Search,North America,Search,Earned,Americas,2025,2025-Q1,2025-03,10311.72,176406,6746,352,894,40586.26,218
2025-03-17,Organic Search,EMEA,Search,Earned,International,2025,2025-Q1,2025-03,6654.51,128902,4664,237,564,29458.92,145
2025-03-17,Organic Search,APAC,Search,Earned,International,2025,2025-Q1,2025-03,3605.81,89953,3576,157,402,20898.55,79
2025-03-17,Affiliate,North America,Partner,Paid,Americas,2025,2025-Q1,2025-03,8703.03,198896,4221,158,426,18677.88,101
2025-03-17,Affiliate,EMEA,Partner,Paid,International,2025,2025-Q1,2025-03,5229.59,145129,2905,99,242,12614.29,61
2025-03-17,Affiliate,APAC,Partner,Paid,International,2025,2025-Q1,2025-03,2885.89,95561,2092,66,172,8626.85,36
2025-03-24,Paid Search,North America,Search,Paid,Americas,2025,2025-Q1,2025-03,27512.61,524626,22120,1035,2435,127101.9,677
2025-03-24,Paid Search,EMEA,Search,Paid,International,2025,2025-Q1,2025-03,15366.73,275042,12733,515,1290,67102.5,289
2025-03-24,Paid Search,APAC,Search,Paid,International,2025,2025-Q1,2025-03,9797.26,188931,9784,386,1060,46099.81,204
2025-03-24,Paid Social,North America,Social,Paid,Americas,2025,2025-Q1,2025-03,19498.98,1462755,16178,347,867,43399.34,217
2025-03-24,Paid Social,EMEA,Social,Paid,International,2025,2025-Q1,2025-03,11130.81,856281,10548,201,522,25626.65,108
2025-03-24,Paid Social,APAC,Social,Paid,International,2025,2025-Q1,2025-03,7994.09,677083,9116,184,518,20983.75,102
2025-03-24,Display,North America,Display,Paid,Americas,2025,2025-Q1,2025-03,11914.94,2235025,8522,96,231,11197.39,53
2025-03-24,Display,EMEA,Display,Paid,International,2025,2025-Q1,2025-03,6869.34,1259845,5376,51,135,6064.74,25
2025-03-24,Display,APAC,Display,Paid,International,2025,2025-Q1,2025-03,4888.4,1003167,4654,49,141,5101.92,27
2025-03-24,Video,North America,Video,Paid,Americas,2025,2025-Q1,2025-03,12508.4,626206,5703,87,221,11367.03,51
2025-03-24,Video,EMEA,Video,Paid,International,2025,2025-Q1,2025-03,8772.3,491922,4914,75,208,8676.95,39
2025-03-24,Video,APAC,Video,Paid,International,2025,2025-Q1,2025-03,6167.61,344569,3156,53,141,5933.56,30
2025-03-24,Email,North America,CRM,Owned,Americas,2025,2025-Q1,2025-03,11393.67,180262,5976,313,812,48723.8,158
2025-03-24,Email,EMEA,CRM,Owned,International,2025,2025-Q1,2025-03,7954.96,103596,3709,204,564,28818.35,108
2025-03-24,Email,APAC,CRM,Owned,International,2025,2025-Q1,2025-03,5585.15,61381,2154,132,360,17562.12,80
2025-03-24,Organic Search,North America,Search,Earned,Americas,2025,2025-Q1,2025-03,8759.22,202713,8318,360,955,43307.56,184
2025-03-24,Organic Search,EMEA,Search,Earned,International,2025,2025-Q1,2025-03,6427.42,121943,5195,251,677,28371.34,139
2025-03-24,Organic Search,APAC,Search,Earned,International,2025,2025-Q1,2025-03,4527.64,77554,2847,152,372,17847.6,96
2025-03-24,Affiliate,North America,Partner,Paid,Americas,2025,2025-Q1,2025-03,7368.99,226048,5100,160,430,20754.82,80
2025-03-24,Affiliate,EMEA,Partner,Paid,International,2025,2025-Q1,2025-03,5437.51,123647,3068,108,310,12495,63
2025-03-24,Affiliate,APAC,Partner,Paid,International,2025,2025-Q1,2025-03,3789.42,86665,1875,71,187,8528.48,47
2025-03-31,Paid Search,North America,Search,Paid,Americas,2025,2025-Q1,2025-03,24913.34,528024,28102,1151,3231,126927.29,633
2025-03-31,Paid Search,EMEA,Search,Paid,International,2025,2025-Q1,2025-03,18232.64,367024,16964,762,1949,87982.99,468
2025-03-31,Paid Search,APAC,Search,Paid,International,2025,2025-Q1,2025-03,11251.05,211522,8973,401,951,49566.3,254
2025-03-31,Paid Social,North America,Social,Paid,Americas,2025,2025-Q1,2025-03,20251.88,1609236,22369,474,1361,55492.81,272
2025-03-31,Paid Social,EMEA,Social,Paid,International,2025,2025-Q1,2025-03,14659.49,1152958,13984,322,872,38156.49,205
2025-03-31,Paid Social,APAC,Social,Paid,International,2025,2025-Q1,2025-03,8563.04,632949,7096,162,393,20404.3,110
2025-03-31,Display,North America,Display,Paid,Americas,2025,2025-Q1,2025-03,12368.74,2611606,11242,121,314,12493.22,72
2025-03-31,Display,EMEA,Display,Paid,International,2025,2025-Q1,2025-03,8943.83,1760755,6198,70,161,7799.53,44
2025-03-31,Display,APAC,Display,Paid,International,2025,2025-Q1,2025-03,4562.05,840960,3269,32,80,3794.58,18
2025-03-31,Video,North America,Video,Paid,Americas,2025,2025-Q1,2025-03,15622.26,841305,8055,140,388,16060.41,86
2025-03-31,Video,EMEA,Video,Paid,International,2025,2025-Q1,2025-03,10056.23,508269,4491,82,205,10069.45,56
2025-03-31,Video,APAC,Video,Paid,International,2025,2025-Q1,2025-03,5782.51,284960,2643,41,106,5382.85,24
2025-03-31,Email,North America,CRM,Owned,Americas,2025,2025-Q1,2025-03,14100.36,155312,4700,299,734,40843.14,191
2025-03-31,Email,EMEA,CRM,Owned,International,2025,2025-Q1,2025-03,8450.21,112987,3458,200,483,29321.01,118
2025-03-31,Email,APAC,CRM,Owned,International,2025,2025-Q1,2025-03,4668.28,74680,2513,127,335,19211.52,60
2025-03-31,Organic Search,North America,Search,Earned,Americas,2025,2025-Q1,2025-03,10754.62,196006,7498,416,1088,50177.37,273
2025-03-31,Organic Search,EMEA,Search,Earned,International,2025,2025-Q1,2025-03,6435.04,142691,5483,259,646,33353.31,155
2025-03-31,Organic Search,APAC,Search,Earned,International,2025,2025-Q1,2025-03,3810.69,88780,3715,163,437,20830.39,87
2025-03-31,Affiliate,North America,Partner,Paid,Americas,2025,2025-Q1,2025-03,9023.78,221002,4229,157,374,19395.68,101
2025-03-31,Affiliate,EMEA,Partner,Paid,International,2025,2025-Q1,2025-03,5085.05,160095,3370,107,271,14100,53
2025-03-31,Affiliate,APAC,Partner,Paid,International,2025,2025-Q1,2025-03,3242.19,87804,2016,63,175,7534.76,33
2025-04-07,Paid Search,North America,Search,Paid,Americas,2025,2025-Q2,2025-04,24890.23,458718,20493,842,2065,106341.05,507
2025-04-07,Paid Search,EMEA,Search,Paid,International,2025,2025-Q2,2025-04,15267.59,302609,15038,560,1491,69013.46,289
2025-04-07,Paid Search,APAC,Search,Paid,International,2025,2025-Q2,2025-04,10928.2,228656,11689,487,1332,54606.45,275
2025-04-07,Paid Social,North America,Social,Paid,Americas,2025,2025-Q2,2025-04,20249.38,1463594,17036,366,911,47182.91,196
2025-04-07,Paid Social,EMEA,Social,Paid,International,2025,2025-Q2,2025-04,12483.74,924652,12037,236,640,29424.15,122
2025-04-07,Paid Social,APAC,Social,Paid,International,2025,2025-Q2,2025-04,8876.85,723689,10173,221,606,24847.89,129
2025-04-07,Display,North America,Display,Paid,Americas,2025,2025-Q2,2025-04,10273.58,2030468,8322,78,201,9088.03,41
2025-04-07,Display,EMEA,Display,Paid,International,2025,2025-Q2,2025-04,7664.15,1624205,7290,73,203,7569.85,40
2025-04-07,Display,APAC,Display,Paid,International,2025,2025-Q2,2025-04,5362.59,1123451,4328,48,124,5038.96,28
2025-04-07,Video,North America,Video,Paid,Americas,2025,2025-Q2,2025-04,13213.56,638467,6188,91,241,11687.2,43
2025-04-07,Video,EMEA,Video,Paid,International,2025,2025-Q2,2025-04,9765.34,528409,5571,91,257,10499.14,50
2025-04-07,Video,APAC,Video,Paid,International,2025,2025-Q2,2025-04,6839.14,365205,3529,64,168,7461.93,39
2025-04-07,Email,North America,CRM,Owned,Americas,2025,2025-Q2,2025-04,12001.89,167239,5776,304,820,41285.96,154
2025-04-07,Email,EMEA,CRM,Owned,International,2025,2025-Q2,2025-04,8761.58,101380,3437,201,534,25879.74,114
2025-04-07,Email,APAC,CRM,Owned,International,2025,2025-Q2,2025-04,6169.06,68033,2002,131,311,18226.89,85
2025-04-07,Organic Search,North America,Search,Earned,Americas,2025,2025-Q2,2025-04,9777.09,210712,9088,417,1149,52798.69,219
2025-04-07,Organic Search,EMEA,Search,Earned,International,2025,2025-Q2,2025-04,7127.28,121764,5455,279,792,31801.71,167
2025-04-07,Organic Search,APAC,Search,Earned,International,2025,2025-Q2,2025-04,4707.83,85800,3317,185,475,22668.91,125
2025-04-07,Affiliate,North America,Partner,Paid,Americas,2025,2025-Q2,2025-04,8228.78,208228,4958,164,438,18382.87,89
2025-04-07,Affiliate,EMEA,Partner,Paid,International,2025,2025-Q2,2025-04,6018.46,137369,2665,98,237,11417.86,61
2025-04-07,Affiliate,APAC,Partner,Paid,International,2025,2025-Q2,2025-04,3714.28,95936,1857,61,147,7596.62,34
2025-04-14,Paid Search,North America,Search,Paid,Americas,2025,2025-Q2,2025-04,27559.17,555663,29332,1270,3691,147020.93,746
2025-04-14,Paid Search,EMEA,Search,Paid,International,2025,2025-Q2,2025-04,18890.45,365689,17830,838,2234,100762.83,548
2025-04-14,Paid Search,APAC,Search,Paid,International,2025,2025-Q2,2025-04,10902.53,198033,8960,394,982,50523.03,257
2025-04-14,Paid Social,North America,Social,Paid,Americas,2025,2025-Q2,2025-04,22359.71,1814803,22384,497,1253,56855.36,302
2025-04-14,Paid Social,EMEA,Social,Paid,International,2025,2025-Q2,2025-04,15219.69,1151960,12342,268,635,32927.76,162
2025-04-14,Paid Social,APAC,Social,Paid,International,2025,2025-Q2,2025-04,7808.26,553572,6589,125,315,16473.48,63
2025-04-14,Display,North America,Display,Paid,Americas,2025,2025-Q2,2025-04,13523.52,2732366,11605,132,358,14272.62,83
2025-04-14,Display,EMEA,Display,Paid,International,2025,2025-Q2,2025-04,8184.03,1553400,5787,65,158,7477.03,42
2025-04-14,Display,APAC,Display,Paid,International,2025,2025-Q2,2025-04,4744.57,921118,3835,38,97,4492.06,21
2025-04-14,Video,North America,Video,Paid,Americas,2025,2025-Q2,2025-04,17190.78,891924,7517,139,340,16688.67,92
2025-04-14,Video,EMEA,Video,Paid,International,2025,2025-Q2,2025-04,9742.23,474007,4182,68,169,8680.44,39
2025-04-14,Video,APAC,Video,Paid,International,2025,2025-Q2,2025-04,5728.6,288717,2861,43,117,5281.08,22
2025-04-14,Email,North America,CRM,Owned,Americas,2025,2025-Q2,2025-04,13726.65,171181,5256,331,846,47135.95,222
2025-04-14,Email,EMEA,CRM,Owned,International,2025,2025-Q2,2025-04,8176.82,124107,4029,217,553,32957.27,124
2025-04-14,Email,APAC,CRM,Owned,International,2025,2025-Q2,2025-04,5201.23,73039,2571,138,374,19907.22,71
2025-04-14,Organic Search,North America,Search,Earned,Americas,2025,2025-Q2,2025-04,11048.35,215663,7928,408,985,51195.91,254
2025-04-14,Organic Search,EMEA,Search,Earned,International,2025,2025-Q2,2025-04,6290.42,147888,5983,268,691,35910.33,127
2025-04-14,Organic Search,APAC,Search,Earned,International,2025,2025-Q2,2025-04,4235.46,80433,3537,165,463,19183.94,88
2025-04-14,Affiliate,North America,Partner,Paid,Americas,2025,2025-Q2,2025-04,8206.54,243182,4945,161,396,20583.92,95
2025-04-14,Affiliate,EMEA,Partner,Paid,International,2025,2025-Q2,2025-04,5036.79,156866,3477,105,278,13309.81,55
2025-04-14,Affiliate,APAC,Partner,Paid,International,2025,2025-Q2,2025-04,3602.47,91070,1982,65,181,7402.58,37
2025-04-21,Paid Search,North America,Search,Paid,Americas,2025,2025-Q2,2025-04,25649.71,454623,21595,887,2255,116647.17,453
2025-04-21,Paid Search,EMEA,Search,Paid,International,2025,2025-Q2,2025-04,16926.03,321827,16861,672,1868,81670.69,360
2025-04-21,Paid Search,APAC,Search,Paid,International,2025,2025-Q2,2025-04,11903.15,245416,13191,582,1564,66452.31,351
2025-04-21,Paid Social,North America,Social,Paid,Americas,2025,2025-Q2,2025-04,18609.94,1487489,18606,343,904,41934.1,175
2025-04-21,Paid Social,EMEA,Social,Paid,International,2025,2025-Q2,2025-04,13834.93,1167676,15026,310,839,34479.54,171
2025-04-21,Paid Social,APAC,Social,Paid,International,2025,2025-Q2,2025-04,9654.58,777567,8569,194,493,22460.83,119
2025-04-21,Display,North America,Display,Paid,Americas,2025,2025-Q2,2025-04,11449.59,2178210,9439,91,246,10345.1,46
2025-04-21,Display,EMEA,Display,Paid,International,2025,2025-Q2,2025-04,8364.57,1752476,8204,88,253,9261.77,49
2025-04-21,Display,APAC,Display,Paid,International,2025,2025-Q2,2025-04,5895.16,1181378,4811,55,147,6000.7,35
2025-04-21,Video,North America,Video,Paid,Americas,2025,2025-Q2,2025-04,14647.81,818750,8347,130,361,14521.84,69
2025-04-21,Video,EMEA,Video,Paid,International,2025,2025-Q2,2025-04,10640.64,587782,5477,93,244,10519.55,54
2025-04-21,Video,APAC,Video,Paid,International,2025,2025-Q2,2025-04,7058.52,361472,2932,54,124,6587.48,35
2025-04-21,Email,North America,CRM,Owned,Americas,2025,2025-Q2,2025-04,13273.9,172508,6275,353,985,50488.81,191
2025-04-21,Email,EMEA,CRM,Owned,International,2025,2025-Q2,2025-04,9651.58,106173,3784,236,652,31704.14,144
2025-04-21,Email,APAC,CRM,Owned,International,2025,2025-Q2,2025-04,5990.48,74614,2321,150,375,21685.57,103
2025-04-21,Organic Search,North America,Search,Earned,Americas,2025,2025-Q2,2025-04,10697.08,192500,8310,407,1064,44843.18,230
2025-04-21,Organic Search,EMEA,Search,Earned,International,2025,2025-Q2,2025-04,7820.07,134071,4736,256,611,30464.87,163
2025-04-21,Organic Search,APAC,Search,Earned,International,2025,2025-Q2,2025-04,4521.75,93237,3467,158,386,20134.28,84
2025-04-21,Affiliate,North America,Partner,Paid,Americas,2025,2025-Q2,2025-04,9064.91,206348,4899,172,484,19455.77,101
2025-04-21,Affiliate,EMEA,Partner,Paid,International,2025,2025-Q2,2025-04,6211.82,150968,3088,119,301,14471.67,79
2025-04-21,Affiliate,APAC,Partner,Paid,International,2025,2025-Q2,2025-04,3587.05,104898,2157,75,190,9729.11,44
2025-04-28,Paid Search,North America,Search,Paid,Americas,2025,2025-Q2,2025-04,30142.7,599576,26309,1202,2952,140632.74,752
2025-04-28,Paid Search,EMEA,Search,Paid,International,2025,2025-Q2,2025-04,19253.93,360740,15576,656,1572,82146.27,385
2025-04-28,Paid Search,APAC,Search,Paid,International,2025,2025-Q2,2025-04,9964.44,172931,8346,301,788,38633.3,142
2025-04-28,Paid Social,North America,Social,Paid,Americas,2025,2025-Q2,2025-04,22981.27,1793261,21998,512,1354,61088.96,331
2025-04-28,Paid Social,EMEA,Social,Paid,International,2025,2025-Q2,2025-04,13740.04,1005553,11438,249,616,31695.33,159
2025-04-28,Paid Social,APAC,Social,Paid,International,2025,2025-Q2,2025-04,8135.8,640068,8163,153,412,18996.34,80
2025-04-28,Display,North America,Display,Paid,Americas,2025,2025-Q2,2025-04,13928.71,2707620,9636,112,262,12589.18,72
2025-04-28,Display,EMEA,Display,Paid,International,2025,2025-Q2,2025-04,7840.3,1430817,5657,55,143,6585.8,32
2025-04-28,Display,APAC,Display,Paid,International,2025,2025-Q2,2025-04,4954.04,975456,4319,41,116,4483.65,20
2025-04-28,Video,North America,Video,Paid,Americas,2025,2025-Q2,2025-04,15582.69,779324,6582,116,290,14395.74,76
2025-04-28,Video,EMEA,Video,Paid,International,2025,2025-Q2,2025-04,9360.02,478962,4528,69,179,8792.39,37
2025-04-28,Video,APAC,Video,Paid,International,2025,2025-Q2,2025-04,6319.7,347224,3606,56,157,6629.25,31
2025-04-28,Email,North America,CRM,Owned,Americas,2025,2025-Q2,2025-04,14099.43,186617,5805,338,833,50036.85,183
2025-04-28,Email,EMEA,CRM,Owned,International,2025,2025-Q2,2025-04,8033.64,120812,4109,208,554,31653.75,102
2025-04-28,Email,APAC,CRM,Owned,International,2025,2025-Q2,2025-04,5724.84,66216,2462,141,400,18644.61,79
2025-04-28,Organic Search,North America,Search,Earned,Americas,2025,2025-Q2,2025-04,9930.74,235159,9176,411,1040,53445.03,230
2025-04-28,Organic Search,EMEA,Search,Earned,International,2025,2025-Q2,2025-04,6552.73,150616,6384,284,768,34834.48,145
2025-04-28,Organic Search,APAC,Search,Earned,International,2025,2025-Q2,2025-04,4661.44,83898,3291,165,438,18327.54,97
2025-04-28,Affiliate,North America,Partner,Paid,Americas,2025,2025-Q2,2025-04,7954.01,264236,5689,173,444,23080.74,89
2025-04-28,Affiliate,EMEA,Partner,Paid,International,2025,2025-Q2,2025-04,5558.69,150248,3491,112,309,13541.06,60
2025-04-28,Affiliate,APAC,Partner,Paid,International,2025,2025-Q2,2025-04,3906.8,89975,2051,74,200,8491.33,44
2025-05-05,Paid Search,North America,Search,Paid,Americas,2025,2025-Q2,2025-05,25118.26,515847,25934,983,2651,116570.3,499
2025-05-05,Paid Search,EMEA,Search,Paid,International,2025,2025-Q2,2025-05,18569.37,394109,19295,814,2159,89390.62,463
2025-05-05,Paid Search,APAC,Search,Paid,International,2025,2025-Q2,2025-05,12955.57,255739,10775,503,1234,59537.12,324
2025-05-05,Paid Social,North America,Social,Paid,Americas,2025,2025-Q2,2025-05,20475.82,1569510,20707,408,1126,49179.32,215
2025-05-05,Paid Social,EMEA,Social,Paid,International,2025,2025-Q2,2025-05,14951.81,1243186,16827,368,1031,41682.44,218
2025-05-05,Paid Social,APAC,Social,Paid,International,2025,2025-Q2,2025-05,10490.21,809739,9470,224,573,27080.87,147
2025-05-05,Display,North America,Display,Paid,Americas,2025,2025-Q2,2025-05,12593.1,2732340,12416,128,358,13002.47,70
2025-05-05,Display,EMEA,Display,Paid,International,2025,2025-Q2,2025-05,9123.45,1887964,7388,84,211,8862.79,52
2025-05-05,Display,APAC,Display,Paid,International,2025,2025-Q2,2025-05,5684.71,1095215,3970,45,105,5120.38,28
2025-05-05,Video,North America,Video,Paid,Americas,2025,2025-Q2,2025-05,15862.36,847636,9026,150,431,17532.73,86
2025-05-05,Video,EMEA,Video,Paid,International,2025,2025-Q2,2025-05,11607.05,613101,6020,110,294,12943.98,69
2025-05-05,Video,APAC,Video,Paid,International,2025,2025-Q2,2025-05,6776.77,333946,2854,52,123,6546.34,35
2025-05-05,Email,North America,CRM,Owned,Americas,2025,2025-Q2,2025-05,14350.49,159160,5450,324,827,41982.76,189
2025-05-05,Email,EMEA,CRM,Owned,International,2025,2025-Q2,2025-05,10486.53,115746,3293,204,469,28707.88,125
2025-05-05,Email,APAC,CRM,Owned,International,2025,2025-Q2,2025-05,5346.34,80907,2545,131,329,19742.48,66
2025-05-05,Organic Search,North America,Search,Earned,Americas,2025,2025-Q2,2025-05,11693.18,199966,8575,446,1224,51243.78,272
2025-05-05,Organic Search,EMEA,Search,Earned,International,2025,2025-Q2,2025-05,7523.84,145897,5454,293,730,36251.82,198
2025-05-05,Organic Search,APAC,Search,Earned,International,2025,2025-Q2,2025-05,4326.29,101171,3991,193,493,25438.65,112
2025-05-05,Affiliate,North America,Partner,Paid,Americas,2025,2025-Q2,2025-05,9868.9,225460,4395,164,402,19326.44,103
2025-05-05,Affiliate,EMEA,Partner,Paid,International,2025,2025-Q2,2025-05,5910.93,162761,3203,107,260,13528.02,62
2025-05-05,Affiliate,APAC,Partner,Paid,International,2025,2025-Q2,2025-05,3267.34,107391,2329,67,178,8735,32
2025-05-12,Paid Search,North America,Search,Paid,Americas,2025,2025-Q2,2025-05,28836.87,553027,25738,1184,3048,143349.05,775
2025-05-12,Paid Search,EMEA,Search,Paid,International,2025,2025-Q2,2025-05,17166.51,308307,14183,593,1482,76900.84,364
2025-05-12,Paid Search,APAC,Search,Paid,International,2025,2025-Q2,2025-05,10923.75,220721,11309,441,1201,53137.36,226
2025-05-12,Paid Social,North America,Social,Paid,Americas,2025,2025-Q2,2025-05,23213.21,1752725,19017,429,1023,53350.36,269
2025-05-12,Paid Social,EMEA,Social,Paid,International,2025,2025-Q2,2025-05,13206.55,926911,11221,216,555,28735.78,115
2025-05-12,Paid Social,APAC,Social,Paid,International,2025,2025-Q2,2025-05,8816.34,697649,9387,188,526,21924.31,102
2025-05-12,Display,North America,Display,Paid,Americas,2025,2025-Q2,2025-05,12444.64,2338514,8841,96,233,11164.42,62
2025-05-12,Display,EMEA,Display,Paid,International,2025,2025-Q2,2025-05,7637.53,1544071,6555,63,170,7166.98,33
2025-05-12,Display,APAC,Display,Paid,International,2025,2025-Q2,2025-05,5406.99,1153199,4984,50,141,5326.82,27
2025-05-12,Video,North America,Video,Paid,Americas,2025,2025-Q2,2025-05,15859.16,764176,6854,114,285,14686.67,60
2025-05-12,Video,EMEA,Video,Paid,International,2025,2025-Q2,2025-05,9690.23,478978,4807,72,198,8928.71,37
2025-05-12,Video,APAC,Video,Paid,International,2025,2025-Q2,2025-05,6882.66,374124,4052,67,187,7470.67,40
2025-05-12,Email,North America,CRM,Owned,Americas,2025,2025-Q2,2025-05,12544.68,201102,6624,359,923,52970.34,193
2025-05-12,Email,EMEA,CRM,Owned,International,2025,2025-Q2,2025-05,8792.08,121873,4346,235,647,32589.56,126
2025-05-12,Email,APAC,CRM,Owned,International,2025,2025-Q2,2025-05,6170.86,68337,2116,128,333,16852.8,76
2025-05-12,Organic Search,North America,Search,Earned,Americas,2025,2025-Q2,2025-05,9667.39,237921,9776,418,1098,54702.4,203
2025-05-12,Organic Search,EMEA,Search,Earned,International,2025,2025-Q2,2025-05,7154.52,135726,6046,288,808,33886.45,158
2025-05-12,Organic Search,APAC,Search,Earned,International,2025,2025-Q2,2025-05,5015.48,86749,3571,189,506,21915.92,118
2025-05-12,Affiliate,North America,Partner,Paid,Americas,2025,2025-Q2,2025-05,8214.95,252363,5666,173,466,21067.92,86
2025-05-12,Affiliate,EMEA,Partner,Paid,International,2025,2025-Q2,2025-05,6016.93,145604,3207,111,292,12232.86,64
2025-05-12,Affiliate,APAC,Partner,Paid,International,2025,2025-Q2,2025-05,4231.8,97741,1852,71,173,8467.32,45
2025-05-19,Paid Search,North America,Search,Paid,Americas,2025,2025-Q2,2025-05,27330.73,537487,28532,1152,3235,135706.93,626
2025-05-19,Paid Search,EMEA,Search,Paid,International,2025,2025-Q2,2025-05,19904.17,406107,20912,937,2578,107293.83,572
2025-05-19,Paid Search,APAC,Search,Paid,International,2025,2025-Q2,2025-05,13137.9,249561,11197,545,1352,66967.04,367
2025-05-19,Paid Social,North America,Social,Paid,Americas,2025,2025-Q2,2025-05,22083.79,1890013,24712,516,1420,56283.23,291
2025-05-19,Paid Social,EMEA,Social,Paid,International,2025,2025-Q2,2025-05,16135.5,1284020,14348,332,812,38895,210
2025-05-19,Paid Social,APAC,Social,Paid,International,2025,2025-Q2,2025-05,9412.51,700519,7744,168,402,21081.66,102
2025-05-19,Display,North America,Display,Paid,Americas,2025,2025-Q2,2025-05,13493.75,2792570,12585,137,394,14483.23,80
2025-05-19,Display,EMEA,Display,Paid,International,2025,2025-Q2,2025-05,9828.38,1948633,8068,94,251,10358.27,62
2025-05-19,Display,APAC,Display,Paid,International,2025,2025-Q2,2025-05,5391.87,1005755,3885,43,105,5068.23,27
2025-05-19,Video,North America,Video,Paid,Americas,2025,2025-Q2,2025-05,17155.17,935940,8848,153,384,17382.99,92
2025-05-19,Video,EMEA,Video,Paid,International,2025,2025-Q2,2025-05,11793.91,597963,4940,84,197,10319.27,50
2025-05-19,Video,APAC,Video,Paid,International,2025,2025-Q2,2025-05,6050.58,287773,2620,38,97,5010.29,18
2025-05-19,Email,North America,CRM,Owned,Americas,2025,2025-Q2,2025-05,15521.6,170886,5829,369,984,49998.89,231
2025-05-19,Email,EMEA,CRM,Owned,International,2025,2025-Q2,2025-05,9388.16,124633,3743,229,555,33512.47,149
2025-05-19,Email,APAC,CRM,Owned,International,2025,2025-Q2,2025-05,5443.95,86099,2867,158,412,23643.02,86
2025-05-19,Organic Search,North America,Search,Earned,Americas,2025,2025-Q2,2025-05,12596.48,216149,7765,429,1027,51617.92,280
2025-05-19,Organic Search,EMEA,Search,Earned,International,2025,2025-Q2,2025-05,7134.07,156846,5929,273,671,35154.63,149
2025-05-19,Organic Search,APAC,Search,Earned,International,2025,2025-Q2,2025-05,4197.61,96966,4017,175,464,22276.49,86
2025-05-19,Affiliate,North America,Partner,Paid,Americas,2025,2025-Q2,2025-05,9400.41,243262,5050,187,478,22909.34,123
2025-05-19,Affiliate,EMEA,Partner,Paid,International,2025,2025-Q2,2025-05,5599.66,175097,3655,121,308,15837.24,73
2025-05-19,Affiliate,APAC,Partner,Paid,International,2025,2025-Q2,2025-05,3563.67,108916,2494,76,211,9392.83,39
2025-05-26,Paid Search,North America,Search,Paid,Americas,2025,2025-Q2,2025-05,29082.26,540065,23659,1029,2469,129855.71,629
2025-05-26,Paid Search,EMEA,Search,Paid,International,2025,2025-Q2,2025-05,16563.45,300916,14815,551,1449,70488.73,268
2025-05-26,Paid Search,APAC,Search,Paid,International,2025,2025-Q2,2025-05,11811.63,238865,12784,526,1490,60327.28,294
2025-05-26,Paid Social,North America,Social,Paid,Americas,2025,2025-Q2,2025-05,20471.31,1481192,17133,354,879,45571.64,214
2025-05-26,Paid Social,EMEA,Social,Paid,International,2025,2025-Q2,2025-05,13513.48,1101285,14207,273,740,32625.17,138
2025-05-26,Paid Social,APAC,Social,Paid,International,2025,2025-Q2,2025-05,9538.16,802788,9981,210,561,23963.46,120
2025-05-26,Display,North America,Display,Paid,Americas,2025,2025-Q2,2025-05,12543.55,2266805,9111,92,234,11123.86,47
2025-05-26,Display,EMEA,Display,Paid,International,2025,2025-Q2,2025-05,8204.86,1592646,7074,70,195,7785.92,38
2025-05-26,Display,APAC,Display,Paid,International,2025,2025-Q2,2025-05,5823.88,1224295,5569,61,164,6354.73,36
2025-05-26,Video,North America,Video,Paid,Americas,2025,2025-Q2,2025-05,14262.15,760298,7328,109,291,13348.28,56
2025-05-26,Video,EMEA,Video,Paid,International,2025,2025-Q2,2025-05,10485.54,589827,5787,93,252,10666.39,51
2025-05-26,Video,APAC,Video,Paid,International,2025,2025-Q2,2025-05,7399.04,397265,3371,58,152,6707.79,35
2025-05-26,Email,North America,CRM,Owned,Americas,2025,2025-Q2,2025-05,12869.67,190861,6523,338,907,49959.28,170
2025-05-26,Email,EMEA,CRM,Owned,International,2025,2025-Q2,2025-05,9492.61,109788,4125,240,687,32094.06,137
2025-05-26,Email,APAC,CRM,Owned,International,2025,2025-Q2,2025-05,6638.09,73744,2414,155,404,21209.83,100
2025-05-26,Organic Search,North America,Search,Earned,Americas,2025,2025-Q2,2025-05,10490.02,226561,9719,439,1199,52065.31,230
2025-05-26,Organic Search,EMEA,Search,Earned,International,2025,2025-Q2,2025-05,7644.31,131604,5213,265,684,29817.15,157
2025-05-26,Organic Search,APAC,Search,Earned,International,2025,2025-Q2,2025-05,5061.05,93211,3259,169,407,20522.98,104
2025-05-26,Affiliate,North America,Partner,Paid,Americas,2025,2025-Q2,2025-05,8892.39,239832,5664,185,514,22668.35,101
2025-05-26,Affiliate,EMEA,Partner,Paid,International,2025,2025-Q2,2025-05,6472.27,149181,3453,127,348,14627.56,78
2025-05-26,Affiliate,APAC,Partner,Paid,International,2025,2025-Q2,2025-05,4270.91,104838,2117,86,210,10675.74,58
2025-06-02,Paid Search,North America,Search,Paid,Americas,2025,2025-Q2,2025-06,29088.2,610004,30347,1298,3495,144044.44,754
2025-06-02,Paid Search,EMEA,Search,Paid,International,2025,2025-Q2,2025-06,21244.92,414492,17923,843,2017,100916.43,552
2025-06-02,Paid Search,APAC,Search,Paid,International,2025,2025-Q2,2025-06,11588.04,212078,9468,394,959,50211.31,202
2025-06-02,Paid Social,North America,Social,Paid,Americas,2025,2025-Q2,2025-06,23664.79,1946986,25238,557,1586,63265.42,336
2025-06-02,Paid Social,EMEA,Social,Paid,International,2025,2025-Q2,2025-06,16204.2,1240539,14769,355,912,43212.06,237
2025-06-02,Paid Social,APAC,Social,Paid,International,2025,2025-Q2,2025-06,8835.88,635088,7500,160,399,20888.93,99
2025-06-02,Display,North America,Display,Paid,Americas,2025,2025-Q2,2025-06,14432.29,2950589,11698,132,318,14073.27,83
2025-06-02,Display,EMEA,Display,Paid,International,2025,2025-Q2,2025-06,9306.27,1777848,6557,70,164,8029.54,40
2025-06-02,Display,APAC,Display,Paid,International,2025,2025-Q2,2025-06,4758.03,847787,3467,31,81,3656.39,14
2025-06-02,Video,North America,Video,Paid,Americas,2025,2025-Q2,2025-06,18315.15,957050,8992,165,432,19611.7,105
2025-06-02,Video,EMEA,Video,Paid,International,2025,2025-Q2,2025-06,10402.13,511186,4480,77,189,9793.43,50
2025-06-02,Video,APAC,Video,Paid,International,2025,2025-Q2,2025-06,6088.03,306558,2982,46,123,5967.87,25
2025-06-02,Email,North America,CRM,Owned,Americas,2025,2025-Q2,2025-06,15619.5,183085,5302,334,777,47446.33,211
2025-06-02,Email,EMEA,CRM,Owned,International,2025,2025-Q2,2025-06,8687.22,132547,4236,224,564,34109.93,115
2025-06-02,Email,APAC,CRM,Owned,International,2025,2025-Q2,2025-06,5557.04,77299,2695,143,386,20522.59,73
2025-06-02,Organic Search,North America,Search,Earned,Americas,2025,2025-Q2,2025-06,11152.01,230667,8735,448,1123,55915.46,291
2025-06-02,Organic Search,EMEA,Search,Earned,International,2025,2025-Q2,2025-06,6700.36,165391,6621,306,788,39194.37,176
2025-06-02,Organic Search,APAC,Search,Earned,International,2025,2025-Q2,2025-06,4525.62,97374,4222,196,543,23559.72,104
2025-06-02,Affiliate,North America,Partner,Paid,Americas,2025,2025-Q2,2025-06,9434.99,259167,5183,175,427,22349.41,103
2025-06-02,Affiliate,EMEA,Partner,Paid,International,2025,2025-Q2,2025-06,5379.44,166098,3643,108,286,14147.45,52
2025-06-02,Affiliate,APAC,Partner,Paid,International,2025,2025-Q2,2025-06,3833.24,91928,2200,74,206,8421.79,41
2025-06-09,Paid Search,North America,Search,Paid,Americas,2025,2025-Q2,2025-06,25370.34,473224,22226,875,2224,115086.02,501
2025-06-09,Paid Search,EMEA,Search,Paid,International,2025,2025-Q2,2025-06,17793.8,371496,19118,756,2084,88081.91,398
2025-06-09,Paid Search,APAC,Search,Paid,International,2025,2025-Q2,2025-06,12495.88,259795,12254,530,1377,59813.71,310
2025-06-09,Paid Social,North America,Social,Paid,Americas,2025,2025-Q2,2025-06,20744.64,1443670,17739,347,904,46609.9,162
2025-06-09,Paid Social,EMEA,Social,Paid,International,2025,2025-Q2,2025-06,14482.28,1130587,15279,311,878,35529.76,172
2025-06-09,Paid Social,APAC,Social,Paid,International,2025,2025-Q2,2025-06,10158.72,822477,10762,240,629,27689.91,147
2025-06-09,Display,North America,Display,Paid,Americas,2025,2025-Q2,2025-06,12004.01,2514573,10798,102,276,11113.63,52
2025-06-09,Display,EMEA,Display,Paid,International,2025,2025-Q2,2025-06,8798.03,1918320,7920,82,217,8541.67,48
2025-06-09,Display,APAC,Display,Paid,International,2025,2025-Q2,2025-06,6191.44,1246112,4482,52,127,5654.26,33
2025-06-09,Video,North America,Video,Paid,Americas,2025,2025-Q2,2025-06,15185.24,776988,7841,121,333,14543.59,64
2025-06-09,Video,EMEA,Video,Paid,International,2025,2025-Q2,2025-06,11193.04,620431,6409,109,303,12242.53,64
2025-06-09,Video,APAC,Video,Paid,International,2025,2025-Q2,2025-06,7792.9,400860,3606,68,169,8216.94,45
2025-06-09,Email,North America,CRM,Owned,Americas,2025,2025-Q2,2025-06,13803.05,179564,6486,358,1000,47859.67,190
2025-06-09,Email,EMEA,CRM,Owned,International,2025,2025-Q2,2025-06,10113.01,111179,3489,214,541,28504.69,131
2025-06-09,Email,APAC,CRM,Owned,International,2025,2025-Q2,2025-06,6232.59,78530,2326,137,326,19611.05,82
2025-06-09,Organic Search,North America,Search,Earned,Americas,2025,2025-Q2,2025-06,11225.13,212722,9610,467,1322,55572.88,261
2025-06-09,Organic Search,EMEA,Search,Earned,International,2025,2025-Q2,2025-06,8149.29,140750,5886,318,854,37240.8,200
2025-06-09,Organic Search,APAC,Search,Earned,International,2025,2025-Q2,2025-06,5056.58,97944,3612,199,484,25138.59,133
2025-06-09,Affiliate,North America,Partner,Paid,Americas,2025,2025-Q2,2025-06,9415.41,215993,4812,167,429,18633.59,97
2025-06-09,Affiliate,EMEA,Partner,Paid,International,2025,2025-Q2,2025-06,6872.73,158854,2937,106,250,12772,66
2025-06-09,Affiliate,APAC,Partner,Paid,International,2025,2025-Q2,2025-06,3493.52,110012,2246,67,169,8637.93,34
2025-06-16,Paid Search,North America,Search,Paid,Americas,2025,2025-Q2,2025-06,30890.67,619238,30530,1385,3846,160040.83,861
2025-06-16,Paid Search,EMEA,Search,Paid,International,2025,2025-Q2,2025-06,19869.29,373948,17033,800,2011,98899.16,529
2025-06-16,Paid Search,APAC,Search,Paid,International,2025,2025-Q2,2025-06,11437.06,210018,10040,409,1053,54490.56,229
2025-06-16,Paid Social,North America,Social,Paid,Americas,2025,2025-Q2,2025-06,25030.03,1968468,21388,497,1182,59037.04,322
2025-06-16,Paid Social,EMEA,Social,Paid,International,2025,2025-Q2,2025-06,15121.83,1115799,12552,253,615,32001.2,142
2025-06-16,Paid Social,APAC,Social,Paid,International,2025,2025-Q2,2025-06,8307.72,634960,8027,150,401,18248.57,75
2025-06-16,Display,North America,Display,Paid,Americas,2025,2025-Q2,2025-06,14351.56,2821984,11172,133,339,14777.11,88
2025-06-16,Display,EMEA,Display,Paid,International,2025,2025-Q2,2025-06,8101.78,1495016,5872,62,153,7388.05,38
2025-06-16,Display,APAC,Display,Paid,International,2025,2025-Q2,2025-06,5097.33,1010885,4394,43,117,4953.77,22
2025-06-16,Video,North America,Video,Paid,Americas,2025,2025-Q2,2025-06,17160.77,863843,7222,128,302,15850.15,81
2025-06-16,Video,EMEA,Video,Paid,International,2025,2025-Q2,2025-06,9647.89,454403,4189,63,161,8379.98,34
2025-06-16,Video,APAC,Video,Paid,International,2025,2025-Q2,2025-06,6520.94,347332,3565,56,155,6486.06,30
2025-06-16,Email,North America,CRM,Owned,Americas,2025,2025-Q2,2025-06,13621.85,193234,5950,345,840,50981.78,214
2025-06-16,Email,EMEA,CRM,Owned,International,2025,2025-Q2,2025-06,8261.89,131869,4440,237,621,35877.08,131
2025-06-16,Email,APAC,CRM,Owned,International,2025,2025-Q2,2025-06,5922.28,76859,2686,151,424,20515.95,84
2025-06-16,Organic Search,North America,Search,Earned,Americas,2025,2025-Q2,2025-06,10959.47,243071,9335,442,1099,57491.23,222
2025-06-16,Organic Search,EMEA,Search,Earned,International,2025,2025-Q2,2025-06,6775.58,146860,6157,271,730,34578.36,136
2025-06-16,Organic Search,APAC,Search,Earned,International,2025,2025-Q2,2025-06,4812.53,82045,3769,188,516,20967.8,108
2025-06-16,Affiliate,North America,Partner,Paid,Americas,2025,2025-Q2,2025-06,8198.97,270763,5739,181,465,23925.2,102
2025-06-16,Affiliate,EMEA,Partner,Paid,International,2025,2025-Q2,2025-06,5748.55,165177,3795,121,330,14427.69,63
2025-06-16,Affiliate,APAC,Partner,Paid,International,2025,2025-Q2,2025-06,4034.46,96797,2061,72,190,8156.11,42
2025-06-23,Paid Search,North America,Search,Paid,Americas,2025,2025-Q2,2025-06,25540.06,459936,22969,867,2321,112006.47,433
2025-06-23,Paid Search,EMEA,Search,Paid,International,2025,2025-Q2,2025-06,18851.94,376578,20443,861,2468,97470.14,485
2025-06-23,Paid Search,APAC,Search,Paid,International,2025,2025-Q2,2025-06,13190.16,262217,13042,598,1521,70221.49,376
2025-06-23,Paid Social,North America,Social,Paid,Americas,2025,2025-Q2,2025-06,20823.16,1753785,22724,445,1216,51436.26,231
2025-06-23,Paid Social,EMEA,Social,Paid,International,2025,2025-Q2,2025-06,15183.1,1273088,15102,323,835,36154.78,187
2025-06-23,Paid Social,APAC,Social,Paid,International,2025,2025-Q2,2025-06,10052.5,780510,8095,183,438,22018.58,114
2025-06-23,Display,North America,Display,Paid,Americas,2025,2025-Q2,2025-06,12750.92,2557731,11510,115,325,12413.54,62
2025-06-23,Display,EMEA,Display,Paid,International,2025,2025-Q2,2025-06,9286.54,1931919,8413,93,256,9789.44,56
2025-06-23,Display,APAC,Display,Paid,International,2025,2025-Q2,2025-06,6127.57,1186762,4547,55,136,6219.26,36
2025-06-23,Video,North America,Video,Paid,Americas,2025,2025-Q2,2025-06,16139.41,928195,9243,151,412,16932.11,83
2025-06-23,Video,EMEA,Video,Paid,International,2025,2025-Q2,2025-06,11792.32,625583,5384,97,236,11355.61,61
2025-06-23,Video,APAC,Video,Paid,International,2025,2025-Q2,2025-06,6815.32,338082,2881,49,116,6106.44,29
2025-06-23,Email,North America,CRM,Owned,Americas,2025,2025-Q2,2025-06,14603.07,168884,6431,381,1097,51559.5,220
2025-06-23,Email,EMEA,CRM,Owned,International,2025,2025-Q2,2025-06,10554.25,117323,3905,252,663,35083.49,164
2025-06-23,Email,APAC,CRM,Owned,International,2025,2025-Q2,2025-06,6165.46,81638,2540,160,394,23823.68,102
2025-06-23,Organic Search,North America,Search,Earned,Americas,2025,2025-Q2,2025-06,11851.49,202542,8127,417,1040,47447.19,252
2025-06-23,Organic Search,EMEA,Search,Earned,International,2025,2025-Q2,2025-06,8064.96,147077,5235,258,608,31601.9,153
2025-06-23,Organic Search,APAC,Search,Earned,International,2025,2025-Q2,2025-06,4127.43,102662,4024,170,433,22355.18,83
2025-06-23,Affiliate,North America,Partner,Paid,Americas,2025,2025-Q2,2025-06,9947.53,228955,5069,185,495,21492.56,115
2025-06-23,Affiliate,EMEA,Partner,Paid,International,2025,2025-Q2,2025-06,6398.7,165393,3225,121,294,15175.99,80
2025-06-23,Affiliate,APAC,Partner,Paid,International,2025,2025-Q2,2025-06,3685.44,115355,2495,80,210,10722.94,44
2025-06-30,Paid Search,North America,Search,Paid,Americas,2025,2025-Q2,2025-06,32317.99,624326,26011,1246,2913,151388.83,767
2025-06-30,Paid Search,EMEA,Search,Paid,International,2025,2025-Q2,2025-06,18316.44,331914,15108,584,1444,75198.14,310
2025-06-30,Paid Search,APAC,Search,Paid,International,2025,2025-Q2,2025-06,10795.28,212871,10863,421,1146,49372.81,217
2025-06-30,Paid Social,North America,Social,Paid,Americas,2025,2025-Q2,2025-06,23166.85,1757148,20124,468,1166,57418.66,306
2025-06-30,Paid Social,EMEA,Social,Paid,International,2025,2025-Q2,2025-06,13814.92,1022283,12295,247,634,32680.43,143
2025-06-30,Paid Social,APAC,Social,Paid,International,2025,2025-Q2,2025-06,8797.39,702912,9282,186,515,22650.03,98
2025-06-30,Display,North America,Display,Paid,Americas,2025,2025-Q2,2025-06,13254.44,2511411,9391,103,245,11897.5,61
2025-06-30,Display,EMEA,Display,Paid,International,2025,2025-Q2,2025-06,7541.26,1405241,5909,55,144,6441.29,26
2025-06-30,Display,APAC,Display,Paid,International,2025,2025-Q2,2025-06,5384.59,1120358,5120,53,148,5548.41,28
2025-06-30,Video,North America,Video,Paid,Americas,2025,2025-Q2,2025-06,15677.39,762173,6777,112,275,14414.38,69
2025-06-30,Video,EMEA,Video,Paid,International,2025,2025-Q2,2025-06,9641.77,504113,4975,75,204,9317,39
2025-06-30,Video,APAC,Video,Paid,International,2025,2025-Q2,2025-06,6887.75,389513,3724,62,170,7078.63,36
2025-06-30,Email,North America,CRM,Owned,Americas,2025,2025-Q2,2025-06,13251.8,201449,6521,351,895,53654.13,172
2025-06-30,Email,EMEA,CRM,Owned,International,2025,2025-Q2,2025-06,8773.18,114399,4040,218,595,31388.55,112
2025-06-30,Email,APAC,CRM,Owned,International,2025,2025-Q2,2025-06,6227.64,68371,2489,151,401,19882.65,89
2025-06-30,Organic Search,North America,Search,Earned,Americas,2025,2025-Q2,2025-06,9613.83,239499,9699,432,1125,55968.53,234
2025-06-30,Organic Search,EMEA,Search,Earned,International,2025,2025-Q2,2025-06,7157.96,144636,6082,285,795,33148.09,153
2025-06-30,Organic Search,APAC,Search,Earned,International,2025,2025-Q2,2025-06,5050.72,86431,3296,172,450,19930.4,105
2025-06-30,Affiliate,North America,Partner,Paid,Americas,2025,2025-Q2,2025-06,8214.82,252563,5608,171,453,21802,84
2025-06-30,Affiliate,EMEA,Partner,Paid,International,2025,2025-Q2,2025-06,6059.26,145307,3524,120,345,13826.28,68
2025-06-30,Affiliate,APAC,Partner,Paid,International,2025,2025-Q2,2025-06,4237.14,96827,2035,75,195,8848.83,47
2025-07-07,Paid Search,North America,Search,Paid,Americas,2025,2025-Q3,2025-07,26889.85,574831,30150,1213,3362,137085.56,653
2025-07-07,Paid Search,EMEA,Search,Paid,International,2025,2025-Q3,2025-07,19713.11,404962,18213,800,2077,91325.77,478
2025-07-07,Paid Search,APAC,Search,Paid,International,2025,2025-Q3,2025-07,12142.32,231945,9697,426,995,52075.22,259
2025-07-07,Paid Social,North America,Social,Paid,Americas,2025,2025-Q3,2025-07,21872.31,1777397,24308,504,1441,58062.92,280
2025-07-07,Paid Social,EMEA,Social,Paid,International,2025,2025-Q3,2025-07,15887.85,1273388,15936,361,966,42050.07,223
2025-07-07,Paid Social,APAC,Social,Paid,International,2025,2025-Q3,2025-07,9853.1,736255,8131,193,463,24105.64,128
2025-07-07,Display,North America,Display,Paid,Americas,2025,2025-Q3,2025-07,13251.55,2855897,11990,127,338,12971,73
2025-07-07,Display,EMEA,Display,Paid,International,2025,2025-Q3,2025-07,9678.92,1925382,7027,82,196,9021.62,54
2025-07-07,Display,APAC,Display,Paid,International,2025,2025-Q3,2025-07,5228.41,975260,3688,37,93,4335.55,22
2025-07-07,Video,North America,Video,Paid,Americas,2025,2025-Q3,2025-07,16888.3,926322,9703,167,473,19001.36,101
2025-07-07,Video,EMEA,Video,Paid,International,2025,2025-Q3,2025-07,11560.2,590000,5410,102,260,12422.64,67
2025-07-07,Video,APAC,Video,Paid,International,2025,2025-Q3,2025-07,6678.03,320031,2881,50,126,6478.7,31
2025-07-07,Email,North America,CRM,Owned,Americas,2025,2025-Q3,2025-07,15251.09,167827,5328,333,804,44885.94,206
2025-07-07,Email,EMEA,CRM,Owned,International,2025,2025-Q3,2025-07,9749.14,121566,3621,203,486,29298.27,115
2025-07-07,Email,APAC,CRM,Owned,International,2025,2025-Q3,2025-07,5027.99,80058,2638,128,336,19101.75,59
2025-07-07,Organic Search,North America,Search,Earned,Americas,2025,2025-Q3,2025-07,12259.67,210151,8395,453,1182,53968.37,292
2025-07-07,Organic Search,EMEA,Search,Earned,International,2025,2025-Q3,2025-07,7419.5,153052,5721,301,736,38364.72,188
2025-07-07,Organic Search,APAC,Search,Earned,International,2025,2025-Q3,2025-07,4310.71,106328,4406,201,535,26191.92,106
2025-07-07,Affiliate,North America,Partner,Paid,Americas,2025,2025-Q3,2025-07,9751.58,237148,4410,160,375,19487.36,102
2025-07-07,Affiliate,EMEA,Partner,Paid,International,2025,2025-Q3,2025-07,5476.95,171837,3566,110,275,14323.14,56
2025-07-07,Affiliate,APAC,Partner,Paid,International,2025,2025-Q3,2025-07,3464.08,101076,2288,71,192,8744.79,37
2025-07-14,Paid Search,North America,Search,Paid,Americas,2025,2025-Q3,2025-07,27830.07,518312,22589,1021,2454,127583.69,674
2025-07-14,Paid Search,EMEA,Search,Paid,International,2025,2025-Q3,2025-07,16743.01,319252,15552,603,1585,77397.19,334
2025-07-14,Paid Search,APAC,Search,Paid,International,2025,2025-Q3,2025-07,11306.16,231316,11622,471,1318,56188.26,258
2025-07-14,Paid Social,North America,Social,Paid,Americas,2025,2025-Q3,2025-07,21145.88,1543886,17668,368,902,46958.88,216
2025-07-14,Paid Social,EMEA,Social,Paid,International,2025,2025-Q3,2025-07,12917.19,977997,12575,241,650,29455.28,123
2025-07-14,Paid Social,APAC,Social,Paid,International,2025,2025-Q3,2025-07,9192.46,759559,10546,222,634,25027.04,126
2025-07-14,Display,North America,Display,Paid,Americas,2025,2025-Q3,2025-07,11989.58,2278466,9115,90,230,10793.82,52
2025-07-14,Display,EMEA,Display,Paid,International,2025,2025-Q3,2025-07,7920.17,1626331,7151,70,191,7775.5,37
2025-07-14,Display,APAC,Display,Paid,International,2025,2025-Q3,2025-07,5627.06,1192854,4804,51,139,5256.88,28
2025-07-14,Video,North America,Video,Paid,Americas,2025,2025-Q3,2025-07,14456.2,674080,6382,99,253,13227.21,47
2025-07-14,Video,EMEA,Video,Paid,International,2025,2025-Q3,2025-07,10100.76,530499,5522,88,247,10318.23,47
2025-07-14,Video,APAC,Video,Paid,International,2025,2025-Q3,2025-07,7166.17,389238,3924,69,179,7963.63,43
2025-07-14,Email,North America,CRM,Owned,Americas,2025,2025-Q3,2025-07,12386.79,185832,6338,324,861,47569.62,169
2025-07-14,Email,EMEA,CRM,Owned,International,2025,2025-Q3,2025-07,9189.92,111884,3744,213,584,28137.49,119
2025-07-14,Email,APAC,CRM,Owned,International,2025,2025-Q3,2025-07,6403.41,71256,2156,138,351,18936.68,86
2025-07-14,Organic Search,North America,Search,Earned,Americas,2025,2025-Q3,2025-07,10125.63,218839,9285,419,1133,51967.63,215
2025-07-14,Organic Search,EMEA,Search,Earned,International,2025,2025-Q3,2025-07,7464.01,127383,5579,283,787,31854.61,165
2025-07-14,Organic Search,APAC,Search,Earned,International,2025,2025-Q3,2025-07,5196.38,89180,3384,186,468,22345.4,123
2025-07-14,Affiliate,North America,Partner,Paid,Americas,2025,2025-Q3,2025-07,8606.77,232099,5445,175,487,20138.64,92
2025-07-14,Affiliate,EMEA,Partner,Paid,International,2025,2025-Q3,2025-07,6241.01,143779,2901,104,269,11953.51,64
2025-07-14,Affiliate,APAC,Partner,Paid,International,2025,2025-Q3,2025-07,3884.36,100568,1915,65,155,8013.01,37
2025-07-21,Paid Search,North America,Search,Paid,Americas,2025,2025-Q3,2025-07,27950.03,574837,31494,1345,3867,153616.61,777
2025-07-21,Paid Search,EMEA,Search,Paid,International,2025,2025-Q3,2025-07,20210.48,397432,18909,878,2287,104056.58,560
2025-07-21,Paid Search,APAC,Search,Paid,International,2025,2025-Q3,2025-07,11795.66,216483,9548,439,1077,55713.9,283
2025-07-21,Paid Social,North America,Social,Paid,Americas,2025,2025-Q3,2025-07,22450.63,1861132,22461,487,1265,55054.17,288
2025-07-21,Paid Social,EMEA,Social,Paid,International,2025,2025-Q3,2025-07,15438.46,1186542,12480,287,665,34957.43,182
2025-07-21,Paid Social,APAC,Social,Paid,International,2025,2025-Q3,2025-07,8366.36,600940,6958,136,340,17670.4,72
2025-07-21,Display,North America,Display,Paid,Americas,2025,2025-Q3,2025-07,13755.12,2832585,12513,140,389,14899.25,86
2025-07-21,Display,EMEA,Display,Paid,International,2025,2025-Q3,2025-07,8843.38,1696981,6539,77,193,8758.79,52
2025-07-21,Display,APAC,Display,Paid,International,2025,2025-Q3,2025-07,5090.36,915997,3694,40,101,4852.08,23
2025-07-21,Video,North America,Video,Paid,Americas,2025,2025-Q3,2025-07,17458.99,915366,7574,139,328,16502.78,88
2025-07-21,Video,EMEA,Video,Paid,International,2025,2025-Q3,2025-07,10451.9,513966,4399,68,168,8608.93,37
2025-07-21,Video,APAC,Video,Paid,International,2025,2025-Q3,2025-07,5794.84,295379,2842,42,111,5089.49,20
2025-07-21,Email,North America,CRM,Owned,Americas,2025,2025-Q3,2025-07,14818.52,173769,5465,357,908,50350.35,236
2025-07-21,Email,EMEA,CRM,Owned,International,2025,2025-Q3,2025-07,8868.11,125245,3961,235,594,35350.47,141
2025-07-21,Email,APAC,CRM,Owned,International,2025,2025-Q3,2025-07,5264.64,82325,2869,150,407,22176.38,76
2025-07-21,Organic Search,North America,Search,Earned,Americas,2025,2025-Q3,2025-07,11216.72,217753,7791,389,930,48086,237
2025-07-21,Organic Search,EMEA,Search,Earned,International,2025,2025-Q3,2025-07,6359.65,157441,6254,271,695,36019.39,135
2025-07-21,Organic Search,APAC,Search,Earned,International,2025,2025-Q3,2025-07,4260.57,87079,3773,171,472,20393.13,90
2025-07-21,Affiliate,North America,Partner,Paid,Americas,2025,2025-Q3,2025-07,8885.8,244772,4840,174,423,22015.14,113
2025-07-21,Affiliate,EMEA,Partner,Paid,International,2025,2025-Q3,2025-07,5349.22,176502,3871,122,319,15801.27,67
2025-07-21,Affiliate,APAC,Partner,Paid,International,2025,2025-Q3,2025-07,3611.02,98234,2229,73,202,8952.37,40
2025-07-28,Paid Search,North America,Search,Paid,Americas,2025,2025-Q3,2025-07,25125.77,449881,20812,829,2075,107924.9,458
2025-07-28,Paid Search,EMEA,Search,Paid,International,2025,2025-Q3,2025-07,16486.37,318878,16516,645,1774,76356.87,340
2025-07-28,Paid Search,APAC,Search,Paid,International,2025,2025-Q3,2025-07,11696.23,244265,12835,550,1538,61433.79,324
2025-07-28,Paid Social,North America,Social,Paid,Americas,2025,2025-Q3,2025-07,19156.12,1472450,18050,346,902,44070.43,188
2025-07-28,Paid Social,EMEA,Social,Paid,International,2025,2025-Q3,2025-07,13427.28,1108007,14927,300,837,35375.01,165
2025-07-28,Paid Social,APAC,Social,Paid,International,2025,2025-Q3,2025-07,9490.06,774068,8950,198,520,22606.79,119
2025-07-28,Display,North America,Display,Paid,Americas,2025,2025-Q3,2025-07,11113.52,2052240,8755,82,218,9685.09,42
2025-07-28,Display,EMEA,Display,Paid,International,2025,2025-Q3,2025-07,8213.41,1687636,7824,82,230,8468.79,45
2025-07-28,Display,APAC,Display,Paid,International,2025,2025-Q3,2025-07,5752.76,1173306,4978,57,143,6151.24,35
2025-07-28,Video,North America,Video,Paid,Americas,2025,2025-Q3,2025-07,14199.41,768881,7678,115,316,13784.02,60
2025-07-28,Video,EMEA,Video,Paid,International,2025,2025-Q3,2025-07,10476.03,585618,5351,89,239,9887.04,52
2025-07-28,Video,APAC,Video,Paid,International,2025,2025-Q3,2025-07,6863.57,358228,3004,52,133,6190.08,33
2025-07-28,Email,North America,CRM,Owned,Americas,2025,2025-Q3,2025-07,12879.28,167620,5992,328,905,45984.48,174
2025-07-28,Email,EMEA,CRM,Owned,International,2025,2025-Q3,2025-07,9391.19,104276,3654,223,607,29646.68,134
2025-07-28,Email,APAC,CRM,Owned,International,2025,2025-Q3,2025-07,6577.86,73395,2247,151,369,21488.62,101
2025-07-28,Organic Search,North America,Search,Earned,Americas,2025,2025-Q3,2025-07,10527.17,199428,8485,405,1106,45717.5,224
2025-07-28,Organic Search,EMEA,Search,Earned,International,2025,2025-Q3,2025-07,7614.97,131749,4783,255,646,29938.41,159
2025-07-28,Organic Search,APAC,Search,Earned,International,2025,2025-Q3,2025-07,4442.91,91927,3363,161,387,20182.51,91
2025-07-28,Affiliate,North America,Partner,Paid,Americas,2025,2025-Q3,2025-07,8906.76,213590,5236,183,522,21303.15,105
2025-07-28,Affiliate,EMEA,Partner,Paid,International,2025,2025-Q3,2025-07,6436.98,147208,3144,120,311,14293.41,76
2025-07-28,Affiliate,APAC,Partner,Paid,International,2025,2025-Q3,2025-07,3758.42,103275,2071,76,188,9761.65,46
2025-08-04,Paid Search,North America,Search,Paid,Americas,2025,2025-Q3,2025-08,28430.96,577281,26395,1184,2995,135693.19,718
2025-08-04,Paid Search,EMEA,Search,Paid,International,2025,2025-Q3,2025-08,18351,346959,14714,656,1546,81051.59,406
2025-08-04,Paid Search,APAC,Search,Paid,International,2025,2025-Q3,2025-08,10040.44,177890,8351,319,817,42333.96,160
2025-08-04,Paid Social,North America,Social,Paid,Americas,2025,2025-Q3,2025-08,23091.16,1830525,23282,536,1447,63023.44,339
2025-08-04,Paid Social,EMEA,Social,Paid,International,2025,2025-Q3,2025-08,13962.45,1032531,11446,261,633,32871.68,174
2025-08-04,Paid Social,APAC,Social,Paid,International,2025,2025-Q3,2025-08,8108.79,589941,7297,149,390,19221.18,78
2025-08-04,Display,North America,Display,Paid,Americas,2025,2025-Q3,2025-08,14090.51,2775497,9761,117,269,13074.46,69
2025-08-04,Display,EMEA,Display,Paid,International,2025,2025-Q3,2025-08,7981.42,1482971,5690,53,135,6277.6,29
2025-08-04,Display,APAC,Display,Paid,International,2025,2025-Q3,2025-08,4706.7,946689,4080,38,104,4095.59,17
2025-08-04,Video,North America,Video,Paid,Americas,2025,2025-Q3,2025-08,15815.04,799692,6989,128,318,15711.7,86
2025-08-04,Video,EMEA,Video,Paid,International,2025,2025-Q3,2025-08,9430.86,446976,4091,68,175,8912.86,40
2025-08-04,Video,APAC,Video,Paid,International,2025,2025-Q3,2025-08,6008.2,320147,3257,50,139,6106.27,26
2025-08-04,Email,North America,CRM,Owned,Americas,2025,2025-Q3,2025-08,13282.11,176619,5347,304,737,44572.1,174
2025-08-04,Email,EMEA,CRM,Owned,International,2025,2025-Q3,2025-08,7626.55,120801,4030,201,527,30372.87,95
2025-08-04,Email,APAC,CRM,Owned,International,2025,2025-Q3,2025-08,5397.08,66350,2423,134,376,18143.36,73
2025-08-04,Organic Search,North America,Search,Earned,Americas,2025,2025-Q3,2025-08,10116.16,222726,8465,422,1052,54338.3,268
2025-08-04,Organic Search,EMEA,Search,Earned,International,2025,2025-Q3,2025-08,6224.54,151868,6365,280,749,35424.91,148
2025-08-04,Organic Search,APAC,Search,Earned,International,2025,2025-Q3,2025-08,4398.96,88600,3650,178,485,21156.61,101
2025-08-04,Affiliate,North America,Partner,Paid,Americas,2025,2025-Q3,2025-08,7996.46,249964,5255,165,417,21729,80
2025-08-04,Affiliate,EMEA,Partner,Paid,International,2025,2025-Q3,2025-08,5247.47,143163,3286,102,280,12533.43,52
2025-08-04,Affiliate,APAC,Partner,Paid,International,2025,2025-Q3,2025-08,3720.29,84656,2000,70,186,7875.24,42
2025-08-11,Paid Search,North America,Search,Paid,Americas,2025,2025-Q3,2025-08,23126.18,459245,22808,847,2258,104186.93,436
2025-08-11,Paid Search,EMEA,Search,Paid,International,2025,2025-Q3,2025-08,16983.63,355613,17965,740,2018,85450.53,415
2025-08-11,Paid Search,APAC,Search,Paid,International,2025,2025-Q3,2025-08,11970.9,239239,10467,475,1211,55375.53,295
2025-08-11,Paid Social,North America,Social,Paid,Americas,2025,2025-Q3,2025-08,18733.22,1390896,18109,349,953,43169.56,181
2025-08-11,Paid Social,EMEA,Social,Paid,International,2025,2025-Q3,2025-08,13801.22,1126274,15819,338,976,37654.63,198
2025-08-11,Paid Social,APAC,Social,Paid,International,2025,2025-Q3,2025-08,9642.01,752425,9175,216,533,25802.86,139
2025-08-11,Display,North America,Display,Paid,Americas,2025,2025-Q3,2025-08,11479.45,2434883,10924,109,300,11720.33,58
2025-08-11,Display,EMEA,Display,Paid,International,2025,2025-Q3,2025-08,8424.36,1765762,6786,74,193,7715.58,43
2025-08-11,Display,APAC,Display,Paid,International,2025,2025-Q3,2025-08,5185.69,1016915,3631,39,95,4347.1,24
2025-08-11,Video,North America,Video,Paid,Americas,2025,2025-Q3,2025-08,14631.21,792708,8351,134,381,15306.04,74
2025-08-11,Video,EMEA,Video,Paid,International,2025,2025-Q3,2025-08,10639.65,572058,5511,99,262,11529.29,62
2025-08-11,Video,APAC,Video,Paid,International,2025,2025-Q3,2025-08,7013.85,351337,2968,56,132,6960.2,37
2025-08-11,Email,North America,CRM,Owned,Americas,2025,2025-Q3,2025-08,13272.62,153433,5192,302,805,38587.3,172
2025-08-11,Email,EMEA,CRM,Owned,International,2025,2025-Q3,2025-08,9600.47,106911,3115,203,494,28044.11,131
2025-08-11,Email,APAC,CRM,Owned,International,2025,2025-Q3,2025-08,5234.13,74276,2299,125,307,18467.42,68
2025-08-11,Organic Search,North America,Search,Earned,Americas,2025,2025-Q3,2025-08,10687.04,184485,8253,424,1191,48310.33,255
2025-08-11,Organic Search,EMEA,Search,Earned,International,2025,2025-Q3,2025-08,7770.91,134815,5204,292,737,35505.44,193
2025-08-11,Organic Search,APAC,Search,Earned,International,2025,2025-Q3,2025-08,4268.13,93611,3634,184,464,24026.75,111
2025-08-11,Affiliate,North America,Partner,Paid,Americas,2025,2025-Q3,2025-08,9026.68,208122,4256,157,393,18119.64,96
2025-08-11,Affiliate,EMEA,Partner,Paid,International,2025,2025-Q3,2025-08,5826.74,150754,2916,96,228,11942.94,53
2025-08-11,Affiliate,APAC,Partner,Paid,International,2025,2025-Q3,2025-08,3006.25,99259,2107,60,156,7734.5,30
2025-08-18,Paid Search,North America,Search,Paid,Americas,2025,2025-Q3,2025-08,28951.09,563235,27252,1283,3378,153633.06,833
2025-08-18,Paid Search,EMEA,Search,Paid,International,2025,2025-Q3,2025-08,16450.93,298967,13517,594,1468,76144.26,384
2025-08-18,Paid Search,APAC,Search,Paid,International,2025,2025-Q3,2025-08,9646.4,181000,9073,360,961,44942.16,179
2025-08-18,Paid Social,North America,Social,Paid,Americas,2025,2025-Q3,2025-08,22166.59,1686839,18069,423,989,52043.83,251
2025-08-18,Paid Social,EMEA,Social,Paid,International,2025,2025-Q3,2025-08,12490.38,893544,10502,198,498,26046.27,97
2025-08-18,Paid Social,APAC,Social,Paid,International,2025,2025-Q3,2025-08,7904.1,641533,8425,165,457,18818.08,88
2025-08-18,Display,North America,Display,Paid,Americas,2025,2025-Q3,2025-08,11907.03,2261134,8330,93,227,10701.42,61
2025-08-18,Display,EMEA,Display,Paid,International,2025,2025-Q3,2025-08,7164.72,1338476,5508,57,143,6710.37,32
2025-08-18,Display,APAC,Display,Paid,International,2025,2025-Q3,2025-08,4839.42,1009776,4568,48,131,5253.29,27
2025-08-18,Video,North America,Video,Paid,Americas,2025,2025-Q3,2025-08,14171.33,693684,6036,98,239,12518.85,57
2025-08-18,Video,EMEA,Video,Paid,International,2025,2025-Q3,2025-08,8660.78,437296,4280,64,170,7814.19,32
2025-08-18,Video,APAC,Video,Paid,International,2025,2025-Q3,2025-08,6163.24,339552,3633,60,171,6747.03,35
2025-08-18,Email,North America,CRM,Owned,Americas,2025,2025-Q3,2025-08,11899.25,179636,5770,326,826,49486.78,197
2025-08-18,Email,EMEA,CRM,Owned,International,2025,2025-Q3,2025-08,7863.36,115770,4077,217,594,31054.84,111
2025-08-18,Email,APAC,CRM,Owned,International,2025,2025-Q3,2025-08,5540.33,67358,2309,136,367,18326.2,80
2025-08-18,Organic Search,North America,Search,Earned,Americas,2025,2025-Q3,2025-08,9160.67,225738,9076,401,1038,53818.1,187
2025-08-18,Organic Search,EMEA,Search,Earned,International,2025,2025-Q3,2025-08,6344.68,120354,5293,246,683,29586.52,133
2025-08-18,Organic Search,APAC,Search,Earned,International,2025,2025-Q3,2025-08,4495.97,76860,3264,169,436,19345.63,101
2025-08-18,Affiliate,North America,Partner,Paid,Americas,2025,2025-Q3,2025-08,7340.9,239552,5317,167,443,21012.16,89
2025-08-18,Affiliate,EMEA,Partner,Paid,International,2025,2025-Q3,2025-08,5387.35,144817,3303,110,300,12947.05,61
2025-08-18,Affiliate,APAC,Partner,Paid,International,2025,2025-Q3,2025-08,3794.96,86669,1703,64,161,7515.79,40
2025-08-25,Paid Search,North America,Search,Paid,Americas,2025,2025-Q3,2025-08,23537.91,448738,23514,932,2588,112855.86,499
2025-08-25,Paid Search,EMEA,Search,Paid,International,2025,2025-Q3,2025-08,17331.5,357526,19009,829,2340,93810.67,490
2025-08-25,Paid Search,APAC,Search,Paid,International,2025,2025-Q3,2025-08,12055.26,230902,10699,514,1249,62593.85,342
2025-08-25,Paid Social,North America,Social,Paid,Americas,2025,2025-Q3,2025-08,19206.16,1622166,20628,420,1137,48090.56,233
2025-08-25,Paid Social,EMEA,Social,Paid,International,2025,2025-Q3,2025-08,14055.77,1132560,12453,280,708,32379.96,173
2025-08-25,Paid Social,APAC,Social,Paid,International,2025,2025-Q3,2025-08,8104.1,613089,6683,141,337,17387.71,84
2025-08-25,Display,North America,Display,Paid,Americas,2025,2025-Q3,2025-08,11742.15,2462617,11523,122,350,12712.05,70
2025-08-25,Display,EMEA,Display,Paid,International,2025,2025-Q3,2025-08,8516.53,1707235,6926,81,210,8777.42,52
2025-08-25,Display,APAC,Display,Paid,International,2025,2025-Q3,2025-08,5281.23,994948,3753,43,104,4984.57,29
2025-08-25,Video,North America,Video,Paid,Americas,2025,2025-Q3,2025-08,14810.93,818194,7599,129,336,14487.38,76
2025-08-25,Video,EMEA,Video,Paid,International,2025,2025-Q3,2025-08,10164.86,524200,4247,77,184,9312.48,50
2025-08-25,Video,APAC,Video,Paid,International,2025,2025-Q3,2025-08,5497.25,265023,2364,37,90,4776.88,20
2025-08-25,Email,North America,CRM,Owned,Americas,2025,2025-Q3,2025-08,13412.71,149044,5302,330,909,44060.83,204
2025-08-25,Email,EMEA,CRM,Owned,International,2025,2025-Q3,2025-08,9173.05,108640,3376,229,570,32961.45,158
2025-08-25,Email,APAC,CRM,Owned,International,2025,2025-Q3,2025-08,5012.6,75276,2468,143,367,22016.19,83
2025-08-25,Organic Search,North America,Search,Earned,Americas,2025,2025-Q3,2025-08,10871.13,188223,6583,357,870,42191.87,228
2025-08-25,Organic Search,EMEA,Search,Earned,International,2025,2025-Q3,2025-08,6569.84,135744,5046,229,557,28959.18,122
2025-08-25,Organic Search,APAC,Search,Earned,International,2025,2025-Q3,2025-08,3644.02,84430,3424,146,382,18336.44,71
2025-08-25,Affiliate,North America,Partner,Paid,Americas,2025,2025-Q3,2025-08,9165.62,211918,4597,177,441,21334.26,115
2025-08-25,Affiliate,EMEA,Partner,Paid,International,2025,2025-Q3,2025-08,5212.52,152746,3137,110,272,14264.16,66
2025-08-25,Affiliate,APAC,Partner,Paid,International,2025,2025-Q3,2025-08,3058.25,100382,2250,69,184,8798.47,34
2025-09-01,Paid Search,North America,Search,Paid,Americas,2025,2025-Q3,2025-09,26018.44,487772,21044,884,2104,110117.07,518
2025-09-01,Paid Search,EMEA,Search,Paid,International,2025,2025-Q3,2025-09,13986.66,244454,11695,423,1095,54227.62,199
2025-09-01,Paid Search,APAC,Search,Paid,International,2025,2025-Q3,2025-09,9904.92,205233,10829,438,1225,48909.32,239
2025-09-01,Paid Social,North America,Social,Paid,Americas,2025,2025-Q3,2025-09,18561.76,1368926,15555,338,830,42986.07,215
2025-09-01,Paid Social,EMEA,Social,Paid,International,2025,2025-Q3,2025-09,11278.13,852944,10761,209,559,25874.93,111
2025-09-01,Paid Social,APAC,Social,Paid,International,2025,2025-Q3,2025-09,8075.21,670829,8696,182,514,21186.66,103
2025-09-01,Display,North America,Display,Paid,Americas,2025,2025-Q3,2025-09,10594.79,1945849,7603,75,188,8987.83,40
2025-09-01,Display,EMEA,Display,Paid,International,2025,2025-Q3,2025-09,6953.59,1385226,6064,60,162,6553.82,31
2025-09-01,Display,APAC,Display,Paid,International,2025,2025-Q3,2025-09,4933.28,1050529,4681,51,142,5246.66,30
2025-09-01,Video,North America,Video,Paid,Americas,2025,2025-Q3,2025-09,12653.94,622840,5818,91,234,11572.94,53
2025-09-01,Video,EMEA,Video,Paid,International,2025,2025-Q3,2025-09,8871.39,488145,5016,79,221,9306.27,42
2025-09-01,Video,APAC,Video,Paid,International,2025,2025-Q3,2025-09,6219.31,338058,3171,55,145,6284.57,32
2025-09-01,Email,North America,CRM,Owned,Americas,2025,2025-Q3,2025-09,10872.74,161735,5457,276,730,41922.99,133
2025-09-01,Email,EMEA,CRM,Owned,International,2025,2025-Q3,2025-09,8035.34,92859,3421,193,549,25428.53,108
2025-09-01,Email,APAC,CRM,Owned,International,2025,2025-Q3,2025-09,5628.21,61952,2092,131,332,17736.45,80
2025-09-01,Organic Search,North America,Search,Earned,Americas,2025,2025-Q3,2025-09,8868.38,203595,8624,386,1038,47271.45,194
2025-09-01,Organic Search,EMEA,Search,Earned,International,2025,2025-Q3,2025-09,6488.12,122748,5061,249,666,28697.31,141
2025-09-01,Organic Search,APAC,Search,Earned,International,2025,2025-Q3,2025-09,4286.04,78204,2800,143,357,17086.86,93
2025-09-01,Affiliate,North America,Partner,Paid,Americas,2025,2025-Q3,2025-09,7453.61,201326,4640,148,408,17871.45,78
2025-09-01,Affiliate,EMEA,Partner,Paid,International,2025,2025-Q3,2025-09,5484.59,124929,2809,99,270,11240.14,59
2025-09-01,Affiliate,APAC,Partner,Paid,International,2025,2025-Q3,2025-09,3813.01,88016,1749,69,168,8461.67,47
2025-09-08,Paid Search,North America,Search,Paid,Americas,2025,2025-Q3,2025-09,24062.97,510877,24696,1028,2721,116204.84,575
2025-09-08,Paid Search,EMEA,Search,Paid,International,2025,2025-Q3,2025-09,17564.42,346892,14590,673,1652,79584.62,426
2025-09-08,Paid Search,APAC,Search,Paid,International,2025,2025-Q3,2025-09,9478.51,175078,7711,309,749,38744.23,174
2025-09-08,Paid Social,North America,Social,Paid,Americas,2025,2025-Q3,2025-09,19544.78,1625999,21771,469,1315,52628.87,273
2025-09-08,Paid Social,EMEA,Social,Paid,International,2025,2025-Q3,2025-09,14112.56,1089488,12695,302,763,36490.38,198
2025-09-08,Paid Social,APAC,Social,Paid,International,2025,2025-Q3,2025-09,8244.25,598748,6951,154,382,19711.83,97
2025-09-08,Display,North America,Display,Paid,Americas,2025,2025-Q3,2025-09,11924.73,2468903,9638,107,271,11271.74,65
2025-09-08,Display,EMEA,Display,Paid,International,2025,2025-Q3,2025-09,7615.27,1477848,5350,59,138,6660.86,36
2025-09-08,Display,APAC,Display,Paid,International,2025,2025-Q3,2025-09,4159.28,751807,3013,30,72,3636.18,15
2025-09-08,Video,North America,Video,Paid,Americas,2025,2025-Q3,2025-09,15053.09,795399,7785,142,380,16605.02,90
2025-09-08,Video,EMEA,Video,Paid,International,2025,2025-Q3,2025-09,9678.34,480407,4110,76,187,9531.41,51
2025-09-08,Video,APAC,Video,Paid,International,2025,2025-Q3,2025-09,5326.75,258403,2464,40,104,5387.63,21
2025-09-08,Email,North America,CRM,Owned,Americas,2025,2025-Q3,2025-09,13577.56,151304,4302,282,670,39510.99,170
2025-09-08,Email,EMEA,CRM,Owned,International,2025,2025-Q3,2025-09,7675.58,108666,3415,177,437,26455.49,89
2025-09-08,Email,APAC,CRM,Owned,International,2025,2025-Q3,2025-09,4524,63811,2195,114,304,16171.8,56
2025-09-08,Organic Search,North America,Search,Earned,Americas,2025,2025-Q3,2025-09,10350.3,190715,7119,404,997,49758.25,272
2025-09-08,Organic Search,EMEA,Search,Earned,International,2025,2025-Q3,2025-09,5856.06,137167,5407,262,666,34531.18,149
2025-09-08,Organic Search,APAC,Search,Earned,International,2025,2025-Q3,2025-09,3688.02,85245,3651,167,454,21630.02,86
2025-09-08,Affiliate,North America,Partner,Paid,Americas,2025,2025-Q3,2025-09,7711.45,212740,4184,138,337,17320.25,80
2025-09-08,Affiliate,EMEA,Partner,Paid,International,2025,2025-Q3,2025-09,4373.33,145493,3130,92,237,12005.77,44
2025-09-08,Affiliate,APAC,Partner,Paid,International,2025,2025-Q3,2025-09,3134.3,79231,1865,60,169,6923.3,32
2025-09-15,Paid Search,North America,Search,Paid,Americas,2025,2025-Q3,2025-09,21682.42,392627,18041,754,1881,97666.84,462
2025-09-15,Paid Search,EMEA,Search,Paid,International,2025,2025-Q3,2025-09,14159.59,275761,14026,546,1482,68295,278
2025-09-15,Paid Search,APAC,Search,Paid,International,2025,2025-Q3,2025-09,10103.01,212627,10470,448,1234,51481.3,259
2025-09-15,Paid Social,North America,Social,Paid,Americas,2025,2025-Q3,2025-09,16488.65,1165447,13932,267,681,35520.96,138
2025-09-15,Paid Social,EMEA,Social,Paid,International,2025,2025-Q3,2025-09,11564.19,925112,12319,246,685,28361.05,132
2025-09-15,Paid Social,APAC,Social,Paid,International,2025,2025-Q3,2025-09,8200.21,671228,8573,188,514,21402.86,113
2025-09-15,Display,North America,Display,Paid,Americas,2025,2025-Q3,2025-09,9538.65,1852973,7780,75,198,8875.67,40
2025-09-15,Display,EMEA,Display,Paid,International,2025,2025-Q3,2025-09,7093.49,1514621,6536,68,189,7220.68,39
2025-09-15,Display,APAC,Display,Paid,International,2025,2025-Q3,2025-09,4999.86,1026642,4048,45,116,4821.25,28
2025-09-15,Video,North America,Video,Paid,Americas,2025,2025-Q3,2025-09,12255.93,613105,6100,92,249,11348.54,47
2025-09-15,Video,EMEA,Video,Paid,International,2025,2025-Q3,2025-09,9029.42,491304,5279,89,256,9920.64,50
2025-09-15,Video,APAC,Video,Paid,International,2025,2025-Q3,2025-09,6308.31,330619,3072,56,138,6648.36,35
2025-09-15,Email,North America,CRM,Owned,Americas,2025,2025-Q3,2025-09,11121.13,153949,5485,297,817,41109.79,155
2025-09-15,Email,EMEA,CRM,Owned,International,2025,2025-Q3,2025-09,8094.88,93598,3061,183,478,24028.14,107
2025-09-15,Email,APAC,CRM,Owned,International,2025,2025-Q3,2025-09,5023.08,62800,1807,104,254,14696.41,64
2025-09-15,Organic Search,North America,Search,Earned,Americas,2025,2025-Q3,2025-09,9048.81,171455,7576,357,1004,41884.36,197
2025-09-15,Organic Search,EMEA,Search,Earned,International,2025,2025-Q3,2025-09,6580.33,112601,4572,240,636,27796.43,147
2025-09-15,Organic Search,APAC,Search,Earned,International,2025,2025-Q3,2025-09,4337.5,79130,2874,155,371,19342.26,100
2025-09-15,Affiliate,North America,Partner,Paid,Americas,2025,2025-Q3,2025-09,7610.68,192064,4194,141,376,16119.8,79
2025-09-15,Affiliate,EMEA,Partner,Paid,International,2025,2025-Q3,2025-09,5552.08,126914,2402,91,223,10832.13,57
2025-09-15,Affiliate,APAC,Partner,Paid,International,2025,2025-Q3,2025-09,2999.08,89092,1790,56,139,7090.98,32
2025-09-22,Paid Search,North America,Search,Paid,Americas,2025,2025-Q3,2025-09,24426.71,498717,25389,1121,3067,128219.47,673
2025-09-22,Paid Search,EMEA,Search,Paid,International,2025,2025-Q3,2025-09,16708.62,317567,14226,686,1693,84280.43,462
2025-09-22,Paid Search,APAC,Search,Paid,International,2025,2025-Q3,2025-09,9658.65,172446,8006,343,869,44722.64,207
2025-09-22,Paid Social,North America,Social,Paid,Americas,2025,2025-Q3,2025-09,19801.67,1576649,17583,400,984,46812.68,249
2025-09-22,Paid Social,EMEA,Social,Paid,International,2025,2025-Q3,2025-09,11857.61,882859,9756,208,498,25927.56,125
2025-09-22,Paid Social,APAC,Social,Paid,International,2025,2025-Q3,2025-09,6544.95,480545,5917,107,281,13533.22,50
2025-09-22,Display,North America,Display,Paid,Americas,2025,2025-Q3,2025-09,11968.15,2373308,9793,116,305,12782.7,76
2025-09-22,Display,EMEA,Display,Paid,International,2025,2025-Q3,2025-09,7244.87,1351013,5169,59,146,6906.63,39
2025-09-22,Display,APAC,Display,Paid,International,2025,2025-Q3,2025-09,4214.36,804472,3429,34,92,4093.62,17
2025-09-22,Video,North America,Video,Paid,Americas,2025,2025-Q3,2025-09,14320.19,731102,6033,109,256,13336.14,64
2025-09-22,Video,EMEA,Video,Paid,International,2025,2025-Q3,2025-09,8054.1,384360,3478,50,127,6534.99,26
2025-09-22,Video,APAC,Video,Paid,International,2025,2025-Q3,2025-09,5097.34,277558,2808,42,120,4741.87,20
2025-09-22,Email,North America,CRM,Owned,Americas,2025,2025-Q3,2025-09,12146.53,151492,4545,293,707,42605.44,193
2025-09-22,Email,EMEA,CRM,Owned,International,2025,2025-Q3,2025-09,7255.32,109587,3647,201,523,31227.59,110
2025-09-22,Email,APAC,CRM,Owned,International,2025,2025-Q3,2025-09,4623,64497,2323,129,358,18882.98,69
2025-09-22,Organic Search,North America,Search,Earned,Americas,2025,2025-Q3,2025-09,8640.71,190673,7198,331,813,42284.33,182
2025-09-22,Organic Search,EMEA,Search,Earned,International,2025,2025-Q3,2025-09,5276.98,123283,5102,223,583,28342.16,108
2025-09-22,Organic Search,APAC,Search,Earned,International,2025,2025-Q3,2025-09,3759.78,68345,3086,149,423,16906.32,82
2025-09-22,Affiliate,North America,Partner,Paid,Americas,2025,2025-Q3,2025-09,6862.39,214890,4482,149,375,19495.73,90
2025-09-22,Affiliate,EMEA,Partner,Paid,International,2025,2025-Q3,2025-09,4481.7,138480,3143,99,266,12725.22,50
2025-09-22,Affiliate,APAC,Partner,Paid,International,2025,2025-Q3,2025-09,3195.44,80573,1795,63,171,7321.96,37
2025-09-29,Paid Search,North America,Search,Paid,Americas,2025,2025-Q3,2025-09,19528.83,357230,17575,652,1709,83232.35,318
2025-09-29,Paid Search,EMEA,Search,Paid,International,2025,2025-Q3,2025-09,14461.65,295409,15792,646,1823,73300.37,356
2025-09-29,Paid Search,APAC,Search,Paid,International,2025,2025-Q3,2025-09,10249.82,207249,10141,455,1211,52789.68,280
2025-09-29,Paid Social,North America,Social,Paid,Americas,2025,2025-Q3,2025-09,15939.19,1251483,16023,308,830,38238.97,164
2025-09-29,Paid Social,EMEA,Social,Paid,International,2025,2025-Q3,2025-09,11810.99,1002653,12424,262,720,29862.05,149
2025-09-29,Paid Social,APAC,Social,Paid,International,2025,2025-Q3,2025-09,8303.87,655893,7408,174,430,20685.95,108
2025-09-29,Display,North America,Display,Paid,Americas,2025,2025-Q3,2025-09,9794.69,1922927,8541,84,233,9219.98,45
2025-09-29,Display,EMEA,Display,Paid,International,2025,2025-Q3,2025-09,7212.21,1517148,6840,75,211,7810.03,43
2025-09-29,Display,APAC,Display,Paid,International,2025,2025-Q3,2025-09,5016.67,986957,3863,45,111,5042.92,31
2025-09-29,Video,North America,Video,Paid,Americas,2025,2025-Q3,2025-09,12519.28,705015,6907,111,309,12704.86,60
2025-09-29,Video,EMEA,Video,Paid,International,2025,2025-Q3,2025-09,9162.21,496001,4437,79,196,9129.18,48
2025-09-29,Video,APAC,Video,Paid,International,2025,2025-Q3,2025-09,5282.53,266453,2216,36,85,4440.09,22
2025-09-29,Email,North America,CRM,Owned,Americas,2025,2025-Q3,2025-09,11333.84,131001,4888,285,814,38055,161
2025-09-29,Email,EMEA,CRM,Owned,International,2025,2025-Q3,2025-09,8220.49,90567,2925,185,479,25299.8,119
2025-09-29,Email,APAC,CRM,Owned,International,2025,2025-Q3,2025-09,5097.59,63494,1947,119,294,17506.25,74
2025-09-29,Organic Search,North America,Search,Earned,Americas,2025,2025-Q3,2025-09,9126.41,164136,6454,323,835,36255.27,188
2025-09-29,Organic Search,EMEA,Search,Earned,International,2025,2025-Q3,2025-09,6263.53,114279,3944,204,493,24732.17,126
2025-09-29,Organic Search,APAC,Search,Earned,International,2025,2025-Q3,2025-09,3355.52,79293,3059,135,334,17522.64,68
2025-09-29,Affiliate,North America,Partner,Paid,Americas,2025,2025-Q3,2025-09,7728.22,176207,4028,145,398,16690.18,88
2025-09-29,Affiliate,EMEA,Partner,Paid,International,2025,2025-Q3,2025-09,5285.39,128564,2595,102,253,12652.42,69
2025-09-29,Affiliate,APAC,Partner,Paid,International,2025,2025-Q3,2025-09,3057.05,89160,1880,63,162,8306.02,37
2025-10-06,Paid Search,North America,Search,Paid,Americas,2025,2025-Q4,2025-10,24766.11,483510,20635,968,2317,115742.3,624
2025-10-06,Paid Search,EMEA,Search,Paid,International,2025,2025-Q4,2025-10,13864.74,253808,11328,464,1133,59120.19,267
2025-10-06,Paid Search,APAC,Search,Paid,International,2025,2025-Q4,2025-10,8239.87,156434,7755,292,778,35590.92,144
2025-10-06,Paid Social,North America,Social,Paid,Americas,2025,2025-Q4,2025-10,18877.28,1446107,17183,409,1048,49775.21,273
2025-10-06,Paid Social,EMEA,Social,Paid,International,2025,2025-Q4,2025-10,11306.38,813268,9493,213,531,27598.74,134
2025-10-06,Paid Social,APAC,Social,Paid,International,2025,2025-Q4,2025-10,6719.06,519368,6777,131,359,16538.42,69
2025-10-06,Display,North America,Display,Paid,Americas,2025,2025-Q4,2025-10,10748.94,2054455,7574,80,187,9116.24,46
2025-10-06,Display,EMEA,Display,Paid,International,2025,2025-Q4,2025-10,5750.98,1025291,4188,37,98,4326.19,17
2025-10-06,Display,APAC,Display,Paid,International,2025,2025-Q4,2025-10,4088.16,865225,3900,39,110,3993.11,20
2025-10-06,Video,North America,Video,Paid,Americas,2025,2025-Q4,2025-10,12812.82,629510,5460,98,239,12381.36,62
2025-10-06,Video,EMEA,Video,Paid,International,2025,2025-Q4,2025-10,7721.83,388409,3760,58,154,7515.85,30
2025-10-06,Video,APAC,Video,Paid,International,2025,2025-Q4,2025-10,5210.35,280965,2803,47,129,5658.73,27
2025-10-06,Email,North America,CRM,Owned,Americas,2025,2025-Q4,2025-10,10114.59,153107,4887,255,640,38516.78,130
2025-10-06,Email,EMEA,CRM,Owned,International,2025,2025-Q4,2025-10,6638.08,93351,3251,172,464,24541.14,87
2025-10-06,Email,APAC,CRM,Owned,International,2025,2025-Q4,2025-10,4714.89,52264,1878,110,306,14153.49,65
2025-10-06,Organic Search,North America,Search,Earned,Americas,2025,2025-Q4,2025-10,8184.53,192798,7713,355,916,47221.44,205
2025-10-06,Organic Search,EMEA,Search,Earned,International,2025,2025-Q4,2025-10,5408.41,117609,5096,237,650,29709.78,126
2025-10-06,Organic Search,APAC,Search,Earned,International,2025,2025-Q4,2025-10,3835.5,68998,2768,141,383,15973.69,84
2025-10-06,Affiliate,North America,Partner,Paid,Americas,2025,2025-Q4,2025-10,6192.36,193456,4239,127,329,16516.77,61
2025-10-06,Affiliate,EMEA,Partner,Paid,International,2025,2025-Q4,2025-10,4582.18,111064,2656,87,246,9788.69,46
2025-10-06,Affiliate,APAC,Partner,Paid,International,2025,2025-Q4,2025-10,3245.57,74095,1625,59,151,6883.81,36
2025-10-13,Paid Search,North America,Search,Paid,Americas,2025,2025-Q4,2025-10,20087.38,404932,20826,825,2262,99492.41,436
2025-10-13,Paid Search,EMEA,Search,Paid,International,2025,2025-Q4,2025-10,14802.89,308000,14502,627,1682,70188.68,368
2025-10-13,Paid Search,APAC,Search,Paid,International,2025,2025-Q4,2025-10,9695.03,188428,8151,370,932,44666.29,232
2025-10-13,Paid Social,North America,Social,Paid,Americas,2025,2025-Q4,2025-10,16354.01,1289601,17406,354,988,41458.47,194
2025-10-13,Paid Social,EMEA,Social,Paid,International,2025,2025-Q4,2025-10,12035.58,981317,12826,285,749,32845.86,173
2025-10-13,Paid Social,APAC,Social,Paid,International,2025,2025-Q4,2025-10,8337,631972,6829,167,397,20791.78,106
2025-10-13,Display,North America,Display,Paid,Americas,2025,2025-Q4,2025-10,10049.19,2193024,9042,93,256,9674.13,52
2025-10-13,Display,EMEA,Display,Paid,International,2025,2025-Q4,2025-10,7335.43,1488597,5590,66,164,7166.36,42
2025-10-13,Display,APAC,Display,Paid,International,2025,2025-Q4,2025-10,3959.2,750063,2797,28,67,3233.36,16
2025-10-13,Video,North America,Video,Paid,Americas,2025,2025-Q4,2025-10,12785.74,714984,7326,125,348,14037.21,74
2025-10-13,Video,EMEA,Video,Paid,International,2025,2025-Q4,2025-10,9232.42,478716,4249,78,196,9427.27,50
2025-10-13,Video,APAC,Video,Paid,International,2025,2025-Q4,2025-10,5394.22,261212,2315,40,99,5115.1,26
2025-10-13,Email,North America,CRM,Owned,Americas,2025,2025-Q4,2025-10,11551.57,126987,3940,240,622,31973.61,144
2025-10-13,Email,EMEA,CRM,Owned,International,2025,2025-Q4,2025-10,7377.96,92132,2697,159,375,22744.66,95
2025-10-13,Email,APAC,CRM,Owned,International,2025,2025-Q4,2025-10,4029.4,64256,2075,105,269,16129.37,50
2025-10-13,Organic Search,North America,Search,Earned,Americas,2025,2025-Q4,2025-10,9309.04,159440,6583,350,936,40952.73,218
2025-10-13,Organic Search,EMEA,Search,Earned,International,2025,2025-Q4,2025-10,5986.09,116045,4275,236,572,29790.81,156
2025-10-13,Organic Search,APAC,Search,Earned,International,2025,2025-Q4,2025-10,3451.26,80311,3246,151,397,20258.94,76
2025-10-13,Affiliate,North America,Partner,Paid,Americas,2025,2025-Q4,2025-10,7851.32,179627,3275,125,300,15082.37,76
2025-10-13,Affiliate,EMEA,Partner,Paid,International,2025,2025-Q4,2025-10,4400.03,129378,2614,78,194,10053.73,38
2025-10-13,Affiliate,APAC,Partner,Paid,International,2025,2025-Q4,2025-10,2615.89,75774,1679,50,134,6081.64,25
2025-10-20,Paid Search,North America,Search,Paid,Americas,2025,2025-Q4,2025-10,22321.98,420412,19122,899,2252,111061.13,614
2025-10-20,Paid Search,EMEA,Search,Paid,International,2025,2025-Q4,2025-10,13324.93,244934,11595,494,1273,65263.76,293
2025-10-20,Paid Search,APAC,Search,Paid,International,2025,2025-Q4,2025-10,8488.49,168394,8823,354,982,43427.99,188
2025-10-20,Paid Social,North America,Social,Paid,Americas,2025,2025-Q4,2025-10,16840.92,1243106,13797,276,670,34906.56,156
2025-10-20,Paid Social,EMEA,Social,Paid,International,2025,2025-Q4,2025-10,9683.9,703424,8766,161,428,19627.83,78
2025-10-20,Paid Social,APAC,Social,Paid,International,2025,2025-Q4,2025-10,6845.16,574388,7861,163,461,18072.24,91
2025-10-20,Display,North America,Display,Paid,Americas,2025,2025-Q4,2025-10,9649.62,1782117,6916,75,191,8868.1,46
2025-10-20,Display,EMEA,Display,Paid,International,2025,2025-Q4,2025-10,5941.61,1179797,5123,48,133,5528.15,25
2025-10-20,Display,APAC,Display,Paid,International,2025,2025-Q4,2025-10,4194.4,877521,3682,39,108,4234.91,23
2025-10-20,Video,North America,Video,Paid,Americas,2025,2025-Q4,2025-10,10839.54,510863,4704,70,177,9251.17,36
2025-10-20,Video,EMEA,Video,Paid,International,2025,2025-Q4,2025-10,7532.35,402262,4128,65,181,7471.54,35
2025-10-20,Video,APAC,Video,Paid,International,2025,2025-Q4,2025-10,5334.37,293560,2888,49,135,5522.26,30
2025-10-20,Email,North America,CRM,Owned,Americas,2025,2025-Q4,2025-10,9750.71,155178,5237,279,733,41846.81,153
2025-10-20,Email,EMEA,CRM,Owned,International,2025,2025-Q4,2025-10,6827.71,89555,3128,176,486,25038.33,97
2025-10-20,Email,APAC,CRM,Owned,International,2025,2025-Q4,2025-10,4817.63,52994,1681,105,275,14094.83,67
2025-10-20,Organic Search,North America,Search,Earned,Americas,2025,2025-Q4,2025-10,7524.38,164980,6910,304,819,38535.7,152
2025-10-20,Organic Search,EMEA,Search,Earned,International,2025,2025-Q4,2025-10,5550.2,94546,4339,215,613,23729,122
2025-10-20,Organic Search,APAC,Search,Earned,International,2025,2025-Q4,2025-10,3919.85,67218,2664,144,355,17107.13,93
2025-10-20,Affiliate,North America,Partner,Paid,Americas,2025,2025-Q4,2025-10,6386.71,185571,4260,134,366,16689.51,70
2025-10-20,Affiliate,EMEA,Partner,Paid,International,2025,2025-Q4,2025-10,4703.37,112811,2398,85,227,9546.73,51
2025-10-20,Affiliate,APAC,Partner,Paid,International,2025,2025-Q4,2025-10,2887.84,75679,1472,51,126,6194,32
2025-10-27,Paid Search,North America,Search,Paid,Americas,2025,2025-Q4,2025-10,22190.46,442642,23888,989,2804,115024.43,552
2025-10-27,Paid Search,EMEA,Search,Paid,International,2025,2025-Q4,2025-10,16243.25,326327,16351,743,1912,86824.69,462
2025-10-27,Paid Search,APAC,Search,Paid,International,2025,2025-Q4,2025-10,10674.64,199875,8650,417,999,52027.88,258
2025-10-27,Paid Social,North America,Social,Paid,Americas,2025,2025-Q4,2025-10,18051.62,1519030,18138,386,1029,42759.12,221
2025-10-27,Paid Social,EMEA,Social,Paid,International,2025,2025-Q4,2025-10,12327.59,969979,10623,240,603,28622.29,148
2025-10-27,Paid Social,APAC,Social,Paid,International,2025,2025-Q4,2025-10,6801.95,498202,5647,110,271,14023.73,63
2025-10-27,Display,North America,Display,Paid,Americas,2025,2025-Q4,2025-10,11031.74,2323006,10156,111,303,11619.34,67
2025-10-27,Display,EMEA,Display,Paid,International,2025,2025-Q4,2025-10,7957.31,1553965,5916,71,175,7973.82,47
2025-10-27,Display,APAC,Display,Paid,International,2025,2025-Q4,2025-10,4444.18,811950,3206,36,89,4296.26,22
2025-10-27,Video,North America,Video,Paid,Americas,2025,2025-Q4,2025-10,13899.9,746783,6466,115,295,13398.28,71
2025-10-27,Video,EMEA,Video,Paid,International,2025,2025-Q4,2025-10,8501.31,425166,3574,60,144,7452.11,35
2025-10-27,Video,APAC,Video,Paid,International,2025,2025-Q4,2025-10,4632.01,226740,2121,31,79,3930.19,15
2025-10-27,Email,North America,CRM,Owned,Americas,2025,2025-Q4,2025-10,12554.57,138386,4599,295,775,40644.14,188
2025-10-27,Email,EMEA,CRM,Owned,International,2025,2025-Q4,2025-10,7700.71,100708,3090,193,479,28628.15,123
2025-10-27,Email,APAC,CRM,Owned,International,2025,2025-Q4,2025-10,4472.95,69486,2359,129,340,19623.05,62
2025-10-27,Organic Search,North America,Search,Earned,Americas,2025,2025-Q4,2025-10,9621.34,174751,6115,322,754,39317.21,186
2025-10-27,Organic Search,EMEA,Search,Earned,International,2025,2025-Q4,2025-10,5533,126823,4891,207,524,27119.64,106
2025-10-27,Organic Search,APAC,Search,Earned,International,2025,2025-Q4,2025-10,3405.78,70485,2978,132,356,15740.41,66
2025-10-27,Affiliate,North America,Partner,Paid,Americas,2025,2025-Q4,2025-10,7676.57,196818,3777,143,344,17870.07,94
2025-10-27,Affiliate,EMEA,Partner,Paid,International,2025,2025-Q4,2025-10,4643.2,141172,3008,98,254,13010.81,55
2025-10-27,Affiliate,APAC,Partner,Paid,International,2025,2025-Q4,2025-10,2893.66,84056,1957,63,172,8029.25,32
2025-11-03,Paid Search,North America,Search,Paid,Americas,2025,2025-Q4,2025-11,26610.73,482620,21646,828,2046,106591.67,432
2025-11-03,Paid Search,EMEA,Search,Paid,International,2025,2025-Q4,2025-11,16264.95,305761,15413,592,1586,69753.71,301
2025-11-03,Paid Search,APAC,Search,Paid,International,2025,2025-Q4,2025-11,11561.84,244762,12692,530,1473,58368.93,303
2025-11-03,Paid Social,North America,Social,Paid,Americas,2025,2025-Q4,2025-11,20069.94,1427921,16940,358,914,46881.43,210
2025-11-03,Paid Social,EMEA,Social,Paid,International,2025,2025-Q4,2025-11,13255.5,1060118,13985,276,763,33605.36,145
2025-11-03,Paid Social,APAC,Social,Paid,International,2025,2025-Q4,2025-11,9330.07,770114,9304,200,543,23283.45,119
2025-11-03,Display,North America,Display,Paid,Americas,2025,2025-Q4,2025-11,10954.64,2043079,8471,77,203,9005.89,37
2025-11-03,Display,EMEA,Display,Paid,International,2025,2025-Q4,2025-11,8041.77,1677341,7663,78,221,8125.79,44
2025-11-03,Display,APAC,Display,Paid,International,2025,2025-Q4,2025-11,5692.32,1173976,4851,54,143,5707.65,32
2025-11-03,Video,North America,Video,Paid,Americas,2025,2025-Q4,2025-11,14006.67,733014,7229,108,289,13434.76,57
2025-11-03,Video,EMEA,Video,Paid,International,2025,2025-Q4,2025-11,10267.36,566410,5397,89,243,10412.89,49
2025-11-03,Video,APAC,Video,Paid,International,2025,2025-Q4,2025-11,7226.01,380783,3315,59,154,6959.11,37
2025-11-03,Email,North America,CRM,Owned,Americas,2025,2025-Q4,2025-11,12628.22,166217,5865,310,850,44228.63,160
2025-11-03,Email,EMEA,CRM,Owned,International,2025,2025-Q4,2025-11,9286.78,101879,3701,220,618,28671.97,130
2025-11-03,Email,APAC,CRM,Owned,International,2025,2025-Q4,2025-11,6479.16,72064,2273,149,361,20910.49,100
2025-11-03,Organic Search,North America,Search,Earned,Americas,2025,2025-Q4,2025-11,10282.96,210158,8826,409,1134,49827.84,220
2025-11-03,Organic Search,EMEA,Search,Earned,International,2025,2025-Q4,2025-11,7534.36,128838,4911,254,670,29157.06,154
2025-11-03,Organic Search,APAC,Search,Earned,International,2025,2025-Q4,2025-11,4342.26,91019,3271,155,377,19075.65,92
2025-11-03,Affiliate,North America,Partner,Paid,Americas,2025,2025-Q4,2025-11,8708.1,208801,5056,171,483,19539.83,97
2025-11-03,Affiliate,EMEA,Partner,Paid,International,2025,2025-Q4,2025-11,6322.77,145912,3062,114,292,13442.99,71
2025-11-03,Affiliate,APAC,Partner,Paid,International,2025,2025-Q4,2025-11,3921.73,102297,2021,72,176,9050.89,43
2025-11-10,Paid Search,North America,Search,Paid,Americas,2025,2025-Q4,2025-11,28393.98,584267,26272,1148,2989,129903.03,682
2025-11-10,Paid Search,EMEA,Search,Paid,International,2025,2025-Q4,2025-11,18134.98,349105,14571,639,1545,77344.95,386
2025-11-10,Paid Search,APAC,Search,Paid,International,2025,2025-Q4,2025-11,9874.33,177049,8170,302,758,39349.12,158
2025-11-10,Paid Social,North America,Social,Paid,Americas,2025,2025-Q4,2025-11,22891.44,1847903,23087,523,1394,60837.25,322
2025-11-10,Paid Social,EMEA,Social,Paid,International,2025,2025-Q4,2025-11,15657.31,1177517,12892,308,733,38238.59,204
2025-11-10,Paid Social,APAC,Social,Paid,International,2025,2025-Q4,2025-11,8570.43,601323,7282,149,383,19795.22,83
2025-11-10,Display,North America,Display,Paid,Americas,2025,2025-Q4,2025-11,13950,2799526,10114,118,292,12893.73,75
2025-11-10,Display,EMEA,Display,Paid,International,2025,2025-Q4,2025-11,7892.36,1481888,5599,58,140,6761.51,34
2025-11-10,Display,APAC,Display,Paid,International,2025,2025-Q4,2025-11,4686.35,912285,3836,35,97,3904.63,16
2025-11-10,Video,North America,Video,Paid,Americas,2025,2025-Q4,2025-11,17689.55,907724,8207,155,391,18783.06,102
2025-11-10,Video,EMEA,Video,Paid,International,2025,2025-Q4,2025-11,10080.86,483524,4348,75,191,9707.96,47
2025-11-10,Video,APAC,Video,Paid,International,2025,2025-Q4,2025-11,5986.49,296718,2955,45,121,5636.76,23
2025-11-10,Email,North America,CRM,Owned,Americas,2025,2025-Q4,2025-11,14190.19,176931,5262,314,750,45326.35,173
2025-11-10,Email,EMEA,CRM,Owned,International,2025,2025-Q4,2025-11,8056.94,120861,3944,192,499,28642.5,94
2025-11-10,Email,APAC,CRM,Owned,International,2025,2025-Q4,2025-11,5393.49,65824,2353,129,354,17105.21,69
2025-11-10,Organic Search,North America,Search,Earned,Americas,2025,2025-Q4,2025-11,10799.33,222763,8251,431,1057,54912.59,271
2025-11-10,Organic Search,EMEA,Search,Earned,International,2025,2025-Q4,2025-11,6506.14,159429,6536,296,782,38527.84,154
2025-11-10,Organic Search,APAC,Search,Earned,International,2025,2025-Q4,2025-11,4388.23,88588,3957,190,530,23439.32,103
2025-11-10,Affiliate,North America,Partner,Paid,Americas,2025,2025-Q4,2025-11,7970.82,250113,5130,156,391,20317.82,78
2025-11-10,Affiliate,EMEA,Partner,Paid,International,2025,2025-Q4,2025-11,5227.5,151082,3391,103,279,12618.1,52
2025-11-10,Affiliate,APAC,Partner,Paid,International,2025,2025-Q4,2025-11,3713.36,84401,1967,67,187,7428.77,38
2025-11-17,Paid Search,North America,Search,Paid,Americas,2025,2025-Q4,2025-11,24520.11,449510,21629,875,2267,111982.07,486
2025-11-17,Paid Search,EMEA,Search,Paid,International,2025,2025-Q4,2025-11,17169.5,351564,18597,756,2115,89828.25,411
2025-11-17,Paid Search,APAC,Search,Paid,International,2025,2025-Q4,2025-11,12026.57,243426,11773,522,1383,60042.24,319
2025-11-17,Paid Social,North America,Social,Paid,Americas,2025,2025-Q4,2025-11,18911.27,1432817,18179,345,918,42196.93,172
2025-11-17,Paid Social,EMEA,Social,Paid,International,2025,2025-Q4,2025-11,13960.92,1154649,16011,333,955,37487.61,189
2025-11-17,Paid Social,APAC,Social,Paid,International,2025,2025-Q4,2025-11,9769.23,776318,9208,210,546,24638.91,132
2025-11-17,Display,North America,Display,Paid,Americas,2025,2025-Q4,2025-11,11596.28,2382960,10464,102,281,11318.49,52
2025-11-17,Display,EMEA,Display,Paid,International,2025,2025-Q4,2025-11,8475.24,1797964,7610,82,221,8706.37,48
2025-11-17,Display,APAC,Display,Paid,International,2025,2025-Q4,2025-11,5599.35,1109928,4101,45,116,4962.66,29
2025-11-17,Video,North America,Video,Paid,Americas,2025,2025-Q4,2025-11,14658,771336,8024,127,357,14851.66,69
2025-11-17,Video,EMEA,Video,Paid,International,2025,2025-Q4,2025-11,10773.49,585841,5837,102,264,11646.48,61
2025-11-17,Video,APAC,Video,Paid,International,2025,2025-Q4,2025-11,7484.74,378209,3149,62,145,7652.99,39
2025-11-17,Email,North America,CRM,Owned,Americas,2025,2025-Q4,2025-11,13310.29,172668,5795,327,891,44692.71,182
2025-11-17,Email,EMEA,CRM,Owned,International,2025,2025-Q4,2025-11,9726.27,107090,3238,204,521,27739.72,129
2025-11-17,Email,APAC,CRM,Owned,International,2025,2025-Q4,2025-11,5244.48,75450,2296,123,298,17879.68,71
2025-11-17,Organic Search,North America,Search,Earned,Americas,2025,2025-Q4,2025-11,10814.68,184420,8062,400,1117,44573.01,235
2025-11-17,Organic Search,EMEA,Search,Earned,International,2025,2025-Q4,2025-11,7832.96,135453,5134,282,707,33848.58,183
2025-11-17,Organic Search,APAC,Search,Earned,International,2025,2025-Q4,2025-11,4566.46,94942,3592,179,443,22909.36,106
2025-11-17,Affiliate,North America,Partner,Paid,Americas,2025,2025-Q4,2025-11,9139.96,208253,4200,151,390,17191.05,91
2025-11-17,Affiliate,EMEA,Partner,Paid,International,2025,2025-Q4,2025-11,5839.27,152752,2901,100,244,12239.82,60
2025-11-17,Affiliate,APAC,Partner,Paid,International,2025,2025-Q4,2025-11,3182.55,106542,2232,67,168,8806.13,35
2025-11-24,Paid Search,North America,Search,Paid,Americas,2025,2025-Q4,2025-11,29692.71,584343,27741,1287,3347,152406.48,820
2025-11-24,Paid Search,EMEA,Search,Paid,International,2025,2025-Q4,2025-11,19112.16,353476,15591,716,1740,90114.76,466
2025-11-24,Paid Search,APAC,Search,Paid,International,2025,2025-Q4,2025-11,10531.07,190283,9341,369,972,50071.5,197
2025-11-24,Paid Social,North America,Social,Paid,Americas,2025,2025-Q4,2025-11,22634.2,1752590,18402,421,1011,50826.01,268
2025-11-24,Paid Social,EMEA,Social,Paid,International,2025,2025-Q4,2025-11,12700.04,919277,10624,206,515,26556.74,110
2025-11-24,Paid Social,APAC,Social,Paid,International,2025,2025-Q4,2025-11,8125.07,639099,8262,160,435,18920.86,83
2025-11-24,Display,North America,Display,Paid,Americas,2025,2025-Q4,2025-11,13795.49,2664700,10250,121,299,13681.08,82
2025-11-24,Display,EMEA,Display,Paid,International,2025,2025-Q4,2025-11,7819.51,1408359,5674,61,156,7399.26,36
2025-11-24,Display,APAC,Display,Paid,International,2025,2025-Q4,2025-11,4920.79,958166,4259,43,117,4842.98,23
2025-11-24,Video,North America,Video,Paid,Americas,2025,2025-Q4,2025-11,15484.3,766253,6552,103,247,12952.81,57
2025-11-24,Video,EMEA,Video,Paid,International,2025,2025-Q4,2025-11,8895.12,433406,4130,60,159,7322.89,30
2025-11-24,Video,APAC,Video,Paid,International,2025,2025-Q4,2025-11,6288.41,354770,3706,59,168,6543.94,33
2025-11-24,Email,North America,CRM,Owned,Americas,2025,2025-Q4,2025-11,13136.74,185451,5856,350,869,52597.45,210
2025-11-24,Email,EMEA,CRM,Owned,International,2025,2025-Q4,2025-11,8082.28,126472,4358,226,608,33373.03,112
2025-11-24,Email,APAC,CRM,Owned,International,2025,2025-Q4,2025-11,5705.44,69467,2478,144,409,20071.04,81
2025-11-24,Organic Search,North America,Search,Earned,Americas,2025,2025-Q4,2025-11,9416.46,233134,9177,397,1017,52731.39,194
2025-11-24,Organic Search,EMEA,Search,Earned,International,2025,2025-Q4,2025-11,6540.9,132707,5698,260,706,30979.84,135
2025-11-24,Organic Search,APAC,Search,Earned,International,2025,2025-Q4,2025-11,4632.37,79105,3314,168,457,18967.33,99
2025-11-24,Affiliate,North America,Partner,Paid,Americas,2025,2025-Q4,2025-11,7921.01,259581,5635,185,477,23935.76,102
2025-11-24,Affiliate,EMEA,Partner,Paid,International,2025,2025-Q4,2025-11,5543.91,158644,3756,124,345,15076.37,68
2025-11-24,Affiliate,APAC,Partner,Paid,International,2025,2025-Q4,2025-11,3881.11,88501,1919,68,184,7870.59,42
2025-12-01,Paid Search,North America,Search,Paid,Americas,2025,2025-Q4,2025-12,24785.62,484296,24790,968,2631,114560.56,503
2025-12-01,Paid Search,EMEA,Search,Paid,International,2025,2025-Q4,2025-12,18240.28,381389,20023,856,2395,95505.98,495
2025-12-01,Paid Search,APAC,Search,Paid,International,2025,2025-Q4,2025-12,12732.89,248545,11181,526,1320,62912.53,341
2025-12-01,Paid Social,North America,Social,Paid,Americas,2025,2025-Q4,2025-12,20187.06,1666965,22203,445,1239,52454.37,239
2025-12-01,Paid Social,EMEA,Social,Paid,International,2025,2025-Q4,2025-12,14681.63,1198359,14586,319,842,36403.04,194
2025-12-01,Paid Social,APAC,Social,Paid,International,2025,2025-Q4,2025-12,9121.16,697132,7416,163,397,19857.74,105
2025-12-01,Display,North America,Display,Paid,Americas,2025,2025-Q4,2025-12,12350.02,2539393,11757,120,345,12679.22,66
2025-12-01,Display,EMEA,Display,Paid,International,2025,2025-Q4,2025-12,8972.04,1831878,7692,87,222,9318.31,53
2025-12-01,Display,APAC,Display,Paid,International,2025,2025-Q4,2025-12,5916.14,1125927,4188,50,120,5749.7,32
2025-12-01,Video,North America,Video,Paid,Americas,2025,2025-Q4,2025-12,15620.23,873914,8400,140,374,16012.36,81
2025-12-01,Video,EMEA,Video,Paid,International,2025,2025-Q4,2025-12,10708.97,559551,4687,82,203,9733.38,51
2025-12-01,Video,APAC,Video,Paid,International,2025,2025-Q4,2025-12,5736.85,279340,2454,37,90,4684.62,21
2025-12-01,Email,North America,CRM,Owned,Americas,2025,2025-Q4,2025-12,14121.22,155071,5367,325,879,42781.02,193
2025-12-01,Email,EMEA,CRM,Owned,International,2025,2025-Q4,2025-12,10184.31,113347,3464,231,568,32821.84,156
2025-12-01,Email,APAC,CRM,Owned,International,2025,2025-Q4,2025-12,5586.88,79425,2561,144,362,21759.86,81
2025-12-01,Organic Search,North America,Search,Earned,Americas,2025,2025-Q4,2025-12,11451.72,196012,7117,375,951,43605.21,231
2025-12-01,Organic Search,EMEA,Search,Earned,International,2025,2025-Q4,2025-12,6858.92,143381,5238,250,601,31127.82,141
2025-12-01,Organic Search,APAC,Search,Earned,International,2025,2025-Q4,2025-12,3774.08,93543,3743,155,400,19952.39,77
2025-12-01,Affiliate,North America,Partner,Paid,Americas,2025,2025-Q4,2025-12,9605.95,221372,4725,179,466,21184.83,114
2025-12-01,Affiliate,EMEA,Partner,Paid,International,2025,2025-Q4,2025-12,6184.55,161081,3225,117,287,14882.68,75
2025-12-01,Affiliate,APAC,Partner,Paid,International,2025,2025-Q4,2025-12,3410.64,111077,2458,77,207,10499,38
2025-12-08,Paid Search,North America,Search,Paid,Americas,2025,2025-Q4,2025-12,27886.24,531289,22489,1001,2358,122728.46,622
2025-12-08,Paid Search,EMEA,Search,Paid,International,2025,2025-Q4,2025-12,15787.64,280170,13126,494,1253,65005.56,250
2025-12-08,Paid Search,APAC,Search,Paid,International,2025,2025-Q4,2025-12,10699.28,216281,11262,450,1240,51761.75,240
2025-12-08,Paid Social,North America,Social,Paid,Americas,2025,2025-Q4,2025-12,22626.13,1686416,18694,446,1077,55843.56,300
2025-12-08,Paid Social,EMEA,Social,Paid,International,2025,2025-Q4,2025-12,12908.39,939690,11605,238,620,32039.52,134
2025-12-08,Paid Social,APAC,Social,Paid,International,2025,2025-Q4,2025-12,8609.9,674994,9109,186,527,22168.28,104
2025-12-08,Display,North America,Display,Paid,Americas,2025,2025-Q4,2025-12,12122.53,2256438,8636,82,202,9647.82,43
2025-12-08,Display,EMEA,Display,Paid,International,2025,2025-Q4,2025-12,7487.11,1441452,6204,59,159,6402.66,29
2025-12-08,Display,APAC,Display,Paid,International,2025,2025-Q4,2025-12,5265.4,1146832,5051,53,146,5314.5,30
2025-12-08,Video,North America,Video,Paid,Americas,2025,2025-Q4,2025-12,14480.36,692160,6321,104,267,13611.73,61
2025-12-08,Video,EMEA,Video,Paid,International,2025,2025-Q4,2025-12,9447.51,484799,4895,77,210,9353.04,40
2025-12-08,Video,APAC,Video,Paid,International,2025,2025-Q4,2025-12,6728.11,373159,3653,62,174,7213.97,37
2025-12-08,Email,North America,CRM,Owned,Americas,2025,2025-Q4,2025-12,11696.31,185452,6133,308,795,46536.86,145
2025-12-08,Email,EMEA,CRM,Owned,International,2025,2025-Q4,2025-12,8587.19,104781,3792,211,585,28300.78,113
2025-12-08,Email,APAC,CRM,Owned,International,2025,2025-Q4,2025-12,6078.25,66836,2201,134,358,17898.26,82
2025-12-08,Organic Search,North America,Search,Earned,Americas,2025,2025-Q4,2025-12,9432.5,233172,9662,445,1172,56342.41,236
2025-12-08,Organic Search,EMEA,Search,Earned,International,2025,2025-Q4,2025-12,6998.84,141133,6070,293,830,34743.2,162
2025-12-08,Organic Search,APAC,Search,Earned,International,2025,2025-Q4,2025-12,4926.08,84422,3302,176,454,20762.11,112
2025-12-08,Affiliate,North America,Partner,Paid,Americas,2025,2025-Q4,2025-12,8049.12,218075,4959,154,419,18943.35,78
2025-12-08,Affiliate,EMEA,Partner,Paid,International,2025,2025-Q4,2025-12,5919.51,134686,3157,110,310,12357.71,65
2025-12-08,Affiliate,APAC,Partner,Paid,International,2025,2025-Q4,2025-12,4130.06,94513,1911,74,175,8899.87,48
2025-12-15,Paid Search,North America,Search,Paid,Americas,2025,2025-Q4,2025-12,26695.55,559424,28242,1161,3266,133990.17,641
2025-12-15,Paid Search,EMEA,Search,Paid,International,2025,2025-Q4,2025-12,19520.54,390605,18043,810,2077,94221.67,497
2025-12-15,Paid Search,APAC,Search,Paid,International,2025,2025-Q4,2025-12,11281.05,211995,9099,385,916,47746.59,236
2025-12-15,Paid Social,North America,Social,Paid,Americas,2025,2025-Q4,2025-12,21695.28,1772063,24681,525,1520,59941.64,302
2025-12-15,Paid Social,EMEA,Social,Paid,International,2025,2025-Q4,2025-12,15722.63,1237228,14922,346,857,41043.71,222
2025-12-15,Paid Social,APAC,Social,Paid,International,2025,2025-Q4,2025-12,9763.3,717134,8126,189,461,23949.28,113
2025-12-15,Display,North America,Display,Paid,Americas,2025,2025-Q4,2025-12,13136.67,2755661,11157,120,315,12489.45,70
2025-12-15,Display,EMEA,Display,Paid,International,2025,2025-Q4,2025-12,8464.04,1661728,5873,64,154,7116.21,41
2025-12-15,Display,APAC,Display,Paid,International,2025,2025-Q4,2025-12,4561.96,833840,3290,31,79,3715.54,17
2025-12-15,Video,North America,Video,Paid,Americas,2025,2025-Q4,2025-12,16726.46,900379,8584,152,401,17558.81,93
2025-12-15,Video,EMEA,Video,Paid,International,2025,2025-Q4,2025-12,11444.94,573966,4841,90,214,11164.61,59
2025-12-15,Video,APAC,Video,Paid,International,2025,2025-Q4,2025-12,6194.5,291951,2723,43,111,5658.67,25
2025-12-15,Email,North America,CRM,Owned,Americas,2025,2025-Q4,2025-12,15093.94,166338,4844,309,762,42613.57,196
2025-12-15,Email,EMEA,CRM,Owned,International,2025,2025-Q4,2025-12,8467.95,121132,3743,200,492,29359.9,108
2025-12-15,Email,APAC,CRM,Owned,International,2025,2025-Q4,2025-12,5007.98,74707,2516,126,334,18367.74,61
2025-12-15,Organic Search,North America,Search,Earned,Americas,2025,2025-Q4,2025-12,12127.56,209858,8097,453,1145,54977.29,301
2025-12-15,Organic Search,EMEA,Search,Earned,International,2025,2025-Q4,2025-12,7360.56,151258,5862,295,734,38184.05,180
2025-12-15,Organic Search,APAC,Search,Earned,International,2025,2025-Q4,2025-12,4086.28,99483,4201,187,503,25039.36,95
2025-12-15,Affiliate,North America,Partner,Paid,Americas,2025,2025-Q4,2025-12,9075.07,237023,4577,158,379,19547.09,87
2025-12-15,Affiliate,EMEA,Partner,Paid,International,2025,2025-Q4,2025-12,5142.6,160438,3399,96,247,12255.1,46
2025-12-15,Affiliate,APAC,Partner,Paid,International,2025,2025-Q4,2025-12,3443.39,88223,2047,66,181,7549.05,35
2025-12-22,Paid Search,North America,Search,Paid,Americas,2025,2025-Q4,2025-12,28173.51,515819,23269,1076,2636,136843.67,701
2025-12-22,Paid Search,EMEA,Search,Paid,International,2025,2025-Q4,2025-12,16180.02,303667,15194,600,1606,78313.86,320
2025-12-22,Paid Search,APAC,Search,Paid,International,2025,2025-Q4,2025-12,11442.55,229611,11802,497,1413,60356.05,282
2025-12-22,Paid Social,North America,Social,Paid,Americas,2025,2025-Q4,2025-12,19989.12,1432467,16798,310,779,40428.35,153
2025-12-22,Paid Social,EMEA,Social,Paid,International,2025,2025-Q4,2025-12,13100.46,1021753,13418,266,725,30430.29,139
2025-12-22,Paid Social,APAC,Social,Paid,International,2025,2025-Q4,2025-12,9296.08,777827,9840,214,572,23772.62,125
2025-12-22,Display,North America,Display,Paid,Americas,2025,2025-Q4,2025-12,11595.27,2167274,8905,90,232,11073.09,50
2025-12-22,Display,EMEA,Display,Paid,International,2025,2025-Q4,2025-12,8024.61,1616190,7262,75,205,8502.44,41
2025-12-22,Display,APAC,Display,Paid,International,2025,2025-Q4,2025-12,5685.54,1182624,4881,53,146,5566.89,32
2025-12-22,Video,North America,Video,Paid,Americas,2025,2025-Q4,2025-12,13831.78,702679,6866,101,270,12334.85,51
2025-12-22,Video,EMEA,Video,Paid,International,2025,2025-Q4,2025-12,10225.93,568830,6019,98,279,10918.99,53
2025-12-22,Video,APAC,Video,Paid,International,2025,2025-Q4,2025-12,7234.1,383334,3506,63,163,7394.97,41
2025-12-22,Email,North America,CRM,Owned,Americas,2025,2025-Q4,2025-12,12565.71,187484,6541,349,940,52086.2,178
2025-12-22,Email,EMEA,CRM,Owned,International,2025,2025-Q4,2025-12,9293.13,113122,3877,227,631,30564.21,131
2025-12-22,Email,APAC,CRM,Owned,International,2025,2025-Q4,2025-12,6141.8,71982,2235,138,344,19211.35,89
2025-12-22,Organic Search,North America,Search,Earned,Americas,2025,2025-Q4,2025-12,10260.7,194895,8487,392,1084,46821.86,208
2025-12-22,Organic Search,EMEA,Search,Earned,International,2025,2025-Q4,2025-12,7541.33,128907,5437,280,767,32040.59,169
2025-12-22,Organic Search,APAC,Search,Earned,International,2025,2025-Q4,2025-12,5239.68,90043,3333,189,444,23340.39,118
2025-12-22,Affiliate,North America,Partner,Paid,Americas,2025,2025-Q4,2025-12,8711.84,234556,5345,178,500,20933.19,98
2025-12-22,Affiliate,EMEA,Partner,Paid,International,2025,2025-Q4,2025-12,6366.6,145388,3010,110,282,12883.2,68
2025-12-22,Affiliate,APAC,Partner,Paid,International,2025,2025-Q4,2025-12,3435.05,101454,1983,67,159,8399.61,40
2025-12-29,Paid Search,North America,Search,Paid,Americas,2025,2025-Q4,2025-12,14005.84,279799,14269,652,1814,76659.98,401
2025-12-29,Paid Search,EMEA,Search,Paid,International,2025,2025-Q4,2025-12,9800.05,184035,8146,405,978,50734.37,283
2025-12-29,Paid Search,APAC,Search,Paid,International,2025,2025-Q4,2025-12,4648.27,81029,3825,138,356,18616.27,64
2025-12-29,Paid Social,North America,Social,Paid,Americas,2025,2025-Q4,2025-12,11080.1,866089,8946,207,478,24919.6,133
2025-12-29,Paid Social,EMEA,Social,Paid,International,2025,2025-Q4,2025-12,5196.02,381984,4332,74,176,9469.78,38
2025-12-29,Paid Social,APAC,Social,Paid,International,2025,2025-Q4,2025-12,3683.92,279165,3528,65,172,7945.84,31
2025-12-29,Display,North America,Display,Paid,Americas,2025,2025-Q4,2025-12,6732.31,1334114,4788,58,135,6457.04,40
2025-12-29,Display,EMEA,Display,Paid,International,2025,2025-Q4,2025-12,3757.77,680407,2668,27,70,3283.42,16
2025-12-29,Display,APAC,Display,Paid,International,2025,2025-Q4,2025-12,2254.56,428194,1872,18,50,2289.5,10
2025-12-29,Video,North America,Video,Paid,Americas,2025,2025-Q4,2025-12,7634.35,381610,3159,56,132,7017.22,34
2025-12-29,Video,EMEA,Video,Paid,International,2025,2025-Q4,2025-12,3965.44,183971,1744,24,64,3196.02,12
2025-12-29,Video,APAC,Video,Paid,International,2025,2025-Q4,2025-12,2942.65,173864,1749,27,76,2868.35,15
2025-12-29,Email,North America,CRM,Owned,Americas,2025,2025-Q4,2025-12,6728.11,84717,2617,182,450,27110.69,129
2025-12-29,Email,EMEA,CRM,Owned,International,2025,2025-Q4,2025-12,3700.49,61490,2067,108,284,17020.97,55
2025-12-29,Email,APAC,CRM,Owned,International,2025,2025-Q4,2025-12,2595.01,28368,1053,59,167,8226.27,32
2025-12-29,Organic Search,North America,Search,Earned,Americas,2025,2025-Q4,2025-12,3993.87,106388,4207,167,425,21527.42,74
2025-12-29,Organic Search,EMEA,Search,Earned,International,2025,2025-Q4,2025-12,3010.57,59669,2502,111,296,13089.76,55
2025-12-29,Organic Search,APAC,Search,Earned,International,2025,2025-Q4,2025-12,2104.67,35867,1688,84,245,9193.19,48
2025-12-29,Affiliate,North America,Partner,Paid,Americas,2025,2025-Q4,2025-12,3492.46,121509,2532,85,216,11336.55,39
2025-12-29,Affiliate,EMEA,Partner,Paid,International,2025,2025-Q4,2025-12,2483.81,75069,1765,56,156,7322.38,29
2025-12-29,Affiliate,APAC,Partner,Paid,International,2025,2025-Q4,2025-12,1816.4,41417,929,34,98,3873.39,21
