Week,Campaign,Device,Platform,Objective,Funnel Stage,Year,Quarter,Month,Cost,Impressions,Reach,Clicks,Conversions,Conversion Value,Video Views
2024-01-01,BR-Search-Brand-Core,Desktop,Google Ads,Conversions,Bottom,2024,2024-Q1,2024-01,1367.52,12674,4870,1133,99,14090.55,0
2024-01-01,BR-Search-Brand-Core,Mobile,Google Ads,Conversions,Bottom,2024,2024-Q1,2024-01,1483.16,13881,5583,1319,94,13130.27,0
2024-01-01,BR-Search-Brand-Core,Tablet,Google Ads,Conversions,Bottom,2024,2024-Q1,2024-01,295.47,2799,1051,253,19,2622.87,0
2024-01-01,BR-Search-Brand-Core,Connected TV,Google Ads,Conversions,Bottom,2024,2024-Q1,2024-01,238.28,1702,674,160,12,1703.37,0
2024-01-01,NB-Search-Generic-Solutions,Desktop,Google Ads,Conversions,Middle,2024,2024-Q1,2024-01,6313.93,59364,24754,2046,65,15718.29,0
2024-01-01,NB-Search-Generic-Solutions,Mobile,Google Ads,Conversions,Middle,2024,2024-Q1,2024-01,7197.69,66228,28325,2463,68,16777.55,0
2024-01-01,NB-Search-Generic-Solutions,Tablet,Google Ads,Conversions,Middle,2024,2024-Q1,2024-01,1451.52,12993,5779,429,11,2787.13,0
2024-01-01,NB-Search-Generic-Solutions,Connected TV,Google Ads,Conversions,Middle,2024,2024-Q1,2024-01,1099.61,7728,3167,266,7,1705.53,0
2024-01-01,PMax-Retail-Feed,Desktop,Google Ads,Sales,Bottom,2024,2024-Q1,2024-01,5212.97,292535,126823,6052,278,22732.02,0
2024-01-01,PMax-Retail-Feed,Mobile,Google Ads,Sales,Bottom,2024,2024-Q1,2024-01,5946.04,339779,138176,7969,318,26581.35,0
2024-01-01,PMax-Retail-Feed,Tablet,Google Ads,Sales,Bottom,2024,2024-Q1,2024-01,1274.33,73416,31409,1546,63,5050.21,0
2024-01-01,PMax-Retail-Feed,Connected TV,Google Ads,Sales,Bottom,2024,2024-Q1,2024-01,977.25,40597,17682,842,34,2795.43,0
2024-01-01,YT-Awareness-InStream,Desktop,Google Ads,Awareness,Top,2024,2024-Q1,2024-01,3446.06,354543,142578,2267,15,2825.58,116280
2024-01-01,YT-Awareness-InStream,Mobile,Google Ads,Awareness,Top,2024,2024-Q1,2024-01,3690.75,382926,159068,2627,14,2616.74,123754
2024-01-01,YT-Awareness-InStream,Tablet,Google Ads,Awareness,Top,2024,2024-Q1,2024-01,734.85,74509,28277,483,1,175.29,24765
2024-01-01,YT-Awareness-InStream,Connected TV,Google Ads,Awareness,Top,2024,2024-Q1,2024-01,599.24,45564,18371,289,0,0,14961
2024-01-01,FB-Prospecting-LAL-3pct,Desktop,Meta Ads,Traffic,Top,2024,2024-Q1,2024-01,4264.2,482359,203767,4707,68,6510.81,0
2024-01-01,FB-Prospecting-LAL-3pct,Mobile,Meta Ads,Traffic,Top,2024,2024-Q1,2024-01,4924.39,563576,247108,5990,76,7216.73,0
2024-01-01,FB-Prospecting-LAL-3pct,Tablet,Meta Ads,Traffic,Top,2024,2024-Q1,2024-01,980.81,110088,50073,1025,12,1159.81,0
2024-01-01,FB-Prospecting-LAL-3pct,Connected TV,Meta Ads,Traffic,Top,2024,2024-Q1,2024-01,751.94,65683,27807,642,8,784.18,0
2024-01-01,IG-Retargeting-Cart-7d,Desktop,Meta Ads,Conversions,Bottom,2024,2024-Q1,2024-01,2887.84,203061,91278,3641,190,16986.91,0
2024-01-01,IG-Retargeting-Cart-7d,Mobile,Meta Ads,Conversions,Bottom,2024,2024-Q1,2024-01,3337.83,237071,100392,4872,219,19283.45,0
2024-01-01,IG-Retargeting-Cart-7d,Tablet,Meta Ads,Conversions,Bottom,2024,2024-Q1,2024-01,715.77,51425,22306,948,44,3732.22,0
2024-01-01,IG-Retargeting-Cart-7d,Connected TV,Meta Ads,Conversions,Bottom,2024,2024-Q1,2024-01,542.32,29308,13228,531,24,2058.37,0
2024-01-01,FB-Catalog-DPA-Evergreen,Desktop,Meta Ads,Sales,Bottom,2024,2024-Q1,2024-01,3891.39,391499,161072,5629,247,20511.54,0
2024-01-01,FB-Catalog-DPA-Evergreen,Mobile,Meta Ads,Sales,Bottom,2024,2024-Q1,2024-01,4166.18,423842,186965,6470,230,19553.19,0
2024-01-01,FB-Catalog-DPA-Evergreen,Tablet,Meta Ads,Sales,Bottom,2024,2024-Q1,2024-01,829.27,85359,34322,1240,43,3613.9,0
2024-01-01,FB-Catalog-DPA-Evergreen,Connected TV,Meta Ads,Sales,Bottom,2024,2024-Q1,2024-01,669.54,49799,21025,703,26,2159.63,0
2024-01-01,LI-ABM-Enterprise-Tier1,Desktop,LinkedIn Ads,Leads,Middle,2024,2024-Q1,2024-01,4922.39,100060,38286,543,13,10977.04,0
2024-01-01,LI-ABM-Enterprise-Tier1,Mobile,LinkedIn Ads,Leads,Middle,2024,2024-Q1,2024-01,5619.24,115989,46166,677,14,11638.39,0
2024-01-01,LI-ABM-Enterprise-Tier1,Tablet,LinkedIn Ads,Leads,Middle,2024,2024-Q1,2024-01,1132.49,22786,10894,118,0,0,0
2024-01-01,LI-ABM-Enterprise-Tier1,Connected TV,LinkedIn Ads,Leads,Middle,2024,2024-Q1,2024-01,868.12,13072,5638,71,0,0,0
2024-01-01,LI-Content-Whitepaper,Desktop,LinkedIn Ads,Leads,Middle,2024,2024-Q1,2024-01,2056.8,43984,20217,297,6,2629.06,0
2024-01-01,LI-Content-Whitepaper,Mobile,LinkedIn Ads,Leads,Middle,2024,2024-Q1,2024-01,2348.88,50698,21828,391,7,3069.69,0
2024-01-01,LI-Content-Whitepaper,Tablet,LinkedIn Ads,Leads,Middle,2024,2024-Q1,2024-01,504.27,11049,4430,77,0,0,0
2024-01-01,LI-Content-Whitepaper,Connected TV,LinkedIn Ads,Leads,Middle,2024,2024-Q1,2024-01,385.8,6352,2582,44,0,0,0
2024-01-01,DV360-Display-Retarget,Desktop,Programmatic,Conversions,Middle,2024,2024-Q1,2024-01,3207.21,615944,218101,3043,60,8860.4,0
2024-01-01,DV360-Display-Retarget,Mobile,Programmatic,Conversions,Middle,2024,2024-Q1,2024-01,3696.36,717138,265105,3842,66,9689.73,0
2024-01-01,DV360-Display-Retarget,Tablet,Programmatic,Conversions,Middle,2024,2024-Q1,2024-01,736.76,140092,60633,668,13,1947.47,0
2024-01-01,DV360-Display-Retarget,Connected TV,Programmatic,Conversions,Middle,2024,2024-Q1,2024-01,565.08,80353,31643,371,7,1044.94,0
2024-01-01,DV360-CTV-Reach,Desktop,Programmatic,Awareness,Top,2024,2024-Q1,2024-01,3610.57,171318,70320,483,0,0,54758
2024-01-01,DV360-CTV-Reach,Mobile,Programmatic,Awareness,Top,2024,2024-Q1,2024-01,3866.23,185657,71829,596,0,0,59089
2024-01-01,DV360-CTV-Reach,Tablet,Programmatic,Awareness,Top,2024,2024-Q1,2024-01,830.53,40124,16360,116,0,0,12516
2024-01-01,DV360-CTV-Reach,Connected TV,Programmatic,Awareness,Top,2024,2024-Q1,2024-01,669.14,24415,10149,73,0,0,7348
2024-01-08,BR-Search-Brand-Core,Desktop,Google Ads,Conversions,Bottom,2024,2024-Q1,2024-01,1450.17,13625,5202,1242,111,15497.68,0
2024-01-08,BR-Search-Brand-Core,Mobile,Google Ads,Conversions,Bottom,2024,2024-Q1,2024-01,1572.64,14375,5586,1429,108,15461.17,0
2024-01-08,BR-Search-Brand-Core,Tablet,Google Ads,Conversions,Bottom,2024,2024-Q1,2024-01,290.46,2613,1031,227,16,2341.59,0
2024-01-08,BR-Search-Brand-Core,Connected TV,Google Ads,Conversions,Bottom,2024,2024-Q1,2024-01,219.69,1481,624,135,10,1425.65,0
2024-01-08,NB-Search-Generic-Solutions,Desktop,Google Ads,Conversions,Middle,2024,2024-Q1,2024-01,6209.98,57494,21413,1914,62,15373.72,0
2024-01-08,NB-Search-Generic-Solutions,Mobile,Google Ads,Conversions,Middle,2024,2024-Q1,2024-01,6646.22,62342,24894,2249,60,14601.86,0
2024-01-08,NB-Search-Generic-Solutions,Tablet,Google Ads,Conversions,Middle,2024,2024-Q1,2024-01,1430.12,13665,5680,442,11,2649.24,0
2024-01-08,NB-Search-Generic-Solutions,Connected TV,Google Ads,Conversions,Middle,2024,2024-Q1,2024-01,1166.12,8029,3092,267,8,1984.78,0
2024-01-08,PMax-Retail-Feed,Desktop,Google Ads,Sales,Bottom,2024,2024-Q1,2024-01,5532.2,316719,127316,6406,304,24430.62,0
2024-01-08,PMax-Retail-Feed,Mobile,Google Ads,Sales,Bottom,2024,2024-Q1,2024-01,5925.69,333278,140163,7670,298,24460.87,0
2024-01-08,PMax-Retail-Feed,Tablet,Google Ads,Sales,Bottom,2024,2024-Q1,2024-01,1179.76,67091,26109,1465,56,4542.44,0
2024-01-08,PMax-Retail-Feed,Connected TV,Google Ads,Sales,Bottom,2024,2024-Q1,2024-01,952.22,40494,16712,860,33,2649.45,0
2024-01-08,YT-Awareness-InStream,Desktop,Google Ads,Awareness,Top,2024,2024-Q1,2024-01,3655.7,380938,147205,2348,17,3081.29,113296
2024-01-08,YT-Awareness-InStream,Mobile,Google Ads,Awareness,Top,2024,2024-Q1,2024-01,4159.37,423656,168146,2966,18,3299.89,131100
2024-01-08,YT-Awareness-InStream,Tablet,Google Ads,Awareness,Top,2024,2024-Q1,2024-01,780.84,77556,31759,489,1,180.56,24979
2024-01-08,YT-Awareness-InStream,Connected TV,Google Ads,Awareness,Top,2024,2024-Q1,2024-01,591.23,43895,18930,285,0,0,13884
2024-01-08,FB-Prospecting-LAL-3pct,Desktop,Meta Ads,Traffic,Top,2024,2024-Q1,2024-01,4580.94,525927,208239,5306,80,7611.72,0
2024-01-08,FB-Prospecting-LAL-3pct,Mobile,Meta Ads,Traffic,Top,2024,2024-Q1,2024-01,4859.27,563596,204270,6171,77,7234.6,0
2024-01-08,FB-Prospecting-LAL-3pct,Tablet,Meta Ads,Traffic,Top,2024,2024-Q1,2024-01,1040.71,122962,46570,1199,14,1293.98,0
2024-01-08,FB-Prospecting-LAL-3pct,Connected TV,Meta Ads,Traffic,Top,2024,2024-Q1,2024-01,797.79,67932,26556,648,8,765.69,0
2024-01-08,IG-Retargeting-Cart-7d,Desktop,Meta Ads,Conversions,Bottom,2024,2024-Q1,2024-01,3067.65,227359,93470,4286,231,19464.99,0
2024-01-08,IG-Retargeting-Cart-7d,Mobile,Meta Ads,Conversions,Bottom,2024,2024-Q1,2024-01,3325.41,239869,102495,4848,213,18406.86,0
2024-01-08,IG-Retargeting-Cart-7d,Tablet,Meta Ads,Conversions,Bottom,2024,2024-Q1,2024-01,653.3,48089,19183,915,40,3542.22,0
2024-01-08,IG-Retargeting-Cart-7d,Connected TV,Meta Ads,Conversions,Bottom,2024,2024-Q1,2024-01,534.44,29307,12344,548,25,2207.21,0
2024-01-08,FB-Catalog-DPA-Evergreen,Desktop,Meta Ads,Sales,Bottom,2024,2024-Q1,2024-01,4081.44,433216,173263,6301,279,22164.14,0
2024-01-08,FB-Catalog-DPA-Evergreen,Mobile,Meta Ads,Sales,Bottom,2024,2024-Q1,2024-01,4700.68,485188,198946,7671,295,23852.62,0
2024-01-08,FB-Catalog-DPA-Evergreen,Tablet,Meta Ads,Sales,Bottom,2024,2024-Q1,2024-01,870.68,88448,36533,1261,47,3861.9,0
2024-01-08,FB-Catalog-DPA-Evergreen,Connected TV,Meta Ads,Sales,Bottom,2024,2024-Q1,2024-01,667.26,50760,22861,749,27,2276.83,0
2024-01-08,LI-ABM-Enterprise-Tier1,Desktop,LinkedIn Ads,Leads,Middle,2024,2024-Q1,2024-01,5227.18,108764,43753,611,15,12877.45,0
2024-01-08,LI-ABM-Enterprise-Tier1,Mobile,LinkedIn Ads,Leads,Middle,2024,2024-Q1,2024-01,5599.95,117917,45149,753,14,11870.05,0
2024-01-08,LI-ABM-Enterprise-Tier1,Tablet,LinkedIn Ads,Leads,Middle,2024,2024-Q1,2024-01,1202.06,25517,10127,146,1,819.51,0
2024-01-08,LI-ABM-Enterprise-Tier1,Connected TV,LinkedIn Ads,Leads,Middle,2024,2024-Q1,2024-01,910.29,13452,5488,75,0,0,0
2024-01-08,LI-Content-Whitepaper,Desktop,LinkedIn Ads,Leads,Middle,2024,2024-Q1,2024-01,2185.78,49389,21040,353,6,2601.16,0
2024-01-08,LI-Content-Whitepaper,Mobile,LinkedIn Ads,Leads,Middle,2024,2024-Q1,2024-01,2338.75,49674,22181,376,6,2667.58,0
2024-01-08,LI-Content-Whitepaper,Tablet,LinkedIn Ads,Leads,Middle,2024,2024-Q1,2024-01,465.21,9994,4062,72,0,0,0
2024-01-08,LI-Content-Whitepaper,Connected TV,LinkedIn Ads,Leads,Middle,2024,2024-Q1,2024-01,375.95,6082,2605,43,0,0,0
2024-01-08,DV360-Display-Retarget,Desktop,Programmatic,Conversions,Middle,2024,2024-Q1,2024-01,3196.56,605448,257219,2895,61,9173.2,0
2024-01-08,DV360-Display-Retarget,Mobile,Programmatic,Conversions,Middle,2024,2024-Q1,2024-01,3647.03,695210,272058,3809,61,9060.18,0
2024-01-08,DV360-Display-Retarget,Tablet,Programmatic,Conversions,Middle,2024,2024-Q1,2024-01,726.42,141009,59224,687,12,1743.81,0
2024-01-08,DV360-Display-Retarget,Connected TV,Programmatic,Conversions,Middle,2024,2024-Q1,2024-01,556.64,77750,33296,376,5,745.57,0
2024-01-08,DV360-CTV-Reach,Desktop,Programmatic,Awareness,Top,2024,2024-Q1,2024-01,3831,184122,73649,540,0,0,56881
2024-01-08,DV360-CTV-Reach,Mobile,Programmatic,Awareness,Top,2024,2024-Q1,2024-01,4153.74,194973,79388,614,1,891.12,62973
2024-01-08,DV360-CTV-Reach,Tablet,Programmatic,Awareness,Top,2024,2024-Q1,2024-01,817.27,38885,14209,115,0,0,12368
2024-01-08,DV360-CTV-Reach,Connected TV,Programmatic,Awareness,Top,2024,2024-Q1,2024-01,618.7,22090,8635,64,0,0,6797
2024-01-15,BR-Search-Brand-Core,Desktop,Google Ads,Conversions,Bottom,2024,2024-Q1,2024-01,1345.42,12467,5488,1111,93,13110.35,0
2024-01-15,BR-Search-Brand-Core,Mobile,Google Ads,Conversions,Bottom,2024,2024-Q1,2024-01,1535.12,14353,5922,1463,105,14692.62,0
2024-01-15,BR-Search-Brand-Core,Tablet,Google Ads,Conversions,Bottom,2024,2024-Q1,2024-01,329.19,3128,1355,283,21,2916.64,0
2024-01-15,BR-Search-Brand-Core,Connected TV,Google Ads,Conversions,Bottom,2024,2024-Q1,2024-01,252.42,1730,763,154,12,1695.01,0
2024-01-15,NB-Search-Generic-Solutions,Desktop,Google Ads,Conversions,Middle,2024,2024-Q1,2024-01,6609.85,59928,28294,2075,66,16480.99,0
2024-01-15,NB-Search-Generic-Solutions,Mobile,Google Ads,Conversions,Middle,2024,2024-Q1,2024-01,7165.48,65630,28316,2440,64,16500.82,0
2024-01-15,NB-Search-Generic-Solutions,Tablet,Google Ads,Conversions,Middle,2024,2024-Q1,2024-01,1408.69,12646,5077,443,11,2794.15,0
2024-01-15,NB-Search-Generic-Solutions,Connected TV,Google Ads,Conversions,Middle,2024,2024-Q1,2024-01,1151.47,7712,3225,265,7,1714.56,0
2024-01-15,PMax-Retail-Feed,Desktop,Google Ads,Sales,Bottom,2024,2024-Q1,2024-01,5390.83,302811,132232,6277,300,24649.74,0
2024-01-15,PMax-Retail-Feed,Mobile,Google Ads,Sales,Bottom,2024,2024-Q1,2024-01,6229.08,353813,159600,7965,331,26954.78,0
2024-01-15,PMax-Retail-Feed,Tablet,Google Ads,Sales,Bottom,2024,2024-Q1,2024-01,1255.57,70141,32807,1397,58,4809.19,0
2024-01-15,PMax-Retail-Feed,Connected TV,Google Ads,Sales,Bottom,2024,2024-Q1,2024-01,949.82,39654,14802,820,32,2633.02,0
2024-01-15,YT-Awareness-InStream,Desktop,Google Ads,Awareness,Top,2024,2024-Q1,2024-01,3388.21,350860,156908,2080,15,2736.35,107228
2024-01-15,YT-Awareness-InStream,Mobile,Google Ads,Awareness,Top,2024,2024-Q1,2024-01,3867.3,403242,150022,2736,16,2885.52,120246
2024-01-15,YT-Awareness-InStream,Tablet,Google Ads,Awareness,Top,2024,2024-Q1,2024-01,829.75,87440,34211,533,1,191.22,25630
2024-01-15,YT-Awareness-InStream,Connected TV,Google Ads,Awareness,Top,2024,2024-Q1,2024-01,628.45,48042,19127,285,0,0,14579
2024-01-15,FB-Prospecting-LAL-3pct,Desktop,Meta Ads,Traffic,Top,2024,2024-Q1,2024-01,4763.1,535276,226446,5279,82,7956.9,0
2024-01-15,FB-Prospecting-LAL-3pct,Mobile,Meta Ads,Traffic,Top,2024,2024-Q1,2024-01,5165.76,567353,249618,5917,75,7427.75,0
2024-01-15,FB-Prospecting-LAL-3pct,Tablet,Meta Ads,Traffic,Top,2024,2024-Q1,2024-01,1040.11,115410,47276,1145,14,1372.28,0
2024-01-15,FB-Prospecting-LAL-3pct,Connected TV,Meta Ads,Traffic,Top,2024,2024-Q1,2024-01,839.16,70093,26953,679,9,852.35,0
2024-01-15,IG-Retargeting-Cart-7d,Desktop,Meta Ads,Conversions,Bottom,2024,2024-Q1,2024-01,3262.49,235342,95212,4549,251,21758.78,0
2024-01-15,IG-Retargeting-Cart-7d,Mobile,Meta Ads,Conversions,Bottom,2024,2024-Q1,2024-01,3715.01,270399,112641,5263,246,21186.61,0
2024-01-15,IG-Retargeting-Cart-7d,Tablet,Meta Ads,Conversions,Bottom,2024,2024-Q1,2024-01,749.22,53513,22913,923,43,3762.45,0
2024-01-15,IG-Retargeting-Cart-7d,Connected TV,Meta Ads,Conversions,Bottom,2024,2024-Q1,2024-01,532.93,28554,10821,519,25,2165.36,0
2024-01-15,FB-Catalog-DPA-Evergreen,Desktop,Meta Ads,Sales,Bottom,2024,2024-Q1,2024-01,4075.42,423478,171835,5641,243,19530.83,0
2024-01-15,FB-Catalog-DPA-Evergreen,Mobile,Meta Ads,Sales,Bottom,2024,2024-Q1,2024-01,4365.68,462612,174910,7084,251,19898.04,0
2024-01-15,FB-Catalog-DPA-Evergreen,Tablet,Meta Ads,Sales,Bottom,2024,2024-Q1,2024-01,926.09,99219,39653,1438,51,4151.43,0
2024-01-15,FB-Catalog-DPA-Evergreen,Connected TV,Meta Ads,Sales,Bottom,2024,2024-Q1,2024-01,709.63,55024,22372,791,30,2404.45,0
2024-01-15,LI-ABM-Enterprise-Tier1,Desktop,LinkedIn Ads,Leads,Middle,2024,2024-Q1,2024-01,5492.39,111466,48148,607,15,12658.41,0
2024-01-15,LI-ABM-Enterprise-Tier1,Mobile,LinkedIn Ads,Leads,Middle,2024,2024-Q1,2024-01,5955.94,117574,52825,686,13,11265.45,0
2024-01-15,LI-ABM-Enterprise-Tier1,Tablet,LinkedIn Ads,Leads,Middle,2024,2024-Q1,2024-01,1186.49,23873,9922,130,2,1648.12,0
2024-01-15,LI-ABM-Enterprise-Tier1,Connected TV,LinkedIn Ads,Leads,Middle,2024,2024-Q1,2024-01,967.77,14540,5837,83,0,0,0
2024-01-15,LI-Content-Whitepaper,Desktop,LinkedIn Ads,Leads,Middle,2024,2024-Q1,2024-01,2297.75,50968,20925,390,7,3099.3,0
2024-01-15,LI-Content-Whitepaper,Mobile,LinkedIn Ads,Leads,Middle,2024,2024-Q1,2024-01,2648.91,59236,25597,463,7,3065.52,0
2024-01-15,LI-Content-Whitepaper,Tablet,LinkedIn Ads,Leads,Middle,2024,2024-Q1,2024-01,534.16,11626,5115,80,0,0,0
2024-01-15,LI-Content-Whitepaper,Connected TV,LinkedIn Ads,Leads,Middle,2024,2024-Q1,2024-01,404.79,6640,2677,47,0,0,0
2024-01-15,DV360-Display-Retarget,Desktop,Programmatic,Conversions,Middle,2024,2024-Q1,2024-01,3359.83,644587,285550,3038,62,9135.44,0
2024-01-15,DV360-Display-Retarget,Mobile,Programmatic,Conversions,Middle,2024,2024-Q1,2024-01,3598.19,676988,311147,3379,56,8438.84,0
2024-01-15,DV360-Display-Retarget,Tablet,Programmatic,Conversions,Middle,2024,2024-Q1,2024-01,725.42,137869,59308,655,11,1632.61,0
2024-01-15,DV360-Display-Retarget,Connected TV,Programmatic,Conversions,Middle,2024,2024-Q1,2024-01,584.97,83100,33539,411,7,1050.38,0
2024-01-15,DV360-CTV-Reach,Desktop,Programmatic,Awareness,Top,2024,2024-Q1,2024-01,3783.35,179125,76608,573,2,1648.58,56971
2024-01-15,DV360-CTV-Reach,Mobile,Programmatic,Awareness,Top,2024,2024-Q1,2024-01,4312.69,206784,90687,674,1,843.22,65015
2024-01-15,DV360-CTV-Reach,Tablet,Programmatic,Awareness,Top,2024,2024-Q1,2024-01,869.44,40516,18652,117,0,0,12436
2024-01-15,DV360-CTV-Reach,Connected TV,Programmatic,Awareness,Top,2024,2024-Q1,2024-01,666.57,24259,10163,72,0,0,7762
2024-01-22,BR-Search-Brand-Core,Desktop,Google Ads,Conversions,Bottom,2024,2024-Q1,2024-01,1432.32,13456,5421,1254,107,14850.64,0
2024-01-22,BR-Search-Brand-Core,Mobile,Google Ads,Conversions,Bottom,2024,2024-Q1,2024-01,1533.59,14144,5905,1398,100,14785.57,0
2024-01-22,BR-Search-Brand-Core,Tablet,Google Ads,Conversions,Bottom,2024,2024-Q1,2024-01,305.25,2847,1114,267,19,2781.04,0
2024-01-22,BR-Search-Brand-Core,Connected TV,Google Ads,Conversions,Bottom,2024,2024-Q1,2024-01,246.48,1718,710,157,11,1598.79,0
2024-01-22,NB-Search-Generic-Solutions,Desktop,Google Ads,Conversions,Middle,2024,2024-Q1,2024-01,6527.54,62708,27305,2233,70,17292.04,0
2024-01-22,NB-Search-Generic-Solutions,Mobile,Google Ads,Conversions,Middle,2024,2024-Q1,2024-01,7450.34,70066,31197,2539,68,16561.91,0
2024-01-22,NB-Search-Generic-Solutions,Tablet,Google Ads,Conversions,Middle,2024,2024-Q1,2024-01,1501.76,13733,6521,441,11,2730.52,0
2024-01-22,NB-Search-Generic-Solutions,Connected TV,Google Ads,Conversions,Middle,2024,2024-Q1,2024-01,1151.17,7651,3396,255,7,1754.08,0
2024-01-22,PMax-Retail-Feed,Desktop,Google Ads,Sales,Bottom,2024,2024-Q1,2024-01,5810.05,332652,135834,7136,338,28186.12,0
2024-01-22,PMax-Retail-Feed,Mobile,Google Ads,Sales,Bottom,2024,2024-Q1,2024-01,6226.77,360734,135514,8886,345,28425.79,0
2024-01-22,PMax-Retail-Feed,Tablet,Google Ads,Sales,Bottom,2024,2024-Q1,2024-01,1320.11,74602,29592,1624,64,5211.63,0
2024-01-22,PMax-Retail-Feed,Connected TV,Google Ads,Sales,Bottom,2024,2024-Q1,2024-01,1011.86,41157,16638,891,36,3007.97,0
2024-01-22,YT-Awareness-InStream,Desktop,Google Ads,Awareness,Top,2024,2024-Q1,2024-01,3564.3,358934,152983,2233,16,2974.89,114484
2024-01-22,YT-Awareness-InStream,Mobile,Google Ads,Awareness,Top,2024,2024-Q1,2024-01,3862.42,378805,167374,2524,14,2661.6,124901
2024-01-22,YT-Awareness-InStream,Tablet,Google Ads,Awareness,Top,2024,2024-Q1,2024-01,819.51,81675,32752,510,1,173,26610
2024-01-22,YT-Awareness-InStream,Connected TV,Google Ads,Awareness,Top,2024,2024-Q1,2024-01,620.83,46373,20295,287,0,0,14618
2024-01-22,FB-Prospecting-LAL-3pct,Desktop,Meta Ads,Traffic,Top,2024,2024-Q1,2024-01,4413.15,510404,226238,5136,74,6973.4,0
2024-01-22,FB-Prospecting-LAL-3pct,Mobile,Meta Ads,Traffic,Top,2024,2024-Q1,2024-01,5105.02,597124,245889,6169,75,7006.66,0
2024-01-22,FB-Prospecting-LAL-3pct,Tablet,Meta Ads,Traffic,Top,2024,2024-Q1,2024-01,1015.83,115666,49644,1057,12,1141.09,0
2024-01-22,FB-Prospecting-LAL-3pct,Connected TV,Meta Ads,Traffic,Top,2024,2024-Q1,2024-01,778.49,64153,28600,604,9,856.53,0
2024-01-22,IG-Retargeting-Cart-7d,Desktop,Meta Ads,Conversions,Bottom,2024,2024-Q1,2024-01,3227.88,229828,95594,4305,235,20652.72,0
2024-01-22,IG-Retargeting-Cart-7d,Mobile,Meta Ads,Conversions,Bottom,2024,2024-Q1,2024-01,3450.46,249903,95375,5326,232,19934.59,0
2024-01-22,IG-Retargeting-Cart-7d,Tablet,Meta Ads,Conversions,Bottom,2024,2024-Q1,2024-01,741.15,54030,22212,1030,47,4020.98,0
2024-01-22,IG-Retargeting-Cart-7d,Connected TV,Meta Ads,Conversions,Bottom,2024,2024-Q1,2024-01,561,29666,14192,556,26,2278.9,0
2024-01-22,FB-Catalog-DPA-Evergreen,Desktop,Meta Ads,Sales,Bottom,2024,2024-Q1,2024-01,4334.18,439844,172437,6127,276,22687.07,0
2024-01-22,FB-Catalog-DPA-Evergreen,Mobile,Meta Ads,Sales,Bottom,2024,2024-Q1,2024-01,4643.8,461629,186781,6826,263,22249.48,0
2024-01-22,FB-Catalog-DPA-Evergreen,Tablet,Meta Ads,Sales,Bottom,2024,2024-Q1,2024-01,925.22,92957,33810,1309,46,3791.95,0
2024-01-22,FB-Catalog-DPA-Evergreen,Connected TV,Meta Ads,Sales,Bottom,2024,2024-Q1,2024-01,746.44,56474,25191,780,29,2386.01,0
2024-01-22,LI-ABM-Enterprise-Tier1,Desktop,LinkedIn Ads,Leads,Middle,2024,2024-Q1,2024-01,5082.57,105166,42391,590,14,11659.26,0
2024-01-22,LI-ABM-Enterprise-Tier1,Mobile,LinkedIn Ads,Leads,Middle,2024,2024-Q1,2024-01,6259.29,131315,55547,749,15,12381.4,0
2024-01-22,LI-ABM-Enterprise-Tier1,Tablet,LinkedIn Ads,Leads,Middle,2024,2024-Q1,2024-01,1261.86,25872,10053,139,1,819.04,0
2024-01-22,LI-ABM-Enterprise-Tier1,Connected TV,LinkedIn Ads,Leads,Middle,2024,2024-Q1,2024-01,967.71,14313,5771,74,0,0,0
2024-01-22,LI-Content-Whitepaper,Desktop,LinkedIn Ads,Leads,Middle,2024,2024-Q1,2024-01,2295.83,50119,21282,354,6,2597.21,0
2024-01-22,LI-Content-Whitepaper,Mobile,LinkedIn Ads,Leads,Middle,2024,2024-Q1,2024-01,2457.79,54253,21301,438,7,3012.7,0
2024-01-22,LI-Content-Whitepaper,Tablet,LinkedIn Ads,Leads,Middle,2024,2024-Q1,2024-01,521.82,11627,4847,83,0,0,0
2024-01-22,LI-Content-Whitepaper,Connected TV,LinkedIn Ads,Leads,Middle,2024,2024-Q1,2024-01,425.75,6818,2940,49,0,0,0
2024-01-22,DV360-Display-Retarget,Desktop,Programmatic,Conversions,Middle,2024,2024-Q1,2024-01,3323.88,646303,236167,3294,66,9605.79,0
2024-01-22,DV360-Display-Retarget,Mobile,Programmatic,Conversions,Middle,2024,2024-Q1,2024-01,3829.3,758499,293879,3966,68,9772.36,0
2024-01-22,DV360-Display-Retarget,Tablet,Programmatic,Conversions,Middle,2024,2024-Q1,2024-01,771.88,148745,58675,689,13,1909.58,0
2024-01-22,DV360-Display-Retarget,Connected TV,Programmatic,Conversions,Middle,2024,2024-Q1,2024-01,584.59,81939,33482,392,7,1067.32,0
2024-01-22,DV360-CTV-Reach,Desktop,Programmatic,Awareness,Top,2024,2024-Q1,2024-01,3779.03,181712,78405,536,1,759.76,60591
2024-01-22,DV360-CTV-Reach,Mobile,Programmatic,Awareness,Top,2024,2024-Q1,2024-01,3991.69,195889,78853,660,1,762.07,63294
2024-01-22,DV360-CTV-Reach,Tablet,Programmatic,Awareness,Top,2024,2024-Q1,2024-01,859.03,42397,18036,127,0,0,13535
2024-01-22,DV360-CTV-Reach,Connected TV,Programmatic,Awareness,Top,2024,2024-Q1,2024-01,692.93,24804,10787,72,0,0,7694
2024-01-29,BR-Search-Brand-Core,Desktop,Google Ads,Conversions,Bottom,2024,2024-Q1,2024-01,1510.57,13918,5518,1235,109,15454.7,0
2024-01-29,BR-Search-Brand-Core,Mobile,Google Ads,Conversions,Bottom,2024,2024-Q1,2024-01,1634.12,15249,6216,1476,110,15424.72,0
2024-01-29,BR-Search-Brand-Core,Tablet,Google Ads,Conversions,Bottom,2024,2024-Q1,2024-01,346.88,3144,1317,267,20,2897.83,0
2024-01-29,BR-Search-Brand-Core,Connected TV,Google Ads,Conversions,Bottom,2024,2024-Q1,2024-01,265.61,1813,687,172,13,1830.03,0
2024-01-29,NB-Search-Generic-Solutions,Desktop,Google Ads,Conversions,Middle,2024,2024-Q1,2024-01,6955.53,65094,25815,2116,69,16812.75,0
2024-01-29,NB-Search-Generic-Solutions,Mobile,Google Ads,Conversions,Middle,2024,2024-Q1,2024-01,7451.51,71122,26584,2808,73,18216.25,0
2024-01-29,NB-Search-Generic-Solutions,Tablet,Google Ads,Conversions,Middle,2024,2024-Q1,2024-01,1599.79,15426,6043,544,14,3454.79,0
2024-01-29,NB-Search-Generic-Solutions,Connected TV,Google Ads,Conversions,Middle,2024,2024-Q1,2024-01,1211.19,8474,3430,294,9,2189.72,0
2024-01-29,PMax-Retail-Feed,Desktop,Google Ads,Sales,Bottom,2024,2024-Q1,2024-01,6115.68,341583,144424,7168,349,27873.25,0
2024-01-29,PMax-Retail-Feed,Mobile,Google Ads,Sales,Bottom,2024,2024-Q1,2024-01,6554.04,373388,163199,8356,331,26995.36,0
2024-01-29,PMax-Retail-Feed,Tablet,Google Ads,Sales,Bottom,2024,2024-Q1,2024-01,1321.8,76108,31703,1613,64,5136.07,0
2024-01-29,PMax-Retail-Feed,Connected TV,Google Ads,Sales,Bottom,2024,2024-Q1,2024-01,1000.47,43454,16719,962,38,3011.81,0
2024-01-29,YT-Awareness-InStream,Desktop,Google Ads,Awareness,Top,2024,2024-Q1,2024-01,3800.09,389115,161283,2463,17,3124.53,119752
2024-01-29,YT-Awareness-InStream,Mobile,Google Ads,Awareness,Top,2024,2024-Q1,2024-01,4378.29,455737,192296,3138,18,3241.49,137604
2024-01-29,YT-Awareness-InStream,Tablet,Google Ads,Awareness,Top,2024,2024-Q1,2024-01,872.82,88461,38314,544,3,531.63,27568
2024-01-29,YT-Awareness-InStream,Connected TV,Google Ads,Awareness,Top,2024,2024-Q1,2024-01,669.36,50688,20046,325,0,0,16594
2024-01-29,FB-Prospecting-LAL-3pct,Desktop,Meta Ads,Traffic,Top,2024,2024-Q1,2024-01,4765.87,535169,223826,5256,78,7550.05,0
2024-01-29,FB-Prospecting-LAL-3pct,Mobile,Meta Ads,Traffic,Top,2024,2024-Q1,2024-01,5104.49,579761,220509,6540,79,7539.38,0
2024-01-29,FB-Prospecting-LAL-3pct,Tablet,Meta Ads,Traffic,Top,2024,2024-Q1,2024-01,1083.11,125588,50005,1255,15,1472.52,0
2024-01-29,FB-Prospecting-LAL-3pct,Connected TV,Meta Ads,Traffic,Top,2024,2024-Q1,2024-01,829.88,72239,30272,716,10,963.65,0
2024-01-29,IG-Retargeting-Cart-7d,Desktop,Meta Ads,Conversions,Bottom,2024,2024-Q1,2024-01,3399.67,246972,106838,4507,246,21212.28,0
2024-01-29,IG-Retargeting-Cart-7d,Mobile,Meta Ads,Conversions,Bottom,2024,2024-Q1,2024-01,3679.02,270405,125009,5305,240,21299.33,0
2024-01-29,IG-Retargeting-Cart-7d,Tablet,Meta Ads,Conversions,Bottom,2024,2024-Q1,2024-01,734.11,54581,22865,1004,45,3934.28,0
2024-01-29,IG-Retargeting-Cart-7d,Connected TV,Meta Ads,Conversions,Bottom,2024,2024-Q1,2024-01,554.18,29813,11740,576,25,2138.45,0
2024-01-29,FB-Catalog-DPA-Evergreen,Desktop,Meta Ads,Sales,Bottom,2024,2024-Q1,2024-01,4238.62,440048,183325,6218,268,21538.1,0
2024-01-29,FB-Catalog-DPA-Evergreen,Mobile,Meta Ads,Sales,Bottom,2024,2024-Q1,2024-01,4889.4,515702,225804,7923,297,23525.46,0
2024-01-29,FB-Catalog-DPA-Evergreen,Tablet,Meta Ads,Sales,Bottom,2024,2024-Q1,2024-01,985.85,101236,45131,1400,52,4211.61,0
2024-01-29,FB-Catalog-DPA-Evergreen,Connected TV,Meta Ads,Sales,Bottom,2024,2024-Q1,2024-01,746.78,55721,23291,789,29,2400.05,0
2024-01-29,LI-ABM-Enterprise-Tier1,Desktop,LinkedIn Ads,Leads,Middle,2024,2024-Q1,2024-01,5492.43,107645,47192,585,14,12253.63,0
2024-01-29,LI-ABM-Enterprise-Tier1,Mobile,LinkedIn Ads,Leads,Middle,2024,2024-Q1,2024-01,5805.66,114944,46580,712,15,12911.42,0
2024-01-29,LI-ABM-Enterprise-Tier1,Tablet,LinkedIn Ads,Leads,Middle,2024,2024-Q1,2024-01,1248.38,24892,10516,139,2,1652.21,0
2024-01-29,LI-ABM-Enterprise-Tier1,Connected TV,LinkedIn Ads,Leads,Middle,2024,2024-Q1,2024-01,1017.67,15281,6558,84,0,0,0
2024-01-29,LI-Content-Whitepaper,Desktop,LinkedIn Ads,Leads,Middle,2024,2024-Q1,2024-01,2418.84,53328,24312,367,7,2993.7,0
2024-01-29,LI-Content-Whitepaper,Mobile,LinkedIn Ads,Leads,Middle,2024,2024-Q1,2024-01,2786.22,60208,28392,443,7,3061.33,0
2024-01-29,LI-Content-Whitepaper,Tablet,LinkedIn Ads,Leads,Middle,2024,2024-Q1,2024-01,562.15,12263,4711,85,0,0,0
2024-01-29,LI-Content-Whitepaper,Connected TV,LinkedIn Ads,Leads,Middle,2024,2024-Q1,2024-01,394.67,6474,2259,47,0,0,0
2024-01-29,DV360-Display-Retarget,Desktop,Programmatic,Conversions,Middle,2024,2024-Q1,2024-01,3541.53,651946,289785,3013,61,9362.98,0
2024-01-29,DV360-Display-Retarget,Mobile,Programmatic,Conversions,Middle,2024,2024-Q1,2024-01,3834.56,713196,294939,3796,64,9741.03,0
2024-01-29,DV360-Display-Retarget,Tablet,Programmatic,Conversions,Middle,2024,2024-Q1,2024-01,813.76,153820,59683,727,12,1781.96,0
2024-01-29,DV360-Display-Retarget,Connected TV,Programmatic,Conversions,Middle,2024,2024-Q1,2024-01,622.57,88282,35217,414,7,1048.91,0
2024-01-29,DV360-CTV-Reach,Desktop,Programmatic,Awareness,Top,2024,2024-Q1,2024-01,4232.67,207061,86917,630,3,2383.49,62924
2024-01-29,DV360-CTV-Reach,Mobile,Programmatic,Awareness,Top,2024,2024-Q1,2024-01,4590.09,218544,94506,666,1,842.77,73894
2024-01-29,DV360-CTV-Reach,Tablet,Programmatic,Awareness,Top,2024,2024-Q1,2024-01,914.89,44001,17097,128,0,0,13579
2024-01-29,DV360-CTV-Reach,Connected TV,Programmatic,Awareness,Top,2024,2024-Q1,2024-01,693.27,25183,9234,81,0,0,7515
2024-02-05,BR-Search-Brand-Core,Desktop,Google Ads,Conversions,Bottom,2024,2024-Q1,2024-02,1512.17,13718,5667,1254,108,15476.95,0
2024-02-05,BR-Search-Brand-Core,Mobile,Google Ads,Conversions,Bottom,2024,2024-Q1,2024-02,1617.06,14846,6475,1563,111,15747.06,0
2024-02-05,BR-Search-Brand-Core,Tablet,Google Ads,Conversions,Bottom,2024,2024-Q1,2024-02,343.62,3201,1464,279,20,2823.77,0
2024-02-05,BR-Search-Brand-Core,Connected TV,Google Ads,Conversions,Bottom,2024,2024-Q1,2024-02,262.84,1762,731,153,11,1583.88,0
2024-02-05,NB-Search-Generic-Solutions,Desktop,Google Ads,Conversions,Middle,2024,2024-Q1,2024-02,6875.09,63666,27614,2149,71,17461.2,0
2024-02-05,NB-Search-Generic-Solutions,Mobile,Google Ads,Conversions,Middle,2024,2024-Q1,2024-02,7449.45,66975,30694,2414,65,16489.72,0
2024-02-05,NB-Search-Generic-Solutions,Tablet,Google Ads,Conversions,Middle,2024,2024-Q1,2024-02,1582.91,14355,6005,486,13,3295.06,0
2024-02-05,NB-Search-Generic-Solutions,Connected TV,Google Ads,Conversions,Middle,2024,2024-Q1,2024-02,1290.98,8793,3501,293,7,1751.66,0
2024-02-05,PMax-Retail-Feed,Desktop,Google Ads,Sales,Bottom,2024,2024-Q1,2024-02,6051.71,345817,138688,7005,327,26646.91,0
2024-02-05,PMax-Retail-Feed,Mobile,Google Ads,Sales,Bottom,2024,2024-Q1,2024-02,6977.72,402790,151028,9370,379,30398.32,0
2024-02-05,PMax-Retail-Feed,Tablet,Google Ads,Sales,Bottom,2024,2024-Q1,2024-02,1406.94,79383,30262,1643,66,5417.85,0
2024-02-05,PMax-Retail-Feed,Connected TV,Google Ads,Sales,Bottom,2024,2024-Q1,2024-02,1066.25,45113,18028,901,36,2915.68,0
2024-02-05,YT-Awareness-InStream,Desktop,Google Ads,Awareness,Top,2024,2024-Q1,2024-02,3802.99,383279,159389,2379,18,3343.65,120938
2024-02-05,YT-Awareness-InStream,Mobile,Google Ads,Awareness,Top,2024,2024-Q1,2024-02,4021.42,411175,161422,2907,17,3107.72,127872
2024-02-05,YT-Awareness-InStream,Tablet,Google Ads,Awareness,Top,2024,2024-Q1,2024-02,864.28,88906,36837,525,1,188.92,29163
2024-02-05,YT-Awareness-InStream,Connected TV,Google Ads,Awareness,Top,2024,2024-Q1,2024-02,696.57,51948,21814,305,0,0,15597
2024-02-05,FB-Prospecting-LAL-3pct,Desktop,Meta Ads,Traffic,Top,2024,2024-Q1,2024-02,5021.97,574639,256415,5841,90,8545.63,0
2024-02-05,FB-Prospecting-LAL-3pct,Mobile,Meta Ads,Traffic,Top,2024,2024-Q1,2024-02,5379.04,603812,279028,6629,83,8021.97,0
2024-02-05,FB-Prospecting-LAL-3pct,Tablet,Meta Ads,Traffic,Top,2024,2024-Q1,2024-02,1084.44,122876,52913,1191,14,1342.32,0
2024-02-05,FB-Prospecting-LAL-3pct,Connected TV,Meta Ads,Traffic,Top,2024,2024-Q1,2024-02,884.89,74904,30212,713,9,859.94,0
2024-02-05,IG-Retargeting-Cart-7d,Desktop,Meta Ads,Conversions,Bottom,2024,2024-Q1,2024-02,3403.34,250734,91315,4732,254,21527.15,0
2024-02-05,IG-Retargeting-Cart-7d,Mobile,Meta Ads,Conversions,Bottom,2024,2024-Q1,2024-02,3879.52,288730,109384,5914,273,22999.68,0
2024-02-05,IG-Retargeting-Cart-7d,Tablet,Meta Ads,Conversions,Bottom,2024,2024-Q1,2024-02,782.05,57078,22050,1097,50,4452.83,0
2024-02-05,IG-Retargeting-Cart-7d,Connected TV,Meta Ads,Conversions,Bottom,2024,2024-Q1,2024-02,598.51,32679,13464,613,27,2399.29,0
2024-02-05,FB-Catalog-DPA-Evergreen,Desktop,Meta Ads,Sales,Bottom,2024,2024-Q1,2024-02,4239.25,434137,183014,6015,257,21802.72,0
2024-02-05,FB-Catalog-DPA-Evergreen,Mobile,Meta Ads,Sales,Bottom,2024,2024-Q1,2024-02,4537.24,470051,185536,7496,259,21685.93,0
2024-02-05,FB-Catalog-DPA-Evergreen,Tablet,Meta Ads,Sales,Bottom,2024,2024-Q1,2024-02,963.66,97185,40792,1368,48,3980.78,0
2024-02-05,FB-Catalog-DPA-Evergreen,Connected TV,Meta Ads,Sales,Bottom,2024,2024-Q1,2024-02,786.76,59461,25900,829,31,2521,0
2024-02-05,LI-ABM-Enterprise-Tier1,Desktop,LinkedIn Ads,Leads,Middle,2024,2024-Q1,2024-02,5718.98,118640,53374,667,16,13231.13,0
2024-02-05,LI-ABM-Enterprise-Tier1,Mobile,LinkedIn Ads,Leads,Middle,2024,2024-Q1,2024-02,6198.82,125043,60029,764,14,11783.09,0
2024-02-05,LI-ABM-Enterprise-Tier1,Tablet,LinkedIn Ads,Leads,Middle,2024,2024-Q1,2024-02,1233.67,24390,10886,131,2,1627.1,0
2024-02-05,LI-ABM-Enterprise-Tier1,Connected TV,LinkedIn Ads,Leads,Middle,2024,2024-Q1,2024-02,1007.98,14911,6273,83,0,0,0
2024-02-05,LI-Content-Whitepaper,Desktop,LinkedIn Ads,Leads,Middle,2024,2024-Q1,2024-02,2420.74,52887,20106,398,8,3476.65,0
2024-02-05,LI-Content-Whitepaper,Mobile,LinkedIn Ads,Leads,Middle,2024,2024-Q1,2024-02,2760.48,60551,24244,489,7,3008.52,0
2024-02-05,LI-Content-Whitepaper,Tablet,LinkedIn Ads,Leads,Middle,2024,2024-Q1,2024-02,556.4,11857,4839,87,0,0,0
2024-02-05,LI-Content-Whitepaper,Connected TV,LinkedIn Ads,Leads,Middle,2024,2024-Q1,2024-02,421.26,6774,2852,48,0,0,0
2024-02-05,DV360-Display-Retarget,Desktop,Programmatic,Conversions,Middle,2024,2024-Q1,2024-02,3503.79,687081,285709,3323,66,9579.47,0
2024-02-05,DV360-Display-Retarget,Mobile,Programmatic,Conversions,Middle,2024,2024-Q1,2024-02,3748.85,715574,310250,3721,61,9054.16,0
2024-02-05,DV360-Display-Retarget,Tablet,Programmatic,Conversions,Middle,2024,2024-Q1,2024-02,755.49,140882,64303,644,10,1511.17,0
2024-02-05,DV360-Display-Retarget,Connected TV,Programmatic,Conversions,Middle,2024,2024-Q1,2024-02,616.38,85996,36646,409,7,1030.48,0
2024-02-05,DV360-CTV-Reach,Desktop,Programmatic,Awareness,Top,2024,2024-Q1,2024-02,3934.22,189954,74292,591,1,759.31,58443
2024-02-05,DV360-CTV-Reach,Mobile,Programmatic,Awareness,Top,2024,2024-Q1,2024-02,4545.82,220923,91720,745,1,761.61,67302
2024-02-05,DV360-CTV-Reach,Tablet,Programmatic,Awareness,Top,2024,2024-Q1,2024-02,904.76,43056,18241,129,0,0,13582
2024-02-05,DV360-CTV-Reach,Connected TV,Programmatic,Awareness,Top,2024,2024-Q1,2024-02,693.31,23734,10614,69,0,0,7856
2024-02-12,BR-Search-Brand-Core,Desktop,Google Ads,Conversions,Bottom,2024,2024-Q1,2024-02,1593.12,15232,6643,1378,115,16381.44,0
2024-02-12,BR-Search-Brand-Core,Mobile,Google Ads,Conversions,Bottom,2024,2024-Q1,2024-02,1599.17,14436,6556,1386,96,13824.65,0
2024-02-12,BR-Search-Brand-Core,Tablet,Google Ads,Conversions,Bottom,2024,2024-Q1,2024-02,318.03,2903,1199,265,19,2721.98,0
2024-02-12,BR-Search-Brand-Core,Connected TV,Google Ads,Conversions,Bottom,2024,2024-Q1,2024-02,257.1,1752,761,157,10,1406.36,0
2024-02-12,NB-Search-Generic-Solutions,Desktop,Google Ads,Conversions,Middle,2024,2024-Q1,2024-02,7337.95,68904,28450,2371,78,18922.87,0
2024-02-12,NB-Search-Generic-Solutions,Mobile,Google Ads,Conversions,Middle,2024,2024-Q1,2024-02,8376.55,79511,34168,2971,83,19976.08,0
2024-02-12,NB-Search-Generic-Solutions,Tablet,Google Ads,Conversions,Middle,2024,2024-Q1,2024-02,1685.81,15704,6892,521,14,3439.98,0
2024-02-12,NB-Search-Generic-Solutions,Connected TV,Google Ads,Conversions,Middle,2024,2024-Q1,2024-02,1292.73,8684,3554,298,9,2289.9,0
2024-02-12,PMax-Retail-Feed,Desktop,Google Ads,Sales,Bottom,2024,2024-Q1,2024-02,6055.29,326245,141957,6760,329,28138.38,0
2024-02-12,PMax-Retail-Feed,Mobile,Google Ads,Sales,Bottom,2024,2024-Q1,2024-02,6484.03,369741,146173,8845,351,28488.84,0
2024-02-12,PMax-Retail-Feed,Tablet,Google Ads,Sales,Bottom,2024,2024-Q1,2024-02,1480.54,84901,35036,1789,74,6029.17,0
2024-02-12,PMax-Retail-Feed,Connected TV,Google Ads,Sales,Bottom,2024,2024-Q1,2024-02,1135.21,46913,18115,980,37,3041.44,0
2024-02-12,YT-Awareness-InStream,Desktop,Google Ads,Awareness,Top,2024,2024-Q1,2024-02,4253.52,434088,193731,2599,18,3329.91,135381
2024-02-12,YT-Awareness-InStream,Mobile,Google Ads,Awareness,Top,2024,2024-Q1,2024-02,4340.28,433743,179368,2797,16,2997.64,138757
2024-02-12,YT-Awareness-InStream,Tablet,Google Ads,Awareness,Top,2024,2024-Q1,2024-02,864.49,87689,32415,539,3,548.45,27565
2024-02-12,YT-Awareness-InStream,Connected TV,Google Ads,Awareness,Top,2024,2024-Q1,2024-02,646.15,49123,19498,296,0,0,14962
2024-02-12,FB-Prospecting-LAL-3pct,Desktop,Meta Ads,Traffic,Top,2024,2024-Q1,2024-02,5028.05,590017,217407,5783,86,8077.91,0
2024-02-12,FB-Prospecting-LAL-3pct,Mobile,Meta Ads,Traffic,Top,2024,2024-Q1,2024-02,5732.18,679020,267130,7148,89,8226.29,0
2024-02-12,FB-Prospecting-LAL-3pct,Tablet,Meta Ads,Traffic,Top,2024,2024-Q1,2024-02,1155.37,133543,53353,1264,15,1406.31,0
2024-02-12,FB-Prospecting-LAL-3pct,Connected TV,Meta Ads,Traffic,Top,2024,2024-Q1,2024-02,875.14,73613,30401,721,10,972.5,0
2024-02-12,IG-Retargeting-Cart-7d,Desktop,Meta Ads,Conversions,Bottom,2024,2024-Q1,2024-02,3626.65,250838,110623,4539,251,22635.56,0
2024-02-12,IG-Retargeting-Cart-7d,Mobile,Meta Ads,Conversions,Bottom,2024,2024-Q1,2024-02,3887.39,285648,115170,5919,266,22661.26,0
2024-02-12,IG-Retargeting-Cart-7d,Tablet,Meta Ads,Conversions,Bottom,2024,2024-Q1,2024-02,833.11,61584,23654,1141,53,4495.93,0
2024-02-12,IG-Retargeting-Cart-7d,Connected TV,Meta Ads,Conversions,Bottom,2024,2024-Q1,2024-02,670.14,35603,14036,683,31,2686.53,0
2024-02-12,FB-Catalog-DPA-Evergreen,Desktop,Meta Ads,Sales,Bottom,2024,2024-Q1,2024-02,4806.26,496417,206401,6708,307,24829.11,0
2024-02-12,FB-Catalog-DPA-Evergreen,Mobile,Meta Ads,Sales,Bottom,2024,2024-Q1,2024-02,5161.84,519126,219392,7974,302,24976.75,0
2024-02-12,FB-Catalog-DPA-Evergreen,Tablet,Meta Ads,Sales,Bottom,2024,2024-Q1,2024-02,1039.36,106384,41866,1549,58,4728.31,0
2024-02-12,FB-Catalog-DPA-Evergreen,Connected TV,Meta Ads,Sales,Bottom,2024,2024-Q1,2024-02,787.86,60418,21762,869,31,2496.11,0
2024-02-12,LI-ABM-Enterprise-Tier1,Desktop,LinkedIn Ads,Leads,Middle,2024,2024-Q1,2024-02,5722.48,120488,45420,697,16,13594.64,0
2024-02-12,LI-ABM-Enterprise-Tier1,Mobile,LinkedIn Ads,Leads,Middle,2024,2024-Q1,2024-02,6608.87,140574,55578,879,18,15185.57,0
2024-02-12,LI-ABM-Enterprise-Tier1,Tablet,LinkedIn Ads,Leads,Middle,2024,2024-Q1,2024-02,1315.63,27413,11200,154,3,2435.16,0
2024-02-12,LI-ABM-Enterprise-Tier1,Connected TV,LinkedIn Ads,Leads,Middle,2024,2024-Q1,2024-02,1008.48,15151,6432,83,0,0,0
2024-02-12,LI-Content-Whitepaper,Desktop,LinkedIn Ads,Leads,Middle,2024,2024-Q1,2024-02,2549.89,54223,24674,370,7,3110.77,0
2024-02-12,LI-Content-Whitepaper,Mobile,LinkedIn Ads,Leads,Middle,2024,2024-Q1,2024-02,2765.31,61807,25995,484,8,3400.91,0
2024-02-12,LI-Content-Whitepaper,Tablet,LinkedIn Ads,Leads,Middle,2024,2024-Q1,2024-02,586.04,13271,5216,98,0,0,0
2024-02-12,LI-Content-Whitepaper,Connected TV,LinkedIn Ads,Leads,Middle,2024,2024-Q1,2024-02,477.16,7783,3171,57,0,0,0
2024-02-12,DV360-Display-Retarget,Desktop,Programmatic,Conversions,Middle,2024,2024-Q1,2024-02,3505.02,667342,256008,3337,65,9625.69,0
2024-02-12,DV360-Display-Retarget,Mobile,Programmatic,Conversions,Middle,2024,2024-Q1,2024-02,4000.41,777613,312479,4167,69,10501.89,0
2024-02-12,DV360-Display-Retarget,Tablet,Programmatic,Conversions,Middle,2024,2024-Q1,2024-02,806.03,158799,67204,767,12,1813.77,0
2024-02-12,DV360-Display-Retarget,Connected TV,Programmatic,Conversions,Middle,2024,2024-Q1,2024-02,609.85,83669,37102,389,6,932.2,0
2024-02-12,DV360-CTV-Reach,Desktop,Programmatic,Awareness,Top,2024,2024-Q1,2024-02,4198.33,197792,93280,565,2,1603.75,63405
2024-02-12,DV360-CTV-Reach,Mobile,Programmatic,Awareness,Top,2024,2024-Q1,2024-02,4504.48,215701,91733,700,2,1608.36,67898
2024-02-12,DV360-CTV-Reach,Tablet,Programmatic,Awareness,Top,2024,2024-Q1,2024-02,965.15,46569,18811,144,0,0,14356
2024-02-12,DV360-CTV-Reach,Connected TV,Programmatic,Awareness,Top,2024,2024-Q1,2024-02,778.65,28131,11815,87,0,0,8523
2024-02-19,BR-Search-Brand-Core,Desktop,Google Ads,Conversions,Bottom,2024,2024-Q1,2024-02,1595.2,14897,5331,1454,125,17430.19,0
2024-02-19,BR-Search-Brand-Core,Mobile,Google Ads,Conversions,Bottom,2024,2024-Q1,2024-02,1817.58,17279,7593,1826,134,19198.93,0
2024-02-19,BR-Search-Brand-Core,Tablet,Google Ads,Conversions,Bottom,2024,2024-Q1,2024-02,366.46,3391,1517,322,24,3514,0
2024-02-19,BR-Search-Brand-Core,Connected TV,Google Ads,Conversions,Bottom,2024,2024-Q1,2024-02,277.64,1855,756,172,13,1874.53,0
2024-02-19,NB-Search-Generic-Solutions,Desktop,Google Ads,Conversions,Middle,2024,2024-Q1,2024-02,7340.9,67679,28947,2283,72,18529.97,0
2024-02-19,NB-Search-Generic-Solutions,Mobile,Google Ads,Conversions,Middle,2024,2024-Q1,2024-02,7774.4,70023,27264,2693,70,17057.06,0
2024-02-19,NB-Search-Generic-Solutions,Tablet,Google Ads,Conversions,Middle,2024,2024-Q1,2024-02,1668.5,15766,6519,543,14,3388.98,0
2024-02-19,NB-Search-Generic-Solutions,Connected TV,Google Ads,Conversions,Middle,2024,2024-Q1,2024-02,1347.82,9522,4021,325,9,2150.7,0
2024-02-19,PMax-Retail-Feed,Desktop,Google Ads,Sales,Bottom,2024,2024-Q1,2024-02,6382.23,364309,164171,7450,354,28514.22,0
2024-02-19,PMax-Retail-Feed,Mobile,Google Ads,Sales,Bottom,2024,2024-Q1,2024-02,6833.26,379174,177115,8321,322,26617.4,0
2024-02-19,PMax-Retail-Feed,Tablet,Google Ads,Sales,Bottom,2024,2024-Q1,2024-02,1377.49,77892,34061,1605,60,4873.84,0
2024-02-19,PMax-Retail-Feed,Connected TV,Google Ads,Sales,Bottom,2024,2024-Q1,2024-02,1124.79,47474,19452,1018,41,3322.41,0
2024-02-19,YT-Awareness-InStream,Desktop,Google Ads,Awareness,Top,2024,2024-Q1,2024-02,3962.68,399468,151059,2622,18,3353.47,125819
2024-02-19,YT-Awareness-InStream,Mobile,Google Ads,Awareness,Top,2024,2024-Q1,2024-02,4572.97,463099,206194,3292,19,3507.18,144505
2024-02-19,YT-Awareness-InStream,Tablet,Google Ads,Awareness,Top,2024,2024-Q1,2024-02,910.82,90362,42346,573,3,546.16,29502
2024-02-19,YT-Awareness-InStream,Connected TV,Google Ads,Awareness,Top,2024,2024-Q1,2024-02,698.2,51835,22213,321,0,0,16604
2024-02-19,FB-Prospecting-LAL-3pct,Desktop,Meta Ads,Traffic,Top,2024,2024-Q1,2024-02,4965.64,550919,251635,5233,75,7370.65,0
2024-02-19,FB-Prospecting-LAL-3pct,Mobile,Meta Ads,Traffic,Top,2024,2024-Q1,2024-02,5313.59,596316,247025,6542,77,7448.08,0
2024-02-19,FB-Prospecting-LAL-3pct,Tablet,Meta Ads,Traffic,Top,2024,2024-Q1,2024-02,1128.91,128034,55526,1253,16,1533.38,0
2024-02-19,FB-Prospecting-LAL-3pct,Connected TV,Meta Ads,Traffic,Top,2024,2024-Q1,2024-02,922.18,78336,35089,751,11,1047.35,0
2024-02-19,IG-Retargeting-Cart-7d,Desktop,Meta Ads,Conversions,Bottom,2024,2024-Q1,2024-02,3589.31,265607,108101,4715,253,21409.76,0
2024-02-19,IG-Retargeting-Cart-7d,Mobile,Meta Ads,Conversions,Bottom,2024,2024-Q1,2024-02,3841.74,276841,118916,5254,244,21186.34,0
2024-02-19,IG-Retargeting-Cart-7d,Tablet,Meta Ads,Conversions,Bottom,2024,2024-Q1,2024-02,774.35,56379,24967,1018,47,4043.46,0
2024-02-19,IG-Retargeting-Cart-7d,Connected TV,Meta Ads,Conversions,Bottom,2024,2024-Q1,2024-02,624.83,34236,14296,634,28,2373.21,0
2024-02-19,FB-Catalog-DPA-Evergreen,Desktop,Meta Ads,Sales,Bottom,2024,2024-Q1,2024-02,4424.6,450694,173309,6647,284,23123.5,0
2024-02-19,FB-Catalog-DPA-Evergreen,Mobile,Meta Ads,Sales,Bottom,2024,2024-Q1,2024-02,5112.07,528674,244525,8387,306,24727.16,0
2024-02-19,FB-Catalog-DPA-Evergreen,Tablet,Meta Ads,Sales,Bottom,2024,2024-Q1,2024-02,1028.26,103321,43330,1475,55,4559.5,0
2024-02-19,FB-Catalog-DPA-Evergreen,Connected TV,Meta Ads,Sales,Bottom,2024,2024-Q1,2024-02,830.8,60263,26334,826,32,2742.6,0
2024-02-19,LI-ABM-Enterprise-Tier1,Desktop,LinkedIn Ads,Leads,Middle,2024,2024-Q1,2024-02,5719.62,113417,52540,598,15,12968.7,0
2024-02-19,LI-ABM-Enterprise-Tier1,Mobile,LinkedIn Ads,Leads,Middle,2024,2024-Q1,2024-02,6537.22,131415,55513,846,16,13716.41,0
2024-02-19,LI-ABM-Enterprise-Tier1,Tablet,LinkedIn Ads,Leads,Middle,2024,2024-Q1,2024-02,1402.52,28447,11435,152,2,1665.4,0
2024-02-19,LI-ABM-Enterprise-Tier1,Connected TV,LinkedIn Ads,Leads,Middle,2024,2024-Q1,2024-02,1129.08,17116,7084,91,0,0,0
2024-02-19,LI-Content-Whitepaper,Desktop,LinkedIn Ads,Leads,Middle,2024,2024-Q1,2024-02,2715.07,60837,23009,432,8,3350.97,0
2024-02-19,LI-Content-Whitepaper,Mobile,LinkedIn Ads,Leads,Middle,2024,2024-Q1,2024-02,2943.84,64730,24895,496,8,3439.62,0
2024-02-19,LI-Content-Whitepaper,Tablet,LinkedIn Ads,Leads,Middle,2024,2024-Q1,2024-02,586.64,13006,5246,87,0,0,0
2024-02-19,LI-Content-Whitepaper,Connected TV,LinkedIn Ads,Leads,Middle,2024,2024-Q1,2024-02,444.4,7388,2781,52,0,0,0
2024-02-19,DV360-Display-Retarget,Desktop,Programmatic,Conversions,Middle,2024,2024-Q1,2024-02,3693.84,695047,324658,3381,69,10347.14,0
2024-02-19,DV360-Display-Retarget,Mobile,Programmatic,Conversions,Middle,2024,2024-Q1,2024-02,4004.44,760588,330815,4240,70,10397.58,0
2024-02-19,DV360-Display-Retarget,Tablet,Programmatic,Conversions,Middle,2024,2024-Q1,2024-02,859.59,164663,67049,802,12,1759.75,0
2024-02-19,DV360-Display-Retarget,Connected TV,Programmatic,Conversions,Middle,2024,2024-Q1,2024-02,692.21,99981,42911,480,7,1029.02,0
2024-02-19,DV360-CTV-Reach,Desktop,Programmatic,Awareness,Top,2024,2024-Q1,2024-02,4427.48,219678,83947,688,4,3125.89,69429
2024-02-19,DV360-CTV-Reach,Mobile,Programmatic,Awareness,Top,2024,2024-Q1,2024-02,4799.35,233521,94203,793,3,2407.2,76446
2024-02-19,DV360-CTV-Reach,Tablet,Programmatic,Awareness,Top,2024,2024-Q1,2024-02,965.87,47463,19741,143,0,0,15264
2024-02-19,DV360-CTV-Reach,Connected TV,Programmatic,Awareness,Top,2024,2024-Q1,2024-02,723.64,25706,9783,81,0,0,8529
2024-02-26,BR-Search-Brand-Core,Desktop,Google Ads,Conversions,Bottom,2024,2024-Q1,2024-02,1678.17,15491,6603,1386,116,16417.06,0
2024-02-26,BR-Search-Brand-Core,Mobile,Google Ads,Conversions,Bottom,2024,2024-Q1,2024-02,1686.1,15823,6307,1627,111,15467.07,0
2024-02-26,BR-Search-Brand-Core,Tablet,Google Ads,Conversions,Bottom,2024,2024-Q1,2024-02,362.53,3439,1454,330,23,3201.4,0
2024-02-26,BR-Search-Brand-Core,Connected TV,Google Ads,Conversions,Bottom,2024,2024-Q1,2024-02,292.29,1989,873,179,13,1835.35,0
2024-02-26,NB-Search-Generic-Solutions,Desktop,Google Ads,Conversions,Middle,2024,2024-Q1,2024-02,8226.99,77116,31371,2660,92,22539.67,0
2024-02-26,NB-Search-Generic-Solutions,Mobile,Google Ads,Conversions,Middle,2024,2024-Q1,2024-02,8923.91,81445,34648,3046,86,21445.12,0
2024-02-26,NB-Search-Generic-Solutions,Tablet,Google Ads,Conversions,Middle,2024,2024-Q1,2024-02,1779.27,16373,6330,579,16,3986.55,0
2024-02-26,NB-Search-Generic-Solutions,Connected TV,Google Ads,Conversions,Middle,2024,2024-Q1,2024-02,1348.79,9383,3320,326,9,2178.62,0
2024-02-26,PMax-Retail-Feed,Desktop,Google Ads,Sales,Bottom,2024,2024-Q1,2024-02,6316.45,365448,135370,8143,377,31353.71,0
2024-02-26,PMax-Retail-Feed,Mobile,Google Ads,Sales,Bottom,2024,2024-Q1,2024-02,7280.05,429101,166359,10274,407,31893.29,0
2024-02-26,PMax-Retail-Feed,Tablet,Google Ads,Sales,Bottom,2024,2024-Q1,2024-02,1467.28,84127,33685,1813,72,5779.3,0
2024-02-26,PMax-Retail-Feed,Connected TV,Google Ads,Sales,Bottom,2024,2024-Q1,2024-02,1110.96,45934,19034,957,38,3131.16,0
2024-02-26,YT-Awareness-InStream,Desktop,Google Ads,Awareness,Top,2024,2024-Q1,2024-02,4221.55,430975,190273,2604,19,3469.76,142622
2024-02-26,YT-Awareness-InStream,Mobile,Google Ads,Awareness,Top,2024,2024-Q1,2024-02,4181.2,436972,176436,3013,17,3061.29,141837
2024-02-26,YT-Awareness-InStream,Tablet,Google Ads,Awareness,Top,2024,2024-Q1,2024-02,900.28,94624,40924,616,4,703.71,29917
2024-02-26,YT-Awareness-InStream,Connected TV,Google Ads,Awareness,Top,2024,2024-Q1,2024-02,735.31,55955,24701,340,0,0,17235
2024-02-26,FB-Prospecting-LAL-3pct,Desktop,Meta Ads,Traffic,Top,2024,2024-Q1,2024-02,5631.35,656569,276130,6481,102,9562.22,0
2024-02-26,FB-Prospecting-LAL-3pct,Mobile,Meta Ads,Traffic,Top,2024,2024-Q1,2024-02,6107.66,698054,299034,7497,97,9302.94,0
2024-02-26,FB-Prospecting-LAL-3pct,Tablet,Meta Ads,Traffic,Top,2024,2024-Q1,2024-02,1217.36,140722,57099,1411,17,1648.78,0
2024-02-26,FB-Prospecting-LAL-3pct,Connected TV,Meta Ads,Traffic,Top,2024,2024-Q1,2024-02,922.58,79930,29854,838,11,1055.9,0
2024-02-26,IG-Retargeting-Cart-7d,Desktop,Meta Ads,Conversions,Bottom,2024,2024-Q1,2024-02,3544.43,256010,100735,4959,260,23301.85,0
2024-02-26,IG-Retargeting-Cart-7d,Mobile,Meta Ads,Conversions,Bottom,2024,2024-Q1,2024-02,4094.59,311413,126681,6552,293,25167.62,0
2024-02-26,IG-Retargeting-Cart-7d,Tablet,Meta Ads,Conversions,Bottom,2024,2024-Q1,2024-02,815.08,58231,24366,1088,51,4469.41,0
2024-02-26,IG-Retargeting-Cart-7d,Connected TV,Meta Ads,Conversions,Bottom,2024,2024-Q1,2024-02,624.57,32191,14127,587,25,2219.47,0
2024-02-26,FB-Catalog-DPA-Evergreen,Desktop,Meta Ads,Sales,Bottom,2024,2024-Q1,2024-02,4717.89,472215,217628,6329,274,22763.58,0
2024-02-26,FB-Catalog-DPA-Evergreen,Mobile,Meta Ads,Sales,Bottom,2024,2024-Q1,2024-02,4725.19,479039,199600,7438,265,21693.03,0
2024-02-26,FB-Catalog-DPA-Evergreen,Tablet,Meta Ads,Sales,Bottom,2024,2024-Q1,2024-02,1004.86,102679,45099,1494,52,4218.62,0
2024-02-26,FB-Catalog-DPA-Evergreen,Connected TV,Meta Ads,Sales,Bottom,2024,2024-Q1,2024-02,821.73,63469,25967,860,31,2478.07,0
2024-02-26,LI-ABM-Enterprise-Tier1,Desktop,LinkedIn Ads,Leads,Middle,2024,2024-Q1,2024-02,6430.29,134637,58441,736,18,14738.06,0
2024-02-26,LI-ABM-Enterprise-Tier1,Mobile,LinkedIn Ads,Leads,Middle,2024,2024-Q1,2024-02,6958.97,143010,63417,841,17,14160.7,0
2024-02-26,LI-ABM-Enterprise-Tier1,Tablet,LinkedIn Ads,Leads,Middle,2024,2024-Q1,2024-02,1403.28,28071,11602,157,4,3310.25,0
2024-02-26,LI-ABM-Enterprise-Tier1,Connected TV,LinkedIn Ads,Leads,Middle,2024,2024-Q1,2024-02,1049.84,15835,6008,91,0,0,0
2024-02-26,LI-Content-Whitepaper,Desktop,LinkedIn Ads,Leads,Middle,2024,2024-Q1,2024-02,2519.75,53293,21360,389,7,3126.4,0
2024-02-26,LI-Content-Whitepaper,Mobile,LinkedIn Ads,Leads,Middle,2024,2024-Q1,2024-02,3096.08,68916,26389,537,8,3416.32,0
2024-02-26,LI-Content-Whitepaper,Tablet,LinkedIn Ads,Leads,Middle,2024,2024-Q1,2024-02,624.26,13516,5266,95,0,0,0
2024-02-26,LI-Content-Whitepaper,Connected TV,LinkedIn Ads,Leads,Middle,2024,2024-Q1,2024-02,473,7432,2953,52,0,0,0
2024-02-26,DV360-Display-Retarget,Desktop,Programmatic,Conversions,Middle,2024,2024-Q1,2024-02,3934.43,781361,310218,3646,74,10586.91,0
2024-02-26,DV360-Display-Retarget,Mobile,Programmatic,Conversions,Middle,2024,2024-Q1,2024-02,4264.47,826326,333201,4195,72,10531.14,0
2024-02-26,DV360-Display-Retarget,Tablet,Programmatic,Conversions,Middle,2024,2024-Q1,2024-02,849.35,161681,67410,772,12,1779.09,0
2024-02-26,DV360-Display-Retarget,Connected TV,Programmatic,Conversions,Middle,2024,2024-Q1,2024-02,642.99,91673,35780,457,8,1191.35,0
2024-02-26,DV360-CTV-Reach,Desktop,Programmatic,Awareness,Top,2024,2024-Q1,2024-02,4432.68,208052,85098,628,3,2423.33,62843
2024-02-26,DV360-CTV-Reach,Mobile,Programmatic,Awareness,Top,2024,2024-Q1,2024-02,5110.13,251828,97597,824,3,2430.24,74747
2024-02-26,DV360-CTV-Reach,Tablet,Programmatic,Awareness,Top,2024,2024-Q1,2024-02,1081.2,52082,20733,160,0,0,16264
2024-02-26,DV360-CTV-Reach,Connected TV,Programmatic,Awareness,Top,2024,2024-Q1,2024-02,829.39,28819,11986,87,0,0,9299
2024-03-04,BR-Search-Brand-Core,Desktop,Google Ads,Conversions,Bottom,2024,2024-Q1,2024-03,1658.74,15547,6298,1361,122,17079.57,0
2024-03-04,BR-Search-Brand-Core,Mobile,Google Ads,Conversions,Bottom,2024,2024-Q1,2024-03,1797.65,16423,7893,1542,115,16455.36,0
2024-03-04,BR-Search-Brand-Core,Tablet,Google Ads,Conversions,Bottom,2024,2024-Q1,2024-03,385.61,3575,1393,316,22,3122.7,0
2024-03-04,BR-Search-Brand-Core,Connected TV,Google Ads,Conversions,Bottom,2024,2024-Q1,2024-03,292.29,2030,738,187,13,1816.73,0
2024-03-04,NB-Search-Generic-Solutions,Desktop,Google Ads,Conversions,Middle,2024,2024-Q1,2024-03,7647.32,70757,26975,2358,74,18299.59,0
2024-03-04,NB-Search-Generic-Solutions,Mobile,Google Ads,Conversions,Middle,2024,2024-Q1,2024-03,8830.05,82202,33100,2971,82,20196.59,0
2024-03-04,NB-Search-Generic-Solutions,Tablet,Google Ads,Conversions,Middle,2024,2024-Q1,2024-03,1870.4,17660,7228,570,15,3631.16,0
2024-03-04,NB-Search-Generic-Solutions,Connected TV,Google Ads,Conversions,Middle,2024,2024-Q1,2024-03,1434.65,9776,4208,326,8,1984.55,0
2024-03-04,PMax-Retail-Feed,Desktop,Google Ads,Sales,Bottom,2024,2024-Q1,2024-03,6726.54,368331,166554,7388,355,29831.12,0
2024-03-04,PMax-Retail-Feed,Mobile,Google Ads,Sales,Bottom,2024,2024-Q1,2024-03,7281.81,402885,169286,9310,363,30186.89,0
2024-03-04,PMax-Retail-Feed,Tablet,Google Ads,Sales,Bottom,2024,2024-Q1,2024-03,1545.9,86189,34020,1778,72,5955.89,0
2024-03-04,PMax-Retail-Feed,Connected TV,Google Ads,Sales,Bottom,2024,2024-Q1,2024-03,1182.57,49891,19959,1017,42,3399.63,0
2024-03-04,YT-Awareness-InStream,Desktop,Google Ads,Awareness,Top,2024,2024-Q1,2024-03,4435.15,458212,170313,2872,20,3634.05,138040
2024-03-04,YT-Awareness-InStream,Mobile,Google Ads,Awareness,Top,2024,2024-Q1,2024-03,4809.2,487517,214377,3267,19,3498.77,163344
2024-03-04,YT-Awareness-InStream,Tablet,Google Ads,Awareness,Top,2024,2024-Q1,2024-03,970.04,99282,39259,589,4,724.91,32767
2024-03-04,YT-Awareness-InStream,Connected TV,Google Ads,Awareness,Top,2024,2024-Q1,2024-03,725.98,56157,20874,368,0,0,18208
2024-03-04,FB-Prospecting-LAL-3pct,Desktop,Meta Ads,Traffic,Top,2024,2024-Q1,2024-03,5228.47,598769,232618,5698,81,7705.66,0
2024-03-04,FB-Prospecting-LAL-3pct,Mobile,Meta Ads,Traffic,Top,2024,2024-Q1,2024-03,5967.8,692918,282372,7578,94,8867.81,0
2024-03-04,FB-Prospecting-LAL-3pct,Tablet,Meta Ads,Traffic,Top,2024,2024-Q1,2024-03,1280.09,150385,62794,1481,20,1866.6,0
2024-03-04,FB-Prospecting-LAL-3pct,Connected TV,Meta Ads,Traffic,Top,2024,2024-Q1,2024-03,970.1,82659,35888,793,11,1060.6,0
2024-03-04,IG-Retargeting-Cart-7d,Desktop,Meta Ads,Conversions,Bottom,2024,2024-Q1,2024-03,3776.33,266930,123284,4726,254,22402.12,0
2024-03-04,IG-Retargeting-Cart-7d,Mobile,Meta Ads,Conversions,Bottom,2024,2024-Q1,2024-03,4094.59,294610,125446,5987,266,23053.74,0
2024-03-04,IG-Retargeting-Cart-7d,Tablet,Meta Ads,Conversions,Bottom,2024,2024-Q1,2024-03,868.12,63061,25969,1202,55,4724.03,0
2024-03-04,IG-Retargeting-Cart-7d,Connected TV,Meta Ads,Conversions,Bottom,2024,2024-Q1,2024-03,707.09,38358,16111,721,34,2900.06,0
2024-03-04,FB-Catalog-DPA-Evergreen,Desktop,Meta Ads,Sales,Bottom,2024,2024-Q1,2024-03,5018.94,529797,205798,7853,350,28827.16,0
2024-03-04,FB-Catalog-DPA-Evergreen,Mobile,Meta Ads,Sales,Bottom,2024,2024-Q1,2024-03,5441.63,559017,252800,9013,334,28200.38,0
2024-03-04,FB-Catalog-DPA-Evergreen,Tablet,Meta Ads,Sales,Bottom,2024,2024-Q1,2024-03,1084.02,108523,44603,1538,56,4646.33,0
2024-03-04,FB-Catalog-DPA-Evergreen,Connected TV,Meta Ads,Sales,Bottom,2024,2024-Q1,2024-03,821,61578,23286,910,33,2700.78,0
2024-03-04,LI-ABM-Enterprise-Tier1,Desktop,LinkedIn Ads,Leads,Middle,2024,2024-Q1,2024-03,5956.89,118333,46485,667,14,11888.74,0
2024-03-04,LI-ABM-Enterprise-Tier1,Mobile,LinkedIn Ads,Leads,Middle,2024,2024-Q1,2024-03,6877.1,137723,57806,837,17,14455.31,0
2024-03-04,LI-ABM-Enterprise-Tier1,Tablet,LinkedIn Ads,Leads,Middle,2024,2024-Q1,2024-03,1461.26,30744,13107,166,4,3284.67,0
2024-03-04,LI-ABM-Enterprise-Tier1,Connected TV,LinkedIn Ads,Leads,Middle,2024,2024-Q1,2024-03,1118.2,17116,7856,90,0,0,0
2024-03-04,LI-Content-Whitepaper,Desktop,LinkedIn Ads,Leads,Middle,2024,2024-Q1,2024-03,2652.46,57125,26973,378,7,3073.6,0
2024-03-04,LI-Content-Whitepaper,Mobile,LinkedIn Ads,Leads,Middle,2024,2024-Q1,2024-03,2875.2,60724,27022,461,8,3459.86,0
2024-03-04,LI-Content-Whitepaper,Tablet,LinkedIn Ads,Leads,Middle,2024,2024-Q1,2024-03,617.61,13661,5652,99,0,0,0
2024-03-04,LI-Content-Whitepaper,Connected TV,LinkedIn Ads,Leads,Middle,2024,2024-Q1,2024-03,497.5,8293,3607,58,0,0,0
2024-03-04,DV360-Display-Retarget,Desktop,Programmatic,Conversions,Middle,2024,2024-Q1,2024-03,3640.22,684808,241894,3330,63,9469.1,0
2024-03-04,DV360-Display-Retarget,Mobile,Programmatic,Conversions,Middle,2024,2024-Q1,2024-03,4160.1,790905,346554,4150,71,10628.56,0
2024-03-04,DV360-Display-Retarget,Tablet,Programmatic,Conversions,Middle,2024,2024-Q1,2024-03,893.95,171858,77793,804,14,2063.21,0
2024-03-04,DV360-Display-Retarget,Connected TV,Programmatic,Conversions,Middle,2024,2024-Q1,2024-03,685.15,95120,44569,434,7,1076.76,0
2024-03-04,DV360-CTV-Reach,Desktop,Programmatic,Awareness,Top,2024,2024-Q1,2024-03,4374.08,210126,91161,582,2,1535.88,65281
2024-03-04,DV360-CTV-Reach,Mobile,Programmatic,Awareness,Top,2024,2024-Q1,2024-03,4740.83,221381,99815,697,2,1587.93,68120
2024-03-04,DV360-CTV-Reach,Tablet,Programmatic,Awareness,Top,2024,2024-Q1,2024-03,1006.28,49624,18514,147,0,0,14768
2024-03-04,DV360-CTV-Reach,Connected TV,Programmatic,Awareness,Top,2024,2024-Q1,2024-03,821.04,30312,11895,88,0,0,8866
2024-03-11,BR-Search-Brand-Core,Desktop,Google Ads,Conversions,Bottom,2024,2024-Q1,2024-03,1655.7,15830,6087,1518,128,18139.74,0
2024-03-11,BR-Search-Brand-Core,Mobile,Google Ads,Conversions,Bottom,2024,2024-Q1,2024-03,1888.74,17613,7079,1807,132,18517.72,0
2024-03-11,BR-Search-Brand-Core,Tablet,Google Ads,Conversions,Bottom,2024,2024-Q1,2024-03,380.68,3448,1429,319,23,3313.97,0
2024-03-11,BR-Search-Brand-Core,Connected TV,Google Ads,Conversions,Bottom,2024,2024-Q1,2024-03,291.75,1994,853,179,14,2063.08,0
2024-03-11,NB-Search-Generic-Solutions,Desktop,Google Ads,Conversions,Middle,2024,2024-Q1,2024-03,7626.62,68821,31249,2257,73,18387.6,0
2024-03-11,NB-Search-Generic-Solutions,Mobile,Google Ads,Conversions,Middle,2024,2024-Q1,2024-03,8157.84,75152,30778,2809,73,18152.88,0
2024-03-11,NB-Search-Generic-Solutions,Tablet,Google Ads,Conversions,Middle,2024,2024-Q1,2024-03,1733.96,16092,6211,539,13,3191.96,0
2024-03-11,NB-Search-Generic-Solutions,Connected TV,Google Ads,Conversions,Middle,2024,2024-Q1,2024-03,1417.02,9853,3950,325,9,2181.65,0
2024-03-11,PMax-Retail-Feed,Desktop,Google Ads,Sales,Bottom,2024,2024-Q1,2024-03,7145.13,414927,158949,8650,419,33499.79,0
2024-03-11,PMax-Retail-Feed,Mobile,Google Ads,Sales,Bottom,2024,2024-Q1,2024-03,7656.65,433417,168925,9820,371,30193.45,0
2024-03-11,PMax-Retail-Feed,Tablet,Google Ads,Sales,Bottom,2024,2024-Q1,2024-03,1430.33,79350,36367,1695,66,5458.4,0
2024-03-11,PMax-Retail-Feed,Connected TV,Google Ads,Sales,Bottom,2024,2024-Q1,2024-03,1167.53,48461,20996,1074,40,3268,0
2024-03-11,YT-Awareness-InStream,Desktop,Google Ads,Awareness,Top,2024,2024-Q1,2024-03,4434.48,452816,177954,2876,21,3859.02,138974
2024-03-11,YT-Awareness-InStream,Mobile,Google Ads,Awareness,Top,2024,2024-Q1,2024-03,4749.72,491561,183148,3394,19,3407.97,148235
2024-03-11,YT-Awareness-InStream,Tablet,Google Ads,Awareness,Top,2024,2024-Q1,2024-03,945.14,94910,41002,585,3,530.72,30092
2024-03-11,YT-Awareness-InStream,Connected TV,Google Ads,Awareness,Top,2024,2024-Q1,2024-03,724.16,52773,24013,316,0,0,17304
2024-03-11,FB-Prospecting-LAL-3pct,Desktop,Meta Ads,Traffic,Top,2024,2024-Q1,2024-03,5559.2,624062,255905,5755,91,8921.01,0
2024-03-11,FB-Prospecting-LAL-3pct,Mobile,Meta Ads,Traffic,Top,2024,2024-Q1,2024-03,5953.89,675572,251079,7186,92,8839.8,0
2024-03-11,FB-Prospecting-LAL-3pct,Tablet,Meta Ads,Traffic,Top,2024,2024-Q1,2024-03,1185.27,137295,54117,1307,17,1615.71,0
2024-03-11,FB-Prospecting-LAL-3pct,Connected TV,Meta Ads,Traffic,Top,2024,2024-Q1,2024-03,1030.18,88935,33153,879,12,1127.03,0
2024-03-11,IG-Retargeting-Cart-7d,Desktop,Meta Ads,Conversions,Bottom,2024,2024-Q1,2024-03,4013.09,299292,116481,5468,302,25420.48,0
2024-03-11,IG-Retargeting-Cart-7d,Mobile,Meta Ads,Conversions,Bottom,2024,2024-Q1,2024-03,4298.92,315723,125629,6655,302,25781.67,0
2024-03-11,IG-Retargeting-Cart-7d,Tablet,Meta Ads,Conversions,Bottom,2024,2024-Q1,2024-03,866.8,61979,25611,1158,52,4547.45,0
2024-03-11,IG-Retargeting-Cart-7d,Connected TV,Meta Ads,Conversions,Bottom,2024,2024-Q1,2024-03,648.16,34827,13359,679,30,2576.49,0
2024-03-11,FB-Catalog-DPA-Evergreen,Desktop,Meta Ads,Sales,Bottom,2024,2024-Q1,2024-03,5017.06,518885,209466,7450,327,26390.58,0
2024-03-11,FB-Catalog-DPA-Evergreen,Mobile,Meta Ads,Sales,Bottom,2024,2024-Q1,2024-03,5306.28,558188,210972,9121,325,25784.72,0
2024-03-11,FB-Catalog-DPA-Evergreen,Tablet,Meta Ads,Sales,Bottom,2024,2024-Q1,2024-03,1139.35,116229,51501,1705,63,5141.54,0
2024-03-11,FB-Catalog-DPA-Evergreen,Connected TV,Meta Ads,Sales,Bottom,2024,2024-Q1,2024-03,873.49,64184,29607,855,31,2604.21,0
2024-03-11,LI-ABM-Enterprise-Tier1,Desktop,LinkedIn Ads,Leads,Middle,2024,2024-Q1,2024-03,6829.96,137485,59073,753,20,17030.61,0
2024-03-11,LI-ABM-Enterprise-Tier1,Mobile,LinkedIn Ads,Leads,Middle,2024,2024-Q1,2024-03,7322.33,148623,57970,934,19,16066.6,0
2024-03-11,LI-ABM-Enterprise-Tier1,Tablet,LinkedIn Ads,Leads,Middle,2024,2024-Q1,2024-03,1459.53,30230,10783,168,3,2427.33,0
2024-03-11,LI-ABM-Enterprise-Tier1,Connected TV,LinkedIn Ads,Leads,Middle,2024,2024-Q1,2024-03,1187.99,18403,6954,101,0,0,0
2024-03-11,LI-Content-Whitepaper,Desktop,LinkedIn Ads,Leads,Middle,2024,2024-Q1,2024-03,2821.4,61961,24409,453,8,3409.93,0
2024-03-11,LI-Content-Whitepaper,Mobile,LinkedIn Ads,Leads,Middle,2024,2024-Q1,2024-03,3057.93,68054,27500,544,9,3775.03,0
2024-03-11,LI-Content-Whitepaper,Tablet,LinkedIn Ads,Leads,Middle,2024,2024-Q1,2024-03,608.79,13302,5571,93,0,0,0
2024-03-11,LI-Content-Whitepaper,Connected TV,LinkedIn Ads,Leads,Middle,2024,2024-Q1,2024-03,460.74,7543,2960,55,0,0,0
2024-03-11,DV360-Display-Retarget,Desktop,Programmatic,Conversions,Middle,2024,2024-Q1,2024-03,4130.44,792417,343213,3773,78,11585.74,0
2024-03-11,DV360-Display-Retarget,Mobile,Programmatic,Conversions,Middle,2024,2024-Q1,2024-03,4479.36,868026,355556,4675,80,12144.82,0
2024-03-11,DV360-Display-Retarget,Tablet,Programmatic,Conversions,Middle,2024,2024-Q1,2024-03,892.61,175026,65940,895,15,2235.97,0
2024-03-11,DV360-Display-Retarget,Connected TV,Programmatic,Conversions,Middle,2024,2024-Q1,2024-03,719.61,101961,40107,507,9,1348.05,0
2024-03-11,DV360-CTV-Reach,Desktop,Programmatic,Awareness,Top,2024,2024-Q1,2024-03,4654.58,226524,93503,694,3,2369.64,69831
2024-03-11,DV360-CTV-Reach,Mobile,Programmatic,Awareness,Top,2024,2024-Q1,2024-03,4982.2,237277,100264,785,3,2376.57,75535
2024-03-11,DV360-CTV-Reach,Tablet,Programmatic,Awareness,Top,2024,2024-Q1,2024-03,1003.92,46564,20644,136,0,0,15324
2024-03-11,DV360-CTV-Reach,Connected TV,Programmatic,Awareness,Top,2024,2024-Q1,2024-03,759.58,26636,10679,80,0,0,8596
2024-03-18,BR-Search-Brand-Core,Desktop,Google Ads,Conversions,Bottom,2024,2024-Q1,2024-03,1737.86,15708,7106,1373,118,17137.05,0
2024-03-18,BR-Search-Brand-Core,Mobile,Google Ads,Conversions,Bottom,2024,2024-Q1,2024-03,1884.37,17215,7404,1715,122,17399.5,0
2024-03-18,BR-Search-Brand-Core,Tablet,Google Ads,Conversions,Bottom,2024,2024-Q1,2024-03,404.29,3722,1502,350,26,3609.61,0
2024-03-18,BR-Search-Brand-Core,Connected TV,Google Ads,Conversions,Bottom,2024,2024-Q1,2024-03,325.42,2256,934,209,16,2233.6,0
2024-03-18,NB-Search-Generic-Solutions,Desktop,Google Ads,Conversions,Middle,2024,2024-Q1,2024-03,8630.65,82004,35607,2779,92,22997.42,0
2024-03-18,NB-Search-Generic-Solutions,Mobile,Google Ads,Conversions,Middle,2024,2024-Q1,2024-03,9249.75,82666,37085,3010,82,20873.6,0
2024-03-18,NB-Search-Generic-Solutions,Tablet,Google Ads,Conversions,Middle,2024,2024-Q1,2024-03,1865.14,16812,6846,581,15,3627.66,0
2024-03-18,NB-Search-Generic-Solutions,Connected TV,Google Ads,Conversions,Middle,2024,2024-Q1,2024-03,1395.52,9939,3691,355,11,2687.56,0
2024-03-18,PMax-Retail-Feed,Desktop,Google Ads,Sales,Bottom,2024,2024-Q1,2024-03,6612.24,374533,145754,8136,369,29896.92,0
2024-03-18,PMax-Retail-Feed,Mobile,Google Ads,Sales,Bottom,2024,2024-Q1,2024-03,7549.56,436639,178153,10160,396,32906.52,0
2024-03-18,PMax-Retail-Feed,Tablet,Google Ads,Sales,Bottom,2024,2024-Q1,2024-03,1521.01,89172,38358,1871,71,5821.13,0
2024-03-18,PMax-Retail-Feed,Connected TV,Google Ads,Sales,Bottom,2024,2024-Q1,2024-03,1150.53,48698,21789,994,37,3115.87,0
2024-03-18,YT-Awareness-InStream,Desktop,Google Ads,Awareness,Top,2024,2024-Q1,2024-03,4369.59,438304,183681,2563,19,3544.76,139152
2024-03-18,YT-Awareness-InStream,Mobile,Google Ads,Awareness,Top,2024,2024-Q1,2024-03,4686.96,475444,205672,3202,19,3483.9,148054
2024-03-18,YT-Awareness-InStream,Tablet,Google Ads,Awareness,Top,2024,2024-Q1,2024-03,1004.74,103227,41828,650,5,877.78,31504
2024-03-18,YT-Awareness-InStream,Connected TV,Google Ads,Awareness,Top,2024,2024-Q1,2024-03,818.89,63007,26808,392,0,0,18894
2024-03-18,FB-Prospecting-LAL-3pct,Desktop,Meta Ads,Traffic,Top,2024,2024-Q1,2024-03,5836.42,667405,302833,6366,97,9262.12,0
2024-03-18,FB-Prospecting-LAL-3pct,Mobile,Meta Ads,Traffic,Top,2024,2024-Q1,2024-03,6327.69,703193,325376,7287,90,8825.82,0
2024-03-18,FB-Prospecting-LAL-3pct,Tablet,Meta Ads,Traffic,Top,2024,2024-Q1,2024-03,1260.05,143364,60894,1395,18,1747.64,0
2024-03-18,FB-Prospecting-LAL-3pct,Connected TV,Meta Ads,Traffic,Top,2024,2024-Q1,2024-03,954.04,81362,31971,830,11,1038.39,0
2024-03-18,IG-Retargeting-Cart-7d,Desktop,Meta Ads,Conversions,Bottom,2024,2024-Q1,2024-03,3660.97,259557,106636,4890,262,23185.48,0
2024-03-18,IG-Retargeting-Cart-7d,Mobile,Meta Ads,Conversions,Bottom,2024,2024-Q1,2024-03,4236.91,302556,131249,6164,285,24967.56,0
2024-03-18,IG-Retargeting-Cart-7d,Tablet,Meta Ads,Conversions,Bottom,2024,2024-Q1,2024-03,853.48,62261,27441,1145,52,4496.94,0
2024-03-18,IG-Retargeting-Cart-7d,Connected TV,Meta Ads,Conversions,Bottom,2024,2024-Q1,2024-03,696.89,36600,15041,647,29,2559.91,0
2024-03-18,FB-Catalog-DPA-Evergreen,Desktop,Meta Ads,Sales,Bottom,2024,2024-Q1,2024-03,4941.81,505721,215419,6645,300,24657.9,0
2024-03-18,FB-Catalog-DPA-Evergreen,Mobile,Meta Ads,Sales,Bottom,2024,2024-Q1,2024-03,5702.83,587100,230898,8761,323,26339.02,0
2024-03-18,FB-Catalog-DPA-Evergreen,Tablet,Meta Ads,Sales,Bottom,2024,2024-Q1,2024-03,1136.57,118317,43344,1674,59,4745.96,0
2024-03-18,FB-Catalog-DPA-Evergreen,Connected TV,Meta Ads,Sales,Bottom,2024,2024-Q1,2024-03,916.04,71656,27623,989,36,2849.56,0
2024-03-18,LI-ABM-Enterprise-Tier1,Desktop,LinkedIn Ads,Leads,Middle,2024,2024-Q1,2024-03,6741.11,138429,56268,732,18,15048.47,0
2024-03-18,LI-ABM-Enterprise-Tier1,Mobile,LinkedIn Ads,Leads,Middle,2024,2024-Q1,2024-03,7680.4,153547,63778,874,19,16345.67,0
2024-03-18,LI-ABM-Enterprise-Tier1,Tablet,LinkedIn Ads,Leads,Middle,2024,2024-Q1,2024-03,1549.18,31435,13667,169,5,4148.79,0
2024-03-18,LI-ABM-Enterprise-Tier1,Connected TV,LinkedIn Ads,Leads,Middle,2024,2024-Q1,2024-03,1174.19,17815,7155,101,0,0,0
2024-03-18,LI-Content-Whitepaper,Desktop,LinkedIn Ads,Leads,Middle,2024,2024-Q1,2024-03,2815.13,60452,25653,428,8,3527.68,0
2024-03-18,LI-Content-Whitepaper,Mobile,LinkedIn Ads,Leads,Middle,2024,2024-Q1,2024-03,3214.79,69565,27718,528,9,3880.34,0
2024-03-18,LI-Content-Whitepaper,Tablet,LinkedIn Ads,Leads,Middle,2024,2024-Q1,2024-03,646.73,14298,5847,98,0,0,0
2024-03-18,LI-Content-Whitepaper,Connected TV,LinkedIn Ads,Leads,Middle,2024,2024-Q1,2024-03,495.69,7892,3290,53,0,0,0
2024-03-18,DV360-Display-Retarget,Desktop,Programmatic,Conversions,Middle,2024,2024-Q1,2024-03,4073.23,792870,329608,3843,75,11377.34,0
2024-03-18,DV360-Display-Retarget,Mobile,Programmatic,Conversions,Middle,2024,2024-Q1,2024-03,4699.83,888468,376828,4681,80,11957.61,0
2024-03-18,DV360-Display-Retarget,Tablet,Programmatic,Conversions,Middle,2024,2024-Q1,2024-03,936.55,180593,79195,843,13,1912.05,0
2024-03-18,DV360-Display-Retarget,Connected TV,Programmatic,Conversions,Middle,2024,2024-Q1,2024-03,718.19,103681,43326,502,9,1325.22,0
2024-03-18,DV360-CTV-Reach,Desktop,Programmatic,Awareness,Top,2024,2024-Q1,2024-03,4585.34,220275,94870,652,2,1582.41,69158
2024-03-18,DV360-CTV-Reach,Mobile,Programmatic,Awareness,Top,2024,2024-Q1,2024-03,5295.06,256417,106637,864,3,2375.65,78760
2024-03-18,DV360-CTV-Reach,Tablet,Programmatic,Awareness,Top,2024,2024-Q1,2024-03,1134.55,55391,23499,169,0,0,16716
2024-03-18,DV360-CTV-Reach,Connected TV,Programmatic,Awareness,Top,2024,2024-Q1,2024-03,860.04,30535,13272,90,0,0,9622
2024-03-25,BR-Search-Brand-Core,Desktop,Google Ads,Conversions,Bottom,2024,2024-Q1,2024-03,1841.8,17544,6731,1675,147,20240.3,0
2024-03-25,BR-Search-Brand-Core,Mobile,Google Ads,Conversions,Bottom,2024,2024-Q1,2024-03,1996.94,18591,7253,1813,133,18784.69,0
2024-03-25,BR-Search-Brand-Core,Tablet,Google Ads,Conversions,Bottom,2024,2024-Q1,2024-03,397.84,3616,1467,309,21,3040.72,0
2024-03-25,BR-Search-Brand-Core,Connected TV,Google Ads,Conversions,Bottom,2024,2024-Q1,2024-03,301.28,2128,813,190,12,1634.16,0
2024-03-25,NB-Search-Generic-Solutions,Desktop,Google Ads,Conversions,Middle,2024,2024-Q1,2024-03,7873.2,74094,29273,2580,79,19036.96,0
2024-03-25,NB-Search-Generic-Solutions,Mobile,Google Ads,Conversions,Middle,2024,2024-Q1,2024-03,9106.88,86229,36663,3241,85,20457.81,0
2024-03-25,NB-Search-Generic-Solutions,Tablet,Google Ads,Conversions,Middle,2024,2024-Q1,2024-03,1954.22,18104,7825,612,17,4220.27,0
2024-03-25,NB-Search-Generic-Solutions,Connected TV,Google Ads,Conversions,Middle,2024,2024-Q1,2024-03,1480.68,9884,4485,323,8,2018.57,0
2024-03-25,PMax-Retail-Feed,Desktop,Google Ads,Sales,Bottom,2024,2024-Q1,2024-03,7550.49,418328,175943,8776,436,36208.99,0
2024-03-25,PMax-Retail-Feed,Mobile,Google Ads,Sales,Bottom,2024,2024-Q1,2024-03,8097.28,456245,176749,10982,416,33848.02,0
2024-03-25,PMax-Retail-Feed,Tablet,Google Ads,Sales,Bottom,2024,2024-Q1,2024-03,1614.4,92009,38068,1986,79,6380.46,0
2024-03-25,PMax-Retail-Feed,Connected TV,Google Ads,Sales,Bottom,2024,2024-Q1,2024-03,1300.46,55890,23706,1243,50,4138.77,0
2024-03-25,YT-Awareness-InStream,Desktop,Google Ads,Awareness,Top,2024,2024-Q1,2024-03,4633.05,489299,190348,3161,22,3907.59,153192
2024-03-25,YT-Awareness-InStream,Mobile,Google Ads,Awareness,Top,2024,2024-Q1,2024-03,4971.3,515080,203694,3590,21,3945.58,167036
2024-03-25,YT-Awareness-InStream,Tablet,Google Ads,Awareness,Top,2024,2024-Q1,2024-03,1000.29,100913,42882,623,4,759.54,32442
2024-03-25,YT-Awareness-InStream,Connected TV,Google Ads,Awareness,Top,2024,2024-Q1,2024-03,749.09,58676,22547,376,0,0,18402
2024-03-25,FB-Prospecting-LAL-3pct,Desktop,Meta Ads,Traffic,Top,2024,2024-Q1,2024-03,5379.99,629688,254571,6269,87,8435.68,0
2024-03-25,FB-Prospecting-LAL-3pct,Mobile,Meta Ads,Traffic,Top,2024,2024-Q1,2024-03,6148.68,725182,310326,7790,93,8956.39,0
2024-03-25,FB-Prospecting-LAL-3pct,Tablet,Meta Ads,Traffic,Top,2024,2024-Q1,2024-03,1321.09,152255,68122,1458,18,1700.03,0
2024-03-25,FB-Prospecting-LAL-3pct,Connected TV,Meta Ads,Traffic,Top,2024,2024-Q1,2024-03,1012.75,84089,39139,785,11,1065.79,0
2024-03-25,IG-Retargeting-Cart-7d,Desktop,Meta Ads,Conversions,Bottom,2024,2024-Q1,2024-03,4192.07,302076,131505,5565,309,26784.88,0
2024-03-25,IG-Retargeting-Cart-7d,Mobile,Meta Ads,Conversions,Bottom,2024,2024-Q1,2024-03,4547,330930,132824,6974,299,26563.5,0
2024-03-25,IG-Retargeting-Cart-7d,Tablet,Meta Ads,Conversions,Bottom,2024,2024-Q1,2024-03,895.23,64024,27656,1263,57,4972.55,0
2024-03-25,IG-Retargeting-Cart-7d,Connected TV,Meta Ads,Conversions,Bottom,2024,2024-Q1,2024-03,730.37,38871,17188,755,35,3041.17,0
2024-03-25,FB-Catalog-DPA-Evergreen,Desktop,Meta Ads,Sales,Bottom,2024,2024-Q1,2024-03,5178.92,536223,220082,7713,353,28576.26,0
2024-03-25,FB-Catalog-DPA-Evergreen,Mobile,Meta Ads,Sales,Bottom,2024,2024-Q1,2024-03,5612.96,564464,236252,8858,322,26575.04,0
2024-03-25,FB-Catalog-DPA-Evergreen,Tablet,Meta Ads,Sales,Bottom,2024,2024-Q1,2024-03,1117.07,110497,48035,1534,54,4543.86,0
2024-03-25,FB-Catalog-DPA-Evergreen,Connected TV,Meta Ads,Sales,Bottom,2024,2024-Q1,2024-03,845.2,64901,26589,935,33,2744.96,0
2024-03-25,LI-ABM-Enterprise-Tier1,Desktop,LinkedIn Ads,Leads,Middle,2024,2024-Q1,2024-03,6628.54,134079,55610,731,17,14315.3,0
2024-03-25,LI-ABM-Enterprise-Tier1,Mobile,LinkedIn Ads,Leads,Middle,2024,2024-Q1,2024-03,7096.89,145282,56575,860,16,13413.06,0
2024-03-25,LI-ABM-Enterprise-Tier1,Tablet,LinkedIn Ads,Leads,Middle,2024,2024-Q1,2024-03,1525.65,31586,12776,168,4,3242.66,0
2024-03-25,LI-ABM-Enterprise-Tier1,Connected TV,LinkedIn Ads,Leads,Middle,2024,2024-Q1,2024-03,1154.78,17330,7298,90,0,0,0
2024-03-25,LI-Content-Whitepaper,Desktop,LinkedIn Ads,Leads,Middle,2024,2024-Q1,2024-03,2952.76,64879,25516,450,9,3878.53,0
2024-03-25,LI-Content-Whitepaper,Mobile,LinkedIn Ads,Leads,Middle,2024,2024-Q1,2024-03,3201.98,68816,28114,540,10,4363.28,0
2024-03-25,LI-Content-Whitepaper,Tablet,LinkedIn Ads,Leads,Middle,2024,2024-Q1,2024-03,636.6,13847,6061,103,0,0,0
2024-03-25,LI-Content-Whitepaper,Connected TV,LinkedIn Ads,Leads,Middle,2024,2024-Q1,2024-03,514.42,8408,3861,61,0,0,0
2024-03-25,DV360-Display-Retarget,Desktop,Programmatic,Conversions,Middle,2024,2024-Q1,2024-03,4052.47,770778,288852,3634,75,11166.27,0
2024-03-25,DV360-Display-Retarget,Mobile,Programmatic,Conversions,Middle,2024,2024-Q1,2024-03,4626.8,894823,359874,4550,77,11390.03,0
2024-03-25,DV360-Display-Retarget,Tablet,Programmatic,Conversions,Middle,2024,2024-Q1,2024-03,992.07,193832,72871,935,15,2191.57,0
2024-03-25,DV360-Display-Retarget,Connected TV,Programmatic,Conversions,Middle,2024,2024-Q1,2024-03,760.71,107608,41135,507,8,1202.11,0
2024-03-25,DV360-CTV-Reach,Desktop,Programmatic,Awareness,Top,2024,2024-Q1,2024-03,4862.68,238088,95604,732,4,3135.55,71676
2024-03-25,DV360-CTV-Reach,Mobile,Programmatic,Awareness,Top,2024,2024-Q1,2024-03,5272.35,251308,104839,829,4,3192.2,79135
2024-03-25,DV360-CTV-Reach,Tablet,Programmatic,Awareness,Top,2024,2024-Q1,2024-03,1036.51,50123,19398,156,0,0,15557
2024-03-25,DV360-CTV-Reach,Connected TV,Programmatic,Awareness,Top,2024,2024-Q1,2024-03,847.15,30530,12688,93,0,0,9997
2024-04-01,BR-Search-Brand-Core,Desktop,Google Ads,Conversions,Bottom,2024,2024-Q2,2024-04,1697.13,15255,6209,1420,122,17721.34,0
2024-04-01,BR-Search-Brand-Core,Mobile,Google Ads,Conversions,Bottom,2024,2024-Q2,2024-04,2087.57,18968,8079,1902,140,20308.26,0
2024-04-01,BR-Search-Brand-Core,Tablet,Google Ads,Conversions,Bottom,2024,2024-Q2,2024-04,420.93,3875,1533,346,27,3839.14,0
2024-04-01,BR-Search-Brand-Core,Connected TV,Google Ads,Conversions,Bottom,2024,2024-Q2,2024-04,322.76,2149,865,187,14,2049.06,0
2024-04-01,NB-Search-Generic-Solutions,Desktop,Google Ads,Conversions,Middle,2024,2024-Q2,2024-04,8988.23,82524,35374,2609,87,21746.26,0
2024-04-01,NB-Search-Generic-Solutions,Mobile,Google Ads,Conversions,Middle,2024,2024-Q2,2024-04,9751.76,90374,34869,3286,90,22262.32,0
2024-04-01,NB-Search-Generic-Solutions,Tablet,Google Ads,Conversions,Middle,2024,2024-Q2,2024-04,1920.6,18064,6614,617,18,4380.07,0
2024-04-01,NB-Search-Generic-Solutions,Connected TV,Google Ads,Conversions,Middle,2024,2024-Q2,2024-04,1454.29,10292,4346,349,10,2372.9,0
2024-04-01,PMax-Retail-Feed,Desktop,Google Ads,Sales,Bottom,2024,2024-Q2,2024-04,7344.03,434022,172440,8790,414,32437.65,0
2024-04-01,PMax-Retail-Feed,Mobile,Google Ads,Sales,Bottom,2024,2024-Q2,2024-04,8463.75,485057,199010,10688,439,35466.33,0
2024-04-01,PMax-Retail-Feed,Tablet,Google Ads,Sales,Bottom,2024,2024-Q2,2024-04,1584.98,89772,38029,1861,72,5859.56,0
2024-04-01,PMax-Retail-Feed,Connected TV,Google Ads,Sales,Bottom,2024,2024-Q2,2024-04,1199.44,50886,20157,1101,40,3214.48,0
2024-04-01,YT-Awareness-InStream,Desktop,Google Ads,Awareness,Top,2024,2024-Q2,2024-04,4562.04,455850,189417,2824,20,3721.63,146924
2024-04-01,YT-Awareness-InStream,Mobile,Google Ads,Awareness,Top,2024,2024-Q2,2024-04,5261.96,530239,209298,3553,21,3873.88,166865
2024-04-01,YT-Awareness-InStream,Tablet,Google Ads,Awareness,Top,2024,2024-Q2,2024-04,1113.68,113369,45808,683,6,1089.28,35036
2024-04-01,YT-Awareness-InStream,Connected TV,Google Ads,Awareness,Top,2024,2024-Q2,2024-04,854.29,63198,25999,395,0,0,20203
2024-04-01,FB-Prospecting-LAL-3pct,Desktop,Meta Ads,Traffic,Top,2024,2024-Q2,2024-04,6089.49,691638,300154,6244,96,9231.04,0
2024-04-01,FB-Prospecting-LAL-3pct,Mobile,Meta Ads,Traffic,Top,2024,2024-Q2,2024-04,6592.2,762112,297706,8383,105,10347.88,0
2024-04-01,FB-Prospecting-LAL-3pct,Tablet,Meta Ads,Traffic,Top,2024,2024-Q2,2024-04,1313.44,153603,56538,1602,20,1863.3,0
2024-04-01,FB-Prospecting-LAL-3pct,Connected TV,Meta Ads,Traffic,Top,2024,2024-Q2,2024-04,1058.95,93346,35967,951,13,1202.09,0
2024-04-01,IG-Retargeting-Cart-7d,Desktop,Meta Ads,Conversions,Bottom,2024,2024-Q2,2024-04,4122.86,314214,127274,5968,320,27508.67,0
2024-04-01,IG-Retargeting-Cart-7d,Mobile,Meta Ads,Conversions,Bottom,2024,2024-Q2,2024-04,4698.81,349260,144491,7159,332,28204.88,0
2024-04-01,IG-Retargeting-Cart-7d,Tablet,Meta Ads,Conversions,Bottom,2024,2024-Q2,2024-04,889.33,64599,28143,1175,51,4378.63,0
2024-04-01,IG-Retargeting-Cart-7d,Connected TV,Meta Ads,Conversions,Bottom,2024,2024-Q2,2024-04,672.79,36934,14893,703,31,2624.35,0
2024-04-01,FB-Catalog-DPA-Evergreen,Desktop,Meta Ads,Sales,Bottom,2024,2024-Q2,2024-04,5150.05,522357,226910,7299,313,25639.36,0
2024-04-01,FB-Catalog-DPA-Evergreen,Mobile,Meta Ads,Sales,Bottom,2024,2024-Q2,2024-04,5943.8,612155,248883,9779,364,29605.19,0
2024-04-01,FB-Catalog-DPA-Evergreen,Tablet,Meta Ads,Sales,Bottom,2024,2024-Q2,2024-04,1258.44,130806,54661,1865,71,5708.73,0
2024-04-01,FB-Catalog-DPA-Evergreen,Connected TV,Meta Ads,Sales,Bottom,2024,2024-Q2,2024-04,965.22,72364,30783,1021,38,3133.81,0
2024-04-01,LI-ABM-Enterprise-Tier1,Desktop,LinkedIn Ads,Leads,Middle,2024,2024-Q2,2024-04,7021.04,138391,62739,737,19,16449.18,0
2024-04-01,LI-ABM-Enterprise-Tier1,Mobile,LinkedIn Ads,Leads,Middle,2024,2024-Q2,2024-04,7612.96,151343,62208,925,18,15493.29,0
2024-04-01,LI-ABM-Enterprise-Tier1,Tablet,LinkedIn Ads,Leads,Middle,2024,2024-Q2,2024-04,1497.54,30406,11408,174,3,2444.64,0
2024-04-01,LI-ABM-Enterprise-Tier1,Connected TV,LinkedIn Ads,Leads,Middle,2024,2024-Q2,2024-04,1223.03,19371,7828,110,0,0,0
2024-04-01,LI-Content-Whitepaper,Desktop,LinkedIn Ads,Leads,Middle,2024,2024-Q2,2024-04,2901.73,65145,26831,465,8,3468.88,0
2024-04-01,LI-Content-Whitepaper,Mobile,LinkedIn Ads,Leads,Middle,2024,2024-Q2,2024-04,3349.82,75873,33202,587,10,4275.45,0
2024-04-01,LI-Content-Whitepaper,Tablet,LinkedIn Ads,Leads,Middle,2024,2024-Q2,2024-04,625.3,13870,6271,94,0,0,0
2024-04-01,LI-Content-Whitepaper,Connected TV,LinkedIn Ads,Leads,Middle,2024,2024-Q2,2024-04,472.76,7575,3137,54,0,0,0
2024-04-01,DV360-Display-Retarget,Desktop,Programmatic,Conversions,Middle,2024,2024-Q2,2024-04,4294.46,799961,374225,3673,76,11565.84,0
2024-04-01,DV360-Display-Retarget,Mobile,Programmatic,Conversions,Middle,2024,2024-Q2,2024-04,4598.23,838475,366073,4360,76,11817.08,0
2024-04-01,DV360-Display-Retarget,Tablet,Programmatic,Conversions,Middle,2024,2024-Q2,2024-04,915.37,168815,67242,838,14,2065.16,0
2024-04-01,DV360-Display-Retarget,Connected TV,Programmatic,Conversions,Middle,2024,2024-Q2,2024-04,794.96,114297,47312,557,10,1493.81,0
2024-04-01,DV360-CTV-Reach,Desktop,Programmatic,Awareness,Top,2024,2024-Q2,2024-04,4776.51,227370,99643,676,3,2339.01,71463
2024-04-01,DV360-CTV-Reach,Mobile,Programmatic,Awareness,Top,2024,2024-Q2,2024-04,5856.78,282674,126574,911,5,4089.01,87981
2024-04-01,DV360-CTV-Reach,Tablet,Programmatic,Awareness,Top,2024,2024-Q2,2024-04,1111.48,52531,21799,149,0,0,16772
2024-04-01,DV360-CTV-Reach,Connected TV,Programmatic,Awareness,Top,2024,2024-Q2,2024-04,841.71,29778,11037,88,0,0,9336
2024-04-08,BR-Search-Brand-Core,Desktop,Google Ads,Conversions,Bottom,2024,2024-Q2,2024-04,1796.85,16457,7941,1511,129,18313.53,0
2024-04-08,BR-Search-Brand-Core,Mobile,Google Ads,Conversions,Bottom,2024,2024-Q2,2024-04,1922.84,17262,7812,1667,115,16744.59,0
2024-04-08,BR-Search-Brand-Core,Tablet,Google Ads,Conversions,Bottom,2024,2024-Q2,2024-04,413.26,3748,1585,342,24,3461.89,0
2024-04-08,BR-Search-Brand-Core,Connected TV,Google Ads,Conversions,Bottom,2024,2024-Q2,2024-04,333.02,2265,981,201,15,2068.92,0
2024-04-08,NB-Search-Generic-Solutions,Desktop,Google Ads,Conversions,Middle,2024,2024-Q2,2024-04,8827.6,82280,33081,2883,94,22995.97,0
2024-04-08,NB-Search-Generic-Solutions,Mobile,Google Ads,Conversions,Middle,2024,2024-Q2,2024-04,9452.84,86295,35431,3257,86,21552.14,0
2024-04-08,NB-Search-Generic-Solutions,Tablet,Google Ads,Conversions,Middle,2024,2024-Q2,2024-04,1905.23,17570,7735,589,15,3838.79,0
2024-04-08,NB-Search-Generic-Solutions,Connected TV,Google Ads,Conversions,Middle,2024,2024-Q2,2024-04,1441.93,9664,3894,339,10,2510.75,0
2024-04-08,PMax-Retail-Feed,Desktop,Google Ads,Sales,Bottom,2024,2024-Q2,2024-04,7287.04,405640,147133,8532,400,33223.05,0
2024-04-08,PMax-Retail-Feed,Mobile,Google Ads,Sales,Bottom,2024,2024-Q2,2024-04,7803.92,439589,167859,10032,380,31102.27,0
2024-04-08,PMax-Retail-Feed,Tablet,Google Ads,Sales,Bottom,2024,2024-Q2,2024-04,1656.39,94749,38127,1920,78,6312.72,0
2024-04-08,PMax-Retail-Feed,Connected TV,Google Ads,Sales,Bottom,2024,2024-Q2,2024-04,1269.45,52433,25016,1037,41,3392.6,0
2024-04-08,YT-Awareness-InStream,Desktop,Google Ads,Awareness,Top,2024,2024-Q2,2024-04,4468.3,457083,201587,2785,19,3443.44,140593
2024-04-08,YT-Awareness-InStream,Mobile,Google Ads,Awareness,Top,2024,2024-Q2,2024-04,4841.79,481388,220812,3125,18,3359.26,155229
2024-04-08,YT-Awareness-InStream,Tablet,Google Ads,Awareness,Top,2024,2024-Q2,2024-04,1028.19,104098,44894,634,4,705.68,30872
2024-04-08,YT-Awareness-InStream,Connected TV,Google Ads,Awareness,Top,2024,2024-Q2,2024-04,839.29,63332,25335,381,0,0,18458
2024-04-08,FB-Prospecting-LAL-3pct,Desktop,Meta Ads,Traffic,Top,2024,2024-Q2,2024-04,5976.09,698275,291230,6918,103,9620.33,0
2024-04-08,FB-Prospecting-LAL-3pct,Mobile,Meta Ads,Traffic,Top,2024,2024-Q2,2024-04,6463.52,733581,315809,7916,102,9802.66,0
2024-04-08,FB-Prospecting-LAL-3pct,Tablet,Meta Ads,Traffic,Top,2024,2024-Q2,2024-04,1373.98,151166,67910,1436,18,1792.18,0
2024-04-08,FB-Prospecting-LAL-3pct,Connected TV,Meta Ads,Traffic,Top,2024,2024-Q2,2024-04,1051.64,87020,35758,854,11,1064.08,0
2024-04-08,IG-Retargeting-Cart-7d,Desktop,Meta Ads,Conversions,Bottom,2024,2024-Q2,2024-04,4352.22,310141,115934,5695,316,27762.81,0
2024-04-08,IG-Retargeting-Cart-7d,Mobile,Meta Ads,Conversions,Bottom,2024,2024-Q2,2024-04,4666.57,338955,119832,7144,325,28000.62,0
2024-04-08,IG-Retargeting-Cart-7d,Tablet,Meta Ads,Conversions,Bottom,2024,2024-Q2,2024-04,1000.03,73383,27078,1386,65,5558.23,0
2024-04-08,IG-Retargeting-Cart-7d,Connected TV,Meta Ads,Conversions,Bottom,2024,2024-Q2,2024-04,758.02,40383,17640,739,35,3045.49,0
2024-04-08,FB-Catalog-DPA-Evergreen,Desktop,Meta Ads,Sales,Bottom,2024,2024-Q2,2024-04,5440.95,562418,221392,8213,365,29502.53,0
2024-04-08,FB-Catalog-DPA-Evergreen,Mobile,Meta Ads,Sales,Bottom,2024,2024-Q2,2024-04,5828.39,588016,244119,8498,306,25544.23,0
2024-04-08,FB-Catalog-DPA-Evergreen,Tablet,Meta Ads,Sales,Bottom,2024,2024-Q2,2024-04,1160.48,118484,45761,1627,58,4732.18,0
2024-04-08,FB-Catalog-DPA-Evergreen,Connected TV,Meta Ads,Sales,Bottom,2024,2024-Q2,2024-04,936.44,71804,29068,975,35,2743.77,0
2024-04-08,LI-ABM-Enterprise-Tier1,Desktop,LinkedIn Ads,Leads,Middle,2024,2024-Q2,2024-04,6887.24,143858,61780,837,21,17244.98,0
2024-04-08,LI-ABM-Enterprise-Tier1,Mobile,LinkedIn Ads,Leads,Middle,2024,2024-Q2,2024-04,7855.71,160545,69886,962,21,17573.02,0
2024-04-08,LI-ABM-Enterprise-Tier1,Tablet,LinkedIn Ads,Leads,Middle,2024,2024-Q2,2024-04,1583.89,31479,14438,166,4,3328.84,0
2024-04-08,LI-ABM-Enterprise-Tier1,Connected TV,LinkedIn Ads,Leads,Middle,2024,2024-Q2,2024-04,1214.33,18044,7630,100,0,0,0
2024-04-08,LI-Content-Whitepaper,Desktop,LinkedIn Ads,Leads,Middle,2024,2024-Q2,2024-04,3102.75,67855,26522,499,11,4685.76,0
2024-04-08,LI-Content-Whitepaper,Mobile,LinkedIn Ads,Leads,Middle,2024,2024-Q2,2024-04,3326.07,73579,26401,587,10,4209.96,0
2024-04-08,LI-Content-Whitepaper,Tablet,LinkedIn Ads,Leads,Middle,2024,2024-Q2,2024-04,704.75,15872,5928,120,0,0,0
2024-04-08,LI-Content-Whitepaper,Connected TV,LinkedIn Ads,Leads,Middle,2024,2024-Q2,2024-04,540.38,8774,3942,65,0,0,0
2024-04-08,DV360-Display-Retarget,Desktop,Programmatic,Conversions,Middle,2024,2024-Q2,2024-04,4157.37,822079,355301,4121,81,12085.23,0
2024-04-08,DV360-Display-Retarget,Mobile,Programmatic,Conversions,Middle,2024,2024-Q2,2024-04,4804.87,928331,419668,4766,80,11713.6,0
2024-04-08,DV360-Display-Retarget,Tablet,Programmatic,Conversions,Middle,2024,2024-Q2,2024-04,956.63,179662,84220,817,12,1788.11,0
2024-04-08,DV360-Display-Retarget,Connected TV,Programmatic,Conversions,Middle,2024,2024-Q2,2024-04,733.18,103934,45600,488,9,1343.93,0
2024-04-08,DV360-CTV-Reach,Desktop,Programmatic,Awareness,Top,2024,2024-Q2,2024-04,5110.49,241008,98134,741,4,3219.3,78224
2024-04-08,DV360-CTV-Reach,Mobile,Programmatic,Awareness,Top,2024,2024-Q2,2024-04,5409.31,257894,97803,901,4,3147.38,81062
2024-04-08,DV360-CTV-Reach,Tablet,Programmatic,Awareness,Top,2024,2024-Q2,2024-04,1160.93,55607,21883,173,0,0,17315
2024-04-08,DV360-CTV-Reach,Connected TV,Programmatic,Awareness,Top,2024,2024-Q2,2024-04,879.31,30559,13953,93,0,0,9957
2024-04-15,BR-Search-Brand-Core,Desktop,Google Ads,Conversions,Bottom,2024,2024-Q2,2024-04,1872.9,17484,6992,1625,140,19617.31,0
2024-04-15,BR-Search-Brand-Core,Mobile,Google Ads,Conversions,Bottom,2024,2024-Q2,2024-04,2029.98,19207,7880,1950,140,19306.36,0
2024-04-15,BR-Search-Brand-Core,Tablet,Google Ads,Conversions,Bottom,2024,2024-Q2,2024-04,404.03,3721,1582,334,23,3241.04,0
2024-04-15,BR-Search-Brand-Core,Connected TV,Google Ads,Conversions,Bottom,2024,2024-Q2,2024-04,305.64,2128,848,199,12,1730.67,0
2024-04-15,NB-Search-Generic-Solutions,Desktop,Google Ads,Conversions,Middle,2024,2024-Q2,2024-04,8640.25,79489,33572,2714,86,20665.55,0
2024-04-15,NB-Search-Generic-Solutions,Mobile,Google Ads,Conversions,Middle,2024,2024-Q2,2024-04,9972.41,95959,38313,3705,101,24895.97,0
2024-04-15,NB-Search-Generic-Solutions,Tablet,Google Ads,Conversions,Middle,2024,2024-Q2,2024-04,2135.67,19984,8180,692,18,4384.67,0
2024-04-15,NB-Search-Generic-Solutions,Connected TV,Google Ads,Conversions,Middle,2024,2024-Q2,2024-04,1504.28,10262,4979,350,10,2487.18,0
2024-04-15,PMax-Retail-Feed,Desktop,Google Ads,Sales,Bottom,2024,2024-Q2,2024-04,7686.2,435171,191347,8998,435,35367.87,0
2024-04-15,PMax-Retail-Feed,Mobile,Google Ads,Sales,Bottom,2024,2024-Q2,2024-04,8235.55,474829,190686,11105,436,36121.2,0
2024-04-15,PMax-Retail-Feed,Tablet,Google Ads,Sales,Bottom,2024,2024-Q2,2024-04,1640.41,95713,36584,2124,81,6630.49,0
2024-04-15,PMax-Retail-Feed,Connected TV,Google Ads,Sales,Bottom,2024,2024-Q2,2024-04,1338.91,56471,22476,1234,48,3878.76,0
2024-04-15,YT-Awareness-InStream,Desktop,Google Ads,Awareness,Top,2024,2024-Q2,2024-04,4718.7,488966,205077,3070,22,4158.46,158512
2024-04-15,YT-Awareness-InStream,Mobile,Google Ads,Awareness,Top,2024,2024-Q2,2024-04,5113.77,518971,222011,3527,20,3664.64,163423
2024-04-15,YT-Awareness-InStream,Tablet,Google Ads,Awareness,Top,2024,2024-Q2,2024-04,1017.48,100472,45312,603,3,534.18,32755
2024-04-15,YT-Awareness-InStream,Connected TV,Google Ads,Awareness,Top,2024,2024-Q2,2024-04,769.5,56919,23098,358,0,0,18205
2024-04-15,FB-Prospecting-LAL-3pct,Desktop,Meta Ads,Traffic,Top,2024,2024-Q2,2024-04,5919.23,675930,292417,6497,99,9451.83,0
2024-04-15,FB-Prospecting-LAL-3pct,Mobile,Meta Ads,Traffic,Top,2024,2024-Q2,2024-04,6752.62,776745,316198,8533,107,10123.92,0
2024-04-15,FB-Prospecting-LAL-3pct,Tablet,Meta Ads,Traffic,Top,2024,2024-Q2,2024-04,1447.64,169730,71798,1657,19,1775.38,0
2024-04-15,FB-Prospecting-LAL-3pct,Connected TV,Meta Ads,Traffic,Top,2024,2024-Q2,2024-04,1028.4,87260,38168,848,11,1048.27,0
2024-04-15,IG-Retargeting-Cart-7d,Desktop,Meta Ads,Conversions,Bottom,2024,2024-Q2,2024-04,4263.54,313866,143125,5595,316,27063.28,0
2024-04-15,IG-Retargeting-Cart-7d,Mobile,Meta Ads,Conversions,Bottom,2024,2024-Q2,2024-04,4622.49,331168,140419,6760,314,27516.91,0
2024-04-15,IG-Retargeting-Cart-7d,Tablet,Meta Ads,Conversions,Bottom,2024,2024-Q2,2024-04,908.73,65944,25613,1266,55,4734.58,0
2024-04-15,IG-Retargeting-Cart-7d,Connected TV,Meta Ads,Conversions,Bottom,2024,2024-Q2,2024-04,742.64,40391,16926,763,35,2982.76,0
2024-04-15,FB-Catalog-DPA-Evergreen,Desktop,Meta Ads,Sales,Bottom,2024,2024-Q2,2024-04,5667.4,571727,245927,7943,357,29776.08,0
2024-04-15,FB-Catalog-DPA-Evergreen,Mobile,Meta Ads,Sales,Bottom,2024,2024-Q2,2024-04,6145.76,628010,250771,9535,354,28904.34,0
2024-04-15,FB-Catalog-DPA-Evergreen,Tablet,Meta Ads,Sales,Bottom,2024,2024-Q2,2024-04,1239.22,124199,50471,1672,60,5029.08,0
2024-04-15,FB-Catalog-DPA-Evergreen,Connected TV,Meta Ads,Sales,Bottom,2024,2024-Q2,2024-04,927.11,69464,25676,970,36,2961.49,0
2024-04-15,LI-ABM-Enterprise-Tier1,Desktop,LinkedIn Ads,Leads,Middle,2024,2024-Q2,2024-04,7350.43,150850,58713,802,21,17822.89,0
2024-04-15,LI-ABM-Enterprise-Tier1,Mobile,LinkedIn Ads,Leads,Middle,2024,2024-Q2,2024-04,7783.04,161472,59614,976,19,15715.26,0
2024-04-15,LI-ABM-Enterprise-Tier1,Tablet,LinkedIn Ads,Leads,Middle,2024,2024-Q2,2024-04,1669.52,35007,13539,191,6,4871.88,0
2024-04-15,LI-ABM-Enterprise-Tier1,Connected TV,LinkedIn Ads,Leads,Middle,2024,2024-Q2,2024-04,1264.88,19348,8651,104,0,0,0
2024-04-15,LI-Content-Whitepaper,Desktop,LinkedIn Ads,Leads,Middle,2024,2024-Q2,2024-04,3231.43,71884,29774,485,9,3791.09,0
2024-04-15,LI-Content-Whitepaper,Mobile,LinkedIn Ads,Leads,Middle,2024,2024-Q2,2024-04,3464.78,75766,32400,580,10,4295.22,0
2024-04-15,LI-Content-Whitepaper,Tablet,LinkedIn Ads,Leads,Middle,2024,2024-Q2,2024-04,647.24,14389,5753,106,0,0,0
2024-04-15,LI-Content-Whitepaper,Connected TV,LinkedIn Ads,Leads,Middle,2024,2024-Q2,2024-04,529.26,8771,3717,65,0,0,0
2024-04-15,DV360-Display-Retarget,Desktop,Programmatic,Conversions,Middle,2024,2024-Q2,2024-04,4442.51,860957,339311,4197,85,12993.68,0
2024-04-15,DV360-Display-Retarget,Mobile,Programmatic,Conversions,Middle,2024,2024-Q2,2024-04,4759.01,933018,346301,5220,86,12982.95,0
2024-04-15,DV360-Display-Retarget,Tablet,Programmatic,Conversions,Middle,2024,2024-Q2,2024-04,1009.27,193257,75655,956,16,2281.66,0
2024-04-15,DV360-Display-Retarget,Connected TV,Programmatic,Conversions,Middle,2024,2024-Q2,2024-04,773.62,111207,44651,547,9,1319.41,0
2024-04-15,DV360-CTV-Reach,Desktop,Programmatic,Awareness,Top,2024,2024-Q2,2024-04,5261.6,260732,111320,780,4,3194.45,77513
2024-04-15,DV360-CTV-Reach,Mobile,Programmatic,Awareness,Top,2024,2024-Q2,2024-04,5706.62,275538,122053,885,4,3251.11,91009
2024-04-15,DV360-CTV-Reach,Tablet,Programmatic,Awareness,Top,2024,2024-Q2,2024-04,1050.83,51939,21036,159,0,0,16829
2024-04-15,DV360-CTV-Reach,Connected TV,Programmatic,Awareness,Top,2024,2024-Q2,2024-04,860.4,31684,13743,100,0,0,9998
2024-04-22,BR-Search-Brand-Core,Desktop,Google Ads,Conversions,Bottom,2024,2024-Q2,2024-04,1851.79,16899,7290,1631,139,19836.79,0
2024-04-22,BR-Search-Brand-Core,Mobile,Google Ads,Conversions,Bottom,2024,2024-Q2,2024-04,2137.18,19678,7948,1916,139,19763.15,0
2024-04-22,BR-Search-Brand-Core,Tablet,Google Ads,Conversions,Bottom,2024,2024-Q2,2024-04,452.52,4238,1759,368,28,3924.87,0
2024-04-22,BR-Search-Brand-Core,Connected TV,Google Ads,Conversions,Bottom,2024,2024-Q2,2024-04,347.11,2346,1003,200,14,2022.68,0
2024-04-22,NB-Search-Generic-Solutions,Desktop,Google Ads,Conversions,Middle,2024,2024-Q2,2024-04,9093.73,84836,33248,2799,92,22496.87,0
2024-04-22,NB-Search-Generic-Solutions,Mobile,Google Ads,Conversions,Middle,2024,2024-Q2,2024-04,9861.69,92880,37621,3284,88,21325.85,0
2024-04-22,NB-Search-Generic-Solutions,Tablet,Google Ads,Conversions,Middle,2024,2024-Q2,2024-04,1939.47,18643,7007,664,19,4558.6,0
2024-04-22,NB-Search-Generic-Solutions,Connected TV,Google Ads,Conversions,Middle,2024,2024-Q2,2024-04,1584.15,11396,4544,398,12,2949.53,0
2024-04-22,PMax-Retail-Feed,Desktop,Google Ads,Sales,Bottom,2024,2024-Q2,2024-04,7420.65,429837,179631,9148,422,33747.49,0
2024-04-22,PMax-Retail-Feed,Mobile,Google Ads,Sales,Bottom,2024,2024-Q2,2024-04,8565.56,481755,207635,11019,442,36121.71,0
2024-04-22,PMax-Retail-Feed,Tablet,Google Ads,Sales,Bottom,2024,2024-Q2,2024-04,1727.37,94498,42374,1915,76,6389.8,0
2024-04-22,PMax-Retail-Feed,Connected TV,Google Ads,Sales,Bottom,2024,2024-Q2,2024-04,1308.35,54035,23085,1134,45,3707.23,0
2024-04-22,YT-Awareness-InStream,Desktop,Google Ads,Awareness,Top,2024,2024-Q2,2024-04,4664.36,472286,206421,3086,22,4037.6,157416
2024-04-22,YT-Awareness-InStream,Mobile,Google Ads,Awareness,Top,2024,2024-Q2,2024-04,5321.48,548713,231991,3787,22,4133.17,179637
2024-04-22,YT-Awareness-InStream,Tablet,Google Ads,Awareness,Top,2024,2024-Q2,2024-04,1140.75,118599,51156,734,6,1119.33,35435
2024-04-22,YT-Awareness-InStream,Connected TV,Google Ads,Awareness,Top,2024,2024-Q2,2024-04,864.65,62639,27638,377,0,0,19738
2024-04-22,FB-Prospecting-LAL-3pct,Desktop,Meta Ads,Traffic,Top,2024,2024-Q2,2024-04,6232.44,723251,293000,7281,110,10768.52,0
2024-04-22,FB-Prospecting-LAL-3pct,Mobile,Meta Ads,Traffic,Top,2024,2024-Q2,2024-04,6674.11,754480,318114,8075,100,9633.38,0
2024-04-22,FB-Prospecting-LAL-3pct,Tablet,Meta Ads,Traffic,Top,2024,2024-Q2,2024-04,1328.48,151902,58773,1544,18,1714.14,0
2024-04-22,FB-Prospecting-LAL-3pct,Connected TV,Meta Ads,Traffic,Top,2024,2024-Q2,2024-04,1072.33,91969,37207,920,11,1025.8,0
2024-04-22,IG-Retargeting-Cart-7d,Desktop,Meta Ads,Conversions,Bottom,2024,2024-Q2,2024-04,4163.88,298620,128611,5511,290,25163.19,0
2024-04-22,IG-Retargeting-Cart-7d,Mobile,Meta Ads,Conversions,Bottom,2024,2024-Q2,2024-04,4760.56,345407,152114,6956,319,27408.99,0
2024-04-22,IG-Retargeting-Cart-7d,Tablet,Meta Ads,Conversions,Bottom,2024,2024-Q2,2024-04,957.83,68166,31264,1201,55,4834.74,0
2024-04-22,IG-Retargeting-Cart-7d,Connected TV,Meta Ads,Conversions,Bottom,2024,2024-Q2,2024-04,734.22,39092,16785,721,32,2783.13,0
2024-04-22,FB-Catalog-DPA-Evergreen,Desktop,Meta Ads,Sales,Bottom,2024,2024-Q2,2024-04,5196.58,517908,236905,7524,316,26368.93,0
2024-04-22,FB-Catalog-DPA-Evergreen,Mobile,Meta Ads,Sales,Bottom,2024,2024-Q2,2024-04,6008.17,604828,258218,9386,340,28157.19,0
2024-04-22,FB-Catalog-DPA-Evergreen,Tablet,Meta Ads,Sales,Bottom,2024,2024-Q2,2024-04,1273.55,129841,58497,1786,67,5510.33,0
2024-04-22,FB-Catalog-DPA-Evergreen,Connected TV,Meta Ads,Sales,Bottom,2024,2024-Q2,2024-04,976.48,71666,32930,974,37,2995.14,0
2024-04-22,LI-ABM-Enterprise-Tier1,Desktop,LinkedIn Ads,Leads,Middle,2024,2024-Q2,2024-04,7095.44,142871,59220,790,19,16215.31,0
2024-04-22,LI-ABM-Enterprise-Tier1,Mobile,LinkedIn Ads,Leads,Middle,2024,2024-Q2,2024-04,7690.15,156417,69578,928,17,14847.94,0
2024-04-22,LI-ABM-Enterprise-Tier1,Tablet,LinkedIn Ads,Leads,Middle,2024,2024-Q2,2024-04,1510.36,30105,12291,170,3,2413.11,0
2024-04-22,LI-ABM-Enterprise-Tier1,Connected TV,LinkedIn Ads,Leads,Middle,2024,2024-Q2,2024-04,1235.75,18376,7915,101,0,0,0
2024-04-22,LI-Content-Whitepaper,Desktop,LinkedIn Ads,Leads,Middle,2024,2024-Q2,2024-04,2966.33,65191,25105,456,8,3406.57,0
2024-04-22,LI-Content-Whitepaper,Mobile,LinkedIn Ads,Leads,Middle,2024,2024-Q2,2024-04,3386.41,75191,30537,564,9,3761.05,0
2024-04-22,LI-Content-Whitepaper,Tablet,LinkedIn Ads,Leads,Middle,2024,2024-Q2,2024-04,682.51,14771,6228,98,0,0,0
2024-04-22,LI-Content-Whitepaper,Connected TV,LinkedIn Ads,Leads,Middle,2024,2024-Q2,2024-04,556.88,9061,3961,63,0,0,0
2024-04-22,DV360-Display-Retarget,Desktop,Programmatic,Conversions,Middle,2024,2024-Q2,2024-04,4337.93,825339,358913,3946,81,12055.17,0
2024-04-22,DV360-Display-Retarget,Mobile,Programmatic,Conversions,Middle,2024,2024-Q2,2024-04,4959.88,914654,415238,4605,78,12002.74,0
2024-04-22,DV360-Display-Retarget,Tablet,Programmatic,Conversions,Middle,2024,2024-Q2,2024-04,998.21,186909,78797,896,14,2116.01,0
2024-04-22,DV360-Display-Retarget,Connected TV,Programmatic,Conversions,Middle,2024,2024-Q2,2024-04,814.07,113906,45016,537,9,1356.14,0
2024-04-22,DV360-CTV-Reach,Desktop,Programmatic,Awareness,Top,2024,2024-Q2,2024-04,5204.63,252006,89803,775,4,3141.22,76861
2024-04-22,DV360-CTV-Reach,Mobile,Programmatic,Awareness,Top,2024,2024-Q2,2024-04,5999.47,293489,109206,980,5,3999.79,88078
2024-04-22,DV360-CTV-Reach,Tablet,Programmatic,Awareness,Top,2024,2024-Q2,2024-04,1195.91,57334,22014,170,0,0,19174
2024-04-22,DV360-CTV-Reach,Connected TV,Programmatic,Awareness,Top,2024,2024-Q2,2024-04,917.18,32881,13041,94,0,0,10835
2024-04-29,BR-Search-Brand-Core,Desktop,Google Ads,Conversions,Bottom,2024,2024-Q2,2024-04,1945.02,18150,7249,1599,140,19677.02,0
2024-04-29,BR-Search-Brand-Core,Mobile,Google Ads,Conversions,Bottom,2024,2024-Q2,2024-04,2087.51,19072,7915,1904,137,19528.45,0
2024-04-29,BR-Search-Brand-Core,Tablet,Google Ads,Conversions,Bottom,2024,2024-Q2,2024-04,414.8,3835,1485,364,25,3529.1,0
2024-04-29,BR-Search-Brand-Core,Connected TV,Google Ads,Conversions,Bottom,2024,2024-Q2,2024-04,335.35,2310,951,215,16,2242.1,0
2024-04-29,NB-Search-Generic-Solutions,Desktop,Google Ads,Conversions,Middle,2024,2024-Q2,2024-04,9543.52,86679,33432,2932,97,23578.54,0
2024-04-29,NB-Search-Generic-Solutions,Mobile,Google Ads,Conversions,Middle,2024,2024-Q2,2024-04,10229.92,94006,36890,3470,96,23819.18,0
2024-04-29,NB-Search-Generic-Solutions,Tablet,Google Ads,Conversions,Middle,2024,2024-Q2,2024-04,2062.92,18590,7511,603,17,4287.2,0
2024-04-29,NB-Search-Generic-Solutions,Connected TV,Google Ads,Conversions,Middle,2024,2024-Q2,2024-04,1444.66,9801,3516,333,10,2468.64,0
2024-04-29,PMax-Retail-Feed,Desktop,Google Ads,Sales,Bottom,2024,2024-Q2,2024-04,7887.86,444919,172348,9050,436,35662.42,0
2024-04-29,PMax-Retail-Feed,Mobile,Google Ads,Sales,Bottom,2024,2024-Q2,2024-04,7824.24,448589,180355,10551,409,32852.15,0
2024-04-29,PMax-Retail-Feed,Tablet,Google Ads,Sales,Bottom,2024,2024-Q2,2024-04,1791.45,104149,43933,2183,88,7063.71,0
2024-04-29,PMax-Retail-Feed,Connected TV,Google Ads,Sales,Bottom,2024,2024-Q2,2024-04,1373.75,57817,22420,1186,48,3914.06,0
2024-04-29,YT-Awareness-InStream,Desktop,Google Ads,Awareness,Top,2024,2024-Q2,2024-04,4841.78,504850,203366,3185,20,3595.72,152588
2024-04-29,YT-Awareness-InStream,Mobile,Google Ads,Awareness,Top,2024,2024-Q2,2024-04,5248.82,532743,225794,3607,20,3701.03,166094
2024-04-29,YT-Awareness-InStream,Tablet,Google Ads,Awareness,Top,2024,2024-Q2,2024-04,1044.71,107763,42253,692,4,696.5,33024
2024-04-29,YT-Awareness-InStream,Connected TV,Google Ads,Awareness,Top,2024,2024-Q2,2024-04,843.3,64722,27328,404,0,0,20997
2024-04-29,FB-Prospecting-LAL-3pct,Desktop,Meta Ads,Traffic,Top,2024,2024-Q2,2024-04,6543.16,744352,290959,7548,117,10931.68,0
2024-04-29,FB-Prospecting-LAL-3pct,Mobile,Meta Ads,Traffic,Top,2024,2024-Q2,2024-04,7445.8,855431,351326,9431,124,11773.16,0
2024-04-29,FB-Prospecting-LAL-3pct,Tablet,Meta Ads,Traffic,Top,2024,2024-Q2,2024-04,1502.43,168078,70255,1658,21,2051.01,0
2024-04-29,FB-Prospecting-LAL-3pct,Connected TV,Meta Ads,Traffic,Top,2024,2024-Q2,2024-04,1057.67,89379,33261,921,12,1135.8,0
2024-04-29,IG-Retargeting-Cart-7d,Desktop,Meta Ads,Conversions,Bottom,2024,2024-Q2,2024-04,4428.8,322353,128588,6150,338,29052.41,0
2024-04-29,IG-Retargeting-Cart-7d,Mobile,Meta Ads,Conversions,Bottom,2024,2024-Q2,2024-04,4696.33,348425,126973,7575,337,28312.01,0
2024-04-29,IG-Retargeting-Cart-7d,Tablet,Meta Ads,Conversions,Bottom,2024,2024-Q2,2024-04,1005.97,75369,29141,1389,62,5186.02,0
2024-04-29,IG-Retargeting-Cart-7d,Connected TV,Meta Ads,Conversions,Bottom,2024,2024-Q2,2024-04,763.45,41230,16176,787,37,3170.99,0
2024-04-29,FB-Catalog-DPA-Evergreen,Desktop,Meta Ads,Sales,Bottom,2024,2024-Q2,2024-04,5465.79,574204,237776,8180,354,28047.09,0
2024-04-29,FB-Catalog-DPA-Evergreen,Mobile,Meta Ads,Sales,Bottom,2024,2024-Q2,2024-04,5849.26,598088,256657,9037,318,25826.19,0
2024-04-29,FB-Catalog-DPA-Evergreen,Tablet,Meta Ads,Sales,Bottom,2024,2024-Q2,2024-04,1163.42,121390,48778,1744,59,4909.87,0
2024-04-29,FB-Catalog-DPA-Evergreen,Connected TV,Meta Ads,Sales,Bottom,2024,2024-Q2,2024-04,951.95,74002,31403,1044,37,3070.2,0
2024-04-29,LI-ABM-Enterprise-Tier1,Desktop,LinkedIn Ads,Leads,Middle,2024,2024-Q2,2024-04,7455.95,152456,61698,860,22,18447.09,0
2024-04-29,LI-ABM-Enterprise-Tier1,Mobile,LinkedIn Ads,Leads,Middle,2024,2024-Q2,2024-04,8589.35,178425,73792,1096,24,19938.99,0
2024-04-29,LI-ABM-Enterprise-Tier1,Tablet,LinkedIn Ads,Leads,Middle,2024,2024-Q2,2024-04,1712.83,34702,15008,189,5,4131.76,0
2024-04-29,LI-ABM-Enterprise-Tier1,Connected TV,LinkedIn Ads,Leads,Middle,2024,2024-Q2,2024-04,1218.44,18533,7276,106,0,0,0
2024-04-29,LI-Content-Whitepaper,Desktop,LinkedIn Ads,Leads,Middle,2024,2024-Q2,2024-04,3118.54,69793,29328,500,11,4728.78,0
2024-04-29,LI-Content-Whitepaper,Mobile,LinkedIn Ads,Leads,Middle,2024,2024-Q2,2024-04,3339.67,75641,29169,622,11,4657.58,0
2024-04-29,LI-Content-Whitepaper,Tablet,LinkedIn Ads,Leads,Middle,2024,2024-Q2,2024-04,708.49,15654,6310,115,0,0,0
2024-04-29,LI-Content-Whitepaper,Connected TV,LinkedIn Ads,Leads,Middle,2024,2024-Q2,2024-04,543.06,8631,3589,62,0,0,0
2024-04-29,DV360-Display-Retarget,Desktop,Programmatic,Conversions,Middle,2024,2024-Q2,2024-04,4513.97,870426,357739,4238,87,12758.79,0
2024-04-29,DV360-Display-Retarget,Mobile,Programmatic,Conversions,Middle,2024,2024-Q2,2024-04,5205.56,1023223,437157,5356,93,13518.02,0
2024-04-29,DV360-Display-Retarget,Tablet,Programmatic,Conversions,Middle,2024,2024-Q2,2024-04,1047.93,200591,78434,943,15,2216.03,0
2024-04-29,DV360-Display-Retarget,Connected TV,Programmatic,Conversions,Middle,2024,2024-Q2,2024-04,736.51,102448,40969,500,10,1501.57,0
2024-04-29,DV360-CTV-Reach,Desktop,Programmatic,Awareness,Top,2024,2024-Q2,2024-04,5134.1,245202,105000,731,4,3178.46,76874
2024-04-29,DV360-CTV-Reach,Mobile,Programmatic,Awareness,Top,2024,2024-Q2,2024-04,5856.38,282834,111486,955,5,3965.18,87859
2024-04-29,DV360-CTV-Reach,Tablet,Programmatic,Awareness,Top,2024,2024-Q2,2024-04,1254.45,60969,22974,185,0,0,18496
2024-04-29,DV360-CTV-Reach,Connected TV,Programmatic,Awareness,Top,2024,2024-Q2,2024-04,882.84,31057,13458,93,0,0,9827
2024-05-06,BR-Search-Brand-Core,Desktop,Google Ads,Conversions,Bottom,2024,2024-Q2,2024-05,1872.4,17018,7142,1540,130,18599.17,0
2024-05-06,BR-Search-Brand-Core,Mobile,Google Ads,Conversions,Bottom,2024,2024-Q2,2024-05,2162.32,20055,8992,1973,144,20333.05,0
2024-05-06,BR-Search-Brand-Core,Tablet,Google Ads,Conversions,Bottom,2024,2024-Q2,2024-05,435.17,4083,1884,357,26,3780.03,0
2024-05-06,BR-Search-Brand-Core,Connected TV,Google Ads,Conversions,Bottom,2024,2024-Q2,2024-05,330.15,2243,943,202,14,1997.67,0
2024-05-06,NB-Search-Generic-Solutions,Desktop,Google Ads,Conversions,Middle,2024,2024-Q2,2024-05,8724.07,78289,35006,2583,81,19846.72,0
2024-05-06,NB-Search-Generic-Solutions,Mobile,Google Ads,Conversions,Middle,2024,2024-Q2,2024-05,9957.61,94158,39140,3532,94,22601.76,0
2024-05-06,NB-Search-Generic-Solutions,Tablet,Google Ads,Conversions,Middle,2024,2024-Q2,2024-05,2135.88,20422,8925,687,18,4285.18,0
2024-05-06,NB-Search-Generic-Solutions,Connected TV,Google Ads,Conversions,Middle,2024,2024-Q2,2024-05,1618.46,11154,4987,367,11,2700.75,0
2024-05-06,PMax-Retail-Feed,Desktop,Google Ads,Sales,Bottom,2024,2024-Q2,2024-05,7676.55,425404,178742,9066,428,35405.91,0
2024-05-06,PMax-Retail-Feed,Mobile,Google Ads,Sales,Bottom,2024,2024-Q2,2024-05,8217.63,445726,195896,10151,408,34841.08,0
2024-05-06,PMax-Retail-Feed,Tablet,Google Ads,Sales,Bottom,2024,2024-Q2,2024-05,1635.1,89694,36281,1932,76,6379.11,0
2024-05-06,PMax-Retail-Feed,Connected TV,Google Ads,Sales,Bottom,2024,2024-Q2,2024-05,1336.93,54718,23063,1159,48,4004.44,0
2024-05-06,YT-Awareness-InStream,Desktop,Google Ads,Awareness,Top,2024,2024-Q2,2024-05,4706.51,476997,212615,2909,21,3865.2,148468
2024-05-06,YT-Awareness-InStream,Mobile,Google Ads,Awareness,Top,2024,2024-Q2,2024-05,5438.65,557469,253543,3691,23,4200.09,170450
2024-05-06,YT-Awareness-InStream,Tablet,Google Ads,Awareness,Top,2024,2024-Q2,2024-05,1165.47,117090,49877,679,5,917.66,37669
2024-05-06,YT-Awareness-InStream,Connected TV,Google Ads,Awareness,Top,2024,2024-Q2,2024-05,894.09,67153,25762,406,0,0,20988
2024-05-06,FB-Prospecting-LAL-3pct,Desktop,Meta Ads,Traffic,Top,2024,2024-Q2,2024-05,6369.52,714557,288966,6627,100,9484.69,0
2024-05-06,FB-Prospecting-LAL-3pct,Mobile,Meta Ads,Traffic,Top,2024,2024-Q2,2024-05,6822.81,802392,300593,8569,106,9876.85,0
2024-05-06,FB-Prospecting-LAL-3pct,Tablet,Meta Ads,Traffic,Top,2024,2024-Q2,2024-05,1446.87,172636,68146,1636,21,1937.35,0
2024-05-06,FB-Prospecting-LAL-3pct,Connected TV,Meta Ads,Traffic,Top,2024,2024-Q2,2024-05,1178.76,101040,41187,947,12,1125.51,0
2024-05-06,IG-Retargeting-Cart-7d,Desktop,Meta Ads,Conversions,Bottom,2024,2024-Q2,2024-05,4539.2,324996,138510,6005,338,29450.6,0
2024-05-06,IG-Retargeting-Cart-7d,Mobile,Meta Ads,Conversions,Bottom,2024,2024-Q2,2024-05,4923.27,342814,154310,6760,309,27694.16,0
2024-05-06,IG-Retargeting-Cart-7d,Tablet,Meta Ads,Conversions,Bottom,2024,2024-Q2,2024-05,980.82,68901,28519,1291,58,5154.6,0
2024-05-06,IG-Retargeting-Cart-7d,Connected TV,Meta Ads,Conversions,Bottom,2024,2024-Q2,2024-05,799.87,42355,16410,775,38,3320.01,0
2024-05-06,FB-Catalog-DPA-Evergreen,Desktop,Meta Ads,Sales,Bottom,2024,2024-Q2,2024-05,5673.21,579275,236760,8455,376,30700.15,0
2024-05-06,FB-Catalog-DPA-Evergreen,Mobile,Meta Ads,Sales,Bottom,2024,2024-Q2,2024-05,6526.76,678909,284466,10679,404,32444.65,0
2024-05-06,FB-Catalog-DPA-Evergreen,Tablet,Meta Ads,Sales,Bottom,2024,2024-Q2,2024-05,1316.62,133285,57551,1736,65,5360.04,0
2024-05-06,FB-Catalog-DPA-Evergreen,Connected TV,Meta Ads,Sales,Bottom,2024,2024-Q2,2024-05,997.86,76175,29584,1100,39,3180.46,0
2024-05-06,LI-ABM-Enterprise-Tier1,Desktop,LinkedIn Ads,Leads,Middle,2024,2024-Q2,2024-05,7341.63,147094,60398,758,17,14080.3,0
2024-05-06,LI-ABM-Enterprise-Tier1,Mobile,LinkedIn Ads,Leads,Middle,2024,2024-Q2,2024-05,7762.41,164596,62407,1038,20,16313.96,0
2024-05-06,LI-ABM-Enterprise-Tier1,Tablet,LinkedIn Ads,Leads,Middle,2024,2024-Q2,2024-05,1667.88,35735,14380,202,6,5009.54,0
2024-05-06,LI-ABM-Enterprise-Tier1,Connected TV,LinkedIn Ads,Leads,Middle,2024,2024-Q2,2024-05,1262.64,19627,8055,109,0,0,0
2024-05-06,LI-Content-Whitepaper,Desktop,LinkedIn Ads,Leads,Middle,2024,2024-Q2,2024-05,3229.91,70510,30692,494,9,3807.63,0
2024-05-06,LI-Content-Whitepaper,Mobile,LinkedIn Ads,Leads,Middle,2024,2024-Q2,2024-05,3502.68,74893,33925,562,10,4363.36,0
2024-05-06,LI-Content-Whitepaper,Tablet,LinkedIn Ads,Leads,Middle,2024,2024-Q2,2024-05,697.57,15095,6515,107,0,0,0
2024-05-06,LI-Content-Whitepaper,Connected TV,LinkedIn Ads,Leads,Middle,2024,2024-Q2,2024-05,569.21,9197,3723,67,0,0,0
2024-05-06,DV360-Display-Retarget,Desktop,Programmatic,Conversions,Middle,2024,2024-Q2,2024-05,4442.35,813027,348089,3850,76,11401.34,0
2024-05-06,DV360-Display-Retarget,Mobile,Programmatic,Conversions,Middle,2024,2024-Q2,2024-05,4754.13,911197,355666,4969,80,11762.98,0
2024-05-06,DV360-Display-Retarget,Tablet,Programmatic,Conversions,Middle,2024,2024-Q2,2024-05,1009.43,195926,80001,946,16,2336.6,0
2024-05-06,DV360-Display-Retarget,Connected TV,Programmatic,Conversions,Middle,2024,2024-Q2,2024-05,773.5,113700,49064,543,10,1485.63,0
2024-05-06,DV360-CTV-Reach,Desktop,Programmatic,Awareness,Top,2024,2024-Q2,2024-05,5265.09,254669,113293,740,4,3153.6,78126
2024-05-06,DV360-CTV-Reach,Mobile,Programmatic,Awareness,Top,2024,2024-Q2,2024-05,5696.54,270250,113559,840,4,3210.26,85624
2024-05-06,DV360-CTV-Reach,Tablet,Programmatic,Awareness,Top,2024,2024-Q2,2024-05,1148.22,55014,23855,164,0,0,17138
2024-05-06,DV360-CTV-Reach,Connected TV,Programmatic,Awareness,Top,2024,2024-Q2,2024-05,926.21,33333,13552,101,0,0,10155
2024-05-13,BR-Search-Brand-Core,Desktop,Google Ads,Conversions,Bottom,2024,2024-Q2,2024-05,1982.85,18433,7210,1728,152,21349.71,0
2024-05-13,BR-Search-Brand-Core,Mobile,Google Ads,Conversions,Bottom,2024,2024-Q2,2024-05,2124.64,19979,7265,2031,144,19995.72,0
2024-05-13,BR-Search-Brand-Core,Tablet,Google Ads,Conversions,Bottom,2024,2024-Q2,2024-05,450.34,4313,1634,413,32,4555.42,0
2024-05-13,BR-Search-Brand-Core,Connected TV,Google Ads,Conversions,Bottom,2024,2024-Q2,2024-05,345.34,2384,950,226,15,2181.9,0
2024-05-13,NB-Search-Generic-Solutions,Desktop,Google Ads,Conversions,Middle,2024,2024-Q2,2024-05,9038.62,86205,34912,2960,96,23088.97,0
2024-05-13,NB-Search-Generic-Solutions,Mobile,Google Ads,Conversions,Middle,2024,2024-Q2,2024-05,9777.06,90783,39614,3340,88,22478.82,0
2024-05-13,NB-Search-Generic-Solutions,Tablet,Google Ads,Conversions,Middle,2024,2024-Q2,2024-05,1923.99,18097,7135,633,17,4270.52,0
2024-05-13,NB-Search-Generic-Solutions,Connected TV,Google Ads,Conversions,Middle,2024,2024-Q2,2024-05,1570.9,10636,4453,361,10,2465.82,0
2024-05-13,PMax-Retail-Feed,Desktop,Google Ads,Sales,Bottom,2024,2024-Q2,2024-05,7931.98,464096,183399,10116,457,37408.32,0
2024-05-13,PMax-Retail-Feed,Mobile,Google Ads,Sales,Bottom,2024,2024-Q2,2024-05,8498.52,488573,224683,11543,454,36330.34,0
2024-05-13,PMax-Retail-Feed,Tablet,Google Ads,Sales,Bottom,2024,2024-Q2,2024-05,1713.1,95762,45871,1888,73,6006.8,0
2024-05-13,PMax-Retail-Feed,Connected TV,Google Ads,Sales,Bottom,2024,2024-Q2,2024-05,1296.22,52611,23436,1070,40,3387.21,0
2024-05-13,YT-Awareness-InStream,Desktop,Google Ads,Awareness,Top,2024,2024-Q2,2024-05,4987.26,515198,212015,3251,23,4322.84,166605
2024-05-13,YT-Awareness-InStream,Mobile,Google Ads,Awareness,Top,2024,2024-Q2,2024-05,5275.69,535579,203913,3833,22,4051.79,169001
2024-05-13,YT-Awareness-InStream,Tablet,Google Ads,Awareness,Top,2024,2024-Q2,2024-05,1132.83,115547,46157,742,5,886.39,35617
2024-05-13,YT-Awareness-InStream,Connected TV,Google Ads,Awareness,Top,2024,2024-Q2,2024-05,868.54,64207,26194,407,0,0,20758
2024-05-13,FB-Prospecting-LAL-3pct,Desktop,Meta Ads,Traffic,Top,2024,2024-Q2,2024-05,6180.41,702005,301518,6877,107,10275.42,0
2024-05-13,FB-Prospecting-LAL-3pct,Mobile,Meta Ads,Traffic,Top,2024,2024-Q2,2024-05,6697.45,747647,333773,7835,99,9730.71,0
2024-05-13,FB-Prospecting-LAL-3pct,Tablet,Meta Ads,Traffic,Top,2024,2024-Q2,2024-05,1421.46,159747,57640,1572,20,1947.09,0
2024-05-13,FB-Prospecting-LAL-3pct,Connected TV,Meta Ads,Traffic,Top,2024,2024-Q2,2024-05,1076.2,90658,34399,880,10,952.33,0
2024-05-13,IG-Retargeting-Cart-7d,Desktop,Meta Ads,Conversions,Bottom,2024,2024-Q2,2024-05,4461.8,325857,117115,6143,312,26710.55,0
2024-05-13,IG-Retargeting-Cart-7d,Mobile,Meta Ads,Conversions,Bottom,2024,2024-Q2,2024-05,4779.24,354497,146942,7317,327,27654.02,0
2024-05-13,IG-Retargeting-Cart-7d,Tablet,Meta Ads,Conversions,Bottom,2024,2024-Q2,2024-05,951.05,69022,29820,1178,54,4656.81,0
2024-05-13,IG-Retargeting-Cart-7d,Connected TV,Meta Ads,Conversions,Bottom,2024,2024-Q2,2024-05,728.63,38074,17344,676,30,2657.33,0
2024-05-13,FB-Catalog-DPA-Evergreen,Desktop,Meta Ads,Sales,Bottom,2024,2024-Q2,2024-05,5572.95,565284,236871,7904,343,28091.19,0
2024-05-13,FB-Catalog-DPA-Evergreen,Mobile,Meta Ads,Sales,Bottom,2024,2024-Q2,2024-05,5953.75,611238,238670,9841,347,28048.77,0
2024-05-13,FB-Catalog-DPA-Evergreen,Tablet,Meta Ads,Sales,Bottom,2024,2024-Q2,2024-05,1266.14,130769,54301,1867,68,5481.05,0
2024-05-13,FB-Catalog-DPA-Evergreen,Connected TV,Meta Ads,Sales,Bottom,2024,2024-Q2,2024-05,968.47,72590,31032,1028,39,3207.52,0
2024-05-13,LI-ABM-Enterprise-Tier1,Desktop,LinkedIn Ads,Leads,Middle,2024,2024-Q2,2024-05,7584.32,153721,60885,832,21,17802.84,0
2024-05-13,LI-ABM-Enterprise-Tier1,Mobile,LinkedIn Ads,Leads,Middle,2024,2024-Q2,2024-05,8224.56,163468,66681,940,19,16461.2,0
2024-05-13,LI-ABM-Enterprise-Tier1,Tablet,LinkedIn Ads,Leads,Middle,2024,2024-Q2,2024-05,1638.1,32899,12045,180,4,3265.31,0
2024-05-13,LI-ABM-Enterprise-Tier1,Connected TV,LinkedIn Ads,Leads,Middle,2024,2024-Q2,2024-05,1321.1,19983,7028,114,0,0,0
2024-05-13,LI-Content-Whitepaper,Desktop,LinkedIn Ads,Leads,Middle,2024,2024-Q2,2024-05,3173.92,70327,25712,503,10,4209.39,0
2024-05-13,LI-Content-Whitepaper,Mobile,LinkedIn Ads,Leads,Middle,2024,2024-Q2,2024-05,3617.42,81635,31395,669,12,4932.81,0
2024-05-13,LI-Content-Whitepaper,Tablet,LinkedIn Ads,Leads,Middle,2024,2024-Q2,2024-05,729.53,16090,6295,112,0,0,0
2024-05-13,LI-Content-Whitepaper,Connected TV,LinkedIn Ads,Leads,Middle,2024,2024-Q2,2024-05,552.6,8812,3589,60,0,0,0
2024-05-13,DV360-Display-Retarget,Desktop,Programmatic,Conversions,Middle,2024,2024-Q2,2024-05,4936.9,950823,394308,4646,99,14590.11,0
2024-05-13,DV360-Display-Retarget,Mobile,Programmatic,Conversions,Middle,2024,2024-Q2,2024-05,5357.26,1004604,424096,5322,93,14027.93,0
2024-05-13,DV360-Display-Retarget,Tablet,Programmatic,Conversions,Middle,2024,2024-Q2,2024-05,1068.27,203707,78067,1017,18,2671.49,0
2024-05-13,DV360-Display-Retarget,Connected TV,Programmatic,Conversions,Middle,2024,2024-Q2,2024-05,809.64,115678,41287,569,10,1471.41,0
2024-05-13,DV360-CTV-Reach,Desktop,Programmatic,Awareness,Top,2024,2024-Q2,2024-05,5171.04,255766,93977,811,4,3095.48,80564
2024-05-13,DV360-CTV-Reach,Mobile,Programmatic,Awareness,Top,2024,2024-Q2,2024-05,5958.15,297618,116080,1023,6,4678.35,92972
2024-05-13,DV360-CTV-Reach,Tablet,Programmatic,Awareness,Top,2024,2024-Q2,2024-05,1189.15,58271,23105,178,0,0,19068
2024-05-13,DV360-CTV-Reach,Connected TV,Programmatic,Awareness,Top,2024,2024-Q2,2024-05,909.7,32154,13712,95,0,0,10320
2024-05-20,BR-Search-Brand-Core,Desktop,Google Ads,Conversions,Bottom,2024,2024-Q2,2024-05,2043.14,18548,7851,1584,141,20360.11,0
2024-05-20,BR-Search-Brand-Core,Mobile,Google Ads,Conversions,Bottom,2024,2024-Q2,2024-05,2216.46,19572,8616,1894,140,19985.58,0
2024-05-20,BR-Search-Brand-Core,Tablet,Google Ads,Conversions,Bottom,2024,2024-Q2,2024-05,441.68,4144,1689,383,26,3613.33,0
2024-05-20,BR-Search-Brand-Core,Connected TV,Google Ads,Conversions,Bottom,2024,2024-Q2,2024-05,360.02,2517,964,229,17,2379.62,0
2024-05-20,NB-Search-Generic-Solutions,Desktop,Google Ads,Conversions,Middle,2024,2024-Q2,2024-05,9433.86,87475,35404,2886,94,23030.49,0
2024-05-20,NB-Search-Generic-Solutions,Mobile,Google Ads,Conversions,Middle,2024,2024-Q2,2024-05,10847.22,101575,42164,3646,102,24869.36,0
2024-05-20,NB-Search-Generic-Solutions,Tablet,Google Ads,Conversions,Middle,2024,2024-Q2,2024-05,2167.39,19918,8409,670,19,4697.53,0
2024-05-20,NB-Search-Generic-Solutions,Connected TV,Google Ads,Conversions,Middle,2024,2024-Q2,2024-05,1659.31,11404,4481,401,11,2709.23,0
2024-05-20,PMax-Retail-Feed,Desktop,Google Ads,Sales,Bottom,2024,2024-Q2,2024-05,7776.74,448397,179353,9493,443,37040.28,0
2024-05-20,PMax-Retail-Feed,Mobile,Google Ads,Sales,Bottom,2024,2024-Q2,2024-05,8327.09,485749,182810,11805,451,37239.73,0
2024-05-20,PMax-Retail-Feed,Tablet,Google Ads,Sales,Bottom,2024,2024-Q2,2024-05,1766.57,103999,41078,2258,89,7296.42,0
2024-05-20,PMax-Retail-Feed,Connected TV,Google Ads,Sales,Bottom,2024,2024-Q2,2024-05,1354.24,57922,23607,1237,48,3818.2,0
2024-05-20,YT-Awareness-InStream,Desktop,Google Ads,Awareness,Top,2024,2024-Q2,2024-05,5079.63,516234,220261,3185,22,4068.25,161906
2024-05-20,YT-Awareness-InStream,Mobile,Google Ads,Awareness,Top,2024,2024-Q2,2024-05,5508.78,544613,247322,3573,20,3670,177153
2024-05-20,YT-Awareness-InStream,Tablet,Google Ads,Awareness,Top,2024,2024-Q2,2024-05,1110.73,115424,48457,720,5,871.16,37240
2024-05-20,YT-Awareness-InStream,Connected TV,Google Ads,Awareness,Top,2024,2024-Q2,2024-05,895.21,69821,27710,448,0,0,22229
2024-05-20,FB-Prospecting-LAL-3pct,Desktop,Meta Ads,Traffic,Top,2024,2024-Q2,2024-05,6453.66,745268,311494,7427,112,10967.99,0
2024-05-20,FB-Prospecting-LAL-3pct,Mobile,Meta Ads,Traffic,Top,2024,2024-Q2,2024-05,7352.19,863364,370340,9289,119,11069.3,0
2024-05-20,FB-Prospecting-LAL-3pct,Tablet,Meta Ads,Traffic,Top,2024,2024-Q2,2024-05,1483.06,169536,74072,1641,22,2096.62,0
2024-05-20,FB-Prospecting-LAL-3pct,Connected TV,Meta Ads,Traffic,Top,2024,2024-Q2,2024-05,1123.71,96886,38678,975,12,1157.58,0
2024-05-20,IG-Retargeting-Cart-7d,Desktop,Meta Ads,Conversions,Bottom,2024,2024-Q2,2024-05,4373.43,311280,131246,5780,311,27252.32,0
2024-05-20,IG-Retargeting-Cart-7d,Mobile,Meta Ads,Conversions,Bottom,2024,2024-Q2,2024-05,4681.63,339956,130559,7175,313,27873.73,0
2024-05-20,IG-Retargeting-Cart-7d,Tablet,Meta Ads,Conversions,Bottom,2024,2024-Q2,2024-05,993.58,73030,30424,1380,63,5595.58,0
2024-05-20,IG-Retargeting-Cart-7d,Connected TV,Meta Ads,Conversions,Bottom,2024,2024-Q2,2024-05,761.54,42036,17749,787,34,2971.34,0
2024-05-20,FB-Catalog-DPA-Evergreen,Desktop,Meta Ads,Sales,Bottom,2024,2024-Q2,2024-05,5747.51,591865,268169,8160,361,29280.1,0
2024-05-20,FB-Catalog-DPA-Evergreen,Mobile,Meta Ads,Sales,Bottom,2024,2024-Q2,2024-05,6155.73,617276,291083,9106,333,27674.58,0
2024-05-20,FB-Catalog-DPA-Evergreen,Tablet,Meta Ads,Sales,Bottom,2024,2024-Q2,2024-05,1240.76,126301,53609,1752,66,5395.84,0
2024-05-20,FB-Catalog-DPA-Evergreen,Connected TV,Meta Ads,Sales,Bottom,2024,2024-Q2,2024-05,1011.02,76817,30988,1108,41,3329.44,0
2024-05-20,LI-ABM-Enterprise-Tier1,Desktop,LinkedIn Ads,Leads,Middle,2024,2024-Q2,2024-05,7347.55,147787,62369,808,20,17031.38,0
2024-05-20,LI-ABM-Enterprise-Tier1,Mobile,LinkedIn Ads,Leads,Middle,2024,2024-Q2,2024-05,8477.97,178821,78947,1068,23,18756.62,0
2024-05-20,LI-ABM-Enterprise-Tier1,Tablet,LinkedIn Ads,Leads,Middle,2024,2024-Q2,2024-05,1689.36,34673,15663,184,5,4079.21,0
2024-05-20,LI-ABM-Enterprise-Tier1,Connected TV,LinkedIn Ads,Leads,Middle,2024,2024-Q2,2024-05,1295.15,19326,8142,107,0,0,0
2024-05-20,LI-Content-Whitepaper,Desktop,LinkedIn Ads,Leads,Middle,2024,2024-Q2,2024-05,3071.03,64647,28709,445,10,4423.49,0
2024-05-20,LI-Content-Whitepaper,Mobile,LinkedIn Ads,Leads,Middle,2024,2024-Q2,2024-05,3285.2,69941,28559,558,10,4331.29,0
2024-05-20,LI-Content-Whitepaper,Tablet,LinkedIn Ads,Leads,Middle,2024,2024-Q2,2024-05,706.65,15266,6512,110,0,0,0
2024-05-20,LI-Content-Whitepaper,Connected TV,LinkedIn Ads,Leads,Middle,2024,2024-Q2,2024-05,576.5,9309,3696,64,0,0,0
2024-05-20,DV360-Display-Retarget,Desktop,Programmatic,Conversions,Middle,2024,2024-Q2,2024-05,4501.52,855785,323925,4043,79,11846.48,0
2024-05-20,DV360-Display-Retarget,Mobile,Programmatic,Conversions,Middle,2024,2024-Q2,2024-05,5134.64,1027155,409177,5222,89,12677.2,0
2024-05-20,DV360-Display-Retarget,Tablet,Programmatic,Conversions,Middle,2024,2024-Q2,2024-05,1100.39,213464,87835,977,17,2492.6,0
2024-05-20,DV360-Display-Retarget,Connected TV,Programmatic,Conversions,Middle,2024,2024-Q2,2024-05,844.22,118215,50467,555,11,1637.41,0
2024-05-20,DV360-CTV-Reach,Desktop,Programmatic,Awareness,Top,2024,2024-Q2,2024-05,5398.27,250548,113967,721,4,3275.51,82181
2024-05-20,DV360-CTV-Reach,Mobile,Programmatic,Awareness,Top,2024,2024-Q2,2024-05,5782.33,270745,113159,889,4,3203.56,87264
2024-05-20,DV360-CTV-Reach,Tablet,Programmatic,Awareness,Top,2024,2024-Q2,2024-05,1240.52,59113,23413,175,0,0,18572
2024-05-20,DV360-CTV-Reach,Connected TV,Programmatic,Awareness,Top,2024,2024-Q2,2024-05,949.51,33951,13650,98,0,0,10411
2024-05-27,BR-Search-Brand-Core,Desktop,Google Ads,Conversions,Bottom,2024,2024-Q2,2024-05,1853.73,17229,6733,1530,126,17728.36,0
2024-05-27,BR-Search-Brand-Core,Mobile,Google Ads,Conversions,Bottom,2024,2024-Q2,2024-05,2116.66,19981,8127,1907,141,19607.5,0
2024-05-27,BR-Search-Brand-Core,Tablet,Google Ads,Conversions,Bottom,2024,2024-Q2,2024-05,426.61,3925,1681,333,25,3555.54,0
2024-05-27,BR-Search-Brand-Core,Connected TV,Google Ads,Conversions,Bottom,2024,2024-Q2,2024-05,326.87,2272,1007,198,15,2113.19,0
2024-05-27,NB-Search-Generic-Solutions,Desktop,Google Ads,Conversions,Middle,2024,2024-Q2,2024-05,9229.64,84289,35087,2870,92,22880.23,0
2024-05-27,NB-Search-Generic-Solutions,Mobile,Google Ads,Conversions,Middle,2024,2024-Q2,2024-05,9758.62,90941,34836,3542,93,22801.11,0
2024-05-27,NB-Search-Generic-Solutions,Tablet,Google Ads,Conversions,Middle,2024,2024-Q2,2024-05,2096.5,19659,8061,685,19,4606.23,0
2024-05-27,NB-Search-Generic-Solutions,Connected TV,Google Ads,Conversions,Middle,2024,2024-Q2,2024-05,1688.94,11365,4765,366,10,2532.99,0
2024-05-27,PMax-Retail-Feed,Desktop,Google Ads,Sales,Bottom,2024,2024-Q2,2024-05,8094.36,455399,178662,9436,444,36268.41,0
2024-05-27,PMax-Retail-Feed,Mobile,Google Ads,Sales,Bottom,2024,2024-Q2,2024-05,8587.42,471079,217665,10419,414,34848.66,0
2024-05-27,PMax-Retail-Feed,Tablet,Google Ads,Sales,Bottom,2024,2024-Q2,2024-05,1727.71,96230,40573,2148,83,6846.02,0
2024-05-27,PMax-Retail-Feed,Connected TV,Google Ads,Sales,Bottom,2024,2024-Q2,2024-05,1409.84,58683,23557,1203,47,3862.04,0
2024-05-27,YT-Awareness-InStream,Desktop,Google Ads,Awareness,Top,2024,2024-Q2,2024-05,4969.66,512339,185016,3234,23,4155.85,154708
2024-05-27,YT-Awareness-InStream,Mobile,Google Ads,Awareness,Top,2024,2024-Q2,2024-05,5731.01,597005,225239,4088,25,4487.18,177327
2024-05-27,YT-Awareness-InStream,Tablet,Google Ads,Awareness,Top,2024,2024-Q2,2024-05,1142.38,116611,44830,703,5,906.2,36293
2024-05-27,YT-Awareness-InStream,Connected TV,Google Ads,Awareness,Top,2024,2024-Q2,2024-05,875.96,66859,26916,393,0,0,21830
2024-05-27,FB-Prospecting-LAL-3pct,Desktop,Meta Ads,Traffic,Top,2024,2024-Q2,2024-05,6233.72,710360,298439,6886,101,9706.29,0
2024-05-27,FB-Prospecting-LAL-3pct,Mobile,Meta Ads,Traffic,Top,2024,2024-Q2,2024-05,6670.45,769357,304262,8564,102,9602.46,0
2024-05-27,FB-Prospecting-LAL-3pct,Tablet,Meta Ads,Traffic,Top,2024,2024-Q2,2024-05,1433.93,167632,69804,1667,20,1875.6,0
2024-05-27,FB-Prospecting-LAL-3pct,Connected TV,Meta Ads,Traffic,Top,2024,2024-Q2,2024-05,1155.65,97216,41614,947,12,1150.02,0
2024-05-27,IG-Retargeting-Cart-7d,Desktop,Meta Ads,Conversions,Bottom,2024,2024-Q2,2024-05,4832.63,349609,142008,6685,361,31111.56,0
2024-05-27,IG-Retargeting-Cart-7d,Mobile,Meta Ads,Conversions,Bottom,2024,2024-Q2,2024-05,4819.85,343047,161858,7120,319,27888.81,0
2024-05-27,IG-Retargeting-Cart-7d,Tablet,Meta Ads,Conversions,Bottom,2024,2024-Q2,2024-05,971.47,69781,30296,1371,60,5193.71,0
2024-05-27,IG-Retargeting-Cart-7d,Connected TV,Meta Ads,Conversions,Bottom,2024,2024-Q2,2024-05,783.64,42458,17295,802,37,3280.38,0
2024-05-27,FB-Catalog-DPA-Evergreen,Desktop,Meta Ads,Sales,Bottom,2024,2024-Q2,2024-05,5621.75,586967,215200,8370,361,28795.19,0
2024-05-27,FB-Catalog-DPA-Evergreen,Mobile,Meta Ads,Sales,Bottom,2024,2024-Q2,2024-05,6409.5,681535,260325,11019,407,33291.59,0
2024-05-27,FB-Catalog-DPA-Evergreen,Tablet,Meta Ads,Sales,Bottom,2024,2024-Q2,2024-05,1292.56,133723,53826,1944,71,5950.79,0
2024-05-27,FB-Catalog-DPA-Evergreen,Connected TV,Meta Ads,Sales,Bottom,2024,2024-Q2,2024-05,978.79,75628,31464,1066,39,3257.4,0
2024-05-27,LI-ABM-Enterprise-Tier1,Desktop,LinkedIn Ads,Leads,Middle,2024,2024-Q2,2024-05,7181.95,147100,64846,792,19,16613.5,0
2024-05-27,LI-ABM-Enterprise-Tier1,Mobile,LinkedIn Ads,Leads,Middle,2024,2024-Q2,2024-05,7598.15,157659,62725,978,19,16456.9,0
2024-05-27,LI-ABM-Enterprise-Tier1,Tablet,LinkedIn Ads,Leads,Middle,2024,2024-Q2,2024-05,1631.97,32905,13909,180,3,2380.17,0
2024-05-27,LI-ABM-Enterprise-Tier1,Connected TV,LinkedIn Ads,Leads,Middle,2024,2024-Q2,2024-05,1332.4,20136,8836,108,0,0,0
2024-05-27,LI-Content-Whitepaper,Desktop,LinkedIn Ads,Leads,Middle,2024,2024-Q2,2024-05,3401.47,75587,31742,541,10,4157.47,0
2024-05-27,LI-Content-Whitepaper,Mobile,LinkedIn Ads,Leads,Middle,2024,2024-Q2,2024-05,3427.53,74366,36019,585,10,4290.44,0
2024-05-27,LI-Content-Whitepaper,Tablet,LinkedIn Ads,Leads,Middle,2024,2024-Q2,2024-05,681.91,14501,6585,106,0,0,0
2024-05-27,LI-Content-Whitepaper,Connected TV,LinkedIn Ads,Leads,Middle,2024,2024-Q2,2024-05,557.4,8869,3762,63,0,0,0
2024-05-27,DV360-Display-Retarget,Desktop,Programmatic,Conversions,Middle,2024,2024-Q2,2024-05,4688.17,874166,393392,4053,85,12959.28,0
2024-05-27,DV360-Display-Retarget,Mobile,Programmatic,Conversions,Middle,2024,2024-Q2,2024-05,5022.1,946039,344119,4995,84,12686.26,0
2024-05-27,DV360-Display-Retarget,Tablet,Programmatic,Conversions,Middle,2024,2024-Q2,2024-05,999.68,190577,72937,902,15,2242.81,0
2024-05-27,DV360-Display-Retarget,Connected TV,Programmatic,Conversions,Middle,2024,2024-Q2,2024-05,806.71,115700,46053,535,10,1460.2,0
2024-05-27,DV360-CTV-Reach,Desktop,Programmatic,Awareness,Top,2024,2024-Q2,2024-05,5614.88,276333,105002,826,5,3915.88,82620
2024-05-27,DV360-CTV-Reach,Mobile,Programmatic,Awareness,Top,2024,2024-Q2,2024-05,5581.07,270024,117825,874,4,3131.26,82887
2024-05-27,DV360-CTV-Reach,Tablet,Programmatic,Awareness,Top,2024,2024-Q2,2024-05,1124.3,52870,24337,162,0,0,17013
2024-05-27,DV360-CTV-Reach,Connected TV,Programmatic,Awareness,Top,2024,2024-Q2,2024-05,908.09,32212,13944,95,0,0,10191
2024-06-03,BR-Search-Brand-Core,Desktop,Google Ads,Conversions,Bottom,2024,2024-Q2,2024-06,1928.57,17572,7272,1612,137,20367.76,0
2024-06-03,BR-Search-Brand-Core,Mobile,Google Ads,Conversions,Bottom,2024,2024-Q2,2024-06,2064.33,19026,7474,1985,138,20246.42,0
2024-06-03,BR-Search-Brand-Core,Tablet,Google Ads,Conversions,Bottom,2024,2024-Q2,2024-06,443.49,4306,1747,404,28,3930.5,0
2024-06-03,BR-Search-Brand-Core,Connected TV,Google Ads,Conversions,Bottom,2024,2024-Q2,2024-06,335.83,2269,959,208,16,2297.31,0
2024-06-03,NB-Search-Generic-Solutions,Desktop,Google Ads,Conversions,Middle,2024,2024-Q2,2024-06,9472.38,91169,40076,3040,99,24442.71,0
2024-06-03,NB-Search-Generic-Solutions,Mobile,Google Ads,Conversions,Middle,2024,2024-Q2,2024-06,10148.83,92096,42850,3278,87,21784.84,0
2024-06-03,NB-Search-Generic-Solutions,Tablet,Google Ads,Conversions,Middle,2024,2024-Q2,2024-06,1890.32,17369,7225,592,15,3680.36,0
2024-06-03,NB-Search-Generic-Solutions,Connected TV,Google Ads,Conversions,Middle,2024,2024-Q2,2024-06,1528.56,10580,4645,351,9,2202.67,0
2024-06-03,PMax-Retail-Feed,Desktop,Google Ads,Sales,Bottom,2024,2024-Q2,2024-06,7809.41,448178,186595,9489,446,35792.02,0
2024-06-03,PMax-Retail-Feed,Mobile,Google Ads,Sales,Bottom,2024,2024-Q2,2024-06,8917.56,521613,226580,11849,483,38329.48,0
2024-06-03,PMax-Retail-Feed,Tablet,Google Ads,Sales,Bottom,2024,2024-Q2,2024-06,1795.23,102246,40577,2086,84,6821.25,0
2024-06-03,PMax-Retail-Feed,Connected TV,Google Ads,Sales,Bottom,2024,2024-Q2,2024-06,1362.53,55998,23101,1188,47,3907.46,0
2024-06-03,YT-Awareness-InStream,Desktop,Google Ads,Awareness,Top,2024,2024-Q2,2024-06,4848.65,471345,206794,2872,21,4042.5,157652
2024-06-03,YT-Awareness-InStream,Mobile,Google Ads,Awareness,Top,2024,2024-Q2,2024-06,5530.7,542134,217924,3793,22,4209.69,168199
2024-06-03,YT-Awareness-InStream,Tablet,Google Ads,Awareness,Top,2024,2024-Q2,2024-06,1185.37,122684,46916,761,6,1067.21,36840
2024-06-03,YT-Awareness-InStream,Connected TV,Google Ads,Awareness,Top,2024,2024-Q2,2024-06,909.42,67813,26387,417,0,0,21330
2024-06-03,FB-Prospecting-LAL-3pct,Desktop,Meta Ads,Traffic,Top,2024,2024-Q2,2024-06,6880.59,792014,327943,7470,118,11224.75,0
2024-06-03,FB-Prospecting-LAL-3pct,Mobile,Meta Ads,Traffic,Top,2024,2024-Q2,2024-06,7467.36,840357,353942,8504,104,10122.34,0
2024-06-03,FB-Prospecting-LAL-3pct,Tablet,Meta Ads,Traffic,Top,2024,2024-Q2,2024-06,1381.33,157780,58842,1513,19,1835,0
2024-06-03,FB-Prospecting-LAL-3pct,Connected TV,Meta Ads,Traffic,Top,2024,2024-Q2,2024-06,1044.62,89563,35766,845,10,936,0
2024-06-03,IG-Retargeting-Cart-7d,Desktop,Meta Ads,Conversions,Bottom,2024,2024-Q2,2024-06,4337.63,322345,119776,5919,311,26182.1,0
2024-06-03,IG-Retargeting-Cart-7d,Mobile,Meta Ads,Conversions,Bottom,2024,2024-Q2,2024-06,5007.39,376151,148958,7489,340,28419.32,0
2024-06-03,IG-Retargeting-Cart-7d,Tablet,Meta Ads,Conversions,Bottom,2024,2024-Q2,2024-06,1009.86,74648,29962,1338,61,5188.07,0
2024-06-03,IG-Retargeting-Cart-7d,Connected TV,Meta Ads,Conversions,Bottom,2024,2024-Q2,2024-06,764.72,40792,17180,757,33,2859.96,0
2024-06-03,FB-Catalog-DPA-Evergreen,Desktop,Meta Ads,Sales,Bottom,2024,2024-Q2,2024-06,5840.02,577594,256127,7852,350,29643.36,0
2024-06-03,FB-Catalog-DPA-Evergreen,Mobile,Meta Ads,Sales,Bottom,2024,2024-Q2,2024-06,6257.22,624351,258197,9758,355,28576.76,0
2024-06-03,FB-Catalog-DPA-Evergreen,Tablet,Meta Ads,Sales,Bottom,2024,2024-Q2,2024-06,1341.69,140614,54426,1969,73,5829.54,0
2024-06-03,FB-Catalog-DPA-Evergreen,Connected TV,Meta Ads,Sales,Bottom,2024,2024-Q2,2024-06,1079.42,81901,32556,1184,46,3740.72,0
2024-06-03,LI-ABM-Enterprise-Tier1,Desktop,LinkedIn Ads,Leads,Middle,2024,2024-Q2,2024-06,7860.17,162436,67985,855,22,18308.29,0
2024-06-03,LI-ABM-Enterprise-Tier1,Mobile,LinkedIn Ads,Leads,Middle,2024,2024-Q2,2024-06,8528,172859,73715,1031,21,17841.3,0
2024-06-03,LI-ABM-Enterprise-Tier1,Tablet,LinkedIn Ads,Leads,Middle,2024,2024-Q2,2024-06,1716.81,35129,13931,198,5,4071.85,0
2024-06-03,LI-ABM-Enterprise-Tier1,Connected TV,LinkedIn Ads,Leads,Middle,2024,2024-Q2,2024-06,1287.22,19710,7152,109,0,0,0
2024-06-03,LI-Content-Whitepaper,Desktop,LinkedIn Ads,Leads,Middle,2024,2024-Q2,2024-06,3084.21,69838,26508,520,10,4275,0
2024-06-03,LI-Content-Whitepaper,Mobile,LinkedIn Ads,Leads,Middle,2024,2024-Q2,2024-06,3519.5,80432,32056,642,10,4244.78,0
2024-06-03,LI-Content-Whitepaper,Tablet,LinkedIn Ads,Leads,Middle,2024,2024-Q2,2024-06,709.55,15904,6543,114,0,0,0
2024-06-03,LI-Content-Whitepaper,Connected TV,LinkedIn Ads,Leads,Middle,2024,2024-Q2,2024-06,543.79,8788,3759,63,0,0,0
2024-06-03,DV360-Display-Retarget,Desktop,Programmatic,Conversions,Middle,2024,2024-Q2,2024-06,4809.65,908955,396597,4313,90,13520.41,0
2024-06-03,DV360-Display-Retarget,Mobile,Programmatic,Conversions,Middle,2024,2024-Q2,2024-06,5217.44,958139,426412,4946,85,12620.36,0
2024-06-03,DV360-Display-Retarget,Tablet,Programmatic,Conversions,Middle,2024,2024-Q2,2024-06,1039.5,202834,81723,995,16,2398.6,0
2024-06-03,DV360-Display-Retarget,Connected TV,Programmatic,Conversions,Middle,2024,2024-Q2,2024-06,787.02,115121,44134,584,11,1627.82,0
2024-06-03,DV360-CTV-Reach,Desktop,Programmatic,Awareness,Top,2024,2024-Q2,2024-06,5020.89,243354,94213,751,3,2346.84,80462
2024-06-03,DV360-CTV-Reach,Mobile,Programmatic,Awareness,Top,2024,2024-Q2,2024-06,5806.23,284500,119682,951,4,3273.14,92073
2024-06-03,DV360-CTV-Reach,Tablet,Programmatic,Awareness,Top,2024,2024-Q2,2024-06,1170.38,58148,24795,174,0,0,18406
2024-06-03,DV360-CTV-Reach,Connected TV,Programmatic,Awareness,Top,2024,2024-Q2,2024-06,885.41,30632,13866,88,0,0,9968
2024-06-10,BR-Search-Brand-Core,Desktop,Google Ads,Conversions,Bottom,2024,2024-Q2,2024-06,1975.47,18333,8113,1633,142,19971.1,0
2024-06-10,BR-Search-Brand-Core,Mobile,Google Ads,Conversions,Bottom,2024,2024-Q2,2024-06,2142.14,19330,8911,1841,132,19063.88,0
2024-06-10,BR-Search-Brand-Core,Tablet,Google Ads,Conversions,Bottom,2024,2024-Q2,2024-06,426.47,3921,1669,352,25,3539.46,0
2024-06-10,BR-Search-Brand-Core,Connected TV,Google Ads,Conversions,Bottom,2024,2024-Q2,2024-06,348.18,2390,983,222,16,2249.68,0
2024-06-10,NB-Search-Generic-Solutions,Desktop,Google Ads,Conversions,Middle,2024,2024-Q2,2024-06,9114.53,86501,31212,3140,100,24830.13,0
2024-06-10,NB-Search-Generic-Solutions,Mobile,Google Ads,Conversions,Middle,2024,2024-Q2,2024-06,10515.93,100643,39006,3962,109,27062.58,0
2024-06-10,NB-Search-Generic-Solutions,Tablet,Google Ads,Conversions,Middle,2024,2024-Q2,2024-06,2121.22,19101,8707,671,18,4551.87,0
2024-06-10,NB-Search-Generic-Solutions,Connected TV,Google Ads,Conversions,Middle,2024,2024-Q2,2024-06,1606.83,10798,4481,369,10,2508.75,0
2024-06-10,PMax-Retail-Feed,Desktop,Google Ads,Sales,Bottom,2024,2024-Q2,2024-06,7523.06,424630,183413,8758,405,34473.1,0
2024-06-10,PMax-Retail-Feed,Mobile,Google Ads,Sales,Bottom,2024,2024-Q2,2024-06,8047.13,442879,175966,10484,392,32531.89,0
2024-06-10,PMax-Retail-Feed,Tablet,Google Ads,Sales,Bottom,2024,2024-Q2,2024-06,1709.29,94815,39528,2005,78,6262.74,0
2024-06-10,PMax-Retail-Feed,Connected TV,Google Ads,Sales,Bottom,2024,2024-Q2,2024-06,1395.33,60746,25871,1260,50,4088.97,0
2024-06-10,YT-Awareness-InStream,Desktop,Google Ads,Awareness,Top,2024,2024-Q2,2024-06,4968.15,511781,232372,3081,21,3803.06,155423
2024-06-10,YT-Awareness-InStream,Mobile,Google Ads,Awareness,Top,2024,2024-Q2,2024-06,5319.55,537357,253516,3423,20,3711.74,168586
2024-06-10,YT-Awareness-InStream,Tablet,Google Ads,Awareness,Top,2024,2024-Q2,2024-06,1071.95,109350,48207,664,4,700.56,33734
2024-06-10,YT-Awareness-InStream,Connected TV,Google Ads,Awareness,Top,2024,2024-Q2,2024-06,865.1,65971,27269,411,0,0,20054
2024-06-10,FB-Prospecting-LAL-3pct,Desktop,Meta Ads,Traffic,Top,2024,2024-Q2,2024-06,6232.46,708677,269875,7325,108,10341.38,0
2024-06-10,FB-Prospecting-LAL-3pct,Mobile,Meta Ads,Traffic,Top,2024,2024-Q2,2024-06,7108.94,818797,324005,9065,114,10865.33,0
2024-06-10,FB-Prospecting-LAL-3pct,Tablet,Meta Ads,Traffic,Top,2024,2024-Q2,2024-06,1433.47,160395,75886,1600,20,1932.17,0
2024-06-10,FB-Prospecting-LAL-3pct,Connected TV,Meta Ads,Traffic,Top,2024,2024-Q2,2024-06,1098.82,89264,38800,867,10,996.17,0
2024-06-10,IG-Retargeting-Cart-7d,Desktop,Meta Ads,Conversions,Bottom,2024,2024-Q2,2024-06,4552.55,318908,126943,5722,294,26233.51,0
2024-06-10,IG-Retargeting-Cart-7d,Mobile,Meta Ads,Conversions,Bottom,2024,2024-Q2,2024-06,4512.9,321028,134050,6659,281,24639.99,0
2024-06-10,IG-Retargeting-Cart-7d,Tablet,Meta Ads,Conversions,Bottom,2024,2024-Q2,2024-06,959.06,68952,30513,1266,57,4964.15,0
2024-06-10,IG-Retargeting-Cart-7d,Connected TV,Meta Ads,Conversions,Bottom,2024,2024-Q2,2024-06,783.37,42198,19054,764,37,3195.13,0
2024-06-10,FB-Catalog-DPA-Evergreen,Desktop,Meta Ads,Sales,Bottom,2024,2024-Q2,2024-06,5550.73,581815,242143,7785,350,27966.04,0
2024-06-10,FB-Catalog-DPA-Evergreen,Mobile,Meta Ads,Sales,Bottom,2024,2024-Q2,2024-06,6016.11,614547,265801,8806,328,26791.44,0
2024-06-10,FB-Catalog-DPA-Evergreen,Tablet,Meta Ads,Sales,Bottom,2024,2024-Q2,2024-06,1292.12,133930,60135,1799,66,5352.88,0
2024-06-10,FB-Catalog-DPA-Evergreen,Connected TV,Meta Ads,Sales,Bottom,2024,2024-Q2,2024-06,978.6,75991,28308,1065,38,3033.88,0
2024-06-10,LI-ABM-Enterprise-Tier1,Desktop,LinkedIn Ads,Leads,Middle,2024,2024-Q2,2024-06,7104.52,146045,56438,834,20,16776.97,0
2024-06-10,LI-ABM-Enterprise-Tier1,Mobile,LinkedIn Ads,Leads,Middle,2024,2024-Q2,2024-06,8210.54,169843,70311,1047,21,17493.57,0
2024-06-10,LI-ABM-Enterprise-Tier1,Tablet,LinkedIn Ads,Leads,Middle,2024,2024-Q2,2024-06,1739.79,34859,14758,191,5,4207.77,0
2024-06-10,LI-ABM-Enterprise-Tier1,Connected TV,LinkedIn Ads,Leads,Middle,2024,2024-Q2,2024-06,1334.42,19353,8527,102,0,0,0
2024-06-10,LI-Content-Whitepaper,Desktop,LinkedIn Ads,Leads,Middle,2024,2024-Q2,2024-06,3406.3,72221,29347,489,10,4350.57,0
2024-06-10,LI-Content-Whitepaper,Mobile,LinkedIn Ads,Leads,Middle,2024,2024-Q2,2024-06,3426.24,74066,31539,613,10,4305.39,0
2024-06-10,LI-Content-Whitepaper,Tablet,LinkedIn Ads,Leads,Middle,2024,2024-Q2,2024-06,735.54,16042,6502,117,0,0,0
2024-06-10,LI-Content-Whitepaper,Connected TV,LinkedIn Ads,Leads,Middle,2024,2024-Q2,2024-06,592.21,9737,4053,66,0,0,0
2024-06-10,DV360-Display-Retarget,Desktop,Programmatic,Conversions,Middle,2024,2024-Q2,2024-06,4341.98,839560,335060,4145,80,11692.55,0
2024-06-10,DV360-Display-Retarget,Mobile,Programmatic,Conversions,Middle,2024,2024-Q2,2024-06,4958.94,972356,407472,5196,86,12507.03,0
2024-06-10,DV360-Display-Retarget,Tablet,Programmatic,Conversions,Middle,2024,2024-Q2,2024-06,1064.39,202633,87596,960,16,2383.21,0
2024-06-10,DV360-Display-Retarget,Connected TV,Programmatic,Conversions,Middle,2024,2024-Q2,2024-06,816.26,111957,50378,518,8,1222.5,0
2024-06-10,DV360-CTV-Reach,Desktop,Programmatic,Awareness,Top,2024,2024-Q2,2024-06,5612.45,265754,111666,802,4,3196.5,84382
2024-06-10,DV360-CTV-Reach,Mobile,Programmatic,Awareness,Top,2024,2024-Q2,2024-06,5651.01,270581,118676,939,3,2376.8,90003
2024-06-10,DV360-CTV-Reach,Tablet,Programmatic,Awareness,Top,2024,2024-Q2,2024-06,1199.07,58469,24050,190,0,0,19104
2024-06-10,DV360-CTV-Reach,Connected TV,Programmatic,Awareness,Top,2024,2024-Q2,2024-06,977.58,35608,15414,106,0,0,11437
2024-06-17,BR-Search-Brand-Core,Desktop,Google Ads,Conversions,Bottom,2024,2024-Q2,2024-06,1919.75,18081,6702,1640,139,19290.85,0
2024-06-17,BR-Search-Brand-Core,Mobile,Google Ads,Conversions,Bottom,2024,2024-Q2,2024-06,2188.71,21000,8114,2071,150,20663.84,0
2024-06-17,BR-Search-Brand-Core,Tablet,Google Ads,Conversions,Bottom,2024,2024-Q2,2024-06,441.45,4139,1644,387,29,4074.6,0
2024-06-17,BR-Search-Brand-Core,Connected TV,Google Ads,Conversions,Bottom,2024,2024-Q2,2024-06,338.44,2289,944,209,14,2004.18,0
2024-06-17,NB-Search-Generic-Solutions,Desktop,Google Ads,Conversions,Middle,2024,2024-Q2,2024-06,9427.34,87601,38067,2915,95,23308.78,0
2024-06-17,NB-Search-Generic-Solutions,Mobile,Google Ads,Conversions,Middle,2024,2024-Q2,2024-06,10224.17,95876,38640,3654,93,22548.64,0
2024-06-17,NB-Search-Generic-Solutions,Tablet,Google Ads,Conversions,Middle,2024,2024-Q2,2024-06,2011.31,19185,8314,687,18,4296.18,0
2024-06-17,NB-Search-Generic-Solutions,Connected TV,Google Ads,Conversions,Middle,2024,2024-Q2,2024-06,1641.88,11249,4973,399,12,2949.92,0
2024-06-17,PMax-Retail-Feed,Desktop,Google Ads,Sales,Bottom,2024,2024-Q2,2024-06,8275.31,474218,194464,10062,497,40028.92,0
2024-06-17,PMax-Retail-Feed,Mobile,Google Ads,Sales,Bottom,2024,2024-Q2,2024-06,8980.56,500993,215049,11522,471,38876.56,0
2024-06-17,PMax-Retail-Feed,Tablet,Google Ads,Sales,Bottom,2024,2024-Q2,2024-06,1790.35,101564,39497,2203,89,7228.81,0
2024-06-17,PMax-Retail-Feed,Connected TV,Google Ads,Sales,Bottom,2024,2024-Q2,2024-06,1356.28,57653,20852,1234,48,3851.64,0
2024-06-17,YT-Awareness-InStream,Desktop,Google Ads,Awareness,Top,2024,2024-Q2,2024-06,4776,481403,180335,3129,23,4236.6,152927
2024-06-17,YT-Awareness-InStream,Mobile,Google Ads,Awareness,Top,2024,2024-Q2,2024-06,5505.24,561880,223213,3947,24,4399.45,175398
2024-06-17,YT-Awareness-InStream,Tablet,Google Ads,Awareness,Top,2024,2024-Q2,2024-06,1098.78,113718,45681,722,5,886.16,36871
2024-06-17,YT-Awareness-InStream,Connected TV,Google Ads,Awareness,Top,2024,2024-Q2,2024-06,840.4,63252,26449,387,0,0,21163
2024-06-17,FB-Prospecting-LAL-3pct,Desktop,Meta Ads,Traffic,Top,2024,2024-Q2,2024-06,6371.66,733817,325517,6992,105,9948.39,0
2024-06-17,FB-Prospecting-LAL-3pct,Mobile,Meta Ads,Traffic,Top,2024,2024-Q2,2024-06,6907.69,810102,337908,8762,99,9570.69,0
2024-06-17,FB-Prospecting-LAL-3pct,Tablet,Meta Ads,Traffic,Top,2024,2024-Q2,2024-06,1375.06,163065,71020,1673,21,2013.74,0
2024-06-17,FB-Prospecting-LAL-3pct,Connected TV,Meta Ads,Traffic,Top,2024,2024-Q2,2024-06,1109.55,95398,42504,959,12,1135.74,0
2024-06-17,IG-Retargeting-Cart-7d,Desktop,Meta Ads,Conversions,Bottom,2024,2024-Q2,2024-06,4648.17,343669,145731,6414,360,30517.79,0
2024-06-17,IG-Retargeting-Cart-7d,Mobile,Meta Ads,Conversions,Bottom,2024,2024-Q2,2024-06,4984.04,361651,156475,7257,333,28856.14,0
2024-06-17,IG-Retargeting-Cart-7d,Tablet,Meta Ads,Conversions,Bottom,2024,2024-Q2,2024-06,1005.15,73656,30123,1400,64,5653.49,0
2024-06-17,IG-Retargeting-Cart-7d,Connected TV,Meta Ads,Conversions,Bottom,2024,2024-Q2,2024-06,761.22,40632,15334,805,34,2950.84,0
2024-06-17,FB-Catalog-DPA-Evergreen,Desktop,Meta Ads,Sales,Bottom,2024,2024-Q2,2024-06,5389.5,551446,218623,8068,340,28685.65,0
2024-06-17,FB-Catalog-DPA-Evergreen,Mobile,Meta Ads,Sales,Bottom,2024,2024-Q2,2024-06,6228.69,622618,257819,9850,358,29982.29,0
2024-06-17,FB-Catalog-DPA-Evergreen,Tablet,Meta Ads,Sales,Bottom,2024,2024-Q2,2024-06,1240.27,125600,53581,1777,68,5603.15,0
2024-06-17,FB-Catalog-DPA-Evergreen,Connected TV,Meta Ads,Sales,Bottom,2024,2024-Q2,2024-06,950.42,69435,30739,956,36,3027.03,0
2024-06-17,LI-ABM-Enterprise-Tier1,Desktop,LinkedIn Ads,Leads,Middle,2024,2024-Q2,2024-06,7358.42,147282,69274,768,19,16286.11,0
2024-06-17,LI-ABM-Enterprise-Tier1,Mobile,LinkedIn Ads,Leads,Middle,2024,2024-Q2,2024-06,7976.2,161213,68500,966,19,16105.32,0
2024-06-17,LI-ABM-Enterprise-Tier1,Tablet,LinkedIn Ads,Leads,Middle,2024,2024-Q2,2024-06,1566.92,32299,14325,182,4,3177.16,0
2024-06-17,LI-ABM-Enterprise-Tier1,Connected TV,LinkedIn Ads,Leads,Middle,2024,2024-Q2,2024-06,1281.3,19793,8146,109,0,0,0
2024-06-17,LI-Content-Whitepaper,Desktop,LinkedIn Ads,Leads,Middle,2024,2024-Q2,2024-06,3275.55,74377,32639,517,10,4114.28,0
2024-06-17,LI-Content-Whitepaper,Mobile,LinkedIn Ads,Leads,Middle,2024,2024-Q2,2024-06,3546.07,78394,31399,591,10,4229.98,0
2024-06-17,LI-Content-Whitepaper,Tablet,LinkedIn Ads,Leads,Middle,2024,2024-Q2,2024-06,707.7,15241,6349,106,0,0,0
2024-06-17,LI-Content-Whitepaper,Connected TV,LinkedIn Ads,Leads,Middle,2024,2024-Q2,2024-06,534.52,8673,3367,63,0,0,0
2024-06-17,DV360-Display-Retarget,Desktop,Programmatic,Conversions,Middle,2024,2024-Q2,2024-06,4843.29,913655,388682,4096,86,13009.09,0
2024-06-17,DV360-Display-Retarget,Mobile,Programmatic,Conversions,Middle,2024,2024-Q2,2024-06,5192.92,991210,385099,5062,86,12791.48,0
2024-06-17,DV360-Display-Retarget,Tablet,Programmatic,Conversions,Middle,2024,2024-Q2,2024-06,957.45,185780,74868,907,16,2353.23,0
2024-06-17,DV360-Display-Retarget,Connected TV,Programmatic,Conversions,Middle,2024,2024-Q2,2024-06,833.71,121523,51386,579,10,1460.66,0
2024-06-17,DV360-CTV-Reach,Desktop,Programmatic,Awareness,Top,2024,2024-Q2,2024-06,5394.77,270185,107976,785,6,4676.79,84327
2024-06-17,DV360-CTV-Reach,Mobile,Programmatic,Awareness,Top,2024,2024-Q2,2024-06,5779.65,285024,115139,903,5,3942.83,85972
2024-06-17,DV360-CTV-Reach,Tablet,Programmatic,Awareness,Top,2024,2024-Q2,2024-06,1165,55928,23781,164,0,0,17400
2024-06-17,DV360-CTV-Reach,Connected TV,Programmatic,Awareness,Top,2024,2024-Q2,2024-06,881.45,31692,12460,98,0,0,9686
2024-06-24,BR-Search-Brand-Core,Desktop,Google Ads,Conversions,Bottom,2024,2024-Q2,2024-06,1860.83,16671,7499,1480,125,18313,0
2024-06-24,BR-Search-Brand-Core,Mobile,Google Ads,Conversions,Bottom,2024,2024-Q2,2024-06,1964.29,17773,7372,1803,128,18487.56,0
2024-06-24,BR-Search-Brand-Core,Tablet,Google Ads,Conversions,Bottom,2024,2024-Q2,2024-06,422.75,3853,1667,350,26,3731.57,0
2024-06-24,BR-Search-Brand-Core,Connected TV,Google Ads,Conversions,Bottom,2024,2024-Q2,2024-06,345.13,2369,1040,210,16,2281.4,0
2024-06-24,NB-Search-Generic-Solutions,Desktop,Google Ads,Conversions,Middle,2024,2024-Q2,2024-06,9034.08,85236,34732,2779,93,22533.18,0
2024-06-24,NB-Search-Generic-Solutions,Mobile,Google Ads,Conversions,Middle,2024,2024-Q2,2024-06,10423.01,96366,41126,3562,99,24528.09,0
2024-06-24,NB-Search-Generic-Solutions,Tablet,Google Ads,Conversions,Middle,2024,2024-Q2,2024-06,2102.36,19616,7704,642,17,4180.54,0
2024-06-24,NB-Search-Generic-Solutions,Connected TV,Google Ads,Conversions,Middle,2024,2024-Q2,2024-06,1592.66,11184,4093,382,11,2671.09,0
2024-06-24,PMax-Retail-Feed,Desktop,Google Ads,Sales,Bottom,2024,2024-Q2,2024-06,7457.31,421836,161983,9273,424,34530.65,0
2024-06-24,PMax-Retail-Feed,Mobile,Google Ads,Sales,Bottom,2024,2024-Q2,2024-06,8612.95,490275,198725,10796,425,34615.79,0
2024-06-24,PMax-Retail-Feed,Tablet,Google Ads,Sales,Bottom,2024,2024-Q2,2024-06,1824.19,101081,42492,1997,82,6837.61,0
2024-06-24,PMax-Retail-Feed,Connected TV,Google Ads,Sales,Bottom,2024,2024-Q2,2024-06,1399.45,58303,25300,1200,49,4012.23,0
2024-06-24,YT-Awareness-InStream,Desktop,Google Ads,Awareness,Top,2024,2024-Q2,2024-06,4933.96,487518,225691,2876,19,3578.88,158412
2024-06-24,YT-Awareness-InStream,Mobile,Google Ads,Awareness,Top,2024,2024-Q2,2024-06,5338.15,532794,225694,3621,20,3732.1,169785
2024-06-24,YT-Awareness-InStream,Tablet,Google Ads,Awareness,Top,2024,2024-Q2,2024-06,1134.07,115052,45689,696,5,885.86,35796
2024-06-24,YT-Awareness-InStream,Connected TV,Google Ads,Awareness,Top,2024,2024-Q2,2024-06,868.1,66097,26994,397,0,0,20064
2024-06-24,FB-Prospecting-LAL-3pct,Desktop,Meta Ads,Traffic,Top,2024,2024-Q2,2024-06,6573.27,772466,288439,7590,116,10792.59,0
2024-06-24,FB-Prospecting-LAL-3pct,Mobile,Meta Ads,Traffic,Top,2024,2024-Q2,2024-06,7131.55,815380,314219,8611,110,10486.33,0
2024-06-24,FB-Prospecting-LAL-3pct,Tablet,Meta Ads,Traffic,Top,2024,2024-Q2,2024-06,1420.83,164041,65143,1535,20,1893.92,0
2024-06-24,FB-Prospecting-LAL-3pct,Connected TV,Meta Ads,Traffic,Top,2024,2024-Q2,2024-06,1075.64,93827,35113,971,11,1072.99,0
2024-06-24,IG-Retargeting-Cart-7d,Desktop,Meta Ads,Conversions,Bottom,2024,2024-Q2,2024-06,4130.08,302347,117582,5857,302,25841.75,0
2024-06-24,IG-Retargeting-Cart-7d,Mobile,Meta Ads,Conversions,Bottom,2024,2024-Q2,2024-06,4775.89,351694,145782,7275,324,28668.27,0
2024-06-24,IG-Retargeting-Cart-7d,Tablet,Meta Ads,Conversions,Bottom,2024,2024-Q2,2024-06,1024.47,73262,30995,1362,64,5585.56,0
2024-06-24,IG-Retargeting-Cart-7d,Connected TV,Meta Ads,Conversions,Bottom,2024,2024-Q2,2024-06,776.39,41952,18768,754,35,2999.23,0
2024-06-24,FB-Catalog-DPA-Evergreen,Desktop,Meta Ads,Sales,Bottom,2024,2024-Q2,2024-06,5570.43,558092,260026,7459,323,26798.54,0
2024-06-24,FB-Catalog-DPA-Evergreen,Mobile,Meta Ads,Sales,Bottom,2024,2024-Q2,2024-06,5962.52,608893,269916,9271,328,27818.58,0
2024-06-24,FB-Catalog-DPA-Evergreen,Tablet,Meta Ads,Sales,Bottom,2024,2024-Q2,2024-06,1280.67,131835,54755,1897,70,5657.66,0
2024-06-24,FB-Catalog-DPA-Evergreen,Connected TV,Meta Ads,Sales,Bottom,2024,2024-Q2,2024-06,1031.51,79993,33658,1141,43,3433.55,0
2024-06-24,LI-ABM-Enterprise-Tier1,Desktop,LinkedIn Ads,Leads,Middle,2024,2024-Q2,2024-06,7594.2,160333,62700,925,23,19503.05,0
2024-06-24,LI-ABM-Enterprise-Tier1,Mobile,LinkedIn Ads,Leads,Middle,2024,2024-Q2,2024-06,8138.52,161518,64913,1002,20,17171.78,0
2024-06-24,LI-ABM-Enterprise-Tier1,Tablet,LinkedIn Ads,Leads,Middle,2024,2024-Q2,2024-06,1640.84,32832,13757,181,3,2504.67,0
2024-06-24,LI-ABM-Enterprise-Tier1,Connected TV,LinkedIn Ads,Leads,Middle,2024,2024-Q2,2024-06,1241.84,18613,7088,106,0,0,0
2024-06-24,LI-Content-Whitepaper,Desktop,LinkedIn Ads,Leads,Middle,2024,2024-Q2,2024-06,2941.65,62833,25194,455,8,3499.27,0
2024-06-24,LI-Content-Whitepaper,Mobile,LinkedIn Ads,Leads,Middle,2024,2024-Q2,2024-06,3361.01,72360,30457,566,9,3855.11,0
2024-06-24,LI-Content-Whitepaper,Tablet,LinkedIn Ads,Leads,Middle,2024,2024-Q2,2024-06,721.74,15858,6863,111,0,0,0
2024-06-24,LI-Content-Whitepaper,Connected TV,LinkedIn Ads,Leads,Middle,2024,2024-Q2,2024-06,552.3,9096,4213,63,0,0,0
2024-06-24,DV360-Display-Retarget,Desktop,Programmatic,Conversions,Middle,2024,2024-Q2,2024-06,4589.87,886275,353927,4349,89,13169.89,0
2024-06-24,DV360-Display-Retarget,Mobile,Programmatic,Conversions,Middle,2024,2024-Q2,2024-06,4977.13,933516,393384,4996,84,12617.63,0
2024-06-24,DV360-Display-Retarget,Tablet,Programmatic,Conversions,Middle,2024,2024-Q2,2024-06,990.72,181874,80217,859,14,2158.18,0
2024-06-24,DV360-Display-Retarget,Connected TV,Programmatic,Conversions,Middle,2024,2024-Q2,2024-06,749.25,103025,41805,507,9,1375.98,0
2024-06-24,DV360-CTV-Reach,Desktop,Programmatic,Awareness,Top,2024,2024-Q2,2024-06,5233.46,247881,89332,749,4,3213.77,79438
2024-06-24,DV360-CTV-Reach,Mobile,Programmatic,Awareness,Top,2024,2024-Q2,2024-06,5531.23,265090,102072,859,3,2323.11,82362
2024-06-24,DV360-CTV-Reach,Tablet,Programmatic,Awareness,Top,2024,2024-Q2,2024-06,1188.45,57617,26290,168,0,0,17579
2024-06-24,DV360-CTV-Reach,Connected TV,Programmatic,Awareness,Top,2024,2024-Q2,2024-06,968.9,34101,16112,95,0,0,10950
2024-07-01,BR-Search-Brand-Core,Desktop,Google Ads,Conversions,Bottom,2024,2024-Q3,2024-07,2014.96,19035,8123,1736,154,21335.92,0
2024-07-01,BR-Search-Brand-Core,Mobile,Google Ads,Conversions,Bottom,2024,2024-Q3,2024-07,2186.43,20112,8745,1994,148,21016.57,0
2024-07-01,BR-Search-Brand-Core,Tablet,Google Ads,Conversions,Bottom,2024,2024-Q3,2024-07,435.76,3934,1591,369,25,3620.43,0
2024-07-01,BR-Search-Brand-Core,Connected TV,Google Ads,Conversions,Bottom,2024,2024-Q3,2024-07,329.98,2231,963,214,16,2277.38,0
2024-07-01,NB-Search-Generic-Solutions,Desktop,Google Ads,Conversions,Middle,2024,2024-Q3,2024-07,8628.38,80624,31432,2872,93,22840.85,0
2024-07-01,NB-Search-Generic-Solutions,Mobile,Google Ads,Conversions,Middle,2024,2024-Q3,2024-07,9971.87,93629,38334,3577,101,24641.26,0
2024-07-01,NB-Search-Generic-Solutions,Tablet,Google Ads,Conversions,Middle,2024,2024-Q3,2024-07,2010.71,18333,7656,630,15,3733.36,0
2024-07-01,NB-Search-Generic-Solutions,Connected TV,Google Ads,Conversions,Middle,2024,2024-Q3,2024-07,1521.71,10108,4576,335,10,2536.64,0
2024-07-01,PMax-Retail-Feed,Desktop,Google Ads,Sales,Bottom,2024,2024-Q3,2024-07,7210.2,397729,182233,8028,383,31918.11,0
2024-07-01,PMax-Retail-Feed,Mobile,Google Ads,Sales,Bottom,2024,2024-Q3,2024-07,8235.19,461473,191078,10580,409,33753.52,0
2024-07-01,PMax-Retail-Feed,Tablet,Google Ads,Sales,Bottom,2024,2024-Q3,2024-07,1638.4,92928,36075,1911,72,5853.42,0
2024-07-01,PMax-Retail-Feed,Connected TV,Google Ads,Sales,Bottom,2024,2024-Q3,2024-07,1338.83,57182,23035,1152,45,3610.01,0
2024-07-01,YT-Awareness-InStream,Desktop,Google Ads,Awareness,Top,2024,2024-Q3,2024-07,5079.62,532383,205221,3264,23,4122.07,157552
2024-07-01,YT-Awareness-InStream,Mobile,Google Ads,Awareness,Top,2024,2024-Q3,2024-07,5445.8,559002,219303,3688,21,3806.17,172458
2024-07-01,YT-Awareness-InStream,Tablet,Google Ads,Awareness,Top,2024,2024-Q3,2024-07,1098.11,109741,45396,684,4,717.07,35143
2024-07-01,YT-Awareness-InStream,Connected TV,Google Ads,Awareness,Top,2024,2024-Q3,2024-07,820.9,61449,26953,400,0,0,19272
2024-07-01,FB-Prospecting-LAL-3pct,Desktop,Meta Ads,Traffic,Top,2024,2024-Q3,2024-07,6365.21,733211,294653,7335,109,10328.72,0
2024-07-01,FB-Prospecting-LAL-3pct,Mobile,Meta Ads,Traffic,Top,2024,2024-Q3,2024-07,7264.7,841639,319144,9117,110,10315.87,0
2024-07-01,FB-Prospecting-LAL-3pct,Tablet,Meta Ads,Traffic,Top,2024,2024-Q3,2024-07,1357.68,155187,67339,1510,19,1815.17,0
2024-07-01,FB-Prospecting-LAL-3pct,Connected TV,Meta Ads,Traffic,Top,2024,2024-Q3,2024-07,1040.19,85493,39242,807,10,979.83,0
2024-07-01,IG-Retargeting-Cart-7d,Desktop,Meta Ads,Conversions,Bottom,2024,2024-Q3,2024-07,4316.66,307221,128588,5356,301,26459.78,0
2024-07-01,IG-Retargeting-Cart-7d,Mobile,Meta Ads,Conversions,Bottom,2024,2024-Q3,2024-07,4620.93,332305,124354,6682,307,26679.04,0
2024-07-01,IG-Retargeting-Cart-7d,Tablet,Meta Ads,Conversions,Bottom,2024,2024-Q3,2024-07,980.2,71682,28738,1362,60,5173.83,0
2024-07-01,IG-Retargeting-Cart-7d,Connected TV,Meta Ads,Conversions,Bottom,2024,2024-Q3,2024-07,799.1,43744,16404,820,38,3220.54,0
2024-07-01,FB-Catalog-DPA-Evergreen,Desktop,Meta Ads,Sales,Bottom,2024,2024-Q3,2024-07,5669.24,604002,235450,8816,387,30604.07,0
2024-07-01,FB-Catalog-DPA-Evergreen,Mobile,Meta Ads,Sales,Bottom,2024,2024-Q3,2024-07,6149.22,640172,256451,10196,372,29869.6,0
2024-07-01,FB-Catalog-DPA-Evergreen,Tablet,Meta Ads,Sales,Bottom,2024,2024-Q3,2024-07,1239.72,126186,52549,1781,65,5343.7,0
2024-07-01,FB-Catalog-DPA-Evergreen,Connected TV,Meta Ads,Sales,Bottom,2024,2024-Q3,2024-07,926.32,70556,27737,1031,36,2901.52,0
2024-07-01,LI-ABM-Enterprise-Tier1,Desktop,LinkedIn Ads,Leads,Middle,2024,2024-Q3,2024-07,7352.13,153290,62380,855,21,17483.15,0
2024-07-01,LI-ABM-Enterprise-Tier1,Mobile,LinkedIn Ads,Leads,Middle,2024,2024-Q3,2024-07,8377.49,175399,69199,1107,22,18015.06,0
2024-07-01,LI-ABM-Enterprise-Tier1,Tablet,LinkedIn Ads,Leads,Middle,2024,2024-Q3,2024-07,1669.92,34071,15214,194,5,4116.03,0
2024-07-01,LI-ABM-Enterprise-Tier1,Connected TV,LinkedIn Ads,Leads,Middle,2024,2024-Q3,2024-07,1264.81,18750,8680,105,0,0,0
2024-07-01,LI-Content-Whitepaper,Desktop,LinkedIn Ads,Leads,Middle,2024,2024-Q3,2024-07,3271.95,70844,30720,499,10,4275.11,0
2024-07-01,LI-Content-Whitepaper,Mobile,LinkedIn Ads,Leads,Middle,2024,2024-Q3,2024-07,3507.35,77227,30305,621,11,4655.48,0
2024-07-01,LI-Content-Whitepaper,Tablet,LinkedIn Ads,Leads,Middle,2024,2024-Q3,2024-07,698.61,15562,5674,112,0,0,0
2024-07-01,LI-Content-Whitepaper,Connected TV,LinkedIn Ads,Leads,Middle,2024,2024-Q3,2024-07,563.11,9389,3558,71,0,0,0
2024-07-01,TT-Spark-Creator-UGC,Desktop,TikTok Ads,Awareness,Top,2024,2024-Q3,2024-07,3851.21,635194,254641,7294,75,5340.81,209268
2024-07-01,TT-Spark-Creator-UGC,Mobile,TikTok Ads,Awareness,Top,2024,2024-Q3,2024-07,4133.43,691370,280280,8599,73,5112.39,222877
2024-07-01,TT-Spark-Creator-UGC,Tablet,TikTok Ads,Awareness,Top,2024,2024-Q3,2024-07,831.31,136510,59782,1501,12,891.52,45419
2024-07-01,TT-Spark-Creator-UGC,Connected TV,TikTok Ads,Awareness,Top,2024,2024-Q3,2024-07,628.7,77344,30564,889,8,592.34,25302
2024-07-01,DV360-Display-Retarget,Desktop,Programmatic,Conversions,Middle,2024,2024-Q3,2024-07,4440.96,873141,367705,4185,84,12623.28,0
2024-07-01,DV360-Display-Retarget,Mobile,Programmatic,Conversions,Middle,2024,2024-Q3,2024-07,5125.56,1013376,401601,5544,88,13098.46,0
2024-07-01,DV360-Display-Retarget,Tablet,Programmatic,Conversions,Middle,2024,2024-Q3,2024-07,1008.92,196325,90563,962,15,2164.51,0
2024-07-01,DV360-Display-Retarget,Connected TV,Programmatic,Conversions,Middle,2024,2024-Q3,2024-07,773.35,108385,52107,525,9,1347.11,0
2024-07-01,DV360-CTV-Reach,Desktop,Programmatic,Awareness,Top,2024,2024-Q3,2024-07,5325.73,257620,115709,754,5,3967.17,79788
2024-07-01,DV360-CTV-Reach,Mobile,Programmatic,Awareness,Top,2024,2024-Q3,2024-07,5775.69,282145,116494,946,4,3198.12,91049
2024-07-01,DV360-CTV-Reach,Tablet,Programmatic,Awareness,Top,2024,2024-Q3,2024-07,1135.65,54526,20822,174,0,0,17170
2024-07-01,DV360-CTV-Reach,Connected TV,Programmatic,Awareness,Top,2024,2024-Q3,2024-07,927.4,33145,13278,104,0,0,10193
2024-07-08,BR-Search-Brand-Core,Desktop,Google Ads,Conversions,Bottom,2024,2024-Q3,2024-07,1806.63,16765,6471,1587,132,18819.6,0
2024-07-08,BR-Search-Brand-Core,Mobile,Google Ads,Conversions,Bottom,2024,2024-Q3,2024-07,2087.77,20312,8204,2078,147,20674.77,0
2024-07-08,BR-Search-Brand-Core,Tablet,Google Ads,Conversions,Bottom,2024,2024-Q3,2024-07,442.37,4198,1770,383,26,3568.16,0
2024-07-08,BR-Search-Brand-Core,Connected TV,Google Ads,Conversions,Bottom,2024,2024-Q3,2024-07,318.59,2188,953,195,12,1675.49,0
2024-07-08,NB-Search-Generic-Solutions,Desktop,Google Ads,Conversions,Middle,2024,2024-Q3,2024-07,8883.38,80809,37737,2609,84,20974.43,0
2024-07-08,NB-Search-Generic-Solutions,Mobile,Google Ads,Conversions,Middle,2024,2024-Q3,2024-07,9628.93,88520,38383,3282,87,21463.96,0
2024-07-08,NB-Search-Generic-Solutions,Tablet,Google Ads,Conversions,Middle,2024,2024-Q3,2024-07,2042.31,19061,7700,662,18,4422.41,0
2024-07-08,NB-Search-Generic-Solutions,Connected TV,Google Ads,Conversions,Middle,2024,2024-Q3,2024-07,1664.15,11617,4848,399,11,2650.95,0
2024-07-08,PMax-Retail-Feed,Desktop,Google Ads,Sales,Bottom,2024,2024-Q3,2024-07,7807.65,439030,192928,9728,469,38382.03,0
2024-07-08,PMax-Retail-Feed,Mobile,Google Ads,Sales,Bottom,2024,2024-Q3,2024-07,8469.96,462694,209546,10363,415,34943.43,0
2024-07-08,PMax-Retail-Feed,Tablet,Google Ads,Sales,Bottom,2024,2024-Q3,2024-07,1708.02,94064,38615,1998,79,6587.21,0
2024-07-08,PMax-Retail-Feed,Connected TV,Google Ads,Sales,Bottom,2024,2024-Q3,2024-07,1276.73,55573,21622,1223,47,3823.17,0
2024-07-08,YT-Awareness-InStream,Desktop,Google Ads,Awareness,Top,2024,2024-Q3,2024-07,4549.86,448715,176433,2838,19,3498.92,146553
2024-07-08,YT-Awareness-InStream,Mobile,Google Ads,Awareness,Top,2024,2024-Q3,2024-07,5195.99,542110,231793,3712,22,4132.3,173800
2024-07-08,YT-Awareness-InStream,Tablet,Google Ads,Awareness,Top,2024,2024-Q3,2024-07,1115.04,117426,51257,724,4,732.9,36984
2024-07-08,YT-Awareness-InStream,Connected TV,Google Ads,Awareness,Top,2024,2024-Q3,2024-07,792.17,58348,26559,347,0,0,18807
2024-07-08,FB-Prospecting-LAL-3pct,Desktop,Meta Ads,Traffic,Top,2024,2024-Q3,2024-07,6074.93,687376,289948,6326,93,8955.35,0
2024-07-08,FB-Prospecting-LAL-3pct,Mobile,Meta Ads,Traffic,Top,2024,2024-Q3,2024-07,6513.77,748893,326288,7845,95,8983.73,0
2024-07-08,FB-Prospecting-LAL-3pct,Tablet,Meta Ads,Traffic,Top,2024,2024-Q3,2024-07,1397.01,161855,66969,1604,21,1975.44,0
2024-07-08,FB-Prospecting-LAL-3pct,Connected TV,Meta Ads,Traffic,Top,2024,2024-Q3,2024-07,1127.86,97873,42115,958,13,1212.09,0
2024-07-08,IG-Retargeting-Cart-7d,Desktop,Meta Ads,Conversions,Bottom,2024,2024-Q3,2024-07,4383.9,317937,145508,6106,336,28926.22,0
2024-07-08,IG-Retargeting-Cart-7d,Mobile,Meta Ads,Conversions,Bottom,2024,2024-Q3,2024-07,4697.11,330596,155177,6455,302,26868.7,0
2024-07-08,IG-Retargeting-Cart-7d,Tablet,Meta Ads,Conversions,Bottom,2024,2024-Q3,2024-07,946.81,65303,28459,1198,55,4982.3,0
2024-07-08,IG-Retargeting-Cart-7d,Connected TV,Meta Ads,Conversions,Bottom,2024,2024-Q3,2024-07,716.26,38734,15333,745,34,2913.12,0
2024-07-08,FB-Catalog-DPA-Evergreen,Desktop,Meta Ads,Sales,Bottom,2024,2024-Q3,2024-07,5065.17,508802,213148,7238,312,25886.31,0
2024-07-08,FB-Catalog-DPA-Evergreen,Mobile,Meta Ads,Sales,Bottom,2024,2024-Q3,2024-07,5864.47,593425,259387,9134,338,27866.23,0
2024-07-08,FB-Catalog-DPA-Evergreen,Tablet,Meta Ads,Sales,Bottom,2024,2024-Q3,2024-07,1336.86,137192,56444,1866,67,5495.16,0
2024-07-08,FB-Catalog-DPA-Evergreen,Connected TV,Meta Ads,Sales,Bottom,2024,2024-Q3,2024-07,965.91,71900,29815,957,35,2912.98,0
2024-07-08,LI-ABM-Enterprise-Tier1,Desktop,LinkedIn Ads,Leads,Middle,2024,2024-Q3,2024-07,7467.98,152296,65636,825,20,16954.02,0
2024-07-08,LI-ABM-Enterprise-Tier1,Mobile,LinkedIn Ads,Leads,Middle,2024,2024-Q3,2024-07,8099.91,166690,66042,967,20,16799.77,0
2024-07-08,LI-ABM-Enterprise-Tier1,Tablet,LinkedIn Ads,Leads,Middle,2024,2024-Q3,2024-07,1593.45,33288,12300,183,5,3972.75,0
2024-07-08,LI-ABM-Enterprise-Tier1,Connected TV,LinkedIn Ads,Leads,Middle,2024,2024-Q3,2024-07,1300.41,20345,8005,110,0,0,0
2024-07-08,LI-Content-Whitepaper,Desktop,LinkedIn Ads,Leads,Middle,2024,2024-Q3,2024-07,3125.03,69383,28389,500,9,3810.17,0
2024-07-08,LI-Content-Whitepaper,Mobile,LinkedIn Ads,Leads,Middle,2024,2024-Q3,2024-07,3560,76563,32501,560,9,3887.56,0
2024-07-08,LI-Content-Whitepaper,Tablet,LinkedIn Ads,Leads,Middle,2024,2024-Q3,2024-07,718.2,15024,6636,105,0,0,0
2024-07-08,LI-Content-Whitepaper,Connected TV,LinkedIn Ads,Leads,Middle,2024,2024-Q3,2024-07,544.09,8957,3617,64,0,0,0
2024-07-08,TT-Spark-Creator-UGC,Desktop,TikTok Ads,Awareness,Top,2024,2024-Q3,2024-07,3680.52,592814,254335,6577,67,4869.9,188179
2024-07-08,TT-Spark-Creator-UGC,Mobile,TikTok Ads,Awareness,Top,2024,2024-Q3,2024-07,4250.2,696806,279334,8318,72,5149.04,215514
2024-07-08,TT-Spark-Creator-UGC,Tablet,TikTok Ads,Awareness,Top,2024,2024-Q3,2024-07,908.77,150491,62682,1615,15,1061.57,45719
2024-07-08,TT-Spark-Creator-UGC,Connected TV,TikTok Ads,Awareness,Top,2024,2024-Q3,2024-07,690.64,83135,35230,921,9,659.83,26411
2024-07-08,DV360-Display-Retarget,Desktop,Programmatic,Conversions,Middle,2024,2024-Q3,2024-07,4568.69,875643,340403,4099,85,12577.07,0
2024-07-08,DV360-Display-Retarget,Mobile,Programmatic,Conversions,Middle,2024,2024-Q3,2024-07,4894.24,947220,379564,5037,84,12300.76,0
2024-07-08,DV360-Display-Retarget,Tablet,Programmatic,Conversions,Middle,2024,2024-Q3,2024-07,974.2,192324,72586,969,16,2394.33,0
2024-07-08,DV360-Display-Retarget,Connected TV,Programmatic,Conversions,Middle,2024,2024-Q3,2024-07,795.5,117566,46485,583,9,1328.62,0
2024-07-08,DV360-CTV-Reach,Desktop,Programmatic,Awareness,Top,2024,2024-Q3,2024-07,5082.12,249506,104417,754,4,3283.33,80404
2024-07-08,DV360-CTV-Reach,Mobile,Programmatic,Awareness,Top,2024,2024-Q3,2024-07,5864.12,281408,120236,922,4,3211.41,88324
2024-07-08,DV360-CTV-Reach,Tablet,Programmatic,Awareness,Top,2024,2024-Q3,2024-07,1168.58,54637,24898,157,0,0,17737
2024-07-08,DV360-CTV-Reach,Connected TV,Programmatic,Awareness,Top,2024,2024-Q3,2024-07,895.78,32612,13735,98,0,0,10505
2024-07-15,BR-Search-Brand-Core,Desktop,Google Ads,Conversions,Bottom,2024,2024-Q3,2024-07,1880.36,16968,6956,1463,132,19105.11,0
2024-07-15,BR-Search-Brand-Core,Mobile,Google Ads,Conversions,Bottom,2024,2024-Q3,2024-07,2141.98,19636,7337,2051,152,21686.52,0
2024-07-15,BR-Search-Brand-Core,Tablet,Google Ads,Conversions,Bottom,2024,2024-Q3,2024-07,426.86,3957,1397,371,28,3967.28,0
2024-07-15,BR-Search-Brand-Core,Connected TV,Google Ads,Conversions,Bottom,2024,2024-Q3,2024-07,343.8,2383,1010,222,17,2390.64,0
2024-07-15,NB-Search-Generic-Solutions,Desktop,Google Ads,Conversions,Middle,2024,2024-Q3,2024-07,9116.32,87416,33742,3106,102,24308.35,0
2024-07-15,NB-Search-Generic-Solutions,Mobile,Google Ads,Conversions,Middle,2024,2024-Q3,2024-07,9771.61,91800,36123,3557,96,23435.2,0
2024-07-15,NB-Search-Generic-Solutions,Tablet,Google Ads,Conversions,Middle,2024,2024-Q3,2024-07,1969.96,18020,7469,573,16,4002.67,0
2024-07-15,NB-Search-Generic-Solutions,Connected TV,Google Ads,Conversions,Middle,2024,2024-Q3,2024-07,1490.84,10223,3942,338,9,2230.25,0
2024-07-15,PMax-Retail-Feed,Desktop,Google Ads,Sales,Bottom,2024,2024-Q3,2024-07,6972.46,401168,162555,8599,383,30583.14,0
2024-07-15,PMax-Retail-Feed,Mobile,Google Ads,Sales,Bottom,2024,2024-Q3,2024-07,8066.89,467064,199988,10808,415,33048.2,0
2024-07-15,PMax-Retail-Feed,Tablet,Google Ads,Sales,Bottom,2024,2024-Q3,2024-07,1710.54,96888,42068,1997,79,6414.54,0
2024-07-15,PMax-Retail-Feed,Connected TV,Google Ads,Sales,Bottom,2024,2024-Q3,2024-07,1311.67,53519,24500,1074,43,3587.71,0
2024-07-15,YT-Awareness-InStream,Desktop,Google Ads,Awareness,Top,2024,2024-Q3,2024-07,4976.87,501741,211563,3105,23,4252.13,159848
2024-07-15,YT-Awareness-InStream,Mobile,Google Ads,Awareness,Top,2024,2024-Q3,2024-07,5399.36,548851,214247,3886,24,4396.55,181188
2024-07-15,YT-Awareness-InStream,Tablet,Google Ads,Awareness,Top,2024,2024-Q3,2024-07,1075.75,111512,40048,740,5,918.2,36165
2024-07-15,YT-Awareness-InStream,Connected TV,Google Ads,Awareness,Top,2024,2024-Q3,2024-07,866.73,67233,29605,439,0,0,21388
2024-07-15,FB-Prospecting-LAL-3pct,Desktop,Meta Ads,Traffic,Top,2024,2024-Q3,2024-07,6174.73,741935,290003,7494,112,10263.16,0
2024-07-15,FB-Prospecting-LAL-3pct,Mobile,Meta Ads,Traffic,Top,2024,2024-Q3,2024-07,6696.78,782689,322985,8593,105,10195.94,0
2024-07-15,FB-Prospecting-LAL-3pct,Tablet,Meta Ads,Traffic,Top,2024,2024-Q3,2024-07,1333.08,151933,65201,1476,19,1897.31,0
2024-07-15,FB-Prospecting-LAL-3pct,Connected TV,Meta Ads,Traffic,Top,2024,2024-Q3,2024-07,1008.17,82979,32349,835,10,969.28,0
2024-07-15,IG-Retargeting-Cart-7d,Desktop,Meta Ads,Conversions,Bottom,2024,2024-Q3,2024-07,3866.61,287441,117155,5412,274,24027.84,0
2024-07-15,IG-Retargeting-Cart-7d,Mobile,Meta Ads,Conversions,Bottom,2024,2024-Q3,2024-07,4469.5,322731,140018,6493,283,24385.43,0
2024-07-15,IG-Retargeting-Cart-7d,Tablet,Meta Ads,Conversions,Bottom,2024,2024-Q3,2024-07,960.29,70178,31631,1271,57,4867.58,0
2024-07-15,IG-Retargeting-Cart-7d,Connected TV,Meta Ads,Conversions,Bottom,2024,2024-Q3,2024-07,727.13,38261,17898,668,30,2633.59,0
2024-07-15,FB-Catalog-DPA-Evergreen,Desktop,Meta Ads,Sales,Bottom,2024,2024-Q3,2024-07,5621.66,574151,252182,7983,359,29275.9,0
2024-07-15,FB-Catalog-DPA-Evergreen,Mobile,Meta Ads,Sales,Bottom,2024,2024-Q3,2024-07,6024.54,603764,246360,9470,348,29067.96,0
2024-07-15,FB-Catalog-DPA-Evergreen,Tablet,Meta Ads,Sales,Bottom,2024,2024-Q3,2024-07,1199.47,121596,46035,1813,66,5428.19,0
2024-07-15,FB-Catalog-DPA-Evergreen,Connected TV,Meta Ads,Sales,Bottom,2024,2024-Q3,2024-07,978.95,74376,33208,1091,40,3277.67,0
2024-07-15,LI-ABM-Enterprise-Tier1,Desktop,LinkedIn Ads,Leads,Middle,2024,2024-Q3,2024-07,7116.8,147402,60925,824,20,16699.34,0
2024-07-15,LI-ABM-Enterprise-Tier1,Mobile,LinkedIn Ads,Leads,Middle,2024,2024-Q3,2024-07,7717.01,156320,66034,953,21,17884.9,0
2024-07-15,LI-ABM-Enterprise-Tier1,Tablet,LinkedIn Ads,Leads,Middle,2024,2024-Q3,2024-07,1535.69,30375,11964,162,3,2473.14,0
2024-07-15,LI-ABM-Enterprise-Tier1,Connected TV,LinkedIn Ads,Leads,Middle,2024,2024-Q3,2024-07,1160.94,17198,7135,96,0,0,0
2024-07-15,LI-Content-Whitepaper,Desktop,LinkedIn Ads,Leads,Middle,2024,2024-Q3,2024-07,2976.71,64742,24068,455,9,3898.2,0
2024-07-15,LI-Content-Whitepaper,Mobile,LinkedIn Ads,Leads,Middle,2024,2024-Q3,2024-07,3184.03,70100,27457,533,8,3404.36,0
2024-07-15,LI-Content-Whitepaper,Tablet,LinkedIn Ads,Leads,Middle,2024,2024-Q3,2024-07,675.96,15118,6165,104,0,0,0
2024-07-15,LI-Content-Whitepaper,Connected TV,LinkedIn Ads,Leads,Middle,2024,2024-Q3,2024-07,518.11,8366,3593,54,0,0,0
2024-07-15,TT-Spark-Creator-UGC,Desktop,TikTok Ads,Awareness,Top,2024,2024-Q3,2024-07,3781.43,627316,248347,6764,72,5097.41,190987
2024-07-15,TT-Spark-Creator-UGC,Mobile,TikTok Ads,Awareness,Top,2024,2024-Q3,2024-07,4100.21,662181,276553,8159,70,5075.69,210812
2024-07-15,TT-Spark-Creator-UGC,Tablet,TikTok Ads,Awareness,Top,2024,2024-Q3,2024-07,805.86,131608,50679,1530,12,852.67,41025
2024-07-15,TT-Spark-Creator-UGC,Connected TV,TikTok Ads,Awareness,Top,2024,2024-Q3,2024-07,658.39,80882,33256,928,8,571.14,24655
2024-07-15,DV360-Display-Retarget,Desktop,Programmatic,Conversions,Middle,2024,2024-Q3,2024-07,4637.44,900681,344599,4323,90,13204.34,0
2024-07-15,DV360-Display-Retarget,Mobile,Programmatic,Conversions,Middle,2024,2024-Q3,2024-07,5023.03,956539,371837,4978,89,13250.35,0
2024-07-15,DV360-Display-Retarget,Tablet,Programmatic,Conversions,Middle,2024,2024-Q3,2024-07,938.58,174565,69775,802,15,2284.1,0
2024-07-15,DV360-Display-Retarget,Connected TV,Programmatic,Conversions,Middle,2024,2024-Q3,2024-07,757.57,105777,44742,540,10,1504.68,0
2024-07-15,DV360-CTV-Reach,Desktop,Programmatic,Awareness,Top,2024,2024-Q3,2024-07,4899.14,234849,88625,690,4,3134.77,72738
2024-07-15,DV360-CTV-Reach,Mobile,Programmatic,Awareness,Top,2024,2024-Q3,2024-07,5589.31,272483,98663,914,3,2382.93,83310
2024-07-15,DV360-CTV-Reach,Tablet,Programmatic,Awareness,Top,2024,2024-Q3,2024-07,1198.64,59055,22335,177,0,0,17503
2024-07-15,DV360-CTV-Reach,Connected TV,Programmatic,Awareness,Top,2024,2024-Q3,2024-07,908.75,32496,12527,96,0,0,10093
2024-07-22,BR-Search-Brand-Core,Desktop,Google Ads,Conversions,Bottom,2024,2024-Q3,2024-07,1883.55,17308,7768,1527,134,18422.64,0
2024-07-22,BR-Search-Brand-Core,Mobile,Google Ads,Conversions,Bottom,2024,2024-Q3,2024-07,2039.05,19164,7794,1839,139,19501.74,0
2024-07-22,BR-Search-Brand-Core,Tablet,Google Ads,Conversions,Bottom,2024,2024-Q3,2024-07,411.08,3761,1592,343,26,3726.57,0
2024-07-22,BR-Search-Brand-Core,Connected TV,Google Ads,Conversions,Bottom,2024,2024-Q3,2024-07,307.13,2117,821,201,12,1666.27,0
2024-07-22,NB-Search-Generic-Solutions,Desktop,Google Ads,Conversions,Middle,2024,2024-Q3,2024-07,8128.07,73507,30151,2546,81,20378.59,0
2024-07-22,NB-Search-Generic-Solutions,Mobile,Google Ads,Conversions,Middle,2024,2024-Q3,2024-07,10004.57,91469,35938,3375,92,22948.13,0
2024-07-22,NB-Search-Generic-Solutions,Tablet,Google Ads,Conversions,Middle,2024,2024-Q3,2024-07,2018.85,18702,7458,622,17,4187.22,0
2024-07-22,NB-Search-Generic-Solutions,Connected TV,Google Ads,Conversions,Middle,2024,2024-Q3,2024-07,1529.84,10281,4187,331,11,2773.76,0
2024-07-22,PMax-Retail-Feed,Desktop,Google Ads,Sales,Bottom,2024,2024-Q3,2024-07,7715.04,432989,187322,9037,442,36478.02,0
2024-07-22,PMax-Retail-Feed,Mobile,Google Ads,Sales,Bottom,2024,2024-Q3,2024-07,8269.78,469581,182876,10488,416,34111.93,0
2024-07-22,PMax-Retail-Feed,Tablet,Google Ads,Sales,Bottom,2024,2024-Q3,2024-07,1647.14,94678,34901,1989,78,6252.73,0
2024-07-22,PMax-Retail-Feed,Connected TV,Google Ads,Sales,Bottom,2024,2024-Q3,2024-07,1343.44,57828,22309,1197,48,3819.98,0
2024-07-22,YT-Awareness-InStream,Desktop,Google Ads,Awareness,Top,2024,2024-Q3,2024-07,4737.1,484833,197683,2877,19,3365.47,151255
2024-07-22,YT-Awareness-InStream,Mobile,Google Ads,Awareness,Top,2024,2024-Q3,2024-07,5459.8,564732,233346,3658,22,3998.58,170147
2024-07-22,YT-Awareness-InStream,Tablet,Google Ads,Awareness,Top,2024,2024-Q3,2024-07,1088.68,110700,47791,674,5,900.87,34756
2024-07-22,YT-Awareness-InStream,Connected TV,Google Ads,Awareness,Top,2024,2024-Q3,2024-07,773.5,59231,23640,378,0,0,17920
2024-07-22,FB-Prospecting-LAL-3pct,Desktop,Meta Ads,Traffic,Top,2024,2024-Q3,2024-07,5943.02,669638,284115,6532,97,9350.36,0
2024-07-22,FB-Prospecting-LAL-3pct,Mobile,Meta Ads,Traffic,Top,2024,2024-Q3,2024-07,6859.04,779385,310145,8226,104,9961.57,0
2024-07-22,FB-Prospecting-LAL-3pct,Tablet,Meta Ads,Traffic,Top,2024,2024-Q3,2024-07,1451.96,168001,68464,1669,23,2170.99,0
2024-07-22,FB-Prospecting-LAL-3pct,Connected TV,Meta Ads,Traffic,Top,2024,2024-Q3,2024-07,1114.36,92980,39660,910,12,1159.61,0
2024-07-22,IG-Retargeting-Cart-7d,Desktop,Meta Ads,Conversions,Bottom,2024,2024-Q3,2024-07,4289.86,311430,136441,6032,336,30093.07,0
2024-07-22,IG-Retargeting-Cart-7d,Mobile,Meta Ads,Conversions,Bottom,2024,2024-Q3,2024-07,4642.84,340242,138277,7076,321,28632.12,0
2024-07-22,IG-Retargeting-Cart-7d,Tablet,Meta Ads,Conversions,Bottom,2024,2024-Q3,2024-07,914.8,67730,25118,1336,59,5202.38,0
2024-07-22,IG-Retargeting-Cart-7d,Connected TV,Meta Ads,Conversions,Bottom,2024,2024-Q3,2024-07,745.43,39976,15609,769,36,3004.71,0
2024-07-22,FB-Catalog-DPA-Evergreen,Desktop,Meta Ads,Sales,Bottom,2024,2024-Q3,2024-07,5283.05,548596,225091,7863,339,27567.27,0
2024-07-22,FB-Catalog-DPA-Evergreen,Mobile,Meta Ads,Sales,Bottom,2024,2024-Q3,2024-07,6095.62,642257,273459,9946,372,29516.29,0
2024-07-22,FB-Catalog-DPA-Evergreen,Tablet,Meta Ads,Sales,Bottom,2024,2024-Q3,2024-07,1229.51,126240,55807,1733,64,5196.98,0
2024-07-22,FB-Catalog-DPA-Evergreen,Connected TV,Meta Ads,Sales,Bottom,2024,2024-Q3,2024-07,861.08,67031,27430,954,32,2541.71,0
2024-07-22,LI-ABM-Enterprise-Tier1,Desktop,LinkedIn Ads,Leads,Middle,2024,2024-Q3,2024-07,6847.63,138849,60816,755,20,16894.92,0
2024-07-22,LI-ABM-Enterprise-Tier1,Mobile,LinkedIn Ads,Leads,Middle,2024,2024-Q3,2024-07,7812.61,160844,65591,990,22,18405.68,0
2024-07-22,LI-ABM-Enterprise-Tier1,Tablet,LinkedIn Ads,Leads,Middle,2024,2024-Q3,2024-07,1674.65,34813,14668,193,6,4900.62,0
2024-07-22,LI-ABM-Enterprise-Tier1,Connected TV,LinkedIn Ads,Leads,Middle,2024,2024-Q3,2024-07,1269.92,19190,8251,105,0,0,0
2024-07-22,LI-Content-Whitepaper,Desktop,LinkedIn Ads,Leads,Middle,2024,2024-Q3,2024-07,3051.82,64704,29617,474,10,4372.99,0
2024-07-22,LI-Content-Whitepaper,Mobile,LinkedIn Ads,Leads,Middle,2024,2024-Q3,2024-07,3309.31,71337,29613,560,10,4449.05,0
2024-07-22,LI-Content-Whitepaper,Tablet,LinkedIn Ads,Leads,Middle,2024,2024-Q3,2024-07,650.35,14196,5595,104,0,0,0
2024-07-22,LI-Content-Whitepaper,Connected TV,LinkedIn Ads,Leads,Middle,2024,2024-Q3,2024-07,531.38,8686,3554,63,0,0,0
2024-07-22,TT-Spark-Creator-UGC,Desktop,TikTok Ads,Awareness,Top,2024,2024-Q3,2024-07,3594.83,582529,253326,6509,65,4709.37,184337
2024-07-22,TT-Spark-Creator-UGC,Mobile,TikTok Ads,Awareness,Top,2024,2024-Q3,2024-07,4149.67,706308,311476,8605,76,5478.83,221144
2024-07-22,TT-Spark-Creator-UGC,Tablet,TikTok Ads,Awareness,Top,2024,2024-Q3,2024-07,826.78,132675,61269,1411,11,805.04,42666
2024-07-22,TT-Spark-Creator-UGC,Connected TV,TikTok Ads,Awareness,Top,2024,2024-Q3,2024-07,585.46,70451,29399,788,7,515.45,22150
2024-07-22,DV360-Display-Retarget,Desktop,Programmatic,Conversions,Middle,2024,2024-Q3,2024-07,4141.56,798216,351296,3705,76,11165.6,0
2024-07-22,DV360-Display-Retarget,Mobile,Programmatic,Conversions,Middle,2024,2024-Q3,2024-07,4778.24,928073,387746,4933,82,11950.09,0
2024-07-22,DV360-Display-Retarget,Tablet,Programmatic,Conversions,Middle,2024,2024-Q3,2024-07,1014.75,199294,86625,942,15,2170.44,0
2024-07-22,DV360-Display-Retarget,Connected TV,Programmatic,Conversions,Middle,2024,2024-Q3,2024-07,776.9,110938,44149,517,9,1346.86,0
2024-07-22,DV360-CTV-Reach,Desktop,Programmatic,Awareness,Top,2024,2024-Q3,2024-07,4963.74,232880,110531,704,4,3205.26,75200
2024-07-22,DV360-CTV-Reach,Mobile,Programmatic,Awareness,Top,2024,2024-Q3,2024-07,5380.38,247349,108894,800,3,2444.1,82575
2024-07-22,DV360-CTV-Reach,Tablet,Programmatic,Awareness,Top,2024,2024-Q3,2024-07,1070.15,49741,19961,153,0,0,15238
2024-07-22,DV360-CTV-Reach,Connected TV,Programmatic,Awareness,Top,2024,2024-Q3,2024-07,929.98,32371,12451,98,0,0,9776
2024-07-29,BR-Search-Brand-Core,Desktop,Google Ads,Conversions,Bottom,2024,2024-Q3,2024-07,1675.22,15209,6108,1401,120,17200.51,0
2024-07-29,BR-Search-Brand-Core,Mobile,Google Ads,Conversions,Bottom,2024,2024-Q3,2024-07,1935.13,17714,7609,1763,125,17757.32,0
2024-07-29,BR-Search-Brand-Core,Tablet,Google Ads,Conversions,Bottom,2024,2024-Q3,2024-07,411.33,3843,1691,340,25,3490.49,0
2024-07-29,BR-Search-Brand-Core,Connected TV,Google Ads,Conversions,Bottom,2024,2024-Q3,2024-07,314.74,2118,878,182,12,1711.87,0
2024-07-29,NB-Search-Generic-Solutions,Desktop,Google Ads,Conversions,Middle,2024,2024-Q3,2024-07,8230.99,76526,32802,2573,81,19924.39,0
2024-07-29,NB-Search-Generic-Solutions,Mobile,Google Ads,Conversions,Middle,2024,2024-Q3,2024-07,8916.42,80573,36775,3107,81,20382.29,0
2024-07-29,NB-Search-Generic-Solutions,Tablet,Google Ads,Conversions,Middle,2024,2024-Q3,2024-07,1893.78,17302,7379,589,16,3996.1,0
2024-07-29,NB-Search-Generic-Solutions,Connected TV,Google Ads,Conversions,Middle,2024,2024-Q3,2024-07,1545.55,10582,4759,351,10,2460.99,0
2024-07-29,PMax-Retail-Feed,Desktop,Google Ads,Sales,Bottom,2024,2024-Q3,2024-07,7243.81,416220,168767,8971,427,34508.02,0
2024-07-29,PMax-Retail-Feed,Mobile,Google Ads,Sales,Bottom,2024,2024-Q3,2024-07,7854.92,438305,187748,10186,395,32462.01,0
2024-07-29,PMax-Retail-Feed,Tablet,Google Ads,Sales,Bottom,2024,2024-Q3,2024-07,1583.18,89204,39611,1838,70,5934.24,0
2024-07-29,PMax-Retail-Feed,Connected TV,Google Ads,Sales,Bottom,2024,2024-Q3,2024-07,1181.62,48331,19696,1032,41,3432.33,0
2024-07-29,YT-Awareness-InStream,Desktop,Google Ads,Awareness,Top,2024,2024-Q3,2024-07,4555.81,457451,167063,2831,20,3735.98,145108
2024-07-29,YT-Awareness-InStream,Mobile,Google Ads,Awareness,Top,2024,2024-Q3,2024-07,4811.98,491035,189021,3263,17,3118.58,153194
2024-07-29,YT-Awareness-InStream,Tablet,Google Ads,Awareness,Top,2024,2024-Q3,2024-07,1034.31,106777,43213,638,4,710.87,32248
2024-07-29,YT-Awareness-InStream,Connected TV,Google Ads,Awareness,Top,2024,2024-Q3,2024-07,792.97,59630,25149,345,0,0,18847
2024-07-29,FB-Prospecting-LAL-3pct,Desktop,Meta Ads,Traffic,Top,2024,2024-Q3,2024-07,5638.37,650653,251667,6243,96,9055.18,0
2024-07-29,FB-Prospecting-LAL-3pct,Mobile,Meta Ads,Traffic,Top,2024,2024-Q3,2024-07,6106.74,691428,320881,7556,95,9172.89,0
2024-07-29,FB-Prospecting-LAL-3pct,Tablet,Meta Ads,Traffic,Top,2024,2024-Q3,2024-07,1297.57,148201,56580,1422,18,1728.91,0
2024-07-29,FB-Prospecting-LAL-3pct,Connected TV,Meta Ads,Traffic,Top,2024,2024-Q3,2024-07,1059.48,90204,36322,854,12,1136,0
2024-07-29,IG-Retargeting-Cart-7d,Desktop,Meta Ads,Conversions,Bottom,2024,2024-Q3,2024-07,4074.04,301949,128264,5658,301,25474.05,0
2024-07-29,IG-Retargeting-Cart-7d,Mobile,Meta Ads,Conversions,Bottom,2024,2024-Q3,2024-07,4407.98,317248,137600,6476,298,25898.7,0
2024-07-29,IG-Retargeting-Cart-7d,Tablet,Meta Ads,Conversions,Bottom,2024,2024-Q3,2024-07,936.73,65669,29740,1167,53,4718.97,0
2024-07-29,IG-Retargeting-Cart-7d,Connected TV,Meta Ads,Conversions,Bottom,2024,2024-Q3,2024-07,716.54,37583,15816,699,32,2822.38,0
2024-07-29,FB-Catalog-DPA-Evergreen,Desktop,Meta Ads,Sales,Bottom,2024,2024-Q3,2024-07,5472.14,556902,209855,8161,367,30068.26,0
2024-07-29,FB-Catalog-DPA-Evergreen,Mobile,Meta Ads,Sales,Bottom,2024,2024-Q3,2024-07,5863.56,603485,214723,9614,352,28528.07,0
2024-07-29,FB-Catalog-DPA-Evergreen,Tablet,Meta Ads,Sales,Bottom,2024,2024-Q3,2024-07,1242.23,129057,47968,1829,69,5546.01,0
2024-07-29,FB-Catalog-DPA-Evergreen,Connected TV,Meta Ads,Sales,Bottom,2024,2024-Q3,2024-07,953.13,71966,31728,998,38,3113.6,0
2024-07-29,LI-ABM-Enterprise-Tier1,Desktop,LinkedIn Ads,Leads,Middle,2024,2024-Q3,2024-07,6929.73,143601,57017,815,20,16645.76,0
2024-07-29,LI-ABM-Enterprise-Tier1,Mobile,LinkedIn Ads,Leads,Middle,2024,2024-Q3,2024-07,7512.18,151563,63405,915,18,15258.1,0
2024-07-29,LI-ABM-Enterprise-Tier1,Tablet,LinkedIn Ads,Leads,Middle,2024,2024-Q3,2024-07,1494.79,30754,11944,164,4,3186.16,0
2024-07-29,LI-ABM-Enterprise-Tier1,Connected TV,LinkedIn Ads,Leads,Middle,2024,2024-Q3,2024-07,1206.33,18502,7618,103,0,0,0
2024-07-29,LI-Content-Whitepaper,Desktop,LinkedIn Ads,Leads,Middle,2024,2024-Q3,2024-07,2896.95,65111,28160,488,9,3749.93,0
2024-07-29,LI-Content-Whitepaper,Mobile,LinkedIn Ads,Leads,Middle,2024,2024-Q3,2024-07,3304.11,72643,32247,555,9,3782.84,0
2024-07-29,LI-Content-Whitepaper,Tablet,LinkedIn Ads,Leads,Middle,2024,2024-Q3,2024-07,666.27,14245,6590,98,0,0,0
2024-07-29,LI-Content-Whitepaper,Connected TV,LinkedIn Ads,Leads,Middle,2024,2024-Q3,2024-07,504.25,8137,3474,58,0,0,0
2024-07-29,TT-Spark-Creator-UGC,Desktop,TikTok Ads,Awareness,Top,2024,2024-Q3,2024-07,3725.43,611976,241034,7085,74,5283.97,200882
2024-07-29,TT-Spark-Creator-UGC,Mobile,TikTok Ads,Awareness,Top,2024,2024-Q3,2024-07,3941.57,661443,239321,8690,76,5501.39,212828
2024-07-29,TT-Spark-Creator-UGC,Tablet,TikTok Ads,Awareness,Top,2024,2024-Q3,2024-07,845.77,143150,55635,1685,14,1015.35,45270
2024-07-29,TT-Spark-Creator-UGC,Connected TV,TikTok Ads,Awareness,Top,2024,2024-Q3,2024-07,648.84,79152,35897,916,9,665.96,26211
2024-07-29,DV360-Display-Retarget,Desktop,Programmatic,Conversions,Middle,2024,2024-Q3,2024-07,4246.38,832030,346660,4049,81,12222.03,0
2024-07-29,DV360-Display-Retarget,Mobile,Programmatic,Conversions,Middle,2024,2024-Q3,2024-07,4545.1,868384,376401,4524,75,11610.28,0
2024-07-29,DV360-Display-Retarget,Tablet,Programmatic,Conversions,Middle,2024,2024-Q3,2024-07,903.76,168324,66204,827,12,1812.77,0
2024-07-29,DV360-Display-Retarget,Connected TV,Programmatic,Conversions,Middle,2024,2024-Q3,2024-07,737.66,102606,43074,494,8,1211.55,0
2024-07-29,DV360-CTV-Reach,Desktop,Programmatic,Awareness,Top,2024,2024-Q3,2024-07,4707.53,226602,99314,707,4,3089.94,70010
2024-07-29,DV360-CTV-Reach,Mobile,Programmatic,Awareness,Top,2024,2024-Q3,2024-07,5440.67,265071,120728,848,4,3132.41,80329
2024-07-29,DV360-CTV-Reach,Tablet,Programmatic,Awareness,Top,2024,2024-Q3,2024-07,1083.29,51754,24505,145,0,0,16431
2024-07-29,DV360-CTV-Reach,Connected TV,Programmatic,Awareness,Top,2024,2024-Q3,2024-07,829.92,28553,12722,82,0,0,8864
2024-08-05,BR-Search-Brand-Core,Desktop,Google Ads,Conversions,Bottom,2024,2024-Q3,2024-08,1850.93,17035,7514,1523,134,19012.47,0
2024-08-05,BR-Search-Brand-Core,Mobile,Google Ads,Conversions,Bottom,2024,2024-Q3,2024-08,1983.61,18402,7343,1878,136,19161.47,0
2024-08-05,BR-Search-Brand-Core,Tablet,Google Ads,Conversions,Bottom,2024,2024-Q3,2024-08,394.96,3739,1381,361,24,3296.49,0
2024-08-05,BR-Search-Brand-Core,Connected TV,Google Ads,Conversions,Bottom,2024,2024-Q3,2024-08,321.66,2279,879,205,14,1917.09,0
2024-08-05,NB-Search-Generic-Solutions,Desktop,Google Ads,Conversions,Middle,2024,2024-Q3,2024-08,8422,79099,32193,2738,87,21114.9,0
2024-08-05,NB-Search-Generic-Solutions,Mobile,Google Ads,Conversions,Middle,2024,2024-Q3,2024-08,9133.45,86980,35927,3290,87,20771.56,0
2024-08-05,NB-Search-Generic-Solutions,Tablet,Google Ads,Conversions,Middle,2024,2024-Q3,2024-08,1817.48,16998,7291,563,13,3282.83,0
2024-08-05,NB-Search-Generic-Solutions,Connected TV,Google Ads,Conversions,Middle,2024,2024-Q3,2024-08,1373.95,9627,3861,333,8,2017.93,0
2024-08-05,PMax-Retail-Feed,Desktop,Google Ads,Sales,Bottom,2024,2024-Q3,2024-08,6951.03,390765,168280,8115,375,30692.7,0
2024-08-05,PMax-Retail-Feed,Mobile,Google Ads,Sales,Bottom,2024,2024-Q3,2024-08,8026.83,454727,183765,10794,431,35063.92,0
2024-08-05,PMax-Retail-Feed,Tablet,Google Ads,Sales,Bottom,2024,2024-Q3,2024-08,1699.94,98009,40502,2090,86,6934.7,0
2024-08-05,PMax-Retail-Feed,Connected TV,Google Ads,Sales,Bottom,2024,2024-Q3,2024-08,1304.47,54249,23432,1131,42,3428.36,0
2024-08-05,YT-Awareness-InStream,Desktop,Google Ads,Awareness,Top,2024,2024-Q3,2024-08,4600.09,453971,203518,2741,20,3661.19,140499
2024-08-05,YT-Awareness-InStream,Mobile,Google Ads,Awareness,Top,2024,2024-Q3,2024-08,4988.14,518867,217679,3569,21,3925.71,165832
2024-08-05,YT-Awareness-InStream,Tablet,Google Ads,Awareness,Top,2024,2024-Q3,2024-08,992.81,104519,40240,683,4,697.84,32790
2024-08-05,YT-Awareness-InStream,Connected TV,Google Ads,Awareness,Top,2024,2024-Q3,2024-08,800.91,60954,24794,388,0,0,18809
2024-08-05,FB-Prospecting-LAL-3pct,Desktop,Meta Ads,Traffic,Top,2024,2024-Q3,2024-08,5771.63,674358,284935,6672,98,9539.73,0
2024-08-05,FB-Prospecting-LAL-3pct,Mobile,Meta Ads,Traffic,Top,2024,2024-Q3,2024-08,6178.87,706782,309604,7550,95,9061.78,0
2024-08-05,FB-Prospecting-LAL-3pct,Tablet,Meta Ads,Traffic,Top,2024,2024-Q3,2024-08,1244.98,138669,63099,1310,16,1549.56,0
2024-08-05,FB-Prospecting-LAL-3pct,Connected TV,Meta Ads,Traffic,Top,2024,2024-Q3,2024-08,1005.34,84250,34668,821,11,1056.79,0
2024-08-05,IG-Retargeting-Cart-7d,Desktop,Meta Ads,Conversions,Bottom,2024,2024-Q3,2024-08,3908.37,282905,123377,5142,284,24514.47,0
2024-08-05,IG-Retargeting-Cart-7d,Mobile,Meta Ads,Conversions,Bottom,2024,2024-Q3,2024-08,4461.15,328087,135117,6741,305,26027.67,0
2024-08-05,IG-Retargeting-Cart-7d,Tablet,Meta Ads,Conversions,Bottom,2024,2024-Q3,2024-08,956.64,71128,27250,1311,61,5174.52,0
2024-08-05,IG-Retargeting-Cart-7d,Connected TV,Meta Ads,Conversions,Bottom,2024,2024-Q3,2024-08,725.35,38938,15185,709,31,2668.92,0
2024-08-05,FB-Catalog-DPA-Evergreen,Desktop,Meta Ads,Sales,Bottom,2024,2024-Q3,2024-08,5194.27,519256,214346,6958,319,25822.39,0
2024-08-05,FB-Catalog-DPA-Evergreen,Mobile,Meta Ads,Sales,Bottom,2024,2024-Q3,2024-08,5929.59,599954,256457,9227,349,28885.64,0
2024-08-05,FB-Catalog-DPA-Evergreen,Tablet,Meta Ads,Sales,Bottom,2024,2024-Q3,2024-08,1193.38,122557,48222,1770,66,5367.1,0
2024-08-05,FB-Catalog-DPA-Evergreen,Connected TV,Meta Ads,Sales,Bottom,2024,2024-Q3,2024-08,904.27,69729,26029,994,37,2958.04,0
2024-08-05,LI-ABM-Enterprise-Tier1,Desktop,LinkedIn Ads,Leads,Middle,2024,2024-Q3,2024-08,7077.09,142711,56595,771,18,15319.36,0
2024-08-05,LI-ABM-Enterprise-Tier1,Mobile,LinkedIn Ads,Leads,Middle,2024,2024-Q3,2024-08,7679.93,156923,63162,926,18,15219.68,0
2024-08-05,LI-ABM-Enterprise-Tier1,Tablet,LinkedIn Ads,Leads,Middle,2024,2024-Q3,2024-08,1530.33,30624,12594,159,4,3356.76,0
2024-08-05,LI-ABM-Enterprise-Tier1,Connected TV,LinkedIn Ads,Leads,Middle,2024,2024-Q3,2024-08,1158.34,17347,6456,95,0,0,0
2024-08-05,LI-Content-Whitepaper,Desktop,LinkedIn Ads,Leads,Middle,2024,2024-Q3,2024-08,2962.68,65296,25656,442,9,3904.82,0
2024-08-05,LI-Content-Whitepaper,Mobile,LinkedIn Ads,Leads,Middle,2024,2024-Q3,2024-08,3172.78,70791,26315,550,8,3396.45,0
2024-08-05,LI-Content-Whitepaper,Tablet,LinkedIn Ads,Leads,Middle,2024,2024-Q3,2024-08,680.73,15460,6007,109,0,0,0
2024-08-05,LI-Content-Whitepaper,Connected TV,LinkedIn Ads,Leads,Middle,2024,2024-Q3,2024-08,516,8489,3379,62,0,0,0
2024-08-05,TT-Spark-Creator-UGC,Desktop,TikTok Ads,Awareness,Top,2024,2024-Q3,2024-08,3757.34,608100,254518,6421,69,4894.53,183370
2024-08-05,TT-Spark-Creator-UGC,Mobile,TikTok Ads,Awareness,Top,2024,2024-Q3,2024-08,4028.52,661995,288633,7970,69,4941.6,203793
2024-08-05,TT-Spark-Creator-UGC,Tablet,TikTok Ads,Awareness,Top,2024,2024-Q3,2024-08,812.34,134713,54461,1535,14,989.19,40850
2024-08-05,TT-Spark-Creator-UGC,Connected TV,TikTok Ads,Awareness,Top,2024,2024-Q3,2024-08,607.66,75934,28757,894,7,494.32,22677
2024-08-05,DV360-Display-Retarget,Desktop,Programmatic,Conversions,Middle,2024,2024-Q3,2024-08,4338.35,826344,331932,3865,79,11727.66,0
2024-08-05,DV360-Display-Retarget,Mobile,Programmatic,Conversions,Middle,2024,2024-Q3,2024-08,4939.74,958164,394219,5104,89,13025.74,0
2024-08-05,DV360-Display-Retarget,Tablet,Programmatic,Conversions,Middle,2024,2024-Q3,2024-08,997,188249,81106,898,15,2264.93,0
2024-08-05,DV360-Display-Retarget,Connected TV,Programmatic,Conversions,Middle,2024,2024-Q3,2024-08,755.73,106540,41630,526,9,1352.15,0
2024-08-05,DV360-CTV-Reach,Desktop,Programmatic,Awareness,Top,2024,2024-Q3,2024-08,4878.75,238345,97776,722,4,3417.6,77411
2024-08-05,DV360-CTV-Reach,Mobile,Programmatic,Awareness,Top,2024,2024-Q3,2024-08,5168.18,255101,95400,883,4,3345.68,81626
2024-08-05,DV360-CTV-Reach,Tablet,Programmatic,Awareness,Top,2024,2024-Q3,2024-08,1107.83,53465,21298,165,0,0,16654
2024-08-05,DV360-CTV-Reach,Connected TV,Programmatic,Awareness,Top,2024,2024-Q3,2024-08,849.64,30796,12445,94,0,0,9965
2024-08-12,BR-Search-Brand-Core,Desktop,Google Ads,Conversions,Bottom,2024,2024-Q3,2024-08,1754.58,16484,6853,1527,130,18128.36,0
2024-08-12,BR-Search-Brand-Core,Mobile,Google Ads,Conversions,Bottom,2024,2024-Q3,2024-08,1999.33,18277,7770,1820,134,19122.04,0
2024-08-12,BR-Search-Brand-Core,Tablet,Google Ads,Conversions,Bottom,2024,2024-Q3,2024-08,403.31,3584,1609,315,23,3384.05,0
2024-08-12,BR-Search-Brand-Core,Connected TV,Google Ads,Conversions,Bottom,2024,2024-Q3,2024-08,305.42,2048,845,187,14,2013.59,0
2024-08-12,NB-Search-Generic-Solutions,Desktop,Google Ads,Conversions,Middle,2024,2024-Q3,2024-08,8698.84,79704,30377,2845,88,21775.7,0
2024-08-12,NB-Search-Generic-Solutions,Mobile,Google Ads,Conversions,Middle,2024,2024-Q3,2024-08,9230.61,86178,35098,3320,90,22079.6,0
2024-08-12,NB-Search-Generic-Solutions,Tablet,Google Ads,Conversions,Middle,2024,2024-Q3,2024-08,1974.43,18620,7883,602,17,4115,0
2024-08-12,NB-Search-Generic-Solutions,Connected TV,Google Ads,Conversions,Middle,2024,2024-Q3,2024-08,1500.45,10203,4393,321,8,2011.67,0
2024-08-12,PMax-Retail-Feed,Desktop,Google Ads,Sales,Bottom,2024,2024-Q3,2024-08,7104.96,405149,159810,8232,393,31799.16,0
2024-08-12,PMax-Retail-Feed,Mobile,Google Ads,Sales,Bottom,2024,2024-Q3,2024-08,7609.24,422563,172639,9164,356,28662.11,0
2024-08-12,PMax-Retail-Feed,Tablet,Google Ads,Sales,Bottom,2024,2024-Q3,2024-08,1514.02,88941,34044,1950,73,5993.71,0
2024-08-12,PMax-Retail-Feed,Connected TV,Google Ads,Sales,Bottom,2024,2024-Q3,2024-08,1236.86,54398,21832,1172,46,3751.56,0
2024-08-12,YT-Awareness-InStream,Desktop,Google Ads,Awareness,Top,2024,2024-Q3,2024-08,4356.72,455521,193700,2821,20,3729.57,145402
2024-08-12,YT-Awareness-InStream,Mobile,Google Ads,Awareness,Top,2024,2024-Q3,2024-08,5029.18,510476,221645,3437,21,3851.93,158579
2024-08-12,YT-Awareness-InStream,Tablet,Google Ads,Awareness,Top,2024,2024-Q3,2024-08,1001.98,99737,45188,588,4,729.68,32364
2024-08-12,YT-Awareness-InStream,Connected TV,Google Ads,Awareness,Top,2024,2024-Q3,2024-08,767.94,57219,24646,352,0,0,18130
2024-08-12,FB-Prospecting-LAL-3pct,Desktop,Meta Ads,Traffic,Top,2024,2024-Q3,2024-08,5893.69,677368,262165,6847,99,9706.46,0
2024-08-12,FB-Prospecting-LAL-3pct,Mobile,Meta Ads,Traffic,Top,2024,2024-Q3,2024-08,6313.07,734114,313086,8518,106,10278.76,0
2024-08-12,FB-Prospecting-LAL-3pct,Tablet,Meta Ads,Traffic,Top,2024,2024-Q3,2024-08,1353.87,153782,67452,1496,18,1740.14,0
2024-08-12,FB-Prospecting-LAL-3pct,Connected TV,Meta Ads,Traffic,Top,2024,2024-Q3,2024-08,1026.46,83872,37728,800,9,890.45,0
2024-08-12,IG-Retargeting-Cart-7d,Desktop,Meta Ads,Conversions,Bottom,2024,2024-Q3,2024-08,3996.56,294088,119995,5569,302,26729.81,0
2024-08-12,IG-Retargeting-Cart-7d,Mobile,Meta Ads,Conversions,Bottom,2024,2024-Q3,2024-08,4279.18,296253,128129,5984,267,23344.67,0
2024-08-12,IG-Retargeting-Cart-7d,Tablet,Meta Ads,Conversions,Bottom,2024,2024-Q3,2024-08,851.16,61672,24033,1186,52,4481.44,0
2024-08-12,IG-Retargeting-Cart-7d,Connected TV,Meta Ads,Conversions,Bottom,2024,2024-Q3,2024-08,687.2,37672,15376,706,31,2735.52,0
2024-08-12,FB-Catalog-DPA-Evergreen,Desktop,Meta Ads,Sales,Bottom,2024,2024-Q3,2024-08,4917.24,499734,216785,6968,296,24163.08,0
2024-08-12,FB-Catalog-DPA-Evergreen,Mobile,Meta Ads,Sales,Bottom,2024,2024-Q3,2024-08,5622.14,583111,259126,8764,318,25620.32,0
2024-08-12,FB-Catalog-DPA-Evergreen,Tablet,Meta Ads,Sales,Bottom,2024,2024-Q3,2024-08,1131.2,114113,47806,1515,55,4548.32,0
2024-08-12,FB-Catalog-DPA-Evergreen,Connected TV,Meta Ads,Sales,Bottom,2024,2024-Q3,2024-08,857.66,64776,28059,891,31,2533.3,0
2024-08-12,LI-ABM-Enterprise-Tier1,Desktop,LinkedIn Ads,Leads,Middle,2024,2024-Q3,2024-08,6794.55,135225,55090,756,17,14635.13,0
2024-08-12,LI-ABM-Enterprise-Tier1,Mobile,LinkedIn Ads,Leads,Middle,2024,2024-Q3,2024-08,7185.52,144801,62392,931,18,15313.1,0
2024-08-12,LI-ABM-Enterprise-Tier1,Tablet,LinkedIn Ads,Leads,Middle,2024,2024-Q3,2024-08,1542.66,31457,14294,168,4,3272.33,0
2024-08-12,LI-ABM-Enterprise-Tier1,Connected TV,LinkedIn Ads,Leads,Middle,2024,2024-Q3,2024-08,1183.26,17365,8054,92,0,0,0
2024-08-12,LI-Content-Whitepaper,Desktop,LinkedIn Ads,Leads,Middle,2024,2024-Q3,2024-08,2807.13,60797,26308,431,9,3849.22,0
2024-08-12,LI-Content-Whitepaper,Mobile,LinkedIn Ads,Leads,Middle,2024,2024-Q3,2024-08,3042.41,64284,29048,489,8,3543.96,0
2024-08-12,LI-Content-Whitepaper,Tablet,LinkedIn Ads,Leads,Middle,2024,2024-Q3,2024-08,597,12795,5325,91,0,0,0
2024-08-12,LI-Content-Whitepaper,Connected TV,LinkedIn Ads,Leads,Middle,2024,2024-Q3,2024-08,488.66,7814,3391,56,0,0,0
2024-08-12,TT-Spark-Creator-UGC,Desktop,TikTok Ads,Awareness,Top,2024,2024-Q3,2024-08,3302.02,544551,214639,5917,62,4426.87,168875
2024-08-12,TT-Spark-Creator-UGC,Mobile,TikTok Ads,Awareness,Top,2024,2024-Q3,2024-08,3817.94,637006,260221,7515,68,4809.67,191195
2024-08-12,TT-Spark-Creator-UGC,Tablet,TikTok Ads,Awareness,Top,2024,2024-Q3,2024-08,819.42,133967,57338,1396,12,866.3,42359
2024-08-12,TT-Spark-Creator-UGC,Connected TV,TikTok Ads,Awareness,Top,2024,2024-Q3,2024-08,628.44,76794,30245,827,7,505.87,23583
2024-08-12,DV360-Display-Retarget,Desktop,Programmatic,Conversions,Middle,2024,2024-Q3,2024-08,4113.06,778943,320147,3745,74,11066.65,0
2024-08-12,DV360-Display-Retarget,Mobile,Programmatic,Conversions,Middle,2024,2024-Q3,2024-08,4402.13,842874,324624,4651,76,11237.4,0
2024-08-12,DV360-Display-Retarget,Tablet,Programmatic,Conversions,Middle,2024,2024-Q3,2024-08,945.54,182192,74057,841,14,2086.71,0
2024-08-12,DV360-Display-Retarget,Connected TV,Programmatic,Conversions,Middle,2024,2024-Q3,2024-08,761.48,105791,43962,476,8,1205.67,0
2024-08-12,DV360-CTV-Reach,Desktop,Programmatic,Awareness,Top,2024,2024-Q3,2024-08,4869.68,232945,102289,690,4,3235.79,72921
2024-08-12,DV360-CTV-Reach,Mobile,Programmatic,Awareness,Top,2024,2024-Q3,2024-08,5281.45,246797,112964,832,4,3254.31,80041
2024-08-12,DV360-CTV-Reach,Tablet,Programmatic,Awareness,Top,2024,2024-Q3,2024-08,1062.31,50139,21311,149,0,0,15949
2024-08-12,DV360-CTV-Reach,Connected TV,Programmatic,Awareness,Top,2024,2024-Q3,2024-08,858.36,30506,12154,89,0,0,9573
2024-08-19,BR-Search-Brand-Core,Desktop,Google Ads,Conversions,Bottom,2024,2024-Q3,2024-08,1789.46,16497,7079,1462,128,18248.96,0
2024-08-19,BR-Search-Brand-Core,Mobile,Google Ads,Conversions,Bottom,2024,2024-Q3,2024-08,1917.61,17876,6415,1815,123,17267.44,0
2024-08-19,BR-Search-Brand-Core,Tablet,Google Ads,Conversions,Bottom,2024,2024-Q3,2024-08,381.88,3616,1493,329,23,3182.35,0
2024-08-19,BR-Search-Brand-Core,Connected TV,Google Ads,Conversions,Bottom,2024,2024-Q3,2024-08,289.03,1983,865,166,11,1550.05,0
2024-08-19,NB-Search-Generic-Solutions,Desktop,Google Ads,Conversions,Middle,2024,2024-Q3,2024-08,8669.94,81059,32674,2632,85,20752.04,0
2024-08-19,NB-Search-Generic-Solutions,Mobile,Google Ads,Conversions,Middle,2024,2024-Q3,2024-08,8850.14,81392,34539,3022,80,19736.53,0
2024-08-19,NB-Search-Generic-Solutions,Tablet,Google Ads,Conversions,Middle,2024,2024-Q3,2024-08,1757.18,16355,6376,578,15,3653.11,0
2024-08-19,NB-Search-Generic-Solutions,Connected TV,Google Ads,Conversions,Middle,2024,2024-Q3,2024-08,1421.1,9944,4107,342,10,2414.63,0
2024-08-19,PMax-Retail-Feed,Desktop,Google Ads,Sales,Bottom,2024,2024-Q3,2024-08,7239.69,401793,156179,8369,407,33827.46,0
2024-08-19,PMax-Retail-Feed,Mobile,Google Ads,Sales,Bottom,2024,2024-Q3,2024-08,7765.42,439961,173628,9937,413,33618.66,0
2024-08-19,PMax-Retail-Feed,Tablet,Google Ads,Sales,Bottom,2024,2024-Q3,2024-08,1566.33,86271,35155,1721,71,5943.19,0
2024-08-19,PMax-Retail-Feed,Connected TV,Google Ads,Sales,Bottom,2024,2024-Q3,2024-08,1261.28,51857,19247,1079,44,3661.27,0
2024-08-19,YT-Awareness-InStream,Desktop,Google Ads,Awareness,Top,2024,2024-Q3,2024-08,4501.56,458027,178696,2739,20,3679.37,141493
2024-08-19,YT-Awareness-InStream,Mobile,Google Ads,Awareness,Top,2024,2024-Q3,2024-08,4763.24,494461,179536,3400,19,3444.9,149673
2024-08-19,YT-Awareness-InStream,Tablet,Google Ads,Awareness,Top,2024,2024-Q3,2024-08,1021.93,107217,41133,697,6,1059.47,31448
2024-08-19,YT-Awareness-InStream,Connected TV,Google Ads,Awareness,Top,2024,2024-Q3,2024-08,784.07,59552,23247,361,0,0,18263
2024-08-19,FB-Prospecting-LAL-3pct,Desktop,Meta Ads,Traffic,Top,2024,2024-Q3,2024-08,5933.38,693364,285087,6874,101,9433.22,0
2024-08-19,FB-Prospecting-LAL-3pct,Mobile,Meta Ads,Traffic,Top,2024,2024-Q3,2024-08,6051.04,692843,295991,7385,90,8590.27,0
2024-08-19,FB-Prospecting-LAL-3pct,Tablet,Meta Ads,Traffic,Top,2024,2024-Q3,2024-08,1188.1,138017,54611,1384,18,1681.99,0
2024-08-19,FB-Prospecting-LAL-3pct,Connected TV,Meta Ads,Traffic,Top,2024,2024-Q3,2024-08,971.74,84145,35781,829,10,933.57,0
2024-08-19,IG-Retargeting-Cart-7d,Desktop,Meta Ads,Conversions,Bottom,2024,2024-Q3,2024-08,4025.56,290763,114659,5574,309,26714.49,0
2024-08-19,IG-Retargeting-Cart-7d,Mobile,Meta Ads,Conversions,Bottom,2024,2024-Q3,2024-08,4636.69,337806,139874,7044,335,28787.14,0
2024-08-19,IG-Retargeting-Cart-7d,Tablet,Meta Ads,Conversions,Bottom,2024,2024-Q3,2024-08,936.01,66959,28175,1245,59,5151.8,0
2024-08-19,IG-Retargeting-Cart-7d,Connected TV,Meta Ads,Conversions,Bottom,2024,2024-Q3,2024-08,709.72,37912,14712,735,34,2932.73,0
2024-08-19,FB-Catalog-DPA-Evergreen,Desktop,Meta Ads,Sales,Bottom,2024,2024-Q3,2024-08,5032.9,500948,203104,7148,316,26406.77,0
2024-08-19,FB-Catalog-DPA-Evergreen,Mobile,Meta Ads,Sales,Bottom,2024,2024-Q3,2024-08,5387.94,566507,211146,9303,333,26328.61,0
2024-08-19,FB-Catalog-DPA-Evergreen,Tablet,Meta Ads,Sales,Bottom,2024,2024-Q3,2024-08,1142.79,121446,47093,1786,65,5107.8,0
2024-08-19,FB-Catalog-DPA-Evergreen,Connected TV,Meta Ads,Sales,Bottom,2024,2024-Q3,2024-08,876.48,67646,26759,974,34,2829.87,0
2024-08-19,LI-ABM-Enterprise-Tier1,Desktop,LinkedIn Ads,Leads,Middle,2024,2024-Q3,2024-08,6775.24,141776,59478,784,19,15608.67,0
2024-08-19,LI-ABM-Enterprise-Tier1,Mobile,LinkedIn Ads,Leads,Middle,2024,2024-Q3,2024-08,6883.08,141995,61503,832,17,14891.09,0
2024-08-19,LI-ABM-Enterprise-Tier1,Tablet,LinkedIn Ads,Leads,Middle,2024,2024-Q3,2024-08,1368.14,28547,11554,160,3,2395.95,0
2024-08-19,LI-ABM-Enterprise-Tier1,Connected TV,LinkedIn Ads,Leads,Middle,2024,2024-Q3,2024-08,1105.63,17225,7370,93,0,0,0
2024-08-19,LI-Content-Whitepaper,Desktop,LinkedIn Ads,Leads,Middle,2024,2024-Q3,2024-08,2864.05,62979,25693,458,10,4246.81,0
2024-08-19,LI-Content-Whitepaper,Mobile,LinkedIn Ads,Leads,Middle,2024,2024-Q3,2024-08,3262.6,73017,30464,571,9,3801.9,0
2024-08-19,LI-Content-Whitepaper,Tablet,LinkedIn Ads,Leads,Middle,2024,2024-Q3,2024-08,658.37,14347,6260,100,0,0,0
2024-08-19,LI-Content-Whitepaper,Connected TV,LinkedIn Ads,Leads,Middle,2024,2024-Q3,2024-08,504.98,8005,3234,58,0,0,0
2024-08-19,TT-Spark-Creator-UGC,Desktop,TikTok Ads,Awareness,Top,2024,2024-Q3,2024-08,3418.03,550322,234697,6159,64,4836.5,176726
2024-08-19,TT-Spark-Creator-UGC,Mobile,TikTok Ads,Awareness,Top,2024,2024-Q3,2024-08,3657.78,604722,235707,7812,65,4638.12,187268
2024-08-19,TT-Spark-Creator-UGC,Tablet,TikTok Ads,Awareness,Top,2024,2024-Q3,2024-08,776.2,128886,52923,1472,13,923.78,38997
2024-08-19,TT-Spark-Creator-UGC,Connected TV,TikTok Ads,Awareness,Top,2024,2024-Q3,2024-08,595.19,71079,29773,805,6,440.68,22588
2024-08-19,DV360-Display-Retarget,Desktop,Programmatic,Conversions,Middle,2024,2024-Q3,2024-08,4144.32,792551,352797,3730,75,11122.92,0
2024-08-19,DV360-Display-Retarget,Mobile,Programmatic,Conversions,Middle,2024,2024-Q3,2024-08,4215.74,787101,361963,3987,67,10140.54,0
2024-08-19,DV360-Display-Retarget,Tablet,Programmatic,Conversions,Middle,2024,2024-Q3,2024-08,895.48,169822,70540,807,14,2106,0
2024-08-19,DV360-Display-Retarget,Connected TV,Programmatic,Conversions,Middle,2024,2024-Q3,2024-08,677.26,96304,37483,451,7,1051.55,0
2024-08-19,DV360-CTV-Reach,Desktop,Programmatic,Awareness,Top,2024,2024-Q3,2024-08,4668.68,228901,95182,687,3,2396.34,68819
2024-08-19,DV360-CTV-Reach,Mobile,Programmatic,Awareness,Top,2024,2024-Q3,2024-08,5385.36,266953,103183,869,6,4744.42,78838
2024-08-19,DV360-CTV-Reach,Tablet,Programmatic,Awareness,Top,2024,2024-Q3,2024-08,1073.73,51876,20413,151,0,0,15958
2024-08-19,DV360-CTV-Reach,Connected TV,Programmatic,Awareness,Top,2024,2024-Q3,2024-08,823.23,28823,11961,87,0,0,9211
2024-08-26,BR-Search-Brand-Core,Desktop,Google Ads,Conversions,Bottom,2024,2024-Q3,2024-08,1694.94,15272,6235,1424,124,17924.12,0
2024-08-26,BR-Search-Brand-Core,Mobile,Google Ads,Conversions,Bottom,2024,2024-Q3,2024-08,1837.74,16695,7028,1669,119,17088.57,0
2024-08-26,BR-Search-Brand-Core,Tablet,Google Ads,Conversions,Bottom,2024,2024-Q3,2024-08,360.97,3349,1283,315,23,3353.34,0
2024-08-26,BR-Search-Brand-Core,Connected TV,Google Ads,Conversions,Bottom,2024,2024-Q3,2024-08,295.09,2049,852,190,14,2040.46,0
2024-08-26,NB-Search-Generic-Solutions,Desktop,Google Ads,Conversions,Middle,2024,2024-Q3,2024-08,7718.88,71229,30175,2398,75,18553.89,0
2024-08-26,NB-Search-Generic-Solutions,Mobile,Google Ads,Conversions,Middle,2024,2024-Q3,2024-08,8913.99,83222,37615,3047,84,20533.5,0
2024-08-26,NB-Search-Generic-Solutions,Tablet,Google Ads,Conversions,Middle,2024,2024-Q3,2024-08,1775.62,16227,7629,519,14,3499.65,0
2024-08-26,NB-Search-Generic-Solutions,Connected TV,Google Ads,Conversions,Middle,2024,2024-Q3,2024-08,1360.55,9298,3990,312,9,2239.35,0
2024-08-26,PMax-Retail-Feed,Desktop,Google Ads,Sales,Bottom,2024,2024-Q3,2024-08,6365.01,351343,158420,7038,318,26715.96,0
2024-08-26,PMax-Retail-Feed,Mobile,Google Ads,Sales,Bottom,2024,2024-Q3,2024-08,7347.24,409563,174889,9413,366,29297.47,0
2024-08-26,PMax-Retail-Feed,Tablet,Google Ads,Sales,Bottom,2024,2024-Q3,2024-08,1560.94,91225,40326,1889,76,6010.79,0
2024-08-26,PMax-Retail-Feed,Connected TV,Google Ads,Sales,Bottom,2024,2024-Q3,2024-08,1194.93,50770,22958,1026,43,3480.71,0
2024-08-26,YT-Awareness-InStream,Desktop,Google Ads,Awareness,Top,2024,2024-Q3,2024-08,4261.93,426173,180386,2673,18,3316.28,136094
2024-08-26,YT-Awareness-InStream,Mobile,Google Ads,Awareness,Top,2024,2024-Q3,2024-08,4562.07,446476,199939,2963,17,3260.35,147678
2024-08-26,YT-Awareness-InStream,Tablet,Google Ads,Awareness,Top,2024,2024-Q3,2024-08,907.05,89757,36584,570,3,529.03,29134
2024-08-26,YT-Awareness-InStream,Connected TV,Google Ads,Awareness,Top,2024,2024-Q3,2024-08,789.09,58475,24920,360,0,0,18841
2024-08-26,FB-Prospecting-LAL-3pct,Desktop,Meta Ads,Traffic,Top,2024,2024-Q3,2024-08,5276.22,603023,233053,5793,87,8314.93,0
2024-08-26,FB-Prospecting-LAL-3pct,Mobile,Meta Ads,Traffic,Top,2024,2024-Q3,2024-08,6478.71,750994,344898,8245,109,10365.04,0
2024-08-26,FB-Prospecting-LAL-3pct,Tablet,Meta Ads,Traffic,Top,2024,2024-Q3,2024-08,1307.74,148189,63690,1448,19,1834.35,0
2024-08-26,FB-Prospecting-LAL-3pct,Connected TV,Meta Ads,Traffic,Top,2024,2024-Q3,2024-08,1003.12,85290,32952,812,11,1058.67,0
2024-08-26,IG-Retargeting-Cart-7d,Desktop,Meta Ads,Conversions,Bottom,2024,2024-Q3,2024-08,3859.3,274543,111866,4813,259,22910.85,0
2024-08-26,IG-Retargeting-Cart-7d,Mobile,Meta Ads,Conversions,Bottom,2024,2024-Q3,2024-08,4131.93,297144,112297,5986,263,22261.29,0
2024-08-26,IG-Retargeting-Cart-7d,Tablet,Meta Ads,Conversions,Bottom,2024,2024-Q3,2024-08,876.3,66306,26731,1188,54,4482.96,0
2024-08-26,IG-Retargeting-Cart-7d,Connected TV,Meta Ads,Conversions,Bottom,2024,2024-Q3,2024-08,713.99,38810,15932,688,32,2739.76,0
2024-08-26,FB-Catalog-DPA-Evergreen,Desktop,Meta Ads,Sales,Bottom,2024,2024-Q3,2024-08,5067.12,514279,224138,7180,321,26304.6,0
2024-08-26,FB-Catalog-DPA-Evergreen,Mobile,Meta Ads,Sales,Bottom,2024,2024-Q3,2024-08,5496.59,542450,246278,8075,297,25047.54,0
2024-08-26,FB-Catalog-DPA-Evergreen,Tablet,Meta Ads,Sales,Bottom,2024,2024-Q3,2024-08,1094.54,109951,45755,1548,55,4540.5,0
2024-08-26,FB-Catalog-DPA-Evergreen,Connected TV,Meta Ads,Sales,Bottom,2024,2024-Q3,2024-08,893.1,67016,26505,927,34,2785.89,0
2024-08-26,LI-ABM-Enterprise-Tier1,Desktop,LinkedIn Ads,Leads,Middle,2024,2024-Q3,2024-08,6494.41,133741,47128,755,18,15071.33,0
2024-08-26,LI-ABM-Enterprise-Tier1,Mobile,LinkedIn Ads,Leads,Middle,2024,2024-Q3,2024-08,7472.43,155448,66465,950,20,16594.64,0
2024-08-26,LI-ABM-Enterprise-Tier1,Tablet,LinkedIn Ads,Leads,Middle,2024,2024-Q3,2024-08,1493.24,30233,13153,154,3,2468.93,0
2024-08-26,LI-ABM-Enterprise-Tier1,Connected TV,LinkedIn Ads,Leads,Middle,2024,2024-Q3,2024-08,1142.74,17440,6821,99,0,0,0
2024-08-26,LI-Content-Whitepaper,Desktop,LinkedIn Ads,Leads,Middle,2024,2024-Q3,2024-08,2711.22,58437,24098,388,7,3069.68,0
2024-08-26,LI-Content-Whitepaper,Mobile,LinkedIn Ads,Leads,Middle,2024,2024-Q3,2024-08,2900.56,63764,24683,517,8,3418.3,0
2024-08-26,LI-Content-Whitepaper,Tablet,LinkedIn Ads,Leads,Middle,2024,2024-Q3,2024-08,623.34,14368,5821,105,0,0,0
2024-08-26,LI-Content-Whitepaper,Connected TV,LinkedIn Ads,Leads,Middle,2024,2024-Q3,2024-08,502.25,8363,3536,60,0,0,0
2024-08-26,TT-Spark-Creator-UGC,Desktop,TikTok Ads,Awareness,Top,2024,2024-Q3,2024-08,3442.33,564665,247651,6213,65,4645.57,174361
2024-08-26,TT-Spark-Creator-UGC,Mobile,TikTok Ads,Awareness,Top,2024,2024-Q3,2024-08,3687.68,593178,277999,6929,59,4322.51,191375
2024-08-26,TT-Spark-Creator-UGC,Tablet,TikTok Ads,Awareness,Top,2024,2024-Q3,2024-08,743.2,120808,52556,1340,11,788.45,38054
2024-08-26,TT-Spark-Creator-UGC,Connected TV,TikTok Ads,Awareness,Top,2024,2024-Q3,2024-08,599.49,73289,29699,847,7,508.49,22765
2024-08-26,DV360-Display-Retarget,Desktop,Programmatic,Conversions,Middle,2024,2024-Q3,2024-08,3971.4,774212,287890,3983,81,12188.29,0
2024-08-26,DV360-Display-Retarget,Mobile,Programmatic,Conversions,Middle,2024,2024-Q3,2024-08,4527.37,861713,380007,4792,82,12196.86,0
2024-08-26,DV360-Display-Retarget,Tablet,Programmatic,Conversions,Middle,2024,2024-Q3,2024-08,913.38,168877,76767,785,14,2142.46,0
2024-08-26,DV360-Display-Retarget,Connected TV,Programmatic,Conversions,Middle,2024,2024-Q3,2024-08,700.36,96688,39821,469,9,1370.84,0
2024-08-26,DV360-CTV-Reach,Desktop,Programmatic,Awareness,Top,2024,2024-Q3,2024-08,4472.2,206375,90151,608,3,2405.19,68513
2024-08-26,DV360-CTV-Reach,Mobile,Programmatic,Awareness,Top,2024,2024-Q3,2024-08,4782.96,223063,87968,757,3,2330.95,72726
2024-08-26,DV360-CTV-Reach,Tablet,Programmatic,Awareness,Top,2024,2024-Q3,2024-08,1015.79,50118,20648,150,0,0,16038
2024-08-26,DV360-CTV-Reach,Connected TV,Programmatic,Awareness,Top,2024,2024-Q3,2024-08,828.9,30582,13393,91,0,0,9614
2024-09-02,BR-Search-Brand-Core,Desktop,Google Ads,Conversions,Bottom,2024,2024-Q3,2024-09,1726.56,16415,6505,1555,138,19086.51,0
2024-09-02,BR-Search-Brand-Core,Mobile,Google Ads,Conversions,Bottom,2024,2024-Q3,2024-09,1965.15,18299,7375,1891,134,18741.16,0
2024-09-02,BR-Search-Brand-Core,Tablet,Google Ads,Conversions,Bottom,2024,2024-Q3,2024-09,368.62,3349,1576,310,21,3006.32,0
2024-09-02,BR-Search-Brand-Core,Connected TV,Google Ads,Conversions,Bottom,2024,2024-Q3,2024-09,282.46,1919,832,172,11,1554.08,0
2024-09-02,NB-Search-Generic-Solutions,Desktop,Google Ads,Conversions,Middle,2024,2024-Q3,2024-09,7974.49,74598,29822,2604,86,20919.61,0
2024-09-02,NB-Search-Generic-Solutions,Mobile,Google Ads,Conversions,Middle,2024,2024-Q3,2024-09,8539.86,80818,29584,3202,85,20396.36,0
2024-09-02,NB-Search-Generic-Solutions,Tablet,Google Ads,Conversions,Middle,2024,2024-Q3,2024-09,1810.49,17453,6887,619,17,4158.59,0
2024-09-02,NB-Search-Generic-Solutions,Connected TV,Google Ads,Conversions,Middle,2024,2024-Q3,2024-09,1388.85,9647,3875,340,10,2518.95,0
2024-09-02,PMax-Retail-Feed,Desktop,Google Ads,Sales,Bottom,2024,2024-Q3,2024-09,6505.8,379316,154682,8018,372,30677.04,0
2024-09-02,PMax-Retail-Feed,Mobile,Google Ads,Sales,Bottom,2024,2024-Q3,2024-09,7035.79,399403,175773,9038,346,29299.26,0
2024-09-02,PMax-Retail-Feed,Tablet,Google Ads,Sales,Bottom,2024,2024-Q3,2024-09,1383.78,76669,30604,1635,61,5031.12,0
2024-09-02,PMax-Retail-Feed,Connected TV,Google Ads,Sales,Bottom,2024,2024-Q3,2024-09,1130.02,46763,19950,978,37,3044.91,0
2024-09-02,YT-Awareness-InStream,Desktop,Google Ads,Awareness,Top,2024,2024-Q3,2024-09,4291.88,438429,175234,2777,20,3668.67,136324
2024-09-02,YT-Awareness-InStream,Mobile,Google Ads,Awareness,Top,2024,2024-Q3,2024-09,4945.76,510946,214145,3521,20,3613.72,154636
2024-09-02,YT-Awareness-InStream,Tablet,Google Ads,Awareness,Top,2024,2024-Q3,2024-09,915.11,92263,44420,574,4,711.95,29025
2024-09-02,YT-Awareness-InStream,Connected TV,Google Ads,Awareness,Top,2024,2024-Q3,2024-09,700.95,51342,23270,307,0,0,16679
2024-09-02,FB-Prospecting-LAL-3pct,Desktop,Meta Ads,Traffic,Top,2024,2024-Q3,2024-09,5388.02,609863,255253,6036,90,8707.92,0
2024-09-02,FB-Prospecting-LAL-3pct,Mobile,Meta Ads,Traffic,Top,2024,2024-Q3,2024-09,5765.76,660238,255868,7441,90,8565.82,0
2024-09-02,FB-Prospecting-LAL-3pct,Tablet,Meta Ads,Traffic,Top,2024,2024-Q3,2024-09,1238.49,142520,57330,1439,17,1604.71,0
2024-09-02,FB-Prospecting-LAL-3pct,Connected TV,Meta Ads,Traffic,Top,2024,2024-Q3,2024-09,938.2,78298,32173,773,10,972.95,0
2024-09-02,IG-Retargeting-Cart-7d,Desktop,Meta Ads,Conversions,Bottom,2024,2024-Q3,2024-09,3650.28,262904,113795,4872,271,23549.45,0
2024-09-02,IG-Retargeting-Cart-7d,Mobile,Meta Ads,Conversions,Bottom,2024,2024-Q3,2024-09,4216.82,297405,133609,5814,266,23685.96,0
2024-09-02,IG-Retargeting-Cart-7d,Tablet,Meta Ads,Conversions,Bottom,2024,2024-Q3,2024-09,839.87,59827,21732,1115,50,4396.74,0
2024-09-02,IG-Retargeting-Cart-7d,Connected TV,Meta Ads,Conversions,Bottom,2024,2024-Q3,2024-09,635.4,34109,13017,627,26,2238.76,0
2024-09-02,FB-Catalog-DPA-Evergreen,Desktop,Meta Ads,Sales,Bottom,2024,2024-Q3,2024-09,4856.31,502653,181873,7159,312,25235.06,0
2024-09-02,FB-Catalog-DPA-Evergreen,Mobile,Meta Ads,Sales,Bottom,2024,2024-Q3,2024-09,5598.6,588533,223112,9022,319,25466.92,0
2024-09-02,FB-Catalog-DPA-Evergreen,Tablet,Meta Ads,Sales,Bottom,2024,2024-Q3,2024-09,1034.88,106465,46951,1475,54,4367.42,0
2024-09-02,FB-Catalog-DPA-Evergreen,Connected TV,Meta Ads,Sales,Bottom,2024,2024-Q3,2024-09,792.53,58705,26964,787,28,2328.95,0
2024-09-02,LI-ABM-Enterprise-Tier1,Desktop,LinkedIn Ads,Leads,Middle,2024,2024-Q3,2024-09,6617.12,133593,57213,726,18,15321.69,0
2024-09-02,LI-ABM-Enterprise-Tier1,Mobile,LinkedIn Ads,Leads,Middle,2024,2024-Q3,2024-09,6571.38,134818,53164,843,17,14187.48,0
2024-09-02,LI-ABM-Enterprise-Tier1,Tablet,LinkedIn Ads,Leads,Middle,2024,2024-Q3,2024-09,1413.05,29444,12281,163,3,2384.97,0
2024-09-02,LI-ABM-Enterprise-Tier1,Connected TV,LinkedIn Ads,Leads,Middle,2024,2024-Q3,2024-09,1081.15,16205,6981,90,0,0,0
2024-09-02,LI-Content-Whitepaper,Desktop,LinkedIn Ads,Leads,Middle,2024,2024-Q3,2024-09,2765.71,60821,24226,420,9,3828.64,0
2024-09-02,LI-Content-Whitepaper,Mobile,LinkedIn Ads,Leads,Middle,2024,2024-Q3,2024-09,2999.82,64126,26377,474,8,3528.68,0
2024-09-02,LI-Content-Whitepaper,Tablet,LinkedIn Ads,Leads,Middle,2024,2024-Q3,2024-09,635.4,13688,5123,100,0,0,0
2024-09-02,LI-Content-Whitepaper,Connected TV,LinkedIn Ads,Leads,Middle,2024,2024-Q3,2024-09,481.42,7830,2770,56,0,0,0
2024-09-02,TT-Spark-Creator-UGC,Desktop,TikTok Ads,Awareness,Top,2024,2024-Q3,2024-09,3257.56,546532,200079,6494,66,4652.32,164418
2024-09-02,TT-Spark-Creator-UGC,Mobile,TikTok Ads,Awareness,Top,2024,2024-Q3,2024-09,3759.53,637494,246742,8199,71,4937.95,185810
2024-09-02,TT-Spark-Creator-UGC,Tablet,TikTok Ads,Awareness,Top,2024,2024-Q3,2024-09,758.53,126195,49709,1463,13,924.94,38489
2024-09-02,TT-Spark-Creator-UGC,Connected TV,TikTok Ads,Awareness,Top,2024,2024-Q3,2024-09,574.45,68828,28611,718,6,440.01,23443
2024-09-02,DV360-Display-Retarget,Desktop,Programmatic,Conversions,Middle,2024,2024-Q3,2024-09,4048.26,772918,333106,3644,72,10694.51,0
2024-09-02,DV360-Display-Retarget,Mobile,Programmatic,Conversions,Middle,2024,2024-Q3,2024-09,4015.27,781960,317831,4206,67,9727.4,0
2024-09-02,DV360-Display-Retarget,Tablet,Programmatic,Conversions,Middle,2024,2024-Q3,2024-09,863.92,169313,72725,859,15,2180.4,0
2024-09-02,DV360-Display-Retarget,Connected TV,Programmatic,Conversions,Middle,2024,2024-Q3,2024-09,696.61,98927,43093,471,8,1188.27,0
2024-09-02,DV360-CTV-Reach,Desktop,Programmatic,Awareness,Top,2024,2024-Q3,2024-09,4845.38,235327,98393,716,4,3118.65,71684
2024-09-02,DV360-CTV-Reach,Mobile,Programmatic,Awareness,Top,2024,2024-Q3,2024-09,5198.45,247852,104868,815,3,2377.94,78812
2024-09-02,DV360-CTV-Reach,Tablet,Programmatic,Awareness,Top,2024,2024-Q3,2024-09,1048.72,50412,19738,157,0,0,16610
2024-09-02,DV360-CTV-Reach,Connected TV,Programmatic,Awareness,Top,2024,2024-Q3,2024-09,794.36,28613,10279,92,0,0,9261
2024-09-09,BR-Search-Brand-Core,Desktop,Google Ads,Conversions,Bottom,2024,2024-Q3,2024-09,1655.72,15532,6180,1352,117,16496.19,0
2024-09-09,BR-Search-Brand-Core,Mobile,Google Ads,Conversions,Bottom,2024,2024-Q3,2024-09,1751.25,16612,6262,1643,116,16012.84,0
2024-09-09,BR-Search-Brand-Core,Tablet,Google Ads,Conversions,Bottom,2024,2024-Q3,2024-09,375.9,3605,1424,321,24,3275.22,0
2024-09-09,BR-Search-Brand-Core,Connected TV,Google Ads,Conversions,Bottom,2024,2024-Q3,2024-09,284.88,1992,796,186,14,1938.95,0
2024-09-09,NB-Search-Generic-Solutions,Desktop,Google Ads,Conversions,Middle,2024,2024-Q3,2024-09,8026.21,73343,31274,2494,83,20626.56,0
2024-09-09,NB-Search-Generic-Solutions,Mobile,Google Ads,Conversions,Middle,2024,2024-Q3,2024-09,8603.46,77128,34061,2788,77,19521.78,0
2024-09-09,NB-Search-Generic-Solutions,Tablet,Google Ads,Conversions,Middle,2024,2024-Q3,2024-09,1734.59,15689,6476,539,14,3369.08,0
2024-09-09,NB-Search-Generic-Solutions,Connected TV,Google Ads,Conversions,Middle,2024,2024-Q3,2024-09,1414.51,10033,3881,353,10,2418.18,0
2024-09-09,PMax-Retail-Feed,Desktop,Google Ads,Sales,Bottom,2024,2024-Q3,2024-09,6633.79,375929,153383,7633,362,29389.9,0
2024-09-09,PMax-Retail-Feed,Mobile,Google Ads,Sales,Bottom,2024,2024-Q3,2024-09,7555.79,432738,180805,10015,411,33098.94,0
2024-09-09,PMax-Retail-Feed,Tablet,Google Ads,Sales,Bottom,2024,2024-Q3,2024-09,1524.88,85657,37526,1775,72,5904.47,0
2024-09-09,PMax-Retail-Feed,Connected TV,Google Ads,Sales,Bottom,2024,2024-Q3,2024-09,1155.59,48466,19220,1047,43,3493.42,0
2024-09-09,YT-Awareness-InStream,Desktop,Google Ads,Awareness,Top,2024,2024-Q3,2024-09,4113.48,427927,178315,2664,18,3392.38,137676
2024-09-09,YT-Awareness-InStream,Mobile,Google Ads,Awareness,Top,2024,2024-Q3,2024-09,4402.31,463341,175570,3313,19,3545.56,146451
2024-09-09,YT-Awareness-InStream,Tablet,Google Ads,Awareness,Top,2024,2024-Q3,2024-09,934.11,95990,38392,607,3,528.73,31452
2024-09-09,YT-Awareness-InStream,Connected TV,Google Ads,Awareness,Top,2024,2024-Q3,2024-09,716.34,55290,22693,348,0,0,17722
2024-09-09,FB-Prospecting-LAL-3pct,Desktop,Meta Ads,Traffic,Top,2024,2024-Q3,2024-09,5426.28,622022,273631,6001,91,8633.05,0
2024-09-09,FB-Prospecting-LAL-3pct,Mobile,Meta Ads,Traffic,Top,2024,2024-Q3,2024-09,5884.82,656154,300485,6777,85,8273.65,0
2024-09-09,FB-Prospecting-LAL-3pct,Tablet,Meta Ads,Traffic,Top,2024,2024-Q3,2024-09,1171.55,132975,56241,1308,14,1298.38,0
2024-09-09,FB-Prospecting-LAL-3pct,Connected TV,Meta Ads,Traffic,Top,2024,2024-Q3,2024-09,956.41,84153,33656,851,10,956.59,0
2024-09-09,IG-Retargeting-Cart-7d,Desktop,Meta Ads,Conversions,Bottom,2024,2024-Q3,2024-09,3678.47,261685,110383,4932,267,23538.29,0
2024-09-09,IG-Retargeting-Cart-7d,Mobile,Meta Ads,Conversions,Bottom,2024,2024-Q3,2024-09,4243.33,303374,132132,6142,285,24934,0
2024-09-09,IG-Retargeting-Cart-7d,Tablet,Meta Ads,Conversions,Bottom,2024,2024-Q3,2024-09,856.21,62061,27357,1135,53,4569.37,0
2024-09-09,IG-Retargeting-Cart-7d,Connected TV,Meta Ads,Conversions,Bottom,2024,2024-Q3,2024-09,648.69,35456,14780,667,30,2641.75,0
2024-09-09,FB-Catalog-DPA-Evergreen,Desktop,Meta Ads,Sales,Bottom,2024,2024-Q3,2024-09,4653.33,469294,199495,6580,283,23338.74,0
2024-09-09,FB-Catalog-DPA-Evergreen,Mobile,Meta Ads,Sales,Bottom,2024,2024-Q3,2024-09,4914.25,506249,204449,8076,281,23545.21,0
2024-09-09,FB-Catalog-DPA-Evergreen,Tablet,Meta Ads,Sales,Bottom,2024,2024-Q3,2024-09,1056.8,110074,46202,1573,57,4761.18,0
2024-09-09,FB-Catalog-DPA-Evergreen,Connected TV,Meta Ads,Sales,Bottom,2024,2024-Q3,2024-09,800.06,60436,25980,848,32,2622.83,0
2024-09-09,LI-ABM-Enterprise-Tier1,Desktop,LinkedIn Ads,Leads,Middle,2024,2024-Q3,2024-09,6267.78,129077,51342,692,17,14226.93,0
2024-09-09,LI-ABM-Enterprise-Tier1,Mobile,LinkedIn Ads,Leads,Middle,2024,2024-Q3,2024-09,6713.13,135303,64314,768,15,12756.93,0
2024-09-09,LI-ABM-Enterprise-Tier1,Tablet,LinkedIn Ads,Leads,Middle,2024,2024-Q3,2024-09,1352.66,27527,11925,148,2,1651.4,0
2024-09-09,LI-ABM-Enterprise-Tier1,Connected TV,LinkedIn Ads,Leads,Middle,2024,2024-Q3,2024-09,1091.56,16577,6762,92,0,0,0
2024-09-09,LI-Content-Whitepaper,Desktop,LinkedIn Ads,Leads,Middle,2024,2024-Q3,2024-09,2616.2,56605,24415,399,7,3065.49,0
2024-09-09,LI-Content-Whitepaper,Mobile,LinkedIn Ads,Leads,Middle,2024,2024-Q3,2024-09,2989.67,65080,29310,496,7,3031.67,0
2024-09-09,LI-Content-Whitepaper,Tablet,LinkedIn Ads,Leads,Middle,2024,2024-Q3,2024-09,601.85,13401,6124,90,0,0,0
2024-09-09,LI-Content-Whitepaper,Connected TV,LinkedIn Ads,Leads,Middle,2024,2024-Q3,2024-09,461.36,7405,3145,52,0,0,0
2024-09-09,TT-Spark-Creator-UGC,Desktop,TikTok Ads,Awareness,Top,2024,2024-Q3,2024-09,3119.52,493331,223251,5353,56,4166.16,162255
2024-09-09,TT-Spark-Creator-UGC,Mobile,TikTok Ads,Awareness,Top,2024,2024-Q3,2024-09,3334.89,533267,219433,6683,58,4259.26,172079
2024-09-09,TT-Spark-Creator-UGC,Tablet,TikTok Ads,Awareness,Top,2024,2024-Q3,2024-09,763.47,123425,48644,1362,12,870.3,39539
2024-09-09,TT-Spark-Creator-UGC,Connected TV,TikTok Ads,Awareness,Top,2024,2024-Q3,2024-09,585.87,71087,28435,780,6,431.97,21965
2024-09-09,DV360-Display-Retarget,Desktop,Programmatic,Conversions,Middle,2024,2024-Q3,2024-09,4074.46,791757,323320,3853,80,11803.15,0
2024-09-09,DV360-Display-Retarget,Mobile,Programmatic,Conversions,Middle,2024,2024-Q3,2024-09,4422.54,840073,364704,4401,76,11389.53,0
2024-09-09,DV360-Display-Retarget,Tablet,Programmatic,Conversions,Middle,2024,2024-Q3,2024-09,881.44,169394,66163,786,13,1929.35,0
2024-09-09,DV360-Display-Retarget,Connected TV,Programmatic,Conversions,Middle,2024,2024-Q3,2024-09,667.49,96192,35559,461,7,1031.65,0
2024-09-09,DV360-CTV-Reach,Desktop,Programmatic,Awareness,Top,2024,2024-Q3,2024-09,4315.52,207929,79283,611,2,1580.39,64956
2024-09-09,DV360-CTV-Reach,Mobile,Programmatic,Awareness,Top,2024,2024-Q3,2024-09,4922.97,238300,97457,751,1,844.82,74206
2024-09-09,DV360-CTV-Reach,Tablet,Programmatic,Awareness,Top,2024,2024-Q3,2024-09,1055.16,51616,21393,146,0,0,15519
2024-09-09,DV360-CTV-Reach,Connected TV,Programmatic,Awareness,Top,2024,2024-Q3,2024-09,800.01,28498,12205,82,0,0,8928
2024-09-16,BR-Search-Brand-Core,Desktop,Google Ads,Conversions,Bottom,2024,2024-Q3,2024-09,1668.16,15272,5960,1376,122,17433.88,0
2024-09-16,BR-Search-Brand-Core,Mobile,Google Ads,Conversions,Bottom,2024,2024-Q3,2024-09,1810,16186,6435,1565,108,15788.85,0
2024-09-16,BR-Search-Brand-Core,Tablet,Google Ads,Conversions,Bottom,2024,2024-Q3,2024-09,329.06,2997,1254,274,21,3044.14,0
2024-09-16,BR-Search-Brand-Core,Connected TV,Google Ads,Conversions,Bottom,2024,2024-Q3,2024-09,269.48,1832,807,164,11,1565.55,0
2024-09-16,NB-Search-Generic-Solutions,Desktop,Google Ads,Conversions,Middle,2024,2024-Q3,2024-09,7041.08,66131,26072,2311,74,17959.95,0
2024-09-16,NB-Search-Generic-Solutions,Mobile,Google Ads,Conversions,Middle,2024,2024-Q3,2024-09,8145.26,77400,32122,2750,77,18559.37,0
2024-09-16,NB-Search-Generic-Solutions,Tablet,Google Ads,Conversions,Middle,2024,2024-Q3,2024-09,1641.92,15205,6560,477,13,3184.49,0
2024-09-16,NB-Search-Generic-Solutions,Connected TV,Google Ads,Conversions,Middle,2024,2024-Q3,2024-09,1341.14,9334,3731,303,8,1977.42,0
2024-09-16,PMax-Retail-Feed,Desktop,Google Ads,Sales,Bottom,2024,2024-Q3,2024-09,6361.57,355138,148997,7441,351,28874.24,0
2024-09-16,PMax-Retail-Feed,Mobile,Google Ads,Sales,Bottom,2024,2024-Q3,2024-09,6722.49,382981,147753,9181,348,28155.4,0
2024-09-16,PMax-Retail-Feed,Tablet,Google Ads,Sales,Bottom,2024,2024-Q3,2024-09,1444.63,82824,34204,1775,70,5644.47,0
2024-09-16,PMax-Retail-Feed,Connected TV,Google Ads,Sales,Bottom,2024,2024-Q3,2024-09,1163.79,48097,20312,1008,41,3384.86,0
2024-09-16,YT-Awareness-InStream,Desktop,Google Ads,Awareness,Top,2024,2024-Q3,2024-09,4196.9,426099,168446,2598,19,3495.41,132115
2024-09-16,YT-Awareness-InStream,Mobile,Google Ads,Awareness,Top,2024,2024-Q3,2024-09,4786.58,475538,193024,3273,19,3572.31,155058
2024-09-16,YT-Awareness-InStream,Tablet,Google Ads,Awareness,Top,2024,2024-Q3,2024-09,894.9,89926,38852,590,3,542.47,28328
2024-09-16,YT-Awareness-InStream,Connected TV,Google Ads,Awareness,Top,2024,2024-Q3,2024-09,723.34,54256,22002,349,0,0,16890
2024-09-16,FB-Prospecting-LAL-3pct,Desktop,Meta Ads,Traffic,Top,2024,2024-Q3,2024-09,5202.59,604866,219857,6349,95,8892.98,0
2024-09-16,FB-Prospecting-LAL-3pct,Mobile,Meta Ads,Traffic,Top,2024,2024-Q3,2024-09,5930.5,696009,264655,7500,96,8955.42,0
2024-09-16,FB-Prospecting-LAL-3pct,Tablet,Meta Ads,Traffic,Top,2024,2024-Q3,2024-09,1196.49,137755,54011,1312,17,1609.91,0
2024-09-16,FB-Prospecting-LAL-3pct,Connected TV,Meta Ads,Traffic,Top,2024,2024-Q3,2024-09,917.32,78955,32021,732,9,859.85,0
2024-09-16,IG-Retargeting-Cart-7d,Desktop,Meta Ads,Conversions,Bottom,2024,2024-Q3,2024-09,3525.45,254737,109321,4668,245,21136.94,0
2024-09-16,IG-Retargeting-Cart-7d,Mobile,Meta Ads,Conversions,Bottom,2024,2024-Q3,2024-09,3770.76,275785,109869,5807,250,21294.66,0
2024-09-16,IG-Retargeting-Cart-7d,Tablet,Meta Ads,Conversions,Bottom,2024,2024-Q3,2024-09,800.76,59393,24828,1108,49,4152.43,0
2024-09-16,IG-Retargeting-Cart-7d,Connected TV,Meta Ads,Conversions,Bottom,2024,2024-Q3,2024-09,653.47,34858,15034,642,29,2500.53,0
2024-09-16,FB-Catalog-DPA-Evergreen,Desktop,Meta Ads,Sales,Bottom,2024,2024-Q3,2024-09,4981.82,515086,209547,7388,339,27370,0
2024-09-16,FB-Catalog-DPA-Evergreen,Mobile,Meta Ads,Sales,Bottom,2024,2024-Q3,2024-09,5407.72,544440,228436,8498,302,24893.32,0
2024-09-16,FB-Catalog-DPA-Evergreen,Tablet,Meta Ads,Sales,Bottom,2024,2024-Q3,2024-09,1012.18,103916,45507,1542,54,4397.62,0
2024-09-16,FB-Catalog-DPA-Evergreen,Connected TV,Meta Ads,Sales,Bottom,2024,2024-Q3,2024-09,816.71,62715,26566,954,35,2904.76,0
2024-09-16,LI-ABM-Enterprise-Tier1,Desktop,LinkedIn Ads,Leads,Middle,2024,2024-Q3,2024-09,6007.93,126458,46789,733,19,15673.5,0
2024-09-16,LI-ABM-Enterprise-Tier1,Mobile,LinkedIn Ads,Leads,Middle,2024,2024-Q3,2024-09,6851.14,145696,58008,916,19,16094.88,0
2024-09-16,LI-ABM-Enterprise-Tier1,Tablet,LinkedIn Ads,Leads,Middle,2024,2024-Q3,2024-09,1382,28592,11591,162,3,2471.63,0
2024-09-16,LI-ABM-Enterprise-Tier1,Connected TV,LinkedIn Ads,Leads,Middle,2024,2024-Q3,2024-09,1046.39,15614,6595,86,0,0,0
2024-09-16,LI-Content-Whitepaper,Desktop,LinkedIn Ads,Leads,Middle,2024,2024-Q3,2024-09,2506.61,55231,24556,381,7,3133.92,0
2024-09-16,LI-Content-Whitepaper,Mobile,LinkedIn Ads,Leads,Middle,2024,2024-Q3,2024-09,2650.61,57003,22963,450,8,3477.25,0
2024-09-16,LI-Content-Whitepaper,Tablet,LinkedIn Ads,Leads,Middle,2024,2024-Q3,2024-09,569.41,12347,5320,88,0,0,0
2024-09-16,LI-Content-Whitepaper,Connected TV,LinkedIn Ads,Leads,Middle,2024,2024-Q3,2024-09,460.26,7480,3296,51,0,0,0
2024-09-16,TT-Spark-Creator-UGC,Desktop,TikTok Ads,Awareness,Top,2024,2024-Q3,2024-09,3386.13,565357,239283,6369,69,4856.01,170062
2024-09-16,TT-Spark-Creator-UGC,Mobile,TikTok Ads,Awareness,Top,2024,2024-Q3,2024-09,3632.02,590232,255548,7138,61,4396.69,185705
2024-09-16,TT-Spark-Creator-UGC,Tablet,TikTok Ads,Awareness,Top,2024,2024-Q3,2024-09,678.28,108381,49640,1249,10,733.47,35006
2024-09-16,TT-Spark-Creator-UGC,Connected TV,TikTok Ads,Awareness,Top,2024,2024-Q3,2024-09,554.67,66306,28358,791,7,519.32,21090
2024-09-16,DV360-Display-Retarget,Desktop,Programmatic,Conversions,Middle,2024,2024-Q3,2024-09,3626.53,696167,272223,3478,72,10666.71,0
2024-09-16,DV360-Display-Retarget,Mobile,Programmatic,Conversions,Middle,2024,2024-Q3,2024-09,4190.4,808369,328253,4375,74,10870.05,0
2024-09-16,DV360-Display-Retarget,Tablet,Programmatic,Conversions,Middle,2024,2024-Q3,2024-09,834.69,157638,67747,760,13,1949.5,0
2024-09-16,DV360-Display-Retarget,Connected TV,Programmatic,Conversions,Middle,2024,2024-Q3,2024-09,639.7,90363,40266,425,7,1097.79,0
2024-09-16,DV360-CTV-Reach,Desktop,Programmatic,Awareness,Top,2024,2024-Q3,2024-09,4408.04,207233,84864,590,2,1651.32,67695
2024-09-16,DV360-CTV-Reach,Mobile,Programmatic,Awareness,Top,2024,2024-Q3,2024-09,4720.67,224164,82086,738,2,1655.93,70971
2024-09-16,DV360-CTV-Reach,Tablet,Programmatic,Awareness,Top,2024,2024-Q3,2024-09,927.05,44740,17272,131,0,0,13931
2024-09-16,DV360-CTV-Reach,Connected TV,Programmatic,Awareness,Top,2024,2024-Q3,2024-09,757.76,27405,11125,80,0,0,8259
2024-09-23,BR-Search-Brand-Core,Desktop,Google Ads,Conversions,Bottom,2024,2024-Q3,2024-09,1581.63,14786,6127,1367,120,16783.95,0
2024-09-23,BR-Search-Brand-Core,Mobile,Google Ads,Conversions,Bottom,2024,2024-Q3,2024-09,1823.46,17321,7337,1740,129,17909.29,0
2024-09-23,BR-Search-Brand-Core,Tablet,Google Ads,Conversions,Bottom,2024,2024-Q3,2024-09,363.64,3369,1495,301,22,3106.8,0
2024-09-23,BR-Search-Brand-Core,Connected TV,Google Ads,Conversions,Bottom,2024,2024-Q3,2024-09,278.87,1932,790,180,13,1887.9,0
2024-09-23,NB-Search-Generic-Solutions,Desktop,Google Ads,Conversions,Middle,2024,2024-Q3,2024-09,7298.77,66919,29014,2255,71,18258.32,0
2024-09-23,NB-Search-Generic-Solutions,Mobile,Google Ads,Conversions,Middle,2024,2024-Q3,2024-09,7808.88,72415,28657,2813,72,18327.96,0
2024-09-23,NB-Search-Generic-Solutions,Tablet,Google Ads,Conversions,Middle,2024,2024-Q3,2024-09,1657.65,15006,6224,514,16,3907.13,0
2024-09-23,NB-Search-Generic-Solutions,Connected TV,Google Ads,Conversions,Middle,2024,2024-Q3,2024-09,1270.91,8644,3679,295,9,2229.72,0
2024-09-23,PMax-Retail-Feed,Desktop,Google Ads,Sales,Bottom,2024,2024-Q3,2024-09,6338.05,360616,161480,7368,366,29755.59,0
2024-09-23,PMax-Retail-Feed,Mobile,Google Ads,Sales,Bottom,2024,2024-Q3,2024-09,6873.56,381268,178978,8348,345,28663.83,0
2024-09-23,PMax-Retail-Feed,Tablet,Google Ads,Sales,Bottom,2024,2024-Q3,2024-09,1385.28,77581,32902,1599,60,4918.4,0
2024-09-23,PMax-Retail-Feed,Connected TV,Google Ads,Sales,Bottom,2024,2024-Q3,2024-09,1035.02,43792,17304,943,36,2905.08,0
2024-09-23,YT-Awareness-InStream,Desktop,Google Ads,Awareness,Top,2024,2024-Q3,2024-09,3936.77,407532,171591,2511,16,2889.92,122739
2024-09-23,YT-Awareness-InStream,Mobile,Google Ads,Awareness,Top,2024,2024-Q3,2024-09,4543.15,479594,188172,3205,20,3574.23,140176
2024-09-23,YT-Awareness-InStream,Tablet,Google Ads,Awareness,Top,2024,2024-Q3,2024-09,914.73,94013,37575,564,3,532.7,28688
2024-09-23,YT-Awareness-InStream,Connected TV,Google Ads,Awareness,Top,2024,2024-Q3,2024-09,694.22,51747,21505,319,0,0,16380
2024-09-23,FB-Prospecting-LAL-3pct,Desktop,Meta Ads,Traffic,Top,2024,2024-Q3,2024-09,4990.49,547121,242037,5248,80,7955.29,0
2024-09-23,FB-Prospecting-LAL-3pct,Mobile,Meta Ads,Traffic,Top,2024,2024-Q3,2024-09,5690.51,632176,256020,6886,86,8422.55,0
2024-09-23,FB-Prospecting-LAL-3pct,Tablet,Meta Ads,Traffic,Top,2024,2024-Q3,2024-09,1220.14,136729,52822,1334,17,1606.64,0
2024-09-23,FB-Prospecting-LAL-3pct,Connected TV,Meta Ads,Traffic,Top,2024,2024-Q3,2024-09,925.42,77741,30556,752,11,1056.38,0
2024-09-23,IG-Retargeting-Cart-7d,Desktop,Meta Ads,Conversions,Bottom,2024,2024-Q3,2024-09,3825.56,279208,116534,4979,282,24267.64,0
2024-09-23,IG-Retargeting-Cart-7d,Mobile,Meta Ads,Conversions,Bottom,2024,2024-Q3,2024-09,4104.8,293634,125058,5603,261,23060.91,0
2024-09-23,IG-Retargeting-Cart-7d,Tablet,Meta Ads,Conversions,Bottom,2024,2024-Q3,2024-09,827.96,59767,23181,1075,50,4333.64,0
2024-09-23,IG-Retargeting-Cart-7d,Connected TV,Meta Ads,Conversions,Bottom,2024,2024-Q3,2024-09,580.45,31552,12684,597,27,2300.33,0
2024-09-23,FB-Catalog-DPA-Evergreen,Desktop,Meta Ads,Sales,Bottom,2024,2024-Q3,2024-09,4443.35,468004,177949,6490,275,21796.27,0
2024-09-23,FB-Catalog-DPA-Evergreen,Mobile,Meta Ads,Sales,Bottom,2024,2024-Q3,2024-09,5130.6,546335,217861,8213,301,23663.38,0
2024-09-23,FB-Catalog-DPA-Evergreen,Tablet,Meta Ads,Sales,Bottom,2024,2024-Q3,2024-09,1022.36,107195,43731,1538,55,4389.4,0
2024-09-23,FB-Catalog-DPA-Evergreen,Connected TV,Meta Ads,Sales,Bottom,2024,2024-Q3,2024-09,783.59,59248,25146,829,29,2374.26,0
2024-09-23,LI-ABM-Enterprise-Tier1,Desktop,LinkedIn Ads,Leads,Middle,2024,2024-Q3,2024-09,6062.08,119857,53475,634,16,13829.13,0
2024-09-23,LI-ABM-Enterprise-Tier1,Mobile,LinkedIn Ads,Leads,Middle,2024,2024-Q3,2024-09,6572.29,131108,54640,797,15,12832.98,0
2024-09-23,LI-ABM-Enterprise-Tier1,Tablet,LinkedIn Ads,Leads,Middle,2024,2024-Q3,2024-09,1393.2,28294,11089,162,4,3315.56,0
2024-09-23,LI-ABM-Enterprise-Tier1,Connected TV,LinkedIn Ads,Leads,Middle,2024,2024-Q3,2024-09,1134.43,17212,7080,96,0,0,0
2024-09-23,LI-Content-Whitepaper,Desktop,LinkedIn Ads,Leads,Middle,2024,2024-Q3,2024-09,2697.06,60422,25506,428,7,3061.3,0
2024-09-23,LI-Content-Whitepaper,Mobile,LinkedIn Ads,Leads,Middle,2024,2024-Q3,2024-09,2926.82,63812,28242,490,8,3557.89,0
2024-09-23,LI-Content-Whitepaper,Tablet,LinkedIn Ads,Leads,Middle,2024,2024-Q3,2024-09,583.23,12818,5130,93,0,0,0
2024-09-23,LI-Content-Whitepaper,Connected TV,LinkedIn Ads,Leads,Middle,2024,2024-Q3,2024-09,441.55,7337,2676,57,0,0,0
2024-09-23,TT-Spark-Creator-UGC,Desktop,TikTok Ads,Awareness,Top,2024,2024-Q3,2024-09,2984.53,507063,193950,5926,59,4265.07,159748
2024-09-23,TT-Spark-Creator-UGC,Mobile,TikTok Ads,Awareness,Top,2024,2024-Q3,2024-09,3442.99,571810,230852,7161,61,4312.43,186288
2024-09-23,TT-Spark-Creator-UGC,Tablet,TikTok Ads,Awareness,Top,2024,2024-Q3,2024-09,694.29,116921,48444,1323,11,765.47,37260
2024-09-23,TT-Spark-Creator-UGC,Connected TV,TikTok Ads,Awareness,Top,2024,2024-Q3,2024-09,525.31,64349,27689,701,6,434.66,21458
2024-09-23,DV360-Display-Retarget,Desktop,Programmatic,Conversions,Middle,2024,2024-Q3,2024-09,3707.45,692915,320682,3172,64,9683.04,0
2024-09-23,DV360-Display-Retarget,Mobile,Programmatic,Conversions,Middle,2024,2024-Q3,2024-09,3968.67,755128,322520,3938,66,9880.21,0
2024-09-23,DV360-Display-Retarget,Tablet,Programmatic,Conversions,Middle,2024,2024-Q3,2024-09,852.27,163417,66244,804,13,1919.59,0
2024-09-23,DV360-Display-Retarget,Connected TV,Programmatic,Conversions,Middle,2024,2024-Q3,2024-09,686.37,99215,41127,483,8,1192.42,0
2024-09-23,DV360-CTV-Reach,Desktop,Programmatic,Awareness,Top,2024,2024-Q3,2024-09,4442.76,211731,93159,626,3,2364.34,66499
2024-09-23,DV360-CTV-Reach,Mobile,Programmatic,Awareness,Top,2024,2024-Q3,2024-09,4820.33,224763,100981,721,2,1631.53,69597
2024-09-23,DV360-CTV-Reach,Tablet,Programmatic,Awareness,Top,2024,2024-Q3,2024-09,960.27,47240,19882,143,0,0,15070
2024-09-23,DV360-CTV-Reach,Connected TV,Programmatic,Awareness,Top,2024,2024-Q3,2024-09,726.7,26801,10348,86,0,0,8391
2024-09-30,BR-Search-Brand-Core,Desktop,Google Ads,Conversions,Bottom,2024,2024-Q3,2024-09,1519.47,13920,5849,1262,108,15348.52,0
2024-09-30,BR-Search-Brand-Core,Mobile,Google Ads,Conversions,Bottom,2024,2024-Q3,2024-09,1605.05,14999,5891,1548,106,15429.87,0
2024-09-30,BR-Search-Brand-Core,Tablet,Google Ads,Conversions,Bottom,2024,2024-Q3,2024-09,345.1,3244,1343,300,20,2898.36,0
2024-09-30,BR-Search-Brand-Core,Connected TV,Google Ads,Conversions,Bottom,2024,2024-Q3,2024-09,278.14,1897,803,171,12,1674.59,0
2024-09-30,NB-Search-Generic-Solutions,Desktop,Google Ads,Conversions,Middle,2024,2024-Q3,2024-09,7372.45,68868,30720,2416,78,18986.76,0
2024-09-30,NB-Search-Generic-Solutions,Mobile,Google Ads,Conversions,Middle,2024,2024-Q3,2024-09,7895.8,72322,33693,2564,67,16728.94,0
2024-09-30,NB-Search-Generic-Solutions,Tablet,Google Ads,Conversions,Middle,2024,2024-Q3,2024-09,1591.09,14728,6516,491,13,3301.16,0
2024-09-30,NB-Search-Generic-Solutions,Connected TV,Google Ads,Conversions,Middle,2024,2024-Q3,2024-09,1299.53,8981,3723,311,9,2209.07,0
2024-09-30,PMax-Retail-Feed,Desktop,Google Ads,Sales,Bottom,2024,2024-Q3,2024-09,6088.2,353179,133202,7894,367,30184.11,0
2024-09-30,PMax-Retail-Feed,Mobile,Google Ads,Sales,Bottom,2024,2024-Q3,2024-09,7026.43,411101,160451,9962,398,32702.79,0
2024-09-30,PMax-Retail-Feed,Tablet,Google Ads,Sales,Bottom,2024,2024-Q3,2024-09,1400.41,77021,30894,1661,67,5591.71,0
2024-09-30,PMax-Retail-Feed,Connected TV,Google Ads,Sales,Bottom,2024,2024-Q3,2024-09,1073.65,44096,18445,928,36,2992,0
2024-09-30,YT-Awareness-InStream,Desktop,Google Ads,Awareness,Top,2024,2024-Q3,2024-09,3779.93,371328,162991,2245,15,2837.64,122129
2024-09-30,YT-Awareness-InStream,Mobile,Google Ads,Awareness,Top,2024,2024-Q3,2024-09,4041.74,401322,160615,2794,14,2589.14,129591
2024-09-30,YT-Awareness-InStream,Tablet,Google Ads,Awareness,Top,2024,2024-Q3,2024-09,858.7,86705,36494,533,2,353.97,27599
2024-09-30,YT-Awareness-InStream,Connected TV,Google Ads,Awareness,Top,2024,2024-Q3,2024-09,701.07,53048,23808,323,0,0,16383
2024-09-30,FB-Prospecting-LAL-3pct,Desktop,Meta Ads,Traffic,Top,2024,2024-Q3,2024-09,4990.83,584794,267170,5791,87,8147.33,0
2024-09-30,FB-Prospecting-LAL-3pct,Mobile,Meta Ads,Traffic,Top,2024,2024-Q3,2024-09,5398.83,615140,264572,6169,77,7377.2,0
2024-09-30,FB-Prospecting-LAL-3pct,Tablet,Meta Ads,Traffic,Top,2024,2024-Q3,2024-09,1076.06,119281,53461,1133,14,1381.49,0
2024-09-30,FB-Prospecting-LAL-3pct,Connected TV,Meta Ads,Traffic,Top,2024,2024-Q3,2024-09,878.07,75892,31601,746,10,940.25,0
2024-09-30,IG-Retargeting-Cart-7d,Desktop,Meta Ads,Conversions,Bottom,2024,2024-Q3,2024-09,3373.47,243487,93285,4764,252,21804.62,0
2024-09-30,IG-Retargeting-Cart-7d,Mobile,Meta Ads,Conversions,Bottom,2024,2024-Q3,2024-09,3897.78,284685,117373,5961,269,22993.01,0
2024-09-30,IG-Retargeting-Cart-7d,Tablet,Meta Ads,Conversions,Bottom,2024,2024-Q3,2024-09,786.06,55764,23448,1053,47,4119.05,0
2024-09-30,IG-Retargeting-Cart-7d,Connected TV,Meta Ads,Conversions,Bottom,2024,2024-Q3,2024-09,595.01,30602,13472,554,26,2350.85,0
2024-09-30,FB-Catalog-DPA-Evergreen,Desktop,Meta Ads,Sales,Bottom,2024,2024-Q3,2024-09,4603.14,456997,183347,6192,278,23441.28,0
2024-09-30,FB-Catalog-DPA-Evergreen,Mobile,Meta Ads,Sales,Bottom,2024,2024-Q3,2024-09,4870.69,489860,176594,7574,265,22020.4,0
2024-09-30,FB-Catalog-DPA-Evergreen,Tablet,Meta Ads,Sales,Bottom,2024,2024-Q3,2024-09,968.99,98733,44050,1369,50,4103.22,0
2024-09-30,FB-Catalog-DPA-Evergreen,Connected TV,Meta Ads,Sales,Bottom,2024,2024-Q3,2024-09,791.57,60866,27763,832,32,2597.34,0
2024-09-30,LI-ABM-Enterprise-Tier1,Desktop,LinkedIn Ads,Leads,Middle,2024,2024-Q3,2024-09,5750.4,120537,50521,662,18,14785.28,0
2024-09-30,LI-ABM-Enterprise-Tier1,Mobile,LinkedIn Ads,Leads,Middle,2024,2024-Q3,2024-09,6233,128464,56185,715,15,12623.96,0
2024-09-30,LI-ABM-Enterprise-Tier1,Tablet,LinkedIn Ads,Leads,Middle,2024,2024-Q3,2024-09,1339.23,26785,10847,141,2,1762.7,0
2024-09-30,LI-ABM-Enterprise-Tier1,Connected TV,LinkedIn Ads,Leads,Middle,2024,2024-Q3,2024-09,1013.99,15745,5905,85,0,0,0
2024-09-30,LI-Content-Whitepaper,Desktop,LinkedIn Ads,Leads,Middle,2024,2024-Q3,2024-09,2403.34,53147,20956,389,8,3403.99,0
2024-09-30,LI-Content-Whitepaper,Mobile,LinkedIn Ads,Leads,Middle,2024,2024-Q3,2024-09,2778.23,61829,25787,490,8,3371.4,0
2024-09-30,LI-Content-Whitepaper,Tablet,LinkedIn Ads,Leads,Middle,2024,2024-Q3,2024-09,588.73,12750,5439,89,0,0,0
2024-09-30,LI-Content-Whitepaper,Connected TV,LinkedIn Ads,Leads,Middle,2024,2024-Q3,2024-09,451.57,7044,3176,47,0,0,0
2024-09-30,TT-Spark-Creator-UGC,Desktop,TikTok Ads,Awareness,Top,2024,2024-Q3,2024-09,3288.63,527951,216307,5943,64,4675.95,169306
2024-09-30,TT-Spark-Creator-UGC,Mobile,TikTok Ads,Awareness,Top,2024,2024-Q3,2024-09,3561.38,577011,220532,7448,62,4481.64,181752
2024-09-30,TT-Spark-Creator-UGC,Tablet,TikTok Ads,Awareness,Top,2024,2024-Q3,2024-09,702.7,114992,47077,1323,11,789.44,35583
2024-09-30,TT-Spark-Creator-UGC,Connected TV,TikTok Ads,Awareness,Top,2024,2024-Q3,2024-09,571.6,70608,29988,801,7,498.18,22815
2024-09-30,DV360-Display-Retarget,Desktop,Programmatic,Conversions,Middle,2024,2024-Q3,2024-09,3744.76,736776,282651,3710,76,10987.83,0
2024-09-30,DV360-Display-Retarget,Mobile,Programmatic,Conversions,Middle,2024,2024-Q3,2024-09,4062.46,784062,310209,3999,68,9997.56,0
2024-09-30,DV360-Display-Retarget,Tablet,Programmatic,Conversions,Middle,2024,2024-Q3,2024-09,819.04,153927,63284,692,11,1650.79,0
2024-09-30,DV360-Display-Retarget,Connected TV,Programmatic,Conversions,Middle,2024,2024-Q3,2024-09,612.08,90152,34606,450,7,1054.05,0
2024-09-30,DV360-CTV-Reach,Desktop,Programmatic,Awareness,Top,2024,2024-Q3,2024-09,3954.09,192792,77510,591,1,760.91,63147
2024-09-30,DV360-CTV-Reach,Mobile,Programmatic,Awareness,Top,2024,2024-Q3,2024-09,4516.72,223344,95292,735,1,763.21,72116
2024-09-30,DV360-CTV-Reach,Tablet,Programmatic,Awareness,Top,2024,2024-Q3,2024-09,969.63,46544,20277,137,0,0,14429
2024-09-30,DV360-CTV-Reach,Connected TV,Programmatic,Awareness,Top,2024,2024-Q3,2024-09,734.52,25612,11646,73,0,0,8296
2024-10-07,BR-Search-Brand-Core,Desktop,Google Ads,Conversions,Bottom,2024,2024-Q4,2024-10,1537.99,14253,5778,1251,112,15828.51,0
2024-10-07,BR-Search-Brand-Core,Mobile,Google Ads,Conversions,Bottom,2024,2024-Q4,2024-10,1667.86,15154,6331,1422,106,15261.3,0
2024-10-07,BR-Search-Brand-Core,Tablet,Google Ads,Conversions,Bottom,2024,2024-Q4,2024-10,332.01,3048,1138,273,20,2841.62,0
2024-10-07,BR-Search-Brand-Core,Connected TV,Google Ads,Conversions,Bottom,2024,2024-Q4,2024-10,267.74,1851,665,171,12,1670.83,0
2024-10-07,NB-Search-Generic-Solutions,Desktop,Google Ads,Conversions,Middle,2024,2024-Q4,2024-10,7093.22,67732,25239,2291,72,17306.09,0
2024-10-07,NB-Search-Generic-Solutions,Mobile,Google Ads,Conversions,Middle,2024,2024-Q4,2024-10,8088.28,78117,30690,3027,83,20473.94,0
2024-10-07,NB-Search-Generic-Solutions,Tablet,Google Ads,Conversions,Middle,2024,2024-Q4,2024-10,1631.51,15397,6157,538,14,3379.5,0
2024-10-07,NB-Search-Generic-Solutions,Connected TV,Google Ads,Conversions,Middle,2024,2024-Q4,2024-10,1235.25,8427,3513,284,8,2001.46,0
2024-10-07,PMax-Retail-Feed,Desktop,Google Ads,Sales,Bottom,2024,2024-Q4,2024-10,6235.88,339381,149844,6929,332,27123.5,0
2024-10-07,PMax-Retail-Feed,Mobile,Google Ads,Sales,Bottom,2024,2024-Q4,2024-10,6679.68,385286,156772,9030,353,28286.45,0
2024-10-07,PMax-Retail-Feed,Tablet,Google Ads,Sales,Bottom,2024,2024-Q4,2024-10,1432.77,83131,32737,1822,68,5402.63,0
2024-10-07,PMax-Retail-Feed,Connected TV,Google Ads,Sales,Bottom,2024,2024-Q4,2024-10,1086.01,45484,20266,990,40,3254.8,0
2024-10-07,YT-Awareness-InStream,Desktop,Google Ads,Awareness,Top,2024,2024-Q4,2024-10,4117.6,425811,180929,2658,19,3436.8,128418
2024-10-07,YT-Awareness-InStream,Mobile,Google Ads,Awareness,Top,2024,2024-Q4,2024-10,4468.85,449839,194704,3024,18,3324.07,141910
2024-10-07,YT-Awareness-InStream,Tablet,Google Ads,Awareness,Top,2024,2024-Q4,2024-10,890.8,91180,36227,581,4,718.39,29766
2024-10-07,YT-Awareness-InStream,Connected TV,Google Ads,Awareness,Top,2024,2024-Q4,2024-10,674.64,51747,18838,325,0,0,16593
2024-10-07,FB-Prospecting-LAL-3pct,Desktop,Meta Ads,Traffic,Top,2024,2024-Q4,2024-10,4799.12,545505,208305,5583,81,7726,0
2024-10-07,FB-Prospecting-LAL-3pct,Mobile,Meta Ads,Traffic,Top,2024,2024-Q4,2024-10,5533.03,636872,254816,7048,88,8331.43,0
2024-10-07,FB-Prospecting-LAL-3pct,Tablet,Meta Ads,Traffic,Top,2024,2024-Q4,2024-10,1104.4,129998,52689,1286,15,1443.43,0
2024-10-07,FB-Prospecting-LAL-3pct,Connected TV,Meta Ads,Traffic,Top,2024,2024-Q4,2024-10,844.6,71701,31338,690,9,890.71,0
2024-10-07,IG-Retargeting-Cart-7d,Desktop,Meta Ads,Conversions,Bottom,2024,2024-Q4,2024-10,3458.64,244848,110519,4341,237,20931.85,0
2024-10-07,IG-Retargeting-Cart-7d,Mobile,Meta Ads,Conversions,Bottom,2024,2024-Q4,2024-10,3748.97,278783,117174,5701,252,22088.3,0
2024-10-07,IG-Retargeting-Cart-7d,Tablet,Meta Ads,Conversions,Bottom,2024,2024-Q4,2024-10,795.06,59561,23571,1148,48,4167.52,0
2024-10-07,IG-Retargeting-Cart-7d,Connected TV,Meta Ads,Conversions,Bottom,2024,2024-Q4,2024-10,602.24,32834,15112,624,28,2380.58,0
2024-10-07,FB-Catalog-DPA-Evergreen,Desktop,Meta Ads,Sales,Bottom,2024,2024-Q4,2024-10,4597.48,485706,207949,6843,307,24457.66,0
2024-10-07,FB-Catalog-DPA-Evergreen,Mobile,Meta Ads,Sales,Bottom,2024,2024-Q4,2024-10,4987.86,512983,229950,7773,287,23237.41,0
2024-10-07,FB-Catalog-DPA-Evergreen,Tablet,Meta Ads,Sales,Bottom,2024,2024-Q4,2024-10,1005.86,104467,43053,1497,56,4665.75,0
2024-10-07,FB-Catalog-DPA-Evergreen,Connected TV,Meta Ads,Sales,Bottom,2024,2024-Q4,2024-10,752.01,56866,21906,842,31,2547,0
2024-10-07,LI-ABM-Enterprise-Tier1,Desktop,LinkedIn Ads,Leads,Middle,2024,2024-Q4,2024-10,5527.82,113080,45164,643,15,12966.96,0
2024-10-07,LI-ABM-Enterprise-Tier1,Mobile,LinkedIn Ads,Leads,Middle,2024,2024-Q4,2024-10,6311.82,126020,52785,766,17,14612.64,0
2024-10-07,LI-ABM-Enterprise-Tier1,Tablet,LinkedIn Ads,Leads,Middle,2024,2024-Q4,2024-10,1272.46,25766,11080,141,3,2440.11,0
2024-10-07,LI-ABM-Enterprise-Tier1,Connected TV,LinkedIn Ads,Leads,Middle,2024,2024-Q4,2024-10,1039.05,15263,6810,81,0,0,0
2024-10-07,LI-Content-Whitepaper,Desktop,LinkedIn Ads,Leads,Middle,2024,2024-Q4,2024-10,2464.99,53068,25182,356,7,3076.93,0
2024-10-07,LI-Content-Whitepaper,Mobile,LinkedIn Ads,Leads,Middle,2024,2024-Q4,2024-10,2671.47,58587,25160,446,7,3023.31,0
2024-10-07,LI-Content-Whitepaper,Tablet,LinkedIn Ads,Leads,Middle,2024,2024-Q4,2024-10,566.77,12517,4503,91,0,0,0
2024-10-07,LI-Content-Whitepaper,Connected TV,LinkedIn Ads,Leads,Middle,2024,2024-Q4,2024-10,429.19,7132,2957,52,0,0,0
2024-10-07,TT-Spark-Creator-UGC,Desktop,TikTok Ads,Awareness,Top,2024,2024-Q4,2024-10,3129.88,534014,211477,5832,62,4308.3,155097
2024-10-07,TT-Spark-Creator-UGC,Mobile,TikTok Ads,Awareness,Top,2024,2024-Q4,2024-10,3563.41,589097,238216,6985,65,4656.34,180300
2024-10-07,TT-Spark-Creator-UGC,Tablet,TikTok Ads,Awareness,Top,2024,2024-Q4,2024-10,676.2,109960,46138,1220,11,792.55,34604
2024-10-07,TT-Spark-Creator-UGC,Connected TV,TikTok Ads,Awareness,Top,2024,2024-Q4,2024-10,510.54,62243,24335,723,6,430.65,19154
2024-10-07,DV360-Display-Retarget,Desktop,Programmatic,Conversions,Middle,2024,2024-Q4,2024-10,3603.19,670975,274309,3238,66,10036.42,0
2024-10-07,DV360-Display-Retarget,Mobile,Programmatic,Conversions,Middle,2024,2024-Q4,2024-10,4155.7,780628,304311,4082,70,10575.15,0
2024-10-07,DV360-Display-Retarget,Tablet,Programmatic,Conversions,Middle,2024,2024-Q4,2024-10,828.71,157541,62491,738,12,1783.57,0
2024-10-07,DV360-Display-Retarget,Connected TV,Programmatic,Conversions,Middle,2024,2024-Q4,2024-10,635.56,87761,35865,400,7,1077.92,0
2024-10-07,DV360-CTV-Reach,Desktop,Programmatic,Awareness,Top,2024,2024-Q4,2024-10,4319.04,205951,88584,568,1,879.75,65315
2024-10-07,DV360-CTV-Reach,Mobile,Programmatic,Awareness,Top,2024,2024-Q4,2024-10,4684.69,225437,88206,718,2,1702.01,69500
2024-10-07,DV360-CTV-Reach,Tablet,Programmatic,Awareness,Top,2024,2024-Q4,2024-10,933.2,45783,16732,137,0,0,13848
2024-10-07,DV360-CTV-Reach,Connected TV,Programmatic,Awareness,Top,2024,2024-Q4,2024-10,752.06,27642,10637,88,0,0,8093
2024-10-14,BR-Search-Brand-Core,Desktop,Google Ads,Conversions,Bottom,2024,2024-Q4,2024-10,1463.67,13461,5824,1287,109,15416.98,0
2024-10-14,BR-Search-Brand-Core,Mobile,Google Ads,Conversions,Bottom,2024,2024-Q4,2024-10,1690.09,15647,7144,1619,118,16647.13,0
2024-10-14,BR-Search-Brand-Core,Tablet,Google Ads,Conversions,Bottom,2024,2024-Q4,2024-10,336.73,3054,1434,263,20,2888.51,0
2024-10-14,BR-Search-Brand-Core,Connected TV,Google Ads,Conversions,Bottom,2024,2024-Q4,2024-10,258.12,1683,731,152,10,1438.31,0
2024-10-14,NB-Search-Generic-Solutions,Desktop,Google Ads,Conversions,Middle,2024,2024-Q4,2024-10,6747.61,60759,27982,1986,64,16262.41,0
2024-10-14,NB-Search-Generic-Solutions,Mobile,Google Ads,Conversions,Middle,2024,2024-Q4,2024-10,7212.6,65680,27460,2481,65,16248.43,0
2024-10-14,NB-Search-Generic-Solutions,Tablet,Google Ads,Conversions,Middle,2024,2024-Q4,2024-10,1652.96,15217,6661,511,14,3511.35,0
2024-10-14,NB-Search-Generic-Solutions,Connected TV,Google Ads,Conversions,Middle,2024,2024-Q4,2024-10,1345.77,9274,3806,305,7,1729.71,0
2024-10-14,PMax-Retail-Feed,Desktop,Google Ads,Sales,Bottom,2024,2024-Q4,2024-10,6316.98,365235,151584,7299,359,28952.46,0
2024-10-14,PMax-Retail-Feed,Mobile,Google Ads,Sales,Bottom,2024,2024-Q4,2024-10,6854.78,387381,148142,8812,356,29198.57,0
2024-10-14,PMax-Retail-Feed,Tablet,Google Ads,Sales,Bottom,2024,2024-Q4,2024-10,1382.52,78841,31181,1588,64,5212.46,0
2024-10-14,PMax-Retail-Feed,Connected TV,Google Ads,Sales,Bottom,2024,2024-Q4,2024-10,1034.22,44350,16360,923,35,2787.71,0
2024-10-14,YT-Awareness-InStream,Desktop,Google Ads,Awareness,Top,2024,2024-Q4,2024-10,3686.92,376351,145538,2434,18,3293.63,116340
2024-10-14,YT-Awareness-InStream,Mobile,Google Ads,Awareness,Top,2024,2024-Q4,2024-10,4207.49,433644,177495,3004,18,3240.83,133154
2024-10-14,YT-Awareness-InStream,Tablet,Google Ads,Awareness,Top,2024,2024-Q4,2024-10,902.24,90211,38219,523,3,556.79,28769
2024-10-14,YT-Awareness-InStream,Connected TV,Google Ads,Awareness,Top,2024,2024-Q4,2024-10,692.11,50301,22112,301,0,0,15771
2024-10-14,FB-Prospecting-LAL-3pct,Desktop,Meta Ads,Traffic,Top,2024,2024-Q4,2024-10,4929.46,549321,256507,5486,82,7994.01,0
2024-10-14,FB-Prospecting-LAL-3pct,Mobile,Meta Ads,Traffic,Top,2024,2024-Q4,2024-10,5277.14,598723,255681,6365,78,7529.84,0
2024-10-14,FB-Prospecting-LAL-3pct,Tablet,Meta Ads,Traffic,Top,2024,2024-Q4,2024-10,1133.12,129654,52554,1231,16,1532.99,0
2024-10-14,FB-Prospecting-LAL-3pct,Connected TV,Meta Ads,Traffic,Top,2024,2024-Q4,2024-10,912.42,78152,32437,736,9,851.67,0
2024-10-14,IG-Retargeting-Cart-7d,Desktop,Meta Ads,Conversions,Bottom,2024,2024-Q4,2024-10,3547.7,264359,100784,4914,272,22889.44,0
2024-10-14,IG-Retargeting-Cart-7d,Mobile,Meta Ads,Conversions,Bottom,2024,2024-Q4,2024-10,3810.57,276313,106888,5524,255,21999.59,0
2024-10-14,IG-Retargeting-Cart-7d,Tablet,Meta Ads,Conversions,Bottom,2024,2024-Q4,2024-10,766.77,56590,22663,1060,49,4343.68,0
2024-10-14,IG-Retargeting-Cart-7d,Connected TV,Meta Ads,Conversions,Bottom,2024,2024-Q4,2024-10,580.35,32099,12093,629,27,2359.69,0
2024-10-14,FB-Catalog-DPA-Evergreen,Desktop,Meta Ads,Sales,Bottom,2024,2024-Q4,2024-10,4106.65,426127,168859,6165,256,21418.81,0
2024-10-14,FB-Catalog-DPA-Evergreen,Mobile,Meta Ads,Sales,Bottom,2024,2024-Q4,2024-10,4749.93,495810,207086,7747,277,23053.2,0
2024-10-14,FB-Catalog-DPA-Evergreen,Tablet,Meta Ads,Sales,Bottom,2024,2024-Q4,2024-10,1007.06,102914,43952,1433,54,4418.25,0
2024-10-14,FB-Catalog-DPA-Evergreen,Connected TV,Meta Ads,Sales,Bottom,2024,2024-Q4,2024-10,772.24,56864,25858,771,29,2350.83,0
2024-10-14,LI-ABM-Enterprise-Tier1,Desktop,LinkedIn Ads,Leads,Middle,2024,2024-Q4,2024-10,5610.41,113346,53374,632,13,10981.05,0
2024-10-14,LI-ABM-Enterprise-Tier1,Mobile,LinkedIn Ads,Leads,Middle,2024,2024-Q4,2024-10,6079.59,124140,55488,734,13,11280.54,0
2024-10-14,LI-ABM-Enterprise-Tier1,Tablet,LinkedIn Ads,Leads,Middle,2024,2024-Q4,2024-10,1306.18,26139,11013,145,3,2439.17,0
2024-10-14,LI-ABM-Enterprise-Tier1,Connected TV,LinkedIn Ads,Leads,Middle,2024,2024-Q4,2024-10,1052.24,15668,6777,85,0,0,0
2024-10-14,LI-Content-Whitepaper,Desktop,LinkedIn Ads,Leads,Middle,2024,2024-Q4,2024-10,2529.41,57447,22627,426,8,3439.23,0
2024-10-14,LI-Content-Whitepaper,Mobile,LinkedIn Ads,Leads,Middle,2024,2024-Q4,2024-10,2710.51,57859,23699,462,8,3495.59,0
2024-10-14,LI-Content-Whitepaper,Tablet,LinkedIn Ads,Leads,Middle,2024,2024-Q4,2024-10,546.46,11759,4966,82,0,0,0
2024-10-14,LI-Content-Whitepaper,Connected TV,LinkedIn Ads,Leads,Middle,2024,2024-Q4,2024-10,408.19,6646,2553,50,0,0,0
2024-10-14,TT-Spark-Creator-UGC,Desktop,TikTok Ads,Awareness,Top,2024,2024-Q4,2024-10,2792.81,448148,180987,5102,53,3869.96,143860
2024-10-14,TT-Spark-Creator-UGC,Mobile,TikTok Ads,Awareness,Top,2024,2024-Q4,2024-10,3191.6,520815,221391,6342,54,3893.66,162870
2024-10-14,TT-Spark-Creator-UGC,Tablet,TikTok Ads,Awareness,Top,2024,2024-Q4,2024-10,685.49,113165,44752,1241,11,784.81,34738
2024-10-14,TT-Spark-Creator-UGC,Connected TV,TikTok Ads,Awareness,Top,2024,2024-Q4,2024-10,519.14,61816,29198,651,6,440.12,19783
2024-10-14,DV360-Display-Retarget,Desktop,Programmatic,Conversions,Middle,2024,2024-Q4,2024-10,3429.95,655125,284671,3122,60,8908.11,0
2024-10-14,DV360-Display-Retarget,Mobile,Programmatic,Conversions,Middle,2024,2024-Q4,2024-10,3675.97,683013,309323,3480,57,8699.22,0
2024-10-14,DV360-Display-Retarget,Tablet,Programmatic,Conversions,Middle,2024,2024-Q4,2024-10,789.07,148868,62919,709,11,1641.2,0
2024-10-14,DV360-Display-Retarget,Connected TV,Programmatic,Conversions,Middle,2024,2024-Q4,2024-10,643.83,94352,41712,445,7,1017.23,0
2024-10-14,DV360-CTV-Reach,Desktop,Programmatic,Awareness,Top,2024,2024-Q4,2024-10,4115.39,200376,83441,614,1,760.46,60840
2024-10-14,DV360-CTV-Reach,Mobile,Programmatic,Awareness,Top,2024,2024-Q4,2024-10,4462.55,211033,89634,703,3,2373.86,67265
2024-10-14,DV360-CTV-Reach,Tablet,Programmatic,Awareness,Top,2024,2024-Q4,2024-10,888.19,41108,18472,120,0,0,13755
2024-10-14,DV360-CTV-Reach,Connected TV,Programmatic,Awareness,Top,2024,2024-Q4,2024-10,671.56,23281,9517,72,0,0,7542
2024-10-21,BR-Search-Brand-Core,Desktop,Google Ads,Conversions,Bottom,2024,2024-Q4,2024-10,1413.07,13235,5984,1165,96,13966.85,0
2024-10-21,BR-Search-Brand-Core,Mobile,Google Ads,Conversions,Bottom,2024,2024-Q4,2024-10,1493.85,14176,5766,1428,95,13631.23,0
2024-10-21,BR-Search-Brand-Core,Tablet,Google Ads,Conversions,Bottom,2024,2024-Q4,2024-10,321.09,2961,1298,265,18,2543.8,0
2024-10-21,BR-Search-Brand-Core,Connected TV,Google Ads,Conversions,Bottom,2024,2024-Q4,2024-10,262.32,1812,816,160,11,1540.28,0
2024-10-21,NB-Search-Generic-Solutions,Desktop,Google Ads,Conversions,Middle,2024,2024-Q4,2024-10,7391.28,70283,30237,2386,78,18704.67,0
2024-10-21,NB-Search-Generic-Solutions,Mobile,Google Ads,Conversions,Middle,2024,2024-Q4,2024-10,8019.68,74251,32545,2741,75,18430.07,0
2024-10-21,NB-Search-Generic-Solutions,Tablet,Google Ads,Conversions,Middle,2024,2024-Q4,2024-10,1598.16,14519,5969,500,13,3254.28,0
2024-10-21,NB-Search-Generic-Solutions,Connected TV,Google Ads,Conversions,Middle,2024,2024-Q4,2024-10,1210.04,8238,3113,296,8,2010.35,0
2024-10-21,PMax-Retail-Feed,Desktop,Google Ads,Sales,Bottom,2024,2024-Q4,2024-10,5662.65,308932,123180,6700,320,26068.15,0
2024-10-21,PMax-Retail-Feed,Mobile,Google Ads,Sales,Bottom,2024,2024-Q4,2024-10,6545.95,375689,154992,8832,362,29243.6,0
2024-10-21,PMax-Retail-Feed,Tablet,Google Ads,Sales,Bottom,2024,2024-Q4,2024-10,1403.85,78439,33080,1655,63,5207.87,0
2024-10-21,PMax-Retail-Feed,Connected TV,Google Ads,Sales,Bottom,2024,2024-Q4,2024-10,998.71,40549,18513,825,31,2602.69,0
2024-10-21,YT-Awareness-InStream,Desktop,Google Ads,Awareness,Top,2024,2024-Q4,2024-10,3796.52,379995,175469,2248,16,2993.48,122965
2024-10-21,YT-Awareness-InStream,Mobile,Google Ads,Awareness,Top,2024,2024-Q4,2024-10,4065.07,411041,152545,2772,15,2782.04,128854
2024-10-21,YT-Awareness-InStream,Tablet,Google Ads,Awareness,Top,2024,2024-Q4,2024-10,808.67,82769,32366,502,1,170.96,25447
2024-10-21,YT-Awareness-InStream,Connected TV,Google Ads,Awareness,Top,2024,2024-Q4,2024-10,652.8,50273,20740,298,0,0,15205
2024-10-21,FB-Prospecting-LAL-3pct,Desktop,Meta Ads,Traffic,Top,2024,2024-Q4,2024-10,5067.57,599086,232602,5730,87,8076.53,0
2024-10-21,FB-Prospecting-LAL-3pct,Mobile,Meta Ads,Traffic,Top,2024,2024-Q4,2024-10,5432.18,628923,252141,6534,83,7803.88,0
2024-10-21,FB-Prospecting-LAL-3pct,Tablet,Meta Ads,Traffic,Top,2024,2024-Q4,2024-10,1095.28,123448,51457,1211,16,1540.9,0
2024-10-21,FB-Prospecting-LAL-3pct,Connected TV,Meta Ads,Traffic,Top,2024,2024-Q4,2024-10,818.64,69744,26745,711,10,949.41,0
2024-10-21,IG-Retargeting-Cart-7d,Desktop,Meta Ads,Conversions,Bottom,2024,2024-Q4,2024-10,3429.42,239928,97622,4534,248,21377.08,0
2024-10-21,IG-Retargeting-Cart-7d,Mobile,Meta Ads,Conversions,Bottom,2024,2024-Q4,2024-10,3914.67,289927,110510,5904,278,23545.6,0
2024-10-21,IG-Retargeting-Cart-7d,Tablet,Meta Ads,Conversions,Bottom,2024,2024-Q4,2024-10,788.4,56784,22309,1043,47,4074.31,0
2024-10-21,IG-Retargeting-Cart-7d,Connected TV,Meta Ads,Conversions,Bottom,2024,2024-Q4,2024-10,591.27,30756,14231,547,25,2226.19,0
2024-10-21,FB-Catalog-DPA-Evergreen,Desktop,Meta Ads,Sales,Bottom,2024,2024-Q4,2024-10,4286.2,432347,182371,5690,257,21248.66,0
2024-10-21,FB-Catalog-DPA-Evergreen,Mobile,Meta Ads,Sales,Bottom,2024,2024-Q4,2024-10,4885.88,496717,190133,7506,276,22663.9,0
2024-10-21,FB-Catalog-DPA-Evergreen,Tablet,Meta Ads,Sales,Bottom,2024,2024-Q4,2024-10,973.34,100890,36471,1450,52,4180.33,0
2024-10-21,FB-Catalog-DPA-Evergreen,Connected TV,Meta Ads,Sales,Bottom,2024,2024-Q4,2024-10,793.67,61582,23254,871,33,2633.28,0
2024-10-21,LI-ABM-Enterprise-Tier1,Desktop,LinkedIn Ads,Leads,Middle,2024,2024-Q4,2024-10,5773.04,122996,48770,699,16,13446.5,0
2024-10-21,LI-ABM-Enterprise-Tier1,Mobile,LinkedIn Ads,Leads,Middle,2024,2024-Q4,2024-10,6261.28,130345,52601,807,15,12427.11,0
2024-10-21,LI-ABM-Enterprise-Tier1,Tablet,LinkedIn Ads,Leads,Middle,2024,2024-Q4,2024-10,1246.53,25322,10653,137,1,785.07,0
2024-10-21,LI-ABM-Enterprise-Tier1,Connected TV,LinkedIn Ads,Leads,Middle,2024,2024-Q4,2024-10,942.97,14362,5687,83,0,0,0
2024-10-21,LI-Content-Whitepaper,Desktop,LinkedIn Ads,Leads,Middle,2024,2024-Q4,2024-10,2414.56,51965,21451,370,7,2951.5,0
2024-10-21,LI-Content-Whitepaper,Mobile,LinkedIn Ads,Leads,Middle,2024,2024-Q4,2024-10,2785.84,62739,24935,511,7,2917.72,0
2024-10-21,LI-Content-Whitepaper,Tablet,LinkedIn Ads,Leads,Middle,2024,2024-Q4,2024-10,596.36,13154,5340,97,0,0,0
2024-10-21,LI-Content-Whitepaper,Connected TV,LinkedIn Ads,Leads,Middle,2024,2024-Q4,2024-10,420.5,6703,3168,48,0,0,0
2024-10-21,TT-Spark-Creator-UGC,Desktop,TikTok Ads,Awareness,Top,2024,2024-Q4,2024-10,3102.97,509130,222060,5602,59,4249.84,159362
2024-10-21,TT-Spark-Creator-UGC,Mobile,TikTok Ads,Awareness,Top,2024,2024-Q4,2024-10,3325.83,550177,220561,6947,60,4247.16,178591
2024-10-21,TT-Spark-Creator-UGC,Tablet,TikTok Ads,Awareness,Top,2024,2024-Q4,2024-10,662.37,110853,40685,1255,10,703.25,35339
2024-10-21,TT-Spark-Creator-UGC,Connected TV,TikTok Ads,Awareness,Top,2024,2024-Q4,2024-10,533.99,67426,25778,787,7,509.01,21078
2024-10-21,DV360-Display-Retarget,Desktop,Programmatic,Conversions,Middle,2024,2024-Q4,2024-10,3495.07,674523,271387,3314,67,9845.78,0
2024-10-21,DV360-Display-Retarget,Mobile,Programmatic,Conversions,Middle,2024,2024-Q4,2024-10,3789.33,747781,305950,3969,65,9728.71,0
2024-10-21,DV360-Display-Retarget,Tablet,Programmatic,Conversions,Middle,2024,2024-Q4,2024-10,762.04,146402,64633,688,11,1701.15,0
2024-10-21,DV360-Display-Retarget,Connected TV,Programmatic,Conversions,Middle,2024,2024-Q4,2024-10,569.93,82162,32726,399,7,1083.38,0
2024-10-21,DV360-CTV-Reach,Desktop,Programmatic,Awareness,Top,2024,2024-Q4,2024-10,3974.88,189386,80878,564,2,1606.04,59557
2024-10-21,DV360-CTV-Reach,Mobile,Programmatic,Awareness,Top,2024,2024-Q4,2024-10,4534.05,226443,90436,763,3,2411.09,70758
2024-10-21,DV360-CTV-Reach,Tablet,Programmatic,Awareness,Top,2024,2024-Q4,2024-10,971.62,47471,19961,144,0,0,14340
2024-10-21,DV360-CTV-Reach,Connected TV,Programmatic,Awareness,Top,2024,2024-Q4,2024-10,692.18,24458,11864,72,0,0,7675
2024-10-28,BR-Search-Brand-Core,Desktop,Google Ads,Conversions,Bottom,2024,2024-Q4,2024-10,1759.59,16681,6228,1519,135,18676.84,0
2024-10-28,BR-Search-Brand-Core,Mobile,Google Ads,Conversions,Bottom,2024,2024-Q4,2024-10,1906.54,17650,7636,1837,135,19739.35,0
2024-10-28,BR-Search-Brand-Core,Tablet,Google Ads,Conversions,Bottom,2024,2024-Q4,2024-10,383.1,3583,1463,330,24,3483.19,0
2024-10-28,BR-Search-Brand-Core,Connected TV,Google Ads,Conversions,Bottom,2024,2024-Q4,2024-10,285.42,1945,720,187,12,1680.83,0
2024-10-28,NB-Search-Generic-Solutions,Desktop,Google Ads,Conversions,Middle,2024,2024-Q4,2024-10,7555.17,70305,27235,2485,76,19273.92,0
2024-10-28,NB-Search-Generic-Solutions,Mobile,Google Ads,Conversions,Middle,2024,2024-Q4,2024-10,8701.32,79243,32817,2985,80,19364.54,0
2024-10-28,NB-Search-Generic-Solutions,Tablet,Google Ads,Conversions,Middle,2024,2024-Q4,2024-10,1885.84,17998,7723,610,17,4054.7,0
2024-10-28,NB-Search-Generic-Solutions,Connected TV,Google Ads,Conversions,Middle,2024,2024-Q4,2024-10,1424.48,9756,4354,322,9,2213.67,0
2024-10-28,PMax-Retail-Feed,Desktop,Google Ads,Sales,Bottom,2024,2024-Q4,2024-10,6772.35,376041,179864,7413,351,29085.3,0
2024-10-28,PMax-Retail-Feed,Mobile,Google Ads,Sales,Bottom,2024,2024-Q4,2024-10,7224.18,409341,176980,9395,364,29735.22,0
2024-10-28,PMax-Retail-Feed,Tablet,Google Ads,Sales,Bottom,2024,2024-Q4,2024-10,1531.57,87592,35318,1893,74,5969.52,0
2024-10-28,PMax-Retail-Feed,Connected TV,Google Ads,Sales,Bottom,2024,2024-Q4,2024-10,1256.52,53820,22282,1148,47,3740.22,0
2024-10-28,YT-Awareness-InStream,Desktop,Google Ads,Awareness,Top,2024,2024-Q4,2024-10,4433.14,448067,176318,2891,20,3686.99,140209
2024-10-28,YT-Awareness-InStream,Mobile,Google Ads,Awareness,Top,2024,2024-Q4,2024-10,4802.62,474967,213487,3334,19,3564.23,154032
2024-10-28,YT-Awareness-InStream,Tablet,Google Ads,Awareness,Top,2024,2024-Q4,2024-10,953.08,96133,40074,590,4,756.21,32934
2024-10-28,YT-Awareness-InStream,Connected TV,Google Ads,Awareness,Top,2024,2024-Q4,2024-10,718.52,54364,21155,352,0,0,17184
2024-10-28,FB-Prospecting-LAL-3pct,Desktop,Meta Ads,Traffic,Top,2024,2024-Q4,2024-10,5104.12,573325,226241,5713,80,7736.87,0
2024-10-28,FB-Prospecting-LAL-3pct,Mobile,Meta Ads,Traffic,Top,2024,2024-Q4,2024-10,5950.33,673352,291275,7239,88,8469.97,0
2024-10-28,FB-Prospecting-LAL-3pct,Tablet,Meta Ads,Traffic,Top,2024,2024-Q4,2024-10,1290.5,148750,66086,1421,19,1809.15,0
2024-10-28,FB-Prospecting-LAL-3pct,Connected TV,Meta Ads,Traffic,Top,2024,2024-Q4,2024-10,974.46,80593,37839,747,10,967.42,0
2024-10-28,IG-Retargeting-Cart-7d,Desktop,Meta Ads,Conversions,Bottom,2024,2024-Q4,2024-10,3745.48,268308,117664,4579,245,21400.68,0
2024-10-28,IG-Retargeting-Cart-7d,Mobile,Meta Ads,Conversions,Bottom,2024,2024-Q4,2024-10,4053.45,295603,131058,5864,268,22989.13,0
2024-10-28,IG-Retargeting-Cart-7d,Tablet,Meta Ads,Conversions,Bottom,2024,2024-Q4,2024-10,857.7,63144,25750,1197,52,4415.49,0
2024-10-28,IG-Retargeting-Cart-7d,Connected TV,Meta Ads,Conversions,Bottom,2024,2024-Q4,2024-10,698.59,38897,16751,716,33,2762.87,0
2024-10-28,FB-Catalog-DPA-Evergreen,Desktop,Meta Ads,Sales,Bottom,2024,2024-Q4,2024-10,5014.21,514023,210839,7465,329,26743.67,0
2024-10-28,FB-Catalog-DPA-Evergreen,Mobile,Meta Ads,Sales,Bottom,2024,2024-Q4,2024-10,5352.45,540521,254213,8471,322,26612.18,0
2024-10-28,FB-Catalog-DPA-Evergreen,Tablet,Meta Ads,Sales,Bottom,2024,2024-Q4,2024-10,1077.46,105292,46982,1450,53,4525.31,0
2024-10-28,FB-Catalog-DPA-Evergreen,Connected TV,Meta Ads,Sales,Bottom,2024,2024-Q4,2024-10,876.12,63971,25566,917,33,2796.09,0
2024-10-28,LI-ABM-Enterprise-Tier1,Desktop,LinkedIn Ads,Leads,Middle,2024,2024-Q4,2024-10,5886.18,118317,49497,656,16,13672.7,0
2024-10-28,LI-ABM-Enterprise-Tier1,Mobile,LinkedIn Ads,Leads,Middle,2024,2024-Q4,2024-10,7255.28,147826,65300,881,19,16145.85,0
2024-10-28,LI-ABM-Enterprise-Tier1,Tablet,LinkedIn Ads,Leads,Middle,2024,2024-Q4,2024-10,1569.72,32351,13220,170,4,3325.48,0
2024-10-28,LI-ABM-Enterprise-Tier1,Connected TV,LinkedIn Ads,Leads,Middle,2024,2024-Q4,2024-10,1198.94,17799,7425,91,0,0,0
2024-10-28,LI-Content-Whitepaper,Desktop,LinkedIn Ads,Leads,Middle,2024,2024-Q4,2024-10,2848.74,62427,24226,428,8,3434.8,0
2024-10-28,LI-Content-Whitepaper,Mobile,LinkedIn Ads,Leads,Middle,2024,2024-Q4,2024-10,3085.85,68293,27546,509,8,3426.86,0
2024-10-28,LI-Content-Whitepaper,Tablet,LinkedIn Ads,Leads,Middle,2024,2024-Q4,2024-10,603.33,13587,5106,96,0,0,0
2024-10-28,LI-Content-Whitepaper,Connected TV,LinkedIn Ads,Leads,Middle,2024,2024-Q4,2024-10,497.82,8404,3338,58,0,0,0
2024-10-28,TT-Spark-Creator-UGC,Desktop,TikTok Ads,Awareness,Top,2024,2024-Q4,2024-10,3370.03,558858,235331,6312,65,4599.33,171481
2024-10-28,TT-Spark-Creator-UGC,Mobile,TikTok Ads,Awareness,Top,2024,2024-Q4,2024-10,3912.02,633297,272036,7766,69,4995.12,199268
2024-10-28,TT-Spark-Creator-UGC,Tablet,TikTok Ads,Awareness,Top,2024,2024-Q4,2024-10,780.13,123367,55389,1322,11,811.89,40941
2024-10-28,TT-Spark-Creator-UGC,Connected TV,TikTok Ads,Awareness,Top,2024,2024-Q4,2024-10,595.17,70377,28859,796,8,595.37,21416
2024-10-28,DV360-Display-Retarget,Desktop,Programmatic,Conversions,Middle,2024,2024-Q4,2024-10,3893.02,738939,315927,3710,74,10975.78,0
2024-10-28,DV360-Display-Retarget,Mobile,Programmatic,Conversions,Middle,2024,2024-Q4,2024-10,4438.13,853098,341847,4346,73,10774.41,0
2024-10-28,DV360-Display-Retarget,Tablet,Programmatic,Conversions,Middle,2024,2024-Q4,2024-10,947.76,184309,76049,844,14,2039.61,0
2024-10-28,DV360-Display-Retarget,Connected TV,Programmatic,Conversions,Middle,2024,2024-Q4,2024-10,726.25,102172,43204,487,8,1201.07,0
2024-10-28,DV360-CTV-Reach,Desktop,Programmatic,Awareness,Top,2024,2024-Q4,2024-10,4642.72,224424,88255,646,3,2417.91,73647
2024-10-28,DV360-CTV-Reach,Mobile,Programmatic,Awareness,Top,2024,2024-Q4,2024-10,5015.37,246722,100913,811,3,2458.09,78410
2024-10-28,DV360-CTV-Reach,Tablet,Programmatic,Awareness,Top,2024,2024-Q4,2024-10,994.55,49688,18814,158,0,0,15479
2024-10-28,DV360-CTV-Reach,Connected TV,Programmatic,Awareness,Top,2024,2024-Q4,2024-10,809.39,29399,11837,90,0,0,8909
2024-11-04,BR-Search-Brand-Core,Desktop,Google Ads,Conversions,Bottom,2024,2024-Q4,2024-11,2036.83,19004,7541,1765,141,19682.07,0
2024-11-04,BR-Search-Brand-Core,Mobile,Google Ads,Conversions,Bottom,2024,2024-Q4,2024-11,2181.98,20641,8754,2084,147,20361.63,0
2024-11-04,BR-Search-Brand-Core,Tablet,Google Ads,Conversions,Bottom,2024,2024-Q4,2024-11,462.6,4238,1838,380,29,4131.8,0
2024-11-04,BR-Search-Brand-Core,Connected TV,Google Ads,Conversions,Bottom,2024,2024-Q4,2024-11,354.74,2350,1079,205,14,2034.81,0
2024-11-04,NB-Search-Generic-Solutions,Desktop,Google Ads,Conversions,Middle,2024,2024-Q4,2024-11,9993.29,90627,37690,3073,104,26066.32,0
2024-11-04,NB-Search-Generic-Solutions,Mobile,Google Ads,Conversions,Middle,2024,2024-Q4,2024-11,10821.35,99847,38706,3885,107,26400.03,0
2024-11-04,NB-Search-Generic-Solutions,Tablet,Google Ads,Conversions,Middle,2024,2024-Q4,2024-11,2156.75,20125,7149,703,19,4639.88,0
2024-11-04,NB-Search-Generic-Solutions,Connected TV,Google Ads,Conversions,Middle,2024,2024-Q4,2024-11,1737.35,12222,4530,417,12,2887.41,0
2024-11-04,PMax-Retail-Feed,Desktop,Google Ads,Sales,Bottom,2024,2024-Q4,2024-11,8245.26,483297,187938,10571,506,39925.24,0
2024-11-04,PMax-Retail-Feed,Mobile,Google Ads,Sales,Bottom,2024,2024-Q4,2024-11,8834.66,507321,203815,12013,474,37967.08,0
2024-11-04,PMax-Retail-Feed,Tablet,Google Ads,Sales,Bottom,2024,2024-Q4,2024-11,1781.02,99569,41573,2088,82,6729.85,0
2024-11-04,PMax-Retail-Feed,Connected TV,Google Ads,Sales,Bottom,2024,2024-Q4,2024-11,1330.73,56220,21695,1149,42,3405.23,0
2024-11-04,YT-Awareness-InStream,Desktop,Google Ads,Awareness,Top,2024,2024-Q4,2024-11,5122.51,529403,218979,3323,21,3799.17,172332
2024-11-04,YT-Awareness-InStream,Mobile,Google Ads,Awareness,Top,2024,2024-Q4,2024-11,5417.01,570381,244928,4120,22,3925.71,182388
2024-11-04,YT-Awareness-InStream,Tablet,Google Ads,Awareness,Top,2024,2024-Q4,2024-11,1163.54,118916,52693,722,5,893.72,36509
2024-11-04,YT-Awareness-InStream,Connected TV,Google Ads,Awareness,Top,2024,2024-Q4,2024-11,892.07,65670,30313,387,0,0,21120
2024-11-04,FB-Prospecting-LAL-3pct,Desktop,Meta Ads,Traffic,Top,2024,2024-Q4,2024-11,6838.54,777542,334587,7579,119,11393.19,0
2024-11-04,FB-Prospecting-LAL-3pct,Mobile,Meta Ads,Traffic,Top,2024,2024-Q4,2024-11,7418.27,850557,334315,9486,122,11588.32,0
2024-11-04,FB-Prospecting-LAL-3pct,Tablet,Meta Ads,Traffic,Top,2024,2024-Q4,2024-11,1460.01,171008,64118,1790,23,2218.14,0
2024-11-04,FB-Prospecting-LAL-3pct,Connected TV,Meta Ads,Traffic,Top,2024,2024-Q4,2024-11,1191.09,104210,40438,1075,14,1350.04,0
2024-11-04,IG-Retargeting-Cart-7d,Desktop,Meta Ads,Conversions,Bottom,2024,2024-Q4,2024-11,4582.65,334966,132395,6375,343,29557.11,0
2024-11-04,IG-Retargeting-Cart-7d,Mobile,Meta Ads,Conversions,Bottom,2024,2024-Q4,2024-11,4968.7,368207,153138,7646,341,29987.66,0
2024-11-04,IG-Retargeting-Cart-7d,Tablet,Meta Ads,Conversions,Bottom,2024,2024-Q4,2024-11,988.97,68925,30042,1254,56,4989.16,0
2024-11-04,IG-Retargeting-Cart-7d,Connected TV,Meta Ads,Conversions,Bottom,2024,2024-Q4,2024-11,747.98,39035,15525,742,32,2811.31,0
2024-11-04,FB-Catalog-DPA-Evergreen,Desktop,Meta Ads,Sales,Bottom,2024,2024-Q4,2024-11,5723.49,579445,242310,8097,326,26630.14,0
2024-11-04,FB-Catalog-DPA-Evergreen,Mobile,Meta Ads,Sales,Bottom,2024,2024-Q4,2024-11,6112.88,625673,277073,10100,355,28751.83,0
2024-11-04,FB-Catalog-DPA-Evergreen,Tablet,Meta Ads,Sales,Bottom,2024,2024-Q4,2024-11,1300.34,134675,61010,1846,67,5384.59,0
2024-11-04,FB-Catalog-DPA-Evergreen,Connected TV,Meta Ads,Sales,Bottom,2024,2024-Q4,2024-11,994.59,74832,35353,984,34,2793.13,0
2024-11-04,LI-ABM-Enterprise-Tier1,Desktop,LinkedIn Ads,Leads,Middle,2024,2024-Q4,2024-11,7791.44,159036,70707,859,22,18500.53,0
2024-11-04,LI-ABM-Enterprise-Tier1,Mobile,LinkedIn Ads,Leads,Middle,2024,2024-Q4,2024-11,8449.03,169290,70264,1032,22,18835.96,0
2024-11-04,LI-ABM-Enterprise-Tier1,Tablet,LinkedIn Ads,Leads,Middle,2024,2024-Q4,2024-11,1682.39,34101,13001,197,4,3231.48,0
2024-11-04,LI-ABM-Enterprise-Tier1,Connected TV,LinkedIn Ads,Leads,Middle,2024,2024-Q4,2024-11,1356.9,20638,8175,116,0,0,0
2024-11-04,LI-Content-Whitepaper,Desktop,LinkedIn Ads,Leads,Middle,2024,2024-Q4,2024-11,3259.57,69525,29143,500,10,4201.33,0
2024-11-04,LI-Content-Whitepaper,Mobile,LinkedIn Ads,Leads,Middle,2024,2024-Q4,2024-11,3759.68,81534,34727,630,11,4757.75,0
2024-11-04,LI-Content-Whitepaper,Tablet,LinkedIn Ads,Leads,Middle,2024,2024-Q4,2024-11,758.39,16064,6402,111,0,0,0
2024-11-04,LI-Content-Whitepaper,Connected TV,LinkedIn Ads,Leads,Middle,2024,2024-Q4,2024-11,531.56,8508,3005,62,0,0,0
2024-11-04,TT-Spark-Creator-UGC,Desktop,TikTok Ads,Awareness,Top,2024,2024-Q4,2024-11,4186.71,682260,260520,7473,74,5344.55,213941
2024-11-04,TT-Spark-Creator-UGC,Mobile,TikTok Ads,Awareness,Top,2024,2024-Q4,2024-11,4157.71,691349,272848,8755,71,5040.82,211431
2024-11-04,TT-Spark-Creator-UGC,Tablet,TikTok Ads,Awareness,Top,2024,2024-Q4,2024-11,883,148366,61830,1576,14,979.61,43993
2024-11-04,TT-Spark-Creator-UGC,Connected TV,TikTok Ads,Awareness,Top,2024,2024-Q4,2024-11,676.66,82073,35545,850,7,511.64,25508
2024-11-04,DV360-Display-Retarget,Desktop,Programmatic,Conversions,Middle,2024,2024-Q4,2024-11,4775.06,926775,375067,4267,86,12540.06,0
2024-11-04,DV360-Display-Retarget,Mobile,Programmatic,Conversions,Middle,2024,2024-Q4,2024-11,5177.31,978117,411615,5146,86,12862.87,0
2024-11-04,DV360-Display-Retarget,Tablet,Programmatic,Conversions,Middle,2024,2024-Q4,2024-11,1017.57,196193,75903,975,16,2367.31,0
2024-11-04,DV360-Display-Retarget,Connected TV,Programmatic,Conversions,Middle,2024,2024-Q4,2024-11,831.54,119506,49538,584,10,1462.57,0
2024-11-04,DV360-CTV-Reach,Desktop,Programmatic,Awareness,Top,2024,2024-Q4,2024-11,5719.57,271079,104527,803,5,3988.88,80829
2024-11-04,DV360-CTV-Reach,Mobile,Programmatic,Awareness,Top,2024,2024-Q4,2024-11,6193,297335,117860,963,5,4000.41,92018
2024-11-04,DV360-CTV-Reach,Tablet,Programmatic,Awareness,Top,2024,2024-Q4,2024-11,1313.6,61234,24911,186,0,0,19922
2024-11-04,DV360-CTV-Reach,Connected TV,Programmatic,Awareness,Top,2024,2024-Q4,2024-11,934.24,32891,12241,104,0,0,10339
2024-11-11,BR-Search-Brand-Core,Desktop,Google Ads,Conversions,Bottom,2024,2024-Q4,2024-11,1963.12,17963,7577,1530,138,19719.59,0
2024-11-11,BR-Search-Brand-Core,Mobile,Google Ads,Conversions,Bottom,2024,2024-Q4,2024-11,2127.6,19664,8557,1925,141,19925.06,0
2024-11-11,BR-Search-Brand-Core,Tablet,Google Ads,Conversions,Bottom,2024,2024-Q4,2024-11,451.47,4240,1742,389,27,3768,0
2024-11-11,BR-Search-Brand-Core,Connected TV,Google Ads,Conversions,Bottom,2024,2024-Q4,2024-11,368.1,2587,988,235,18,2488.61,0
2024-11-11,NB-Search-Generic-Solutions,Desktop,Google Ads,Conversions,Middle,2024,2024-Q4,2024-11,9644.15,89943,40824,2950,95,23314.75,0
2024-11-11,NB-Search-Generic-Solutions,Mobile,Google Ads,Conversions,Middle,2024,2024-Q4,2024-11,10437.35,94579,38979,3366,94,22911.38,0
2024-11-11,NB-Search-Generic-Solutions,Tablet,Google Ads,Conversions,Middle,2024,2024-Q4,2024-11,2216.11,20421,8708,682,19,4758.54,0
2024-11-11,NB-Search-Generic-Solutions,Connected TV,Google Ads,Conversions,Middle,2024,2024-Q4,2024-11,1696.4,11699,4665,408,11,2658.5,0
2024-11-11,PMax-Retail-Feed,Desktop,Google Ads,Sales,Bottom,2024,2024-Q4,2024-11,7949.27,440400,182903,9231,431,36105.54,0
2024-11-11,PMax-Retail-Feed,Mobile,Google Ads,Sales,Bottom,2024,2024-Q4,2024-11,9170.44,512534,202794,11633,467,38549.9,0
2024-11-11,PMax-Retail-Feed,Tablet,Google Ads,Sales,Bottom,2024,2024-Q4,2024-11,1827.62,103363,41626,2115,84,6851.32,0
2024-11-11,PMax-Retail-Feed,Connected TV,Google Ads,Sales,Bottom,2024,2024-Q4,2024-11,1401.23,57558,23881,1138,47,3906.96,0
2024-11-11,YT-Awareness-InStream,Desktop,Google Ads,Awareness,Top,2024,2024-Q4,2024-11,5317.02,540571,204692,3317,23,4262.73,169423
2024-11-11,YT-Awareness-InStream,Mobile,Google Ads,Awareness,Top,2024,2024-Q4,2024-11,5699.01,584030,231870,3807,22,4015.39,192370
2024-11-11,YT-Awareness-InStream,Tablet,Google Ads,Awareness,Top,2024,2024-Q4,2024-11,1135.24,117766,43699,728,5,871.01,38178
2024-11-11,YT-Awareness-InStream,Connected TV,Google Ads,Awareness,Top,2024,2024-Q4,2024-11,915.18,71634,27712,462,1,176.65,21049
2024-11-11,FB-Prospecting-LAL-3pct,Desktop,Meta Ads,Traffic,Top,2024,2024-Q4,2024-11,6596.95,761425,312982,7114,107,10137.01,0
2024-11-11,FB-Prospecting-LAL-3pct,Mobile,Meta Ads,Traffic,Top,2024,2024-Q4,2024-11,7517.15,849122,353827,9158,118,11024.06,0
2024-11-11,FB-Prospecting-LAL-3pct,Tablet,Meta Ads,Traffic,Top,2024,2024-Q4,2024-11,1516.28,173870,75646,1666,20,1907.43,0
2024-11-11,FB-Prospecting-LAL-3pct,Connected TV,Meta Ads,Traffic,Top,2024,2024-Q4,2024-11,1162.76,100463,40550,1003,12,1127.23,0
2024-11-11,IG-Retargeting-Cart-7d,Desktop,Meta Ads,Conversions,Bottom,2024,2024-Q4,2024-11,4470.25,319373,136548,5892,313,27267.81,0
2024-11-11,IG-Retargeting-Cart-7d,Mobile,Meta Ads,Conversions,Bottom,2024,2024-Q4,2024-11,5159.47,371743,148979,7777,357,30874.47,0
2024-11-11,IG-Retargeting-Cart-7d,Tablet,Meta Ads,Conversions,Bottom,2024,2024-Q4,2024-11,1092.35,80131,33815,1505,69,5885.58,0
2024-11-11,IG-Retargeting-Cart-7d,Connected TV,Meta Ads,Conversions,Bottom,2024,2024-Q4,2024-11,838.07,44332,19050,820,38,3325.4,0
2024-11-11,FB-Catalog-DPA-Evergreen,Desktop,Meta Ads,Sales,Bottom,2024,2024-Q4,2024-11,5945.83,611778,242766,8949,398,33565.06,0
2024-11-11,FB-Catalog-DPA-Evergreen,Mobile,Meta Ads,Sales,Bottom,2024,2024-Q4,2024-11,6435.15,668507,273638,10502,382,32057.61,0
2024-11-11,FB-Catalog-DPA-Evergreen,Tablet,Meta Ads,Sales,Bottom,2024,2024-Q4,2024-11,1267.98,128528,48196,1898,67,5484.94,0
2024-11-11,FB-Catalog-DPA-Evergreen,Connected TV,Meta Ads,Sales,Bottom,2024,2024-Q4,2024-11,1033.52,78574,31255,1141,43,3489.94,0
2024-11-11,LI-ABM-Enterprise-Tier1,Desktop,LinkedIn Ads,Leads,Middle,2024,2024-Q4,2024-11,7509.66,150594,62702,832,19,16180.44,0
2024-11-11,LI-ABM-Enterprise-Tier1,Mobile,LinkedIn Ads,Leads,Middle,2024,2024-Q4,2024-11,8667.63,175881,75984,1055,22,18110.47,0
2024-11-11,LI-ABM-Enterprise-Tier1,Tablet,LinkedIn Ads,Leads,Middle,2024,2024-Q4,2024-11,1726.97,35454,15746,189,5,4078.55,0
2024-11-11,LI-ABM-Enterprise-Tier1,Connected TV,LinkedIn Ads,Leads,Middle,2024,2024-Q4,2024-11,1323.87,20500,8562,114,0,0,0
2024-11-11,LI-Content-Whitepaper,Desktop,LinkedIn Ads,Leads,Middle,2024,2024-Q4,2024-11,3138.53,66394,29413,463,9,3859.75,0
2024-11-11,LI-Content-Whitepaper,Mobile,LinkedIn Ads,Leads,Middle,2024,2024-Q4,2024-11,3626.77,80324,33383,635,10,4219.28,0
2024-11-11,LI-Content-Whitepaper,Tablet,LinkedIn Ads,Leads,Middle,2024,2024-Q4,2024-11,777.51,17385,7381,123,0,0,0
2024-11-11,LI-Content-Whitepaper,Connected TV,LinkedIn Ads,Leads,Middle,2024,2024-Q4,2024-11,589.41,9580,4262,66,0,0,0
2024-11-11,TT-Spark-Creator-UGC,Desktop,TikTok Ads,Awareness,Top,2024,2024-Q4,2024-11,4039.01,643277,260620,7404,76,5578.65,208691
2024-11-11,TT-Spark-Creator-UGC,Mobile,TikTok Ads,Awareness,Top,2024,2024-Q4,2024-11,4325.26,701372,305024,8558,72,5403.68,238657
2024-11-11,TT-Spark-Creator-UGC,Tablet,TikTok Ads,Awareness,Top,2024,2024-Q4,2024-11,860.76,141195,56041,1641,13,968.56,46820
2024-11-11,TT-Spark-Creator-UGC,Connected TV,TikTok Ads,Awareness,Top,2024,2024-Q4,2024-11,694.81,82389,34292,939,8,588.8,25204
2024-11-11,DV360-Display-Retarget,Desktop,Programmatic,Conversions,Middle,2024,2024-Q4,2024-11,4600.6,872279,382577,4161,82,12245.77,0
2024-11-11,DV360-Display-Retarget,Mobile,Programmatic,Conversions,Middle,2024,2024-Q4,2024-11,5248.81,1010711,454264,5184,88,12957.74,0
2024-11-11,DV360-Display-Retarget,Tablet,Programmatic,Conversions,Middle,2024,2024-Q4,2024-11,1058.21,198648,93553,903,16,2420.99,0
2024-11-11,DV360-Display-Retarget,Connected TV,Programmatic,Conversions,Middle,2024,2024-Q4,2024-11,811.09,113903,48456,541,8,1200.42,0
2024-11-11,DV360-CTV-Reach,Desktop,Programmatic,Awareness,Top,2024,2024-Q4,2024-11,5175.23,242070,109638,696,3,2359.35,74315
2024-11-11,DV360-CTV-Reach,Mobile,Programmatic,Awareness,Top,2024,2024-Q4,2024-11,5909.74,289363,122180,957,5,3875.33,86958
2024-11-11,DV360-CTV-Reach,Tablet,Programmatic,Awareness,Top,2024,2024-Q4,2024-11,1268.27,63315,27822,187,0,0,18469
2024-11-11,DV360-CTV-Reach,Connected TV,Programmatic,Awareness,Top,2024,2024-Q4,2024-11,970.72,34949,14014,101,0,0,10644
2024-11-18,BR-Search-Brand-Core,Desktop,Google Ads,Conversions,Bottom,2024,2024-Q4,2024-11,2044.15,19738,7895,1863,162,22886,0
2024-11-18,BR-Search-Brand-Core,Mobile,Google Ads,Conversions,Bottom,2024,2024-Q4,2024-11,2189.53,19863,8169,2018,145,20806.79,0
2024-11-18,BR-Search-Brand-Core,Tablet,Google Ads,Conversions,Bottom,2024,2024-Q4,2024-11,441.33,3900,1683,351,24,3431.77,0
2024-11-18,BR-Search-Brand-Core,Connected TV,Google Ads,Conversions,Bottom,2024,2024-Q4,2024-11,333.94,2288,890,214,14,1966.19,0
2024-11-18,NB-Search-Generic-Solutions,Desktop,Google Ads,Conversions,Middle,2024,2024-Q4,2024-11,8721.11,79700,32676,2734,87,21587.73,0
2024-11-18,NB-Search-Generic-Solutions,Mobile,Google Ads,Conversions,Middle,2024,2024-Q4,2024-11,9970.06,91838,39609,3373,88,21655.11,0
2024-11-18,NB-Search-Generic-Solutions,Tablet,Google Ads,Conversions,Middle,2024,2024-Q4,2024-11,2142.64,20144,8096,664,17,4136.87,0
2024-11-18,NB-Search-Generic-Solutions,Connected TV,Google Ads,Conversions,Middle,2024,2024-Q4,2024-11,1639.2,11103,4647,356,10,2495.47,0
2024-11-18,PMax-Retail-Feed,Desktop,Google Ads,Sales,Bottom,2024,2024-Q4,2024-11,8273.23,468614,204248,9629,466,38032.22,0
2024-11-18,PMax-Retail-Feed,Mobile,Google Ads,Sales,Bottom,2024,2024-Q4,2024-11,8312.04,459030,183831,10896,412,34313.51,0
2024-11-18,PMax-Retail-Feed,Tablet,Google Ads,Sales,Bottom,2024,2024-Q4,2024-11,1765.37,99084,42561,2191,85,6945.19,0
2024-11-18,PMax-Retail-Feed,Connected TV,Google Ads,Sales,Bottom,2024,2024-Q4,2024-11,1441,60306,27342,1234,50,4080.75,0
2024-11-18,YT-Awareness-InStream,Desktop,Google Ads,Awareness,Top,2024,2024-Q4,2024-11,5461.37,562148,212036,3513,25,4536.74,172742
2024-11-18,YT-Awareness-InStream,Mobile,Google Ads,Awareness,Top,2024,2024-Q4,2024-11,5505.02,554275,239461,3789,22,4090.11,174988
2024-11-18,YT-Awareness-InStream,Tablet,Google Ads,Awareness,Top,2024,2024-Q4,2024-11,1095.34,107921,48829,651,3,542.13,35784
2024-11-18,YT-Awareness-InStream,Connected TV,Google Ads,Awareness,Top,2024,2024-Q4,2024-11,828.24,61140,25394,384,0,0,19612
2024-11-18,FB-Prospecting-LAL-3pct,Desktop,Meta Ads,Traffic,Top,2024,2024-Q4,2024-11,6369.04,723600,266442,7040,102,9863.29,0
2024-11-18,FB-Prospecting-LAL-3pct,Mobile,Meta Ads,Traffic,Top,2024,2024-Q4,2024-11,6814.52,784427,308914,8208,103,9769.6,0
2024-11-18,FB-Prospecting-LAL-3pct,Tablet,Meta Ads,Traffic,Top,2024,2024-Q4,2024-11,1465.41,170620,69649,1602,20,1873.65,0
2024-11-18,FB-Prospecting-LAL-3pct,Connected TV,Meta Ads,Traffic,Top,2024,2024-Q4,2024-11,1195.09,101005,43175,978,13,1245.29,0
2024-11-18,IG-Retargeting-Cart-7d,Desktop,Meta Ads,Conversions,Bottom,2024,2024-Q4,2024-11,4654.19,339255,134568,6117,337,28865.13,0
2024-11-18,IG-Retargeting-Cart-7d,Mobile,Meta Ads,Conversions,Bottom,2024,2024-Q4,2024-11,4985.75,357075,146459,7327,327,28581.95,0
2024-11-18,IG-Retargeting-Cart-7d,Tablet,Meta Ads,Conversions,Bottom,2024,2024-Q4,2024-11,992.58,71871,27626,1400,61,5263.59,0
2024-11-18,IG-Retargeting-Cart-7d,Connected TV,Meta Ads,Conversions,Bottom,2024,2024-Q4,2024-11,810.61,43959,17845,778,35,2991.66,0
2024-11-18,FB-Catalog-DPA-Evergreen,Desktop,Meta Ads,Sales,Bottom,2024,2024-Q4,2024-11,6182.04,644321,245960,9090,384,30693.51,0
2024-11-18,FB-Catalog-DPA-Evergreen,Mobile,Meta Ads,Sales,Bottom,2024,2024-Q4,2024-11,6551.15,669410,293397,10777,404,33115.68,0
2024-11-18,FB-Catalog-DPA-Evergreen,Tablet,Meta Ads,Sales,Bottom,2024,2024-Q4,2024-11,1320.99,131239,60833,1760,65,5452.32,0
2024-11-18,FB-Catalog-DPA-Evergreen,Connected TV,Meta Ads,Sales,Bottom,2024,2024-Q4,2024-11,1000.19,74259,31579,1041,36,2988.62,0
2024-11-18,LI-ABM-Enterprise-Tier1,Desktop,LinkedIn Ads,Leads,Middle,2024,2024-Q4,2024-11,7911.7,161020,62972,917,23,19440.71,0
2024-11-18,LI-ABM-Enterprise-Tier1,Mobile,LinkedIn Ads,Leads,Middle,2024,2024-Q4,2024-11,8392.66,172545,61827,1067,23,19112.48,0
2024-11-18,LI-ABM-Enterprise-Tier1,Tablet,LinkedIn Ads,Leads,Middle,2024,2024-Q4,2024-11,1796.68,37636,14072,207,5,4067.57,0
2024-11-18,LI-ABM-Enterprise-Tier1,Connected TV,LinkedIn Ads,Leads,Middle,2024,2024-Q4,2024-11,1377.96,20804,8028,112,1,825.74,0
2024-11-18,LI-Content-Whitepaper,Desktop,LinkedIn Ads,Leads,Middle,2024,2024-Q4,2024-11,3270.84,72906,29565,527,10,4196.45,0
2024-11-18,LI-Content-Whitepaper,Mobile,LinkedIn Ads,Leads,Middle,2024,2024-Q4,2024-11,3545.81,76937,32430,596,10,4312.13,0
2024-11-18,LI-Content-Whitepaper,Tablet,LinkedIn Ads,Leads,Middle,2024,2024-Q4,2024-11,696.62,15421,6004,112,0,0,0
2024-11-18,LI-Content-Whitepaper,Connected TV,LinkedIn Ads,Leads,Middle,2024,2024-Q4,2024-11,569.61,9395,3901,67,0,0,0
2024-11-18,TT-Spark-Creator-UGC,Desktop,TikTok Ads,Awareness,Top,2024,2024-Q4,2024-11,4152.22,702668,274428,8167,82,5722.6,224414
2024-11-18,TT-Spark-Creator-UGC,Mobile,TikTok Ads,Awareness,Top,2024,2024-Q4,2024-11,4450.22,735021,329102,9333,81,5748.73,224299
2024-11-18,TT-Spark-Creator-UGC,Tablet,TikTok Ads,Awareness,Top,2024,2024-Q4,2024-11,897.21,145110,67682,1538,12,866.6,46402
2024-11-18,TT-Spark-Creator-UGC,Connected TV,TikTok Ads,Awareness,Top,2024,2024-Q4,2024-11,679.09,82349,36550,906,9,670.1,25629
2024-11-18,DV360-Display-Retarget,Desktop,Programmatic,Conversions,Middle,2024,2024-Q4,2024-11,4849.34,939632,373201,4642,96,14128.9,0
2024-11-18,DV360-Display-Retarget,Mobile,Programmatic,Conversions,Middle,2024,2024-Q4,2024-11,5132.03,1007773,381136,5655,93,13891.27,0
2024-11-18,DV360-Display-Retarget,Tablet,Programmatic,Conversions,Middle,2024,2024-Q4,2024-11,1101.32,218073,85393,1097,19,2852.92,0
2024-11-18,DV360-Display-Retarget,Connected TV,Programmatic,Conversions,Middle,2024,2024-Q4,2024-11,834.41,115045,46294,565,10,1518.67,0
2024-11-18,DV360-CTV-Reach,Desktop,Programmatic,Awareness,Top,2024,2024-Q4,2024-11,5395.6,266565,111955,808,4,3298.91,85152
2024-11-18,DV360-CTV-Reach,Mobile,Programmatic,Awareness,Top,2024,2024-Q4,2024-11,5774.45,268245,118097,863,3,2389.29,88062
2024-11-18,DV360-CTV-Reach,Tablet,Programmatic,Awareness,Top,2024,2024-Q4,2024-11,1148.47,53940,21651,165,0,0,17379
2024-11-18,DV360-CTV-Reach,Connected TV,Programmatic,Awareness,Top,2024,2024-Q4,2024-11,927.84,32535,13715,97,0,0,10340
2024-11-25,BR-Search-Brand-Core,Desktop,Google Ads,Conversions,Bottom,2024,2024-Q4,2024-11,2003.95,18306,7665,1667,143,20423.06,0
2024-11-25,BR-Search-Brand-Core,Mobile,Google Ads,Conversions,Bottom,2024,2024-Q4,2024-11,2284.34,21065,8534,2177,162,22937.63,0
2024-11-25,BR-Search-Brand-Core,Tablet,Google Ads,Conversions,Bottom,2024,2024-Q4,2024-11,489.16,4547,1878,422,32,4505.23,0
2024-11-25,BR-Search-Brand-Core,Connected TV,Google Ads,Conversions,Bottom,2024,2024-Q4,2024-11,371.02,2509,1047,228,17,2427.74,0
2024-11-25,NB-Search-Generic-Solutions,Desktop,Google Ads,Conversions,Middle,2024,2024-Q4,2024-11,9837.88,91126,40493,3036,102,26198.29,0
2024-11-25,NB-Search-Generic-Solutions,Mobile,Google Ads,Conversions,Middle,2024,2024-Q4,2024-11,10542.01,95150,38487,3606,97,23544.88,0
2024-11-25,NB-Search-Generic-Solutions,Tablet,Google Ads,Conversions,Middle,2024,2024-Q4,2024-11,2099.57,20014,7445,722,19,4557.27,0
2024-11-25,NB-Search-Generic-Solutions,Connected TV,Google Ads,Conversions,Middle,2024,2024-Q4,2024-11,1693.19,12177,4726,428,12,2829.2,0
2024-11-25,PMax-Retail-Feed,Desktop,Google Ads,Sales,Bottom,2024,2024-Q4,2024-11,8015.16,460268,188845,9802,459,36852.07,0
2024-11-25,PMax-Retail-Feed,Mobile,Google Ads,Sales,Bottom,2024,2024-Q4,2024-11,9154.7,530832,222403,12211,466,36987.73,0
2024-11-25,PMax-Retail-Feed,Tablet,Google Ads,Sales,Bottom,2024,2024-Q4,2024-11,1728.64,98801,44353,2014,76,6391.95,0
2024-11-25,PMax-Retail-Feed,Connected TV,Google Ads,Sales,Bottom,2024,2024-Q4,2024-11,1292.61,55449,22419,1184,44,3643.12,0
2024-11-25,YT-Awareness-InStream,Desktop,Google Ads,Awareness,Top,2024,2024-Q4,2024-11,4975.81,504860,219132,3085,20,3686.01,157180
2024-11-25,YT-Awareness-InStream,Mobile,Google Ads,Awareness,Top,2024,2024-Q4,2024-11,5746.04,587498,239109,4105,23,4208.87,180761
2024-11-25,YT-Awareness-InStream,Tablet,Google Ads,Awareness,Top,2024,2024-Q4,2024-11,1216.98,126610,54103,786,6,1065.75,37864
2024-11-25,YT-Awareness-InStream,Connected TV,Google Ads,Awareness,Top,2024,2024-Q4,2024-11,933.51,70052,30484,431,1,179.74,21906
2024-11-25,FB-Prospecting-LAL-3pct,Desktop,Meta Ads,Traffic,Top,2024,2024-Q4,2024-11,6650,740126,344226,6955,104,10184.16,0
2024-11-25,FB-Prospecting-LAL-3pct,Mobile,Meta Ads,Traffic,Top,2024,2024-Q4,2024-11,7210.16,810447,344836,8740,108,10464.05,0
2024-11-25,FB-Prospecting-LAL-3pct,Tablet,Meta Ads,Traffic,Top,2024,2024-Q4,2024-11,1417.36,163440,63786,1660,21,2013.91,0
2024-11-25,FB-Prospecting-LAL-3pct,Connected TV,Meta Ads,Traffic,Top,2024,2024-Q4,2024-11,1158.19,99393,40752,994,13,1228.31,0
2024-11-25,IG-Retargeting-Cart-7d,Desktop,Meta Ads,Conversions,Bottom,2024,2024-Q4,2024-11,4451.26,318312,136954,5934,328,28729.34,0
2024-11-25,IG-Retargeting-Cart-7d,Mobile,Meta Ads,Conversions,Bottom,2024,2024-Q4,2024-11,5140.36,371769,165197,7464,338,29239.28,0
2024-11-25,IG-Retargeting-Cart-7d,Tablet,Meta Ads,Conversions,Bottom,2024,2024-Q4,2024-11,971.66,68610,31469,1225,56,4952.39,0
2024-11-25,IG-Retargeting-Cart-7d,Connected TV,Meta Ads,Conversions,Bottom,2024,2024-Q4,2024-11,784.65,41700,15388,771,35,3062.76,0
2024-11-25,FB-Catalog-DPA-Evergreen,Desktop,Meta Ads,Sales,Bottom,2024,2024-Q4,2024-11,5626.84,577398,253799,7849,348,28285.85,0
2024-11-25,FB-Catalog-DPA-Evergreen,Mobile,Meta Ads,Sales,Bottom,2024,2024-Q4,2024-11,6421.98,669515,246182,10395,374,30055.1,0
2024-11-25,FB-Catalog-DPA-Evergreen,Tablet,Meta Ads,Sales,Bottom,2024,2024-Q4,2024-11,1377.4,145153,56041,2023,76,6052.76,0
2024-11-25,FB-Catalog-DPA-Evergreen,Connected TV,Meta Ads,Sales,Bottom,2024,2024-Q4,2024-11,1043.8,79799,31350,1088,41,3309.38,0
2024-11-25,LI-ABM-Enterprise-Tier1,Desktop,LinkedIn Ads,Leads,Middle,2024,2024-Q4,2024-11,7664.62,153185,63752,798,20,17200.49,0
2024-11-25,LI-ABM-Enterprise-Tier1,Mobile,LinkedIn Ads,Leads,Middle,2024,2024-Q4,2024-11,8754.2,170511,73960,1005,21,17783.79,0
2024-11-25,LI-ABM-Enterprise-Tier1,Tablet,LinkedIn Ads,Leads,Middle,2024,2024-Q4,2024-11,1762.34,36186,14557,202,5,4071.19,0
2024-11-25,LI-ABM-Enterprise-Tier1,Connected TV,LinkedIn Ads,Leads,Middle,2024,2024-Q4,2024-11,1421.87,21750,8256,119,0,0,0
2024-11-25,LI-Content-Whitepaper,Desktop,LinkedIn Ads,Leads,Middle,2024,2024-Q4,2024-11,3411.88,74016,29559,514,10,4296.68,0
2024-11-25,LI-Content-Whitepaper,Mobile,LinkedIn Ads,Leads,Middle,2024,2024-Q4,2024-11,3884.09,85034,34946,640,11,4659.7,0
2024-11-25,LI-Content-Whitepaper,Tablet,LinkedIn Ads,Leads,Middle,2024,2024-Q4,2024-11,737.01,15862,6644,104,0,0,0
2024-11-25,LI-Content-Whitepaper,Connected TV,LinkedIn Ads,Leads,Middle,2024,2024-Q4,2024-11,557.92,8990,3368,63,0,0,0
2024-11-25,TT-Spark-Creator-UGC,Desktop,TikTok Ads,Awareness,Top,2024,2024-Q4,2024-11,4071.55,674346,270144,7184,74,5251.1,220846
2024-11-25,TT-Spark-Creator-UGC,Mobile,TikTok Ads,Awareness,Top,2024,2024-Q4,2024-11,4361.25,731215,273623,8938,77,5400.85,235653
2024-11-25,TT-Spark-Creator-UGC,Tablet,TikTok Ads,Awareness,Top,2024,2024-Q4,2024-11,924.84,157945,62273,1831,14,972.1,49799
2024-11-25,TT-Spark-Creator-UGC,Connected TV,TikTok Ads,Awareness,Top,2024,2024-Q4,2024-11,709.04,87646,35160,1008,9,637.79,26398
2024-11-25,DV360-Display-Retarget,Desktop,Programmatic,Conversions,Middle,2024,2024-Q4,2024-11,4937.74,934929,393412,4469,93,13897.45,0
2024-11-25,DV360-Display-Retarget,Mobile,Programmatic,Conversions,Middle,2024,2024-Q4,2024-11,5355.64,986435,436910,5056,87,12913.55,0
2024-11-25,DV360-Display-Retarget,Tablet,Programmatic,Conversions,Middle,2024,2024-Q4,2024-11,1066.91,208270,84992,1012,15,2176.21,0
2024-11-25,DV360-Display-Retarget,Connected TV,Programmatic,Conversions,Middle,2024,2024-Q4,2024-11,870.09,126547,49968,634,10,1457.79,0
2024-11-25,DV360-CTV-Reach,Desktop,Programmatic,Awareness,Top,2024,2024-Q4,2024-11,5630.42,272611,110364,833,5,4132.91,84531
2024-11-25,DV360-CTV-Reach,Mobile,Programmatic,Awareness,Top,2024,2024-Q4,2024-11,6411.75,313545,133620,1040,6,4772.37,94375
2024-11-25,DV360-CTV-Reach,Tablet,Programmatic,Awareness,Top,2024,2024-Q4,2024-11,1293.5,61574,26721,183,0,0,19387
2024-11-25,DV360-CTV-Reach,Connected TV,Programmatic,Awareness,Top,2024,2024-Q4,2024-11,980.39,35159,13809,108,0,0,11460
2024-12-02,BR-Search-Brand-Core,Desktop,Google Ads,Conversions,Bottom,2024,2024-Q4,2024-12,2069.97,19302,7558,1824,158,22194.24,0
2024-12-02,BR-Search-Brand-Core,Mobile,Google Ads,Conversions,Bottom,2024,2024-Q4,2024-12,2244.8,20382,8288,1926,138,20012.35,0
2024-12-02,BR-Search-Brand-Core,Tablet,Google Ads,Conversions,Bottom,2024,2024-Q4,2024-12,441.5,4066,1537,364,25,3441.87,0
2024-12-02,BR-Search-Brand-Core,Connected TV,Google Ads,Conversions,Bottom,2024,2024-Q4,2024-12,360.56,2580,1039,226,16,2166.08,0
2024-12-02,NB-Search-Generic-Solutions,Desktop,Google Ads,Conversions,Middle,2024,2024-Q4,2024-12,9436.8,89503,37616,3053,97,23293.48,0
2024-12-02,NB-Search-Generic-Solutions,Mobile,Google Ads,Conversions,Middle,2024,2024-Q4,2024-12,10890.93,100187,43595,3712,101,24931.13,0
2024-12-02,NB-Search-Generic-Solutions,Tablet,Google Ads,Conversions,Middle,2024,2024-Q4,2024-12,2196.4,19649,8900,637,18,4593.11,0
2024-12-02,NB-Search-Generic-Solutions,Connected TV,Google Ads,Conversions,Middle,2024,2024-Q4,2024-12,1663.65,11224,4720,381,10,2496.91,0
2024-12-02,PMax-Retail-Feed,Desktop,Google Ads,Sales,Bottom,2024,2024-Q4,2024-12,8393.81,469549,180395,10307,502,41342.16,0
2024-12-02,PMax-Retail-Feed,Mobile,Google Ads,Sales,Bottom,2024,2024-Q4,2024-12,8997.29,513528,180656,12169,479,38613.28,0
2024-12-02,PMax-Retail-Feed,Tablet,Google Ads,Sales,Bottom,2024,2024-Q4,2024-12,1925.07,110958,47328,2357,97,7775.23,0
2024-12-02,PMax-Retail-Feed,Connected TV,Google Ads,Sales,Bottom,2024,2024-Q4,2024-12,1461.94,61247,26579,1259,51,4341.55,0
2024-12-02,YT-Awareness-InStream,Desktop,Google Ads,Awareness,Top,2024,2024-Q4,2024-12,5206.15,535696,212957,3200,22,4010.41,175243
2024-12-02,YT-Awareness-InStream,Mobile,Google Ads,Awareness,Top,2024,2024-Q4,2024-12,5575.3,563365,232152,3818,22,4221.35,183208
2024-12-02,YT-Awareness-InStream,Tablet,Google Ads,Awareness,Top,2024,2024-Q4,2024-12,1109.68,113403,43818,730,4,742.35,35695
2024-12-02,YT-Awareness-InStream,Connected TV,Google Ads,Awareness,Top,2024,2024-Q4,2024-12,895.72,70999,28776,450,1,174.36,21784
2024-12-02,FB-Prospecting-LAL-3pct,Desktop,Meta Ads,Traffic,Top,2024,2024-Q4,2024-12,6452.48,760819,326389,7419,109,10502.48,0
2024-12-02,FB-Prospecting-LAL-3pct,Mobile,Meta Ads,Traffic,Top,2024,2024-Q4,2024-12,7361.76,849768,372782,8997,113,10726.42,0
2024-12-02,FB-Prospecting-LAL-3pct,Tablet,Meta Ads,Traffic,Top,2024,2024-Q4,2024-12,1484.18,166616,77913,1549,19,1842.04,0
2024-12-02,FB-Prospecting-LAL-3pct,Connected TV,Meta Ads,Traffic,Top,2024,2024-Q4,2024-12,1137.67,95619,41507,928,11,1048.36,0
2024-12-02,IG-Retargeting-Cart-7d,Desktop,Meta Ads,Conversions,Bottom,2024,2024-Q4,2024-12,4713.23,343522,138450,6569,360,31980.17,0
2024-12-02,IG-Retargeting-Cart-7d,Mobile,Meta Ads,Conversions,Bottom,2024,2024-Q4,2024-12,5050.58,372450,138236,8175,367,32199.61,0
2024-12-02,IG-Retargeting-Cart-7d,Tablet,Meta Ads,Conversions,Bottom,2024,2024-Q4,2024-12,1070.51,77042,33888,1495,70,6084.84,0
2024-12-02,IG-Retargeting-Cart-7d,Connected TV,Meta Ads,Conversions,Bottom,2024,2024-Q4,2024-12,820.86,42517,19268,766,36,3215.66,0
2024-12-02,FB-Catalog-DPA-Evergreen,Desktop,Meta Ads,Sales,Bottom,2024,2024-Q4,2024-12,5817.6,585948,243367,8343,361,29755.21,0
2024-12-02,FB-Catalog-DPA-Evergreen,Mobile,Meta Ads,Sales,Bottom,2024,2024-Q4,2024-12,6305.45,618590,269538,9435,337,28449.93,0
2024-12-02,FB-Catalog-DPA-Evergreen,Tablet,Meta Ads,Sales,Bottom,2024,2024-Q4,2024-12,1254.64,125583,49569,1804,63,5109.06,0
2024-12-02,FB-Catalog-DPA-Evergreen,Connected TV,Meta Ads,Sales,Bottom,2024,2024-Q4,2024-12,1013.13,78747,33724,1113,40,3322.59,0
2024-12-02,LI-ABM-Enterprise-Tier1,Desktop,LinkedIn Ads,Leads,Middle,2024,2024-Q4,2024-12,7353.74,150763,65836,810,18,15148.02,0
2024-12-02,LI-ABM-Enterprise-Tier1,Mobile,LinkedIn Ads,Leads,Middle,2024,2024-Q4,2024-12,8501.75,176303,71550,1030,20,16576.27,0
2024-12-02,LI-ABM-Enterprise-Tier1,Tablet,LinkedIn Ads,Leads,Middle,2024,2024-Q4,2024-12,1692.36,34166,14448,176,4,3296.16,0
2024-12-02,LI-ABM-Enterprise-Tier1,Connected TV,LinkedIn Ads,Leads,Middle,2024,2024-Q4,2024-12,1296.83,19691,8589,105,0,0,0
2024-12-02,LI-Content-Whitepaper,Desktop,LinkedIn Ads,Leads,Middle,2024,2024-Q4,2024-12,3353.13,71765,29453,516,11,4776.51,0
2024-12-02,LI-Content-Whitepaper,Mobile,LinkedIn Ads,Leads,Middle,2024,2024-Q4,2024-12,3547.27,77276,29130,632,11,4665.66,0
2024-12-02,LI-Content-Whitepaper,Tablet,LinkedIn Ads,Leads,Middle,2024,2024-Q4,2024-12,761.68,16703,7653,122,0,0,0
2024-12-02,LI-Content-Whitepaper,Connected TV,LinkedIn Ads,Leads,Middle,2024,2024-Q4,2024-12,576.84,9095,4274,61,0,0,0
2024-12-02,TT-Spark-Creator-UGC,Desktop,TikTok Ads,Awareness,Top,2024,2024-Q4,2024-12,4253.94,688312,266480,7668,77,5559.67,217212
2024-12-02,TT-Spark-Creator-UGC,Mobile,TikTok Ads,Awareness,Top,2024,2024-Q4,2024-12,4226.14,672861,307688,7956,70,5193.06,221857
2024-12-02,TT-Spark-Creator-UGC,Tablet,TikTok Ads,Awareness,Top,2024,2024-Q4,2024-12,840.33,135339,56761,1529,13,950.66,43158
2024-12-02,TT-Spark-Creator-UGC,Connected TV,TikTok Ads,Awareness,Top,2024,2024-Q4,2024-12,687.9,83285,36546,923,7,513.58,26175
2024-12-02,DV360-Display-Retarget,Desktop,Programmatic,Conversions,Middle,2024,2024-Q4,2024-12,4494.11,867277,344756,4022,80,11774.43,0
2024-12-02,DV360-Display-Retarget,Mobile,Programmatic,Conversions,Middle,2024,2024-Q4,2024-12,5199.02,1014791,418341,5109,88,12844.01,0
2024-12-02,DV360-Display-Retarget,Tablet,Programmatic,Conversions,Middle,2024,2024-Q4,2024-12,1115.21,213300,81830,1006,18,2687.4,0
2024-12-02,DV360-Display-Retarget,Connected TV,Programmatic,Conversions,Middle,2024,2024-Q4,2024-12,855.29,122308,48507,563,10,1491.09,0
2024-12-02,DV360-CTV-Reach,Desktop,Programmatic,Awareness,Top,2024,2024-Q4,2024-12,5464.53,260882,109291,781,4,3187.56,83087
2024-12-02,DV360-CTV-Reach,Mobile,Programmatic,Awareness,Top,2024,2024-Q4,2024-12,5849.92,282376,109497,971,4,3115.64,87123
2024-12-02,DV360-CTV-Reach,Tablet,Programmatic,Awareness,Top,2024,2024-Q4,2024-12,1241.55,60505,24858,184,0,0,18547
2024-12-02,DV360-CTV-Reach,Connected TV,Programmatic,Awareness,Top,2024,2024-Q4,2024-12,1012.5,35458,15075,99,0,0,11287
2024-12-09,BR-Search-Brand-Core,Desktop,Google Ads,Conversions,Bottom,2024,2024-Q4,2024-12,2013.92,18259,7782,1668,148,21337.89,0
2024-12-09,BR-Search-Brand-Core,Mobile,Google Ads,Conversions,Bottom,2024,2024-Q4,2024-12,2182.44,20212,8751,2015,149,21201.37,0
2024-12-09,BR-Search-Brand-Core,Tablet,Google Ads,Conversions,Bottom,2024,2024-Q4,2024-12,468.51,4219,1706,367,26,3787.9,0
2024-12-09,BR-Search-Brand-Core,Connected TV,Google Ads,Conversions,Bottom,2024,2024-Q4,2024-12,354.92,2391,866,217,15,2162.12,0
2024-12-09,NB-Search-Generic-Solutions,Desktop,Google Ads,Conversions,Middle,2024,2024-Q4,2024-12,10007.84,92881,35974,3065,100,24689.73,0
2024-12-09,NB-Search-Generic-Solutions,Mobile,Google Ads,Conversions,Middle,2024,2024-Q4,2024-12,10727.35,100667,36356,3806,101,24649.78,0
2024-12-09,NB-Search-Generic-Solutions,Tablet,Google Ads,Conversions,Middle,2024,2024-Q4,2024-12,2110.05,20192,7510,683,19,4550.28,0
2024-12-09,NB-Search-Generic-Solutions,Connected TV,Google Ads,Conversions,Middle,2024,2024-Q4,2024-12,1616.48,11166,4919,373,11,2683.99,0
2024-12-09,PMax-Retail-Feed,Desktop,Google Ads,Sales,Bottom,2024,2024-Q4,2024-12,8685.21,498532,202541,9964,489,39444.24,0
2024-12-09,PMax-Retail-Feed,Mobile,Google Ads,Sales,Bottom,2024,2024-Q4,2024-12,9422.99,527065,225225,12017,461,37817.56,0
2024-12-09,PMax-Retail-Feed,Tablet,Google Ads,Sales,Bottom,2024,2024-Q4,2024-12,1740.3,98923,38928,2134,82,6616.41,0
2024-12-09,PMax-Retail-Feed,Connected TV,Google Ads,Sales,Bottom,2024,2024-Q4,2024-12,1422.82,60837,25639,1291,51,4092.32,0
2024-12-09,YT-Awareness-InStream,Desktop,Google Ads,Awareness,Top,2024,2024-Q4,2024-12,5399.59,540243,211839,3279,23,4298.46,171663
2024-12-09,YT-Awareness-InStream,Mobile,Google Ads,Awareness,Top,2024,2024-Q4,2024-12,5844.08,597397,240383,3968,23,4197.95,183067
2024-12-09,YT-Awareness-InStream,Tablet,Google Ads,Awareness,Top,2024,2024-Q4,2024-12,1178.34,117103,48030,687,4,727.22,37604
2024-12-09,YT-Awareness-InStream,Connected TV,Google Ads,Awareness,Top,2024,2024-Q4,2024-12,949.58,71022,26562,458,1,179.63,22236
2024-12-09,FB-Prospecting-LAL-3pct,Desktop,Meta Ads,Traffic,Top,2024,2024-Q4,2024-12,6847.14,786011,308786,7404,112,10648.13,0
2024-12-09,FB-Prospecting-LAL-3pct,Mobile,Meta Ads,Traffic,Top,2024,2024-Q4,2024-12,7247.01,848774,313550,9720,118,11464.58,0
2024-12-09,FB-Prospecting-LAL-3pct,Tablet,Meta Ads,Traffic,Top,2024,2024-Q4,2024-12,1555.24,184040,71164,1885,24,2226.11,0
2024-12-09,FB-Prospecting-LAL-3pct,Connected TV,Meta Ads,Traffic,Top,2024,2024-Q4,2024-12,1178.1,101175,39873,1026,14,1319.32,0
2024-12-09,IG-Retargeting-Cart-7d,Desktop,Meta Ads,Conversions,Bottom,2024,2024-Q4,2024-12,4878.35,361411,149801,6774,378,32037.27,0
2024-12-09,IG-Retargeting-Cart-7d,Mobile,Meta Ads,Conversions,Bottom,2024,2024-Q4,2024-12,5229.41,379353,163519,7624,327,28336.07,0
2024-12-09,IG-Retargeting-Cart-7d,Tablet,Meta Ads,Conversions,Bottom,2024,2024-Q4,2024-12,976.11,71887,29157,1364,57,4821.95,0
2024-12-09,IG-Retargeting-Cart-7d,Connected TV,Meta Ads,Conversions,Bottom,2024,2024-Q4,2024-12,798.55,43832,18806,816,36,3040.3,0
2024-12-09,FB-Catalog-DPA-Evergreen,Desktop,Meta Ads,Sales,Bottom,2024,2024-Q4,2024-12,6098.82,624465,255391,9045,403,32765.82,0
2024-12-09,FB-Catalog-DPA-Evergreen,Mobile,Meta Ads,Sales,Bottom,2024,2024-Q4,2024-12,7024.95,725281,302496,11423,439,35479.05,0
2024-12-09,FB-Catalog-DPA-Evergreen,Tablet,Meta Ads,Sales,Bottom,2024,2024-Q4,2024-12,1400.99,142011,60684,1998,76,6238.91,0
2024-12-09,FB-Catalog-DPA-Evergreen,Connected TV,Meta Ads,Sales,Bottom,2024,2024-Q4,2024-12,1074.57,81369,31786,1191,43,3501.59,0
2024-12-09,LI-ABM-Enterprise-Tier1,Desktop,LinkedIn Ads,Leads,Middle,2024,2024-Q4,2024-12,7812.56,155528,64200,863,23,19761.96,0
2024-12-09,LI-ABM-Enterprise-Tier1,Mobile,LinkedIn Ads,Leads,Middle,2024,2024-Q4,2024-12,8367.06,168445,63309,1073,23,18762.67,0
2024-12-09,LI-ABM-Enterprise-Tier1,Tablet,LinkedIn Ads,Leads,Middle,2024,2024-Q4,2024-12,1774.89,38012,14882,215,6,5003.99,0
2024-12-09,LI-ABM-Enterprise-Tier1,Connected TV,LinkedIn Ads,Leads,Middle,2024,2024-Q4,2024-12,1360.49,20996,8677,118,0,0,0
2024-12-09,LI-Content-Whitepaper,Desktop,LinkedIn Ads,Leads,Middle,2024,2024-Q4,2024-12,3437.21,77978,33046,548,11,4690.94,0
2024-12-09,LI-Content-Whitepaper,Mobile,LinkedIn Ads,Leads,Middle,2024,2024-Q4,2024-12,3720.28,82250,37466,620,9,3930.37,0
2024-12-09,LI-Content-Whitepaper,Tablet,LinkedIn Ads,Leads,Middle,2024,2024-Q4,2024-12,685.88,15419,6292,111,0,0,0
2024-12-09,LI-Content-Whitepaper,Connected TV,LinkedIn Ads,Leads,Middle,2024,2024-Q4,2024-12,560.66,9070,3944,64,0,0,0
2024-12-09,TT-Spark-Creator-UGC,Desktop,TikTok Ads,Awareness,Top,2024,2024-Q4,2024-12,4093.01,677318,278419,7738,80,5697.37,206569
2024-12-09,TT-Spark-Creator-UGC,Mobile,TikTok Ads,Awareness,Top,2024,2024-Q4,2024-12,4719.87,793604,342537,9747,87,6095.84,235868
2024-12-09,TT-Spark-Creator-UGC,Tablet,TikTok Ads,Awareness,Top,2024,2024-Q4,2024-12,951.99,155856,68507,1722,15,1069,48447
2024-12-09,TT-Spark-Creator-UGC,Connected TV,TikTok Ads,Awareness,Top,2024,2024-Q4,2024-12,721.32,85823,35393,972,10,743.43,27895
2024-12-09,DV360-Display-Retarget,Desktop,Programmatic,Conversions,Middle,2024,2024-Q4,2024-12,4777.68,900255,386854,4303,86,13401.99,0
2024-12-09,DV360-Display-Retarget,Mobile,Programmatic,Conversions,Middle,2024,2024-Q4,2024-12,5050.05,932651,368799,5080,88,13095.6,0
2024-12-09,DV360-Display-Retarget,Tablet,Programmatic,Conversions,Middle,2024,2024-Q4,2024-12,1085.55,210828,87284,1028,18,2635.7,0
2024-12-09,DV360-Display-Retarget,Connected TV,Programmatic,Conversions,Middle,2024,2024-Q4,2024-12,884.93,123959,52456,597,11,1662.76,0
2024-12-09,DV360-CTV-Reach,Desktop,Programmatic,Awareness,Top,2024,2024-Q4,2024-12,5661.04,272929,122555,800,4,3200.85,84067
2024-12-09,DV360-CTV-Reach,Mobile,Programmatic,Awareness,Top,2024,2024-Q4,2024-12,6137.69,291025,135548,914,3,2358.66,93724
2024-12-09,DV360-CTV-Reach,Tablet,Programmatic,Awareness,Top,2024,2024-Q4,2024-12,1221.63,58431,21739,173,0,0,18276
2024-12-09,DV360-CTV-Reach,Connected TV,Programmatic,Awareness,Top,2024,2024-Q4,2024-12,924.44,33149,13011,97,0,0,10167
2024-12-16,BR-Search-Brand-Core,Desktop,Google Ads,Conversions,Bottom,2024,2024-Q4,2024-12,1985.97,18415,8269,1756,147,21452.96,0
2024-12-16,BR-Search-Brand-Core,Mobile,Google Ads,Conversions,Bottom,2024,2024-Q4,2024-12,2266.48,20582,8738,2067,148,21291.81,0
2024-12-16,BR-Search-Brand-Core,Tablet,Google Ads,Conversions,Bottom,2024,2024-Q4,2024-12,486.07,4436,1927,400,31,4298.47,0
2024-12-16,BR-Search-Brand-Core,Connected TV,Google Ads,Conversions,Bottom,2024,2024-Q4,2024-12,368.34,2544,1121,228,15,2102.22,0
2024-12-16,NB-Search-Generic-Solutions,Desktop,Google Ads,Conversions,Middle,2024,2024-Q4,2024-12,9760.49,88510,36426,3069,99,24771.52,0
2024-12-16,NB-Search-Generic-Solutions,Mobile,Google Ads,Conversions,Middle,2024,2024-Q4,2024-12,10449.43,96504,41003,3590,94,24051.14,0
2024-12-16,NB-Search-Generic-Solutions,Tablet,Google Ads,Conversions,Middle,2024,2024-Q4,2024-12,2079.46,19429,7830,679,17,4270.64,0
2024-12-16,NB-Search-Generic-Solutions,Connected TV,Google Ads,Conversions,Middle,2024,2024-Q4,2024-12,1699.97,11893,4983,410,11,2766.08,0
2024-12-16,PMax-Retail-Feed,Desktop,Google Ads,Sales,Bottom,2024,2024-Q4,2024-12,7958.31,448963,172069,9296,422,34482.4,0
2024-12-16,PMax-Retail-Feed,Mobile,Google Ads,Sales,Bottom,2024,2024-Q4,2024-12,9195.22,524673,208670,11819,468,37886.1,0
2024-12-16,PMax-Retail-Feed,Tablet,Google Ads,Sales,Bottom,2024,2024-Q4,2024-12,1830.97,102249,48466,2016,81,6685.01,0
2024-12-16,PMax-Retail-Feed,Connected TV,Google Ads,Sales,Bottom,2024,2024-Q4,2024-12,1403.38,58638,25349,1207,48,3916.49,0
2024-12-16,YT-Awareness-InStream,Desktop,Google Ads,Awareness,Top,2024,2024-Q4,2024-12,4936.87,491590,223527,3111,22,4098.85,158116
2024-12-16,YT-Awareness-InStream,Mobile,Google Ads,Awareness,Top,2024,2024-Q4,2024-12,5698.61,573117,246508,3877,21,3885.54,181237
2024-12-16,YT-Awareness-InStream,Tablet,Google Ads,Awareness,Top,2024,2024-Q4,2024-12,1210.66,123524,55668,741,6,1051.99,36325
2024-12-16,YT-Awareness-InStream,Connected TV,Google Ads,Awareness,Top,2024,2024-Q4,2024-12,926.35,71016,28928,422,0,0,21411
2024-12-16,FB-Prospecting-LAL-3pct,Desktop,Meta Ads,Traffic,Top,2024,2024-Q4,2024-12,6591.97,749315,320238,7335,113,10890.1,0
2024-12-16,FB-Prospecting-LAL-3pct,Mobile,Meta Ads,Traffic,Top,2024,2024-Q4,2024-12,7143.63,788438,355971,8244,105,10369.76,0
2024-12-16,FB-Prospecting-LAL-3pct,Tablet,Meta Ads,Traffic,Top,2024,2024-Q4,2024-12,1516.74,168831,69667,1677,21,2054.86,0
2024-12-16,FB-Prospecting-LAL-3pct,Connected TV,Meta Ads,Traffic,Top,2024,2024-Q4,2024-12,1236.79,103394,40647,997,12,1148.31,0
2024-12-16,IG-Retargeting-Cart-7d,Desktop,Meta Ads,Conversions,Bottom,2024,2024-Q4,2024-12,4759.38,346213,136956,6254,342,29666.34,0
2024-12-16,IG-Retargeting-Cart-7d,Mobile,Meta Ads,Conversions,Bottom,2024,2024-Q4,2024-12,5485.49,403149,149290,8362,393,33574.79,0
2024-12-16,IG-Retargeting-Cart-7d,Tablet,Meta Ads,Conversions,Bottom,2024,2024-Q4,2024-12,1106.49,79491,34401,1467,70,6127.25,0
2024-12-16,IG-Retargeting-Cart-7d,Connected TV,Meta Ads,Conversions,Bottom,2024,2024-Q4,2024-12,838.69,45172,17608,807,38,3307.17,0
2024-12-16,FB-Catalog-DPA-Evergreen,Desktop,Meta Ads,Sales,Bottom,2024,2024-Q4,2024-12,6017.92,606626,248963,8624,376,31113.74,0
2024-12-16,FB-Catalog-DPA-Evergreen,Mobile,Meta Ads,Sales,Bottom,2024,2024-Q4,2024-12,6364.12,650780,248043,9813,344,28035.78,0
2024-12-16,FB-Catalog-DPA-Evergreen,Tablet,Meta Ads,Sales,Bottom,2024,2024-Q4,2024-12,1367.22,140666,57470,1898,69,5402.35,0
2024-12-16,FB-Catalog-DPA-Evergreen,Connected TV,Meta Ads,Sales,Bottom,2024,2024-Q4,2024-12,1114.38,86540,35733,1160,45,3624.42,0
2024-12-16,LI-ABM-Enterprise-Tier1,Desktop,LinkedIn Ads,Leads,Middle,2024,2024-Q4,2024-12,8108.29,164513,72324,892,21,17665.7,0
2024-12-16,LI-ABM-Enterprise-Tier1,Mobile,LinkedIn Ads,Leads,Middle,2024,2024-Q4,2024-12,8792.85,175048,79880,1008,20,17316.01,0
2024-12-16,LI-ABM-Enterprise-Tier1,Tablet,LinkedIn Ads,Leads,Middle,2024,2024-Q4,2024-12,1751.34,35181,14941,192,4,3250.07,0
2024-12-16,LI-ABM-Enterprise-Tier1,Connected TV,LinkedIn Ads,Leads,Middle,2024,2024-Q4,2024-12,1428.8,21443,8537,114,0,0,0
2024-12-16,LI-Content-Whitepaper,Desktop,LinkedIn Ads,Leads,Middle,2024,2024-Q4,2024-12,3392.18,75153,27060,545,10,4203.95,0
2024-12-16,LI-Content-Whitepaper,Mobile,LinkedIn Ads,Leads,Middle,2024,2024-Q4,2024-12,3904.17,87347,32789,688,11,4561.64,0
2024-12-16,LI-Content-Whitepaper,Tablet,LinkedIn Ads,Leads,Middle,2024,2024-Q4,2024-12,779.56,17112,7501,127,0,0,0
2024-12-16,LI-Content-Whitepaper,Connected TV,LinkedIn Ads,Leads,Middle,2024,2024-Q4,2024-12,596.64,9796,3985,71,0,0,0
2024-12-16,TT-Spark-Creator-UGC,Desktop,TikTok Ads,Awareness,Top,2024,2024-Q4,2024-12,4036.32,659089,274150,7301,74,5546.9,221208
2024-12-16,TT-Spark-Creator-UGC,Mobile,TikTok Ads,Awareness,Top,2024,2024-Q4,2024-12,4319.97,713478,278109,9095,75,5547.43,235382
2024-12-16,TT-Spark-Creator-UGC,Tablet,TikTok Ads,Awareness,Top,2024,2024-Q4,2024-12,917.24,152651,62765,1723,13,930.95,46930
2024-12-16,TT-Spark-Creator-UGC,Connected TV,TikTok Ads,Awareness,Top,2024,2024-Q4,2024-12,748.48,93637,39948,1047,9,626.39,29621
2024-12-16,DV360-Display-Retarget,Desktop,Programmatic,Conversions,Middle,2024,2024-Q4,2024-12,4900.23,948229,420271,4448,91,13404.27,0
2024-12-16,DV360-Display-Retarget,Mobile,Programmatic,Conversions,Middle,2024,2024-Q4,2024-12,5312.31,999669,472531,4985,83,12475.48,0
2024-12-16,DV360-Display-Retarget,Tablet,Programmatic,Conversions,Middle,2024,2024-Q4,2024-12,1070.84,203685,89314,965,15,2232.99,0
2024-12-16,DV360-Display-Retarget,Connected TV,Programmatic,Conversions,Middle,2024,2024-Q4,2024-12,863.66,123560,51012,603,10,1474.64,0
2024-12-16,DV360-CTV-Reach,Desktop,Programmatic,Awareness,Top,2024,2024-Q4,2024-12,5585.31,274603,102794,880,5,4081.85,87807
2024-12-16,DV360-CTV-Reach,Mobile,Programmatic,Awareness,Top,2024,2024-Q4,2024-12,6367.67,305476,120687,1047,5,3964.77,96121
2024-12-16,DV360-CTV-Reach,Tablet,Programmatic,Awareness,Top,2024,2024-Q4,2024-12,1283.9,59841,27402,185,0,0,19489
2024-12-16,DV360-CTV-Reach,Connected TV,Programmatic,Awareness,Top,2024,2024-Q4,2024-12,972.23,34180,14202,102,0,0,11675
2024-12-23,BR-Search-Brand-Core,Desktop,Google Ads,Conversions,Bottom,2024,2024-Q4,2024-12,2065.69,19575,7953,1804,154,21367.01,0
2024-12-23,BR-Search-Brand-Core,Mobile,Google Ads,Conversions,Bottom,2024,2024-Q4,2024-12,2239.13,20651,8845,2040,144,20347.9,0
2024-12-23,BR-Search-Brand-Core,Tablet,Google Ads,Conversions,Bottom,2024,2024-Q4,2024-12,445.58,4193,1663,393,28,3910.83,0
2024-12-23,BR-Search-Brand-Core,Connected TV,Google Ads,Conversions,Bottom,2024,2024-Q4,2024-12,359.81,2523,1065,229,16,2295.8,0
2024-12-23,NB-Search-Generic-Solutions,Desktop,Google Ads,Conversions,Middle,2024,2024-Q4,2024-12,10269.75,98940,39418,3492,116,27776.27,0
2024-12-23,NB-Search-Generic-Solutions,Mobile,Google Ads,Conversions,Middle,2024,2024-Q4,2024-12,11689.57,109548,45024,4172,117,28489.99,0
2024-12-23,NB-Search-Generic-Solutions,Tablet,Google Ads,Conversions,Middle,2024,2024-Q4,2024-12,2358.36,21522,9004,737,19,4744.79,0
2024-12-23,NB-Search-Generic-Solutions,Connected TV,Google Ads,Conversions,Middle,2024,2024-Q4,2024-12,1658.92,11458,5013,409,10,2524.81,0
2024-12-23,PMax-Retail-Feed,Desktop,Google Ads,Sales,Bottom,2024,2024-Q4,2024-12,8482.97,485149,195244,10417,497,39999.72,0
2024-12-23,PMax-Retail-Feed,Mobile,Google Ads,Sales,Bottom,2024,2024-Q4,2024-12,8976.46,524573,193601,12787,492,40218.3,0
2024-12-23,PMax-Retail-Feed,Tablet,Google Ads,Sales,Bottom,2024,2024-Q4,2024-12,1927.1,113541,45146,2479,98,7994.27,0
2024-12-23,PMax-Retail-Feed,Connected TV,Google Ads,Sales,Bottom,2024,2024-Q4,2024-12,1477.31,62731,25397,1347,54,4528.25,0
2024-12-23,YT-Awareness-InStream,Desktop,Google Ads,Awareness,Top,2024,2024-Q4,2024-12,5203.59,547462,233729,3403,23,4261.86,173207
2024-12-23,YT-Awareness-InStream,Mobile,Google Ads,Awareness,Top,2024,2024-Q4,2024-12,5567.49,570962,253558,3776,22,4170.92,188300
2024-12-23,YT-Awareness-InStream,Tablet,Google Ads,Awareness,Top,2024,2024-Q4,2024-12,1107.24,110732,45115,696,4,717.15,35327
2024-12-23,YT-Awareness-InStream,Connected TV,Google Ads,Awareness,Top,2024,2024-Q4,2024-12,904.51,67554,29076,415,0,0,21251
2024-12-23,FB-Prospecting-LAL-3pct,Desktop,Meta Ads,Traffic,Top,2024,2024-Q4,2024-12,6942.41,800056,326012,7989,119,11245.17,0
2024-12-23,FB-Prospecting-LAL-3pct,Mobile,Meta Ads,Traffic,Top,2024,2024-Q4,2024-12,8001.03,932267,393759,10119,132,12376.44,0
2024-12-23,FB-Prospecting-LAL-3pct,Tablet,Meta Ads,Traffic,Top,2024,2024-Q4,2024-12,1595.04,182406,78947,1754,21,2004.4,0
2024-12-23,FB-Prospecting-LAL-3pct,Connected TV,Meta Ads,Traffic,Top,2024,2024-Q4,2024-12,1133.88,93647,42803,946,10,975.24,0
2024-12-23,IG-Retargeting-Cart-7d,Desktop,Meta Ads,Conversions,Bottom,2024,2024-Q4,2024-12,4703.84,337505,143717,6251,351,30718.51,0
2024-12-23,IG-Retargeting-Cart-7d,Mobile,Meta Ads,Conversions,Bottom,2024,2024-Q4,2024-12,5036.67,365660,142716,7796,341,29332,0
2024-12-23,IG-Retargeting-Cart-7d,Tablet,Meta Ads,Conversions,Bottom,2024,2024-Q4,2024-12,1068.83,78598,31925,1498,67,5748.52,0
2024-12-23,IG-Retargeting-Cart-7d,Connected TV,Meta Ads,Conversions,Bottom,2024,2024-Q4,2024-12,819.13,43341,18600,811,35,3048.72,0
2024-12-23,FB-Catalog-DPA-Evergreen,Desktop,Meta Ads,Sales,Bottom,2024,2024-Q4,2024-12,6254.46,640091,279996,8919,397,32638.83,0
2024-12-23,FB-Catalog-DPA-Evergreen,Mobile,Meta Ads,Sales,Bottom,2024,2024-Q4,2024-12,6781.96,677866,276705,10008,368,30829.91,0
2024-12-23,FB-Catalog-DPA-Evergreen,Tablet,Meta Ads,Sales,Bottom,2024,2024-Q4,2024-12,1350.99,136442,49863,1918,70,5797.13,0
2024-12-23,FB-Catalog-DPA-Evergreen,Connected TV,Meta Ads,Sales,Bottom,2024,2024-Q4,2024-12,1009.77,76764,30060,1054,38,3087.37,0
2024-12-23,LI-ABM-Enterprise-Tier1,Desktop,LinkedIn Ads,Leads,Middle,2024,2024-Q4,2024-12,8017.55,165969,60429,917,22,18287.12,0
2024-12-23,LI-ABM-Enterprise-Tier1,Mobile,LinkedIn Ads,Leads,Middle,2024,2024-Q4,2024-12,9137.4,191890,73466,1142,24,19625.37,0
2024-12-23,LI-ABM-Enterprise-Tier1,Tablet,LinkedIn Ads,Leads,Middle,2024,2024-Q4,2024-12,1842.46,37758,14888,202,5,4100.77,0
2024-12-23,LI-ABM-Enterprise-Tier1,Connected TV,LinkedIn Ads,Leads,Middle,2024,2024-Q4,2024-12,1395.78,20817,9695,115,1,790.13,0
2024-12-23,LI-Content-Whitepaper,Desktop,LinkedIn Ads,Leads,Middle,2024,2024-Q4,2024-12,3567.83,77454,33424,540,12,5144.22,0
2024-12-23,LI-Content-Whitepaper,Mobile,LinkedIn Ads,Leads,Middle,2024,2024-Q4,2024-12,3824.55,84529,33642,674,10,4187.32,0
2024-12-23,LI-Content-Whitepaper,Tablet,LinkedIn Ads,Leads,Middle,2024,2024-Q4,2024-12,761.68,17065,7266,123,0,0,0
2024-12-23,LI-Content-Whitepaper,Connected TV,LinkedIn Ads,Leads,Middle,2024,2024-Q4,2024-12,614.15,9870,4297,69,0,0,0
2024-12-23,TT-Spark-Creator-UGC,Desktop,TikTok Ads,Awareness,Top,2024,2024-Q4,2024-12,4248.84,701898,285069,7620,82,5833.97,213794
2024-12-23,TT-Spark-Creator-UGC,Mobile,TikTok Ads,Awareness,Top,2024,2024-Q4,2024-12,4849.57,777666,324287,9007,81,5938.69,249223
2024-12-23,TT-Spark-Creator-UGC,Tablet,TikTok Ads,Awareness,Top,2024,2024-Q4,2024-12,976.55,159347,60102,1854,17,1224.85,49590
2024-12-23,TT-Spark-Creator-UGC,Connected TV,TikTok Ads,Awareness,Top,2024,2024-Q4,2024-12,740.23,90487,32226,1040,9,650.4,27610
2024-12-23,DV360-Display-Retarget,Desktop,Programmatic,Conversions,Middle,2024,2024-Q4,2024-12,4842.57,950886,354209,4828,96,14482.84,0
2024-12-23,DV360-Display-Retarget,Mobile,Programmatic,Conversions,Middle,2024,2024-Q4,2024-12,5590.35,1109073,432750,6089,105,15699.97,0
2024-12-23,DV360-Display-Retarget,Tablet,Programmatic,Conversions,Middle,2024,2024-Q4,2024-12,1113.42,216403,86068,1063,19,2779.95,0
2024-12-23,DV360-Display-Retarget,Connected TV,Programmatic,Conversions,Middle,2024,2024-Q4,2024-12,853.52,119619,50099,572,10,1507.04,0
2024-12-23,DV360-CTV-Reach,Desktop,Programmatic,Awareness,Top,2024,2024-Q4,2024-12,5807.39,280830,122247,819,5,4004.67,87003
2024-12-23,DV360-CTV-Reach,Mobile,Programmatic,Awareness,Top,2024,2024-Q4,2024-12,6298.08,307807,127712,1027,5,3896.9,99989
2024-12-23,DV360-CTV-Reach,Tablet,Programmatic,Awareness,Top,2024,2024-Q4,2024-12,1253.92,62408,26995,198,0,0,19913
2024-12-23,DV360-CTV-Reach,Connected TV,Programmatic,Awareness,Top,2024,2024-Q4,2024-12,1011.46,36210,16104,112,0,0,11095
2024-12-30,BR-Search-Brand-Core,Desktop,Google Ads,Conversions,Bottom,2024,2024-Q4,2024-12,1769.37,16290,6509,1545,135,19123.16,0
2024-12-30,BR-Search-Brand-Core,Mobile,Google Ads,Conversions,Bottom,2024,2024-Q4,2024-12,2051.36,19179,8079,1842,138,19344.9,0
2024-12-30,BR-Search-Brand-Core,Tablet,Google Ads,Conversions,Bottom,2024,2024-Q4,2024-12,414.34,3779,1661,316,23,3302.14,0
2024-12-30,BR-Search-Brand-Core,Connected TV,Google Ads,Conversions,Bottom,2024,2024-Q4,2024-12,293.77,1995,766,178,13,1848.49,0
2024-12-30,NB-Search-Generic-Solutions,Desktop,Google Ads,Conversions,Middle,2024,2024-Q4,2024-12,8235.16,77061,31610,2469,80,19688.74,0
2024-12-30,NB-Search-Generic-Solutions,Mobile,Google Ads,Conversions,Middle,2024,2024-Q4,2024-12,8729.72,83293,31516,3082,80,19117.09,0
2024-12-30,NB-Search-Generic-Solutions,Tablet,Google Ads,Conversions,Middle,2024,2024-Q4,2024-12,1866.68,18225,7083,603,15,3534.63,0
2024-12-30,NB-Search-Generic-Solutions,Connected TV,Google Ads,Conversions,Middle,2024,2024-Q4,2024-12,1448.49,10185,4141,352,10,2428.45,0
2024-12-30,PMax-Retail-Feed,Desktop,Google Ads,Sales,Bottom,2024,2024-Q4,2024-12,7182.74,406082,173435,8543,416,33874.23,0
2024-12-30,PMax-Retail-Feed,Mobile,Google Ads,Sales,Bottom,2024,2024-Q4,2024-12,7703.66,421950,191948,9336,369,30964.24,0
2024-12-30,PMax-Retail-Feed,Tablet,Google Ads,Sales,Bottom,2024,2024-Q4,2024-12,1541.81,84680,35155,1788,70,5850.96,0
2024-12-30,PMax-Retail-Feed,Connected TV,Google Ads,Sales,Bottom,2024,2024-Q4,2024-12,1247.62,52024,20103,1138,45,3565.24,0
2024-12-30,YT-Awareness-InStream,Desktop,Google Ads,Awareness,Top,2024,2024-Q4,2024-12,4462.86,456699,185318,2934,19,3468.71,148821
2024-12-30,YT-Awareness-InStream,Mobile,Google Ads,Awareness,Top,2024,2024-Q4,2024-12,5122.25,535862,228663,3636,20,3736.96,169921
2024-12-30,YT-Awareness-InStream,Tablet,Google Ads,Awareness,Top,2024,2024-Q4,2024-12,1045.45,105985,48104,638,4,761.84,33116
2024-12-30,YT-Awareness-InStream,Connected TV,Google Ads,Awareness,Top,2024,2024-Q4,2024-12,784.68,59508,24090,374,0,0,18452
2024-12-30,FB-Prospecting-LAL-3pct,Desktop,Meta Ads,Traffic,Top,2024,2024-Q4,2024-12,5638.45,657625,280503,6407,95,9248.52,0
2024-12-30,FB-Prospecting-LAL-3pct,Mobile,Meta Ads,Traffic,Top,2024,2024-Q4,2024-12,5916.22,670930,256695,7487,89,8580.06,0
2024-12-30,FB-Prospecting-LAL-3pct,Tablet,Meta Ads,Traffic,Top,2024,2024-Q4,2024-12,1278.2,147698,59185,1488,19,1795.11,0
2024-12-30,FB-Prospecting-LAL-3pct,Connected TV,Meta Ads,Traffic,Top,2024,2024-Q4,2024-12,982.52,85436,35120,849,11,1024.48,0
2024-12-30,IG-Retargeting-Cart-7d,Desktop,Meta Ads,Conversions,Bottom,2024,2024-Q4,2024-12,4037.6,294281,129963,5374,297,25379.15,0
2024-12-30,IG-Retargeting-Cart-7d,Mobile,Meta Ads,Conversions,Bottom,2024,2024-Q4,2024-12,4280.99,302183,140171,5869,264,23254.6,0
2024-12-30,IG-Retargeting-Cart-7d,Tablet,Meta Ads,Conversions,Bottom,2024,2024-Q4,2024-12,852.99,60936,26174,1120,49,4280.05,0
2024-12-30,IG-Retargeting-Cart-7d,Connected TV,Meta Ads,Conversions,Bottom,2024,2024-Q4,2024-12,701.29,37664,15018,723,33,2851.61,0
2024-12-30,FB-Catalog-DPA-Evergreen,Desktop,Meta Ads,Sales,Bottom,2024,2024-Q4,2024-12,4969.62,502406,212022,7537,325,26716.68,0
2024-12-30,FB-Catalog-DPA-Evergreen,Mobile,Meta Ads,Sales,Bottom,2024,2024-Q4,2024-12,5771.52,589278,260591,8973,336,27492.37,0
2024-12-30,FB-Catalog-DPA-Evergreen,Tablet,Meta Ads,Sales,Bottom,2024,2024-Q4,2024-12,1165.39,115983,53387,1551,58,4895.34,0
2024-12-30,FB-Catalog-DPA-Evergreen,Connected TV,Meta Ads,Sales,Bottom,2024,2024-Q4,2024-12,883.63,67969,28837,959,35,2912.06,0
2024-12-30,LI-ABM-Enterprise-Tier1,Desktop,LinkedIn Ads,Leads,Middle,2024,2024-Q4,2024-12,6417.5,130264,56720,705,17,14886.51,0
2024-12-30,LI-ABM-Enterprise-Tier1,Mobile,LinkedIn Ads,Leads,Middle,2024,2024-Q4,2024-12,6794.21,138604,56206,860,17,14784.01,0
2024-12-30,LI-ABM-Enterprise-Tier1,Tablet,LinkedIn Ads,Leads,Middle,2024,2024-Q4,2024-12,1477.34,29702,12376,167,3,2607.8,0
2024-12-30,LI-ABM-Enterprise-Tier1,Connected TV,LinkedIn Ads,Leads,Middle,2024,2024-Q4,2024-12,1129.1,17120,7541,94,0,0,0
2024-12-30,LI-Content-Whitepaper,Desktop,LinkedIn Ads,Leads,Middle,2024,2024-Q4,2024-12,2880.71,64099,25058,438,9,3805.18,0
2024-12-30,LI-Content-Whitepaper,Mobile,LinkedIn Ads,Leads,Middle,2024,2024-Q4,2024-12,3053.24,66207,27612,481,8,3475.08,0
2024-12-30,LI-Content-Whitepaper,Tablet,LinkedIn Ads,Leads,Middle,2024,2024-Q4,2024-12,608.24,13231,5771,92,0,0,0
2024-12-30,LI-Content-Whitepaper,Connected TV,LinkedIn Ads,Leads,Middle,2024,2024-Q4,2024-12,494.76,8151,3318,58,0,0,0
2024-12-30,TT-Spark-Creator-UGC,Desktop,TikTok Ads,Awareness,Top,2024,2024-Q4,2024-12,3378.22,551152,236388,6504,66,4733.25,172509
2024-12-30,TT-Spark-Creator-UGC,Mobile,TikTok Ads,Awareness,Top,2024,2024-Q4,2024-12,3890.04,647322,296222,7662,66,4694.24,196557
2024-12-30,TT-Spark-Creator-UGC,Tablet,TikTok Ads,Awareness,Top,2024,2024-Q4,2024-12,792.56,127610,52805,1341,12,878.07,38614
2024-12-30,TT-Spark-Creator-UGC,Connected TV,TikTok Ads,Awareness,Top,2024,2024-Q4,2024-12,629.91,75332,32514,821,8,589.76,23963
2024-12-30,DV360-Display-Retarget,Desktop,Programmatic,Conversions,Middle,2024,2024-Q4,2024-12,3927.5,726068,334240,3338,68,10427.48,0
2024-12-30,DV360-Display-Retarget,Mobile,Programmatic,Conversions,Middle,2024,2024-Q4,2024-12,4413.56,817515,338971,4351,71,10871.27,0
2024-12-30,DV360-Display-Retarget,Tablet,Programmatic,Conversions,Middle,2024,2024-Q4,2024-12,953.3,180072,70416,858,14,2086.94,0
2024-12-30,DV360-Display-Retarget,Connected TV,Programmatic,Conversions,Middle,2024,2024-Q4,2024-12,739.73,105371,42990,493,8,1173.92,0
2024-12-30,DV360-CTV-Reach,Desktop,Programmatic,Awareness,Top,2024,2024-Q4,2024-12,4999.39,245820,90068,755,4,3145.8,73016
2024-12-30,DV360-CTV-Reach,Mobile,Programmatic,Awareness,Top,2024,2024-Q4,2024-12,5487.09,262491,99503,861,3,2423.36,82045
2024-12-30,DV360-CTV-Reach,Tablet,Programmatic,Awareness,Top,2024,2024-Q4,2024-12,1083.2,52088,20918,150,0,0,16234
2024-12-30,DV360-CTV-Reach,Connected TV,Programmatic,Awareness,Top,2024,2024-Q4,2024-12,812.3,29495,10944,88,0,0,9703
2025-01-06,BR-Search-Brand-Core,Desktop,Google Ads,Conversions,Bottom,2025,2025-Q1,2025-01,1606.96,14617,6093,1338,117,16808.39,0
2025-01-06,BR-Search-Brand-Core,Mobile,Google Ads,Conversions,Bottom,2025,2025-Q1,2025-01,1699.82,15661,5990,1632,113,16012.56,0
2025-01-06,BR-Search-Brand-Core,Tablet,Google Ads,Conversions,Bottom,2025,2025-Q1,2025-01,365.14,3402,1401,316,24,3369.83,0
2025-01-06,BR-Search-Brand-Core,Connected TV,Google Ads,Conversions,Bottom,2025,2025-Q1,2025-01,279.84,1877,789,173,12,1741.06,0
2025-01-06,NB-Search-Generic-Solutions,Desktop,Google Ads,Conversions,Middle,2025,2025-Q1,2025-01,7887.11,72669,28550,2439,81,20054.06,0
2025-01-06,NB-Search-Generic-Solutions,Mobile,Google Ads,Conversions,Middle,2025,2025-Q1,2025-01,8553,77297,30897,2783,76,19327.3,0
2025-01-06,NB-Search-Generic-Solutions,Tablet,Google Ads,Conversions,Middle,2025,2025-Q1,2025-01,1683.58,15355,5595,520,13,3265.61,0
2025-01-06,NB-Search-Generic-Solutions,Connected TV,Google Ads,Conversions,Middle,2025,2025-Q1,2025-01,1274.9,8726,3888,291,7,1749.53,0
2025-01-06,PMax-Retail-Feed,Desktop,Google Ads,Sales,Bottom,2025,2025-Q1,2025-01,5961.32,342339,138271,7308,341,27352.14,0
2025-01-06,PMax-Retail-Feed,Mobile,Google Ads,Sales,Bottom,2025,2025-Q1,2025-01,6900.85,400779,168012,9262,374,29766.44,0
2025-01-06,PMax-Retail-Feed,Tablet,Google Ads,Sales,Bottom,2025,2025-Q1,2025-01,1480.35,84240,37002,1625,66,5390.54,0
2025-01-06,PMax-Retail-Feed,Connected TV,Google Ads,Sales,Bottom,2025,2025-Q1,2025-01,1135.2,46596,18828,927,37,3009.03,0
2025-01-06,YT-Awareness-InStream,Desktop,Google Ads,Awareness,Top,2025,2025-Q1,2025-01,3998.87,406461,170944,2497,18,3317.58,128221
2025-01-06,YT-Awareness-InStream,Mobile,Google Ads,Awareness,Top,2025,2025-Q1,2025-01,4280.58,439957,173106,3101,18,3272.23,134393
2025-01-06,YT-Awareness-InStream,Tablet,Google Ads,Awareness,Top,2025,2025-Q1,2025-01,920.03,95145,39651,594,4,697.53,28790
2025-01-06,YT-Awareness-InStream,Connected TV,Google Ads,Awareness,Top,2025,2025-Q1,2025-01,741.55,55287,23900,339,0,0,17432
2025-01-06,FB-Prospecting-LAL-3pct,Desktop,Meta Ads,Traffic,Top,2025,2025-Q1,2025-01,5674.85,648027,260010,6486,103,9825.91,0
2025-01-06,FB-Prospecting-LAL-3pct,Mobile,Meta Ads,Traffic,Top,2025,2025-Q1,2025-01,6156.58,689753,289415,7483,98,9530.78,0
2025-01-06,FB-Prospecting-LAL-3pct,Tablet,Meta Ads,Traffic,Top,2025,2025-Q1,2025-01,1240.03,140257,53478,1441,17,1632.42,0
2025-01-06,FB-Prospecting-LAL-3pct,Connected TV,Meta Ads,Traffic,Top,2025,2025-Q1,2025-01,930.85,79463,32376,801,10,946.97,0
2025-01-06,IG-Retargeting-Cart-7d,Desktop,Meta Ads,Conversions,Bottom,2025,2025-Q1,2025-01,3616.24,266678,97559,5295,282,23895.06,0
2025-01-06,IG-Retargeting-Cart-7d,Mobile,Meta Ads,Conversions,Bottom,2025,2025-Q1,2025-01,4122.88,309361,118430,6602,303,25301.41,0
2025-01-06,IG-Retargeting-Cart-7d,Tablet,Meta Ads,Conversions,Bottom,2025,2025-Q1,2025-01,831.11,60670,23980,1091,51,4376.1,0
2025-01-06,IG-Retargeting-Cart-7d,Connected TV,Meta Ads,Conversions,Bottom,2025,2025-Q1,2025-01,629.41,33136,13552,579,26,2224.23,0
2025-01-06,FB-Catalog-DPA-Evergreen,Desktop,Meta Ads,Sales,Bottom,2025,2025-Q1,2025-01,4513.46,462142,199860,6399,270,21911.9,0
2025-01-06,FB-Catalog-DPA-Evergreen,Mobile,Meta Ads,Sales,Bottom,2025,2025-Q1,2025-01,4766.94,498149,198555,7950,272,21741.81,0
2025-01-06,FB-Catalog-DPA-Evergreen,Tablet,Meta Ads,Sales,Bottom,2025,2025-Q1,2025-01,1025.95,107827,45968,1517,54,4464.35,0
2025-01-06,FB-Catalog-DPA-Evergreen,Connected TV,Meta Ads,Sales,Bottom,2025,2025-Q1,2025-01,837.6,63310,27545,879,32,2606.82,0
2025-01-06,LI-ABM-Enterprise-Tier1,Desktop,LinkedIn Ads,Leads,Middle,2025,2025-Q1,2025-01,6546.48,135319,56140,754,18,14984.22,0
2025-01-06,LI-ABM-Enterprise-Tier1,Mobile,LinkedIn Ads,Leads,Middle,2025,2025-Q1,2025-01,7101.31,142939,60359,867,18,15315.19,0
2025-01-06,LI-ABM-Enterprise-Tier1,Tablet,LinkedIn Ads,Leads,Middle,2025,2025-Q1,2025-01,1415.71,29013,11234,164,3,2440.35,0
2025-01-06,LI-ABM-Enterprise-Tier1,Connected TV,LinkedIn Ads,Leads,Middle,2025,2025-Q1,2025-01,1073.04,16480,7031,99,0,0,0
2025-01-06,LI-Content-Whitepaper,Desktop,LinkedIn Ads,Leads,Middle,2025,2025-Q1,2025-01,2544.84,57735,21485,430,8,3449.8,0
2025-01-06,LI-Content-Whitepaper,Mobile,LinkedIn Ads,Leads,Middle,2025,2025-Q1,2025-01,2938.74,67212,26977,544,8,3417.19,0
2025-01-06,LI-Content-Whitepaper,Tablet,LinkedIn Ads,Leads,Middle,2025,2025-Q1,2025-01,592.33,12739,5238,93,0,0,0
2025-01-06,LI-Content-Whitepaper,Connected TV,LinkedIn Ads,Leads,Middle,2025,2025-Q1,2025-01,448.43,6953,3010,49,0,0,0
2025-01-06,TT-Spark-Creator-UGC,Desktop,TikTok Ads,Awareness,Top,2025,2025-Q1,2025-01,3030.5,484280,219040,5215,53,3907.06,157850
2025-01-06,TT-Spark-Creator-UGC,Mobile,TikTok Ads,Awareness,Top,2025,2025-Q1,2025-01,3241.06,523837,215392,6503,56,4054.74,166110
2025-01-06,TT-Spark-Creator-UGC,Tablet,TikTok Ads,Awareness,Top,2025,2025-Q1,2025-01,689.02,112244,48594,1245,10,713.92,35105
2025-01-06,TT-Spark-Creator-UGC,Connected TV,TikTok Ads,Awareness,Top,2025,2025-Q1,2025-01,563.21,69350,30892,752,7,503.26,21038
2025-01-06,DV360-Display-Retarget,Desktop,Programmatic,Conversions,Middle,2025,2025-Q1,2025-01,3967.15,774789,331556,3721,78,11329.8,0
2025-01-06,DV360-Display-Retarget,Mobile,Programmatic,Conversions,Middle,2025,2025-Q1,2025-01,4294.07,823173,359819,4248,72,10666.6,0
2025-01-06,DV360-Display-Retarget,Tablet,Programmatic,Conversions,Middle,2025,2025-Q1,2025-01,866,161613,65905,788,13,1966.6,0
2025-01-06,DV360-Display-Retarget,Connected TV,Programmatic,Conversions,Middle,2025,2025-Q1,2025-01,648.05,90721,39111,456,8,1217.54,0
2025-01-06,DV360-CTV-Reach,Desktop,Programmatic,Awareness,Top,2025,2025-Q1,2025-01,4188.26,202704,79831,631,3,2382.28,62107
2025-01-06,DV360-CTV-Reach,Mobile,Programmatic,Awareness,Top,2025,2025-Q1,2025-01,5141.69,250259,102858,831,3,2341.76,76775
2025-01-06,DV360-CTV-Reach,Tablet,Programmatic,Awareness,Top,2025,2025-Q1,2025-01,963.3,45868,19891,138,0,0,14455
2025-01-06,DV360-CTV-Reach,Connected TV,Programmatic,Awareness,Top,2025,2025-Q1,2025-01,738.13,25512,11529,74,0,0,8427
2025-01-13,BR-Search-Brand-Core,Desktop,Google Ads,Conversions,Bottom,2025,2025-Q1,2025-01,1669.91,15383,6659,1390,123,17391.47,0
2025-01-13,BR-Search-Brand-Core,Mobile,Google Ads,Conversions,Bottom,2025,2025-Q1,2025-01,1807.11,16982,7588,1628,117,16963.63,0
2025-01-13,BR-Search-Brand-Core,Tablet,Google Ads,Conversions,Bottom,2025,2025-Q1,2025-01,364.38,3459,1451,314,22,3171.56,0
2025-01-13,BR-Search-Brand-Core,Connected TV,Google Ads,Conversions,Bottom,2025,2025-Q1,2025-01,293.72,2014,798,188,12,1682.93,0
2025-01-13,NB-Search-Generic-Solutions,Desktop,Google Ads,Conversions,Middle,2025,2025-Q1,2025-01,7784.41,70656,29642,2424,77,18742.34,0
2025-01-13,NB-Search-Generic-Solutions,Mobile,Google Ads,Conversions,Middle,2025,2025-Q1,2025-01,8870.17,84943,37282,3143,87,20886.77,0
2025-01-13,NB-Search-Generic-Solutions,Tablet,Google Ads,Conversions,Middle,2025,2025-Q1,2025-01,1788.54,16675,7453,555,15,3641.04,0
2025-01-13,NB-Search-Generic-Solutions,Connected TV,Google Ads,Conversions,Middle,2025,2025-Q1,2025-01,1354.77,9178,3808,317,11,2750.18,0
2025-01-13,PMax-Retail-Feed,Desktop,Google Ads,Sales,Bottom,2025,2025-Q1,2025-01,6423.57,360154,157332,7475,346,29502.27,0
2025-01-13,PMax-Retail-Feed,Mobile,Google Ads,Sales,Bottom,2025,2025-Q1,2025-01,6789.11,373038,149774,8899,337,28316.76,0
2025-01-13,PMax-Retail-Feed,Tablet,Google Ads,Sales,Bottom,2025,2025-Q1,2025-01,1459.98,80796,34210,1708,70,5834.9,0
2025-01-13,PMax-Retail-Feed,Connected TV,Google Ads,Sales,Bottom,2025,2025-Q1,2025-01,1118.51,46486,19956,975,39,3202.2,0
2025-01-13,YT-Awareness-InStream,Desktop,Google Ads,Awareness,Top,2025,2025-Q1,2025-01,4200.34,431173,197048,2589,18,3298.44,131508
2025-01-13,YT-Awareness-InStream,Mobile,Google Ads,Awareness,Top,2025,2025-Q1,2025-01,4552.64,455579,215565,2935,17,3169.87,145444
2025-01-13,YT-Awareness-InStream,Tablet,Google Ads,Awareness,Top,2025,2025-Q1,2025-01,976.27,99152,42595,599,4,736.85,31324
2025-01-13,YT-Awareness-InStream,Connected TV,Google Ads,Awareness,Top,2025,2025-Q1,2025-01,740.12,56295,20219,355,0,0,17235
2025-01-13,FB-Prospecting-LAL-3pct,Desktop,Meta Ads,Traffic,Top,2025,2025-Q1,2025-01,5267.88,598257,256042,5785,84,7848.93,0
2025-01-13,FB-Prospecting-LAL-3pct,Mobile,Meta Ads,Traffic,Top,2025,2025-Q1,2025-01,6080.29,723899,286436,7618,97,8960.39,0
2025-01-13,FB-Prospecting-LAL-3pct,Tablet,Meta Ads,Traffic,Top,2025,2025-Q1,2025-01,1287.6,149210,60253,1396,17,1615.89,0
2025-01-13,FB-Prospecting-LAL-3pct,Connected TV,Meta Ads,Traffic,Top,2025,2025-Q1,2025-01,928.27,78020,33139,758,11,1053.79,0
2025-01-13,IG-Retargeting-Cart-7d,Desktop,Meta Ads,Conversions,Bottom,2025,2025-Q1,2025-01,3801.64,263777,117580,4718,262,23645.49,0
2025-01-13,IG-Retargeting-Cart-7d,Mobile,Meta Ads,Conversions,Bottom,2025,2025-Q1,2025-01,4115.93,289972,120185,5973,269,23831.57,0
2025-01-13,IG-Retargeting-Cart-7d,Tablet,Meta Ads,Conversions,Bottom,2025,2025-Q1,2025-01,882.23,62703,24381,1155,54,4761.57,0
2025-01-13,IG-Retargeting-Cart-7d,Connected TV,Meta Ads,Conversions,Bottom,2025,2025-Q1,2025-01,668.34,35898,14174,653,32,2760.21,0
2025-01-13,FB-Catalog-DPA-Evergreen,Desktop,Meta Ads,Sales,Bottom,2025,2025-Q1,2025-01,5099.21,527460,221783,7579,346,28002.36,0
2025-01-13,FB-Catalog-DPA-Evergreen,Mobile,Meta Ads,Sales,Bottom,2025,2025-Q1,2025-01,5466.3,554193,240228,7925,298,24537.98,0
2025-01-13,FB-Catalog-DPA-Evergreen,Tablet,Meta Ads,Sales,Bottom,2025,2025-Q1,2025-01,1102.69,112865,44073,1535,57,4652.88,0
2025-01-13,FB-Catalog-DPA-Evergreen,Connected TV,Meta Ads,Sales,Bottom,2025,2025-Q1,2025-01,825.49,63850,23200,959,34,2733.54,0
2025-01-13,LI-ABM-Enterprise-Tier1,Desktop,LinkedIn Ads,Leads,Middle,2025,2025-Q1,2025-01,6070.07,123248,47289,662,17,13957.5,0
2025-01-13,LI-ABM-Enterprise-Tier1,Mobile,LinkedIn Ads,Leads,Middle,2025,2025-Q1,2025-01,6926.35,148633,59483,872,19,15371.03,0
2025-01-13,LI-ABM-Enterprise-Tier1,Tablet,LinkedIn Ads,Leads,Middle,2025,2025-Q1,2025-01,1485.14,30932,12743,174,3,2454.48,0
2025-01-13,LI-ABM-Enterprise-Tier1,Connected TV,LinkedIn Ads,Leads,Middle,2025,2025-Q1,2025-01,1069.75,16238,6942,88,0,0,0
2025-01-13,LI-Content-Whitepaper,Desktop,LinkedIn Ads,Leads,Middle,2025,2025-Q1,2025-01,2704.82,57513,26172,391,8,3493.34,0
2025-01-13,LI-Content-Whitepaper,Mobile,LinkedIn Ads,Leads,Middle,2025,2025-Q1,2025-01,2933.05,62945,26426,493,9,3902.58,0
2025-01-13,LI-Content-Whitepaper,Tablet,LinkedIn Ads,Leads,Middle,2025,2025-Q1,2025-01,621.68,13583,5517,99,0,0,0
2025-01-13,LI-Content-Whitepaper,Connected TV,LinkedIn Ads,Leads,Middle,2025,2025-Q1,2025-01,506.19,8258,3421,60,0,0,0
2025-01-13,TT-Spark-Creator-UGC,Desktop,TikTok Ads,Awareness,Top,2025,2025-Q1,2025-01,3431.57,577452,252687,6841,72,5245.97,184370
2025-01-13,TT-Spark-Creator-UGC,Mobile,TikTok Ads,Awareness,Top,2025,2025-Q1,2025-01,3721.04,609442,271558,7348,64,4793.36,203585
2025-01-13,TT-Spark-Creator-UGC,Tablet,TikTok Ads,Awareness,Top,2025,2025-Q1,2025-01,741.42,118349,48003,1341,11,804.39,38410
2025-01-13,TT-Spark-Creator-UGC,Connected TV,TikTok Ads,Awareness,Top,2025,2025-Q1,2025-01,561.65,70139,26163,831,7,494.37,22104
2025-01-13,DV360-Display-Retarget,Desktop,Programmatic,Conversions,Middle,2025,2025-Q1,2025-01,3670.34,680199,263873,3364,65,9593.67,0
2025-01-13,DV360-Display-Retarget,Mobile,Programmatic,Conversions,Middle,2025,2025-Q1,2025-01,4235.62,823420,339042,4400,74,10805.46,0
2025-01-13,DV360-Display-Retarget,Tablet,Programmatic,Conversions,Middle,2025,2025-Q1,2025-01,899.74,176575,74247,851,15,2163.18,0
2025-01-13,DV360-Display-Retarget,Connected TV,Programmatic,Conversions,Middle,2025,2025-Q1,2025-01,645.65,92505,40110,430,7,1088.43,0
2025-01-13,DV360-CTV-Reach,Desktop,Programmatic,Awareness,Top,2025,2025-Q1,2025-01,4398.65,207167,96341,592,2,1590.84,66428
2025-01-13,DV360-CTV-Reach,Mobile,Programmatic,Awareness,Top,2025,2025-Q1,2025-01,4768.54,228854,99656,744,2,1595.45,71093
2025-01-13,DV360-CTV-Reach,Tablet,Programmatic,Awareness,Top,2025,2025-Q1,2025-01,1023.9,49517,20209,152,0,0,15203
2025-01-13,DV360-CTV-Reach,Connected TV,Programmatic,Awareness,Top,2025,2025-Q1,2025-01,824.56,30050,12883,89,0,0,9048
2025-01-20,BR-Search-Brand-Core,Desktop,Google Ads,Conversions,Bottom,2025,2025-Q1,2025-01,1668.08,15711,5643,1449,124,17173.64,0
2025-01-20,BR-Search-Brand-Core,Mobile,Google Ads,Conversions,Bottom,2025,2025-Q1,2025-01,1920.76,18267,6958,1827,136,18755.65,0
2025-01-20,BR-Search-Brand-Core,Tablet,Google Ads,Conversions,Bottom,2025,2025-Q1,2025-01,383.34,3549,1371,334,25,3514.69,0
2025-01-20,BR-Search-Brand-Core,Connected TV,Google Ads,Conversions,Bottom,2025,2025-Q1,2025-01,293.36,2049,846,187,13,1873.21,0
2025-01-20,NB-Search-Generic-Solutions,Desktop,Google Ads,Conversions,Middle,2025,2025-Q1,2025-01,7673.65,70739,29847,2361,74,18195.59,0
2025-01-20,NB-Search-Generic-Solutions,Mobile,Google Ads,Conversions,Middle,2025,2025-Q1,2025-01,8212.47,77246,30553,2969,75,18898.74,0
2025-01-20,NB-Search-Generic-Solutions,Tablet,Google Ads,Conversions,Middle,2025,2025-Q1,2025-01,1766.34,16709,6974,573,14,3524.77,0
2025-01-20,NB-Search-Generic-Solutions,Connected TV,Google Ads,Conversions,Middle,2025,2025-Q1,2025-01,1424.19,9772,4266,328,9,2203.25,0
2025-01-20,PMax-Retail-Feed,Desktop,Google Ads,Sales,Bottom,2025,2025-Q1,2025-01,6756.26,388351,155846,8381,398,32065.82,0
2025-01-20,PMax-Retail-Feed,Mobile,Google Ads,Sales,Bottom,2025,2025-Q1,2025-01,7233.73,404973,194907,9442,367,30072.39,0
2025-01-20,PMax-Retail-Feed,Tablet,Google Ads,Sales,Bottom,2025,2025-Q1,2025-01,1458.1,82522,36801,1698,65,5513.04,0
2025-01-20,PMax-Retail-Feed,Connected TV,Google Ads,Sales,Bottom,2025,2025-Q1,2025-01,1176.29,48291,20176,1032,41,3416.08,0
2025-01-20,YT-Awareness-InStream,Desktop,Google Ads,Awareness,Top,2025,2025-Q1,2025-01,4194.55,439211,166773,2888,19,3523.39,139108
2025-01-20,YT-Awareness-InStream,Mobile,Google Ads,Awareness,Top,2025,2025-Q1,2025-01,4783.53,488555,193786,3471,20,3661.13,152255
2025-01-20,YT-Awareness-InStream,Tablet,Google Ads,Awareness,Top,2025,2025-Q1,2025-01,964.17,95668,39127,605,3,541.81,30867
2025-01-20,YT-Awareness-InStream,Connected TV,Google Ads,Awareness,Top,2025,2025-Q1,2025-01,739.03,54791,23075,339,0,0,18580
2025-01-20,FB-Prospecting-LAL-3pct,Desktop,Meta Ads,Traffic,Top,2025,2025-Q1,2025-01,5255.94,582212,260504,5542,84,8249.15,0
2025-01-20,FB-Prospecting-LAL-3pct,Mobile,Meta Ads,Traffic,Top,2025,2025-Q1,2025-01,5623.52,629992,253897,6842,85,8246.45,0
2025-01-20,FB-Prospecting-LAL-3pct,Tablet,Meta Ads,Traffic,Top,2025,2025-Q1,2025-01,1194.91,136109,51883,1318,16,1530.24,0
2025-01-20,FB-Prospecting-LAL-3pct,Connected TV,Meta Ads,Traffic,Top,2025,2025-Q1,2025-01,976.12,83292,37721,798,11,1043.51,0
2025-01-20,IG-Retargeting-Cart-7d,Desktop,Meta Ads,Conversions,Bottom,2025,2025-Q1,2025-01,3752.83,278778,115796,5220,279,23577.77,0
2025-01-20,IG-Retargeting-Cart-7d,Mobile,Meta Ads,Conversions,Bottom,2025,2025-Q1,2025-01,4058.8,293167,127311,5963,263,22750.4,0
2025-01-20,IG-Retargeting-Cart-7d,Tablet,Meta Ads,Conversions,Bottom,2025,2025-Q1,2025-01,809.13,57155,25808,1013,44,3900.76,0
2025-01-20,IG-Retargeting-Cart-7d,Connected TV,Meta Ads,Conversions,Bottom,2025,2025-Q1,2025-01,660.19,34890,14901,645,28,2457.21,0
2025-01-20,FB-Catalog-DPA-Evergreen,Desktop,Meta Ads,Sales,Bottom,2025,2025-Q1,2025-01,4674.38,480591,185421,7022,296,23899.1,0
2025-01-20,FB-Catalog-DPA-Evergreen,Mobile,Meta Ads,Sales,Bottom,2025,2025-Q1,2025-01,5401.45,558994,232594,8838,320,25738.04,0
2025-01-20,FB-Catalog-DPA-Evergreen,Tablet,Meta Ads,Sales,Bottom,2025,2025-Q1,2025-01,1075.05,107968,45979,1535,57,4723.21,0
2025-01-20,FB-Catalog-DPA-Evergreen,Connected TV,Meta Ads,Sales,Bottom,2025,2025-Q1,2025-01,823.79,60045,26919,823,31,2626.78,0
2025-01-20,LI-ABM-Enterprise-Tier1,Desktop,LinkedIn Ads,Leads,Middle,2025,2025-Q1,2025-01,6453.31,128453,51973,675,16,13852.34,0
2025-01-20,LI-ABM-Enterprise-Tier1,Mobile,LinkedIn Ads,Leads,Middle,2025,2025-Q1,2025-01,6913.14,139084,51095,835,18,15350.6,0
2025-01-20,LI-ABM-Enterprise-Tier1,Tablet,LinkedIn Ads,Leads,Middle,2025,2025-Q1,2025-01,1376.61,28055,10875,150,3,2385.12,0
2025-01-20,LI-ABM-Enterprise-Tier1,Connected TV,LinkedIn Ads,Leads,Middle,2025,2025-Q1,2025-01,1195.39,18296,8418,101,0,0,0
2025-01-20,LI-Content-Whitepaper,Desktop,LinkedIn Ads,Leads,Middle,2025,2025-Q1,2025-01,2668.92,60169,22693,426,7,2933.05,0
2025-01-20,LI-Content-Whitepaper,Mobile,LinkedIn Ads,Leads,Middle,2025,2025-Q1,2025-01,3079.52,68022,30190,551,9,3812.43,0
2025-01-20,LI-Content-Whitepaper,Tablet,LinkedIn Ads,Leads,Middle,2025,2025-Q1,2025-01,621.01,13356,5448,88,0,0,0
2025-01-20,LI-Content-Whitepaper,Connected TV,LinkedIn Ads,Leads,Middle,2025,2025-Q1,2025-01,470.39,7614,2881,54,0,0,0
2025-01-20,TT-Spark-Creator-UGC,Desktop,TikTok Ads,Awareness,Top,2025,2025-Q1,2025-01,3179.06,528070,209656,6088,60,4246.4,160321
2025-01-20,TT-Spark-Creator-UGC,Mobile,TikTok Ads,Awareness,Top,2025,2025-Q1,2025-01,3675.59,617276,259795,7620,64,4507.59,185777
2025-01-20,TT-Spark-Creator-UGC,Tablet,TikTok Ads,Awareness,Top,2025,2025-Q1,2025-01,779.29,126749,55352,1405,12,864.8,39726
2025-01-20,TT-Spark-Creator-UGC,Connected TV,TikTok Ads,Awareness,Top,2025,2025-Q1,2025-01,597.51,70008,31813,752,7,526.34,22973
2025-01-20,DV360-Display-Retarget,Desktop,Programmatic,Conversions,Middle,2025,2025-Q1,2025-01,4205.32,789730,334586,3799,80,12068.27,0
2025-01-20,DV360-Display-Retarget,Mobile,Programmatic,Conversions,Middle,2025,2025-Q1,2025-01,4509.37,853862,328901,4709,82,12253.45,0
2025-01-20,DV360-Display-Retarget,Tablet,Programmatic,Conversions,Middle,2025,2025-Q1,2025-01,899.04,173694,61263,855,14,2023.87,0
2025-01-20,DV360-Display-Retarget,Connected TV,Programmatic,Conversions,Middle,2025,2025-Q1,2025-01,731.53,105703,45225,512,8,1173.72,0
2025-01-20,DV360-CTV-Reach,Desktop,Programmatic,Awareness,Top,2025,2025-Q1,2025-01,4678.52,234043,90398,729,4,3100.07,72951
2025-01-20,DV360-CTV-Reach,Mobile,Programmatic,Awareness,Top,2025,2025-Q1,2025-01,5071.19,246778,98434,839,3,2387.83,80585
2025-01-20,DV360-CTV-Reach,Tablet,Programmatic,Awareness,Top,2025,2025-Q1,2025-01,1009.85,47845,19751,143,0,0,16342
2025-01-20,DV360-CTV-Reach,Connected TV,Programmatic,Awareness,Top,2025,2025-Q1,2025-01,764.45,27367,10604,84,0,0,8595
2025-01-27,BR-Search-Brand-Core,Desktop,Google Ads,Conversions,Bottom,2025,2025-Q1,2025-01,1775.28,15698,6940,1388,123,18150.04,0
2025-01-27,BR-Search-Brand-Core,Mobile,Google Ads,Conversions,Bottom,2025,2025-Q1,2025-01,1902.8,16976,6911,1725,126,17805.25,0
2025-01-27,BR-Search-Brand-Core,Tablet,Google Ads,Conversions,Bottom,2025,2025-Q1,2025-01,407.81,3853,1467,349,27,3756.85,0
2025-01-27,BR-Search-Brand-Core,Connected TV,Google Ads,Conversions,Bottom,2025,2025-Q1,2025-01,312.06,2124,832,192,14,1992.66,0
2025-01-27,NB-Search-Generic-Solutions,Desktop,Google Ads,Conversions,Middle,2025,2025-Q1,2025-01,8689.34,81484,33559,2653,90,21868.17,0
2025-01-27,NB-Search-Generic-Solutions,Mobile,Google Ads,Conversions,Middle,2025,2025-Q1,2025-01,8858.5,81004,34060,2831,80,19953.39,0
2025-01-27,NB-Search-Generic-Solutions,Tablet,Google Ads,Conversions,Middle,2025,2025-Q1,2025-01,1879.03,17462,6679,611,17,4206.47,0
2025-01-27,NB-Search-Generic-Solutions,Connected TV,Google Ads,Conversions,Middle,2025,2025-Q1,2025-01,1424.23,9916,3579,344,9,2215.51,0
2025-01-27,PMax-Retail-Feed,Desktop,Google Ads,Sales,Bottom,2025,2025-Q1,2025-01,6668.92,389712,145565,8595,392,31137.6,0
2025-01-27,PMax-Retail-Feed,Mobile,Google Ads,Sales,Bottom,2025,2025-Q1,2025-01,7702.4,454713,180149,10841,427,34883.72,0
2025-01-27,PMax-Retail-Feed,Tablet,Google Ads,Sales,Bottom,2025,2025-Q1,2025-01,1533.32,88674,35811,1904,75,6026.08,0
2025-01-27,PMax-Retail-Feed,Connected TV,Google Ads,Sales,Bottom,2025,2025-Q1,2025-01,1175.32,49001,20849,1018,40,3266.01,0
2025-01-27,YT-Awareness-InStream,Desktop,Google Ads,Awareness,Top,2025,2025-Q1,2025-01,4466.1,441583,196449,2651,19,3603.6,136324
2025-01-27,YT-Awareness-InStream,Mobile,Google Ads,Awareness,Top,2025,2025-Q1,2025-01,4785.27,478872,203075,3273,20,3620.49,153034
2025-01-27,YT-Awareness-InStream,Tablet,Google Ads,Awareness,Top,2025,2025-Q1,2025-01,1026.22,107407,42580,693,5,890.56,34147
2025-01-27,YT-Awareness-InStream,Connected TV,Google Ads,Awareness,Top,2025,2025-Q1,2025-01,825.81,62723,25292,398,0,0,19427
2025-01-27,FB-Prospecting-LAL-3pct,Desktop,Meta Ads,Traffic,Top,2025,2025-Q1,2025-01,5957.69,694748,297359,6829,106,9933.88,0
2025-01-27,FB-Prospecting-LAL-3pct,Mobile,Meta Ads,Traffic,Top,2025,2025-Q1,2025-01,6386.04,731098,316424,7771,100,9504.63,0
2025-01-27,FB-Prospecting-LAL-3pct,Tablet,Meta Ads,Traffic,Top,2025,2025-Q1,2025-01,1287.82,148714,59471,1494,19,1796.91,0
2025-01-27,FB-Prospecting-LAL-3pct,Connected TV,Meta Ads,Traffic,Top,2025,2025-Q1,2025-01,975.89,85145,31269,882,11,1024.91,0
2025-01-27,IG-Retargeting-Cart-7d,Desktop,Meta Ads,Conversions,Bottom,2025,2025-Q1,2025-01,3749.04,270385,103933,5235,274,23637.19,0
2025-01-27,IG-Retargeting-Cart-7d,Mobile,Meta Ads,Conversions,Bottom,2025,2025-Q1,2025-01,4279.16,312482,125585,6489,291,24924.71,0
2025-01-27,IG-Retargeting-Cart-7d,Tablet,Meta Ads,Conversions,Bottom,2025,2025-Q1,2025-01,862.18,64345,27293,1204,54,4727.26,0
2025-01-27,IG-Retargeting-Cart-7d,Connected TV,Meta Ads,Conversions,Bottom,2025,2025-Q1,2025-01,659.43,35483,15623,645,28,2513.88,0
2025-01-27,FB-Catalog-DPA-Evergreen,Desktop,Meta Ads,Sales,Bottom,2025,2025-Q1,2025-01,4981.83,499770,236298,6693,294,24424.12,0
2025-01-27,FB-Catalog-DPA-Evergreen,Mobile,Meta Ads,Sales,Bottom,2025,2025-Q1,2025-01,5401.87,569340,241149,8795,313,25802.11,0
2025-01-27,FB-Catalog-DPA-Evergreen,Tablet,Meta Ads,Sales,Bottom,2025,2025-Q1,2025-01,1145.32,117674,47052,1696,62,5014.65,0
2025-01-27,FB-Catalog-DPA-Evergreen,Connected TV,Meta Ads,Sales,Bottom,2025,2025-Q1,2025-01,933.1,71795,30124,1023,35,2801.09,0
2025-01-27,LI-ABM-Enterprise-Tier1,Desktop,LinkedIn Ads,Leads,Middle,2025,2025-Q1,2025-01,6790.68,137672,61539,742,18,14824.26,0
2025-01-27,LI-ABM-Enterprise-Tier1,Mobile,LinkedIn Ads,Leads,Middle,2025,2025-Q1,2025-01,7362.71,151414,68374,892,18,15047.59,0
2025-01-27,LI-ABM-Enterprise-Tier1,Tablet,LinkedIn Ads,Leads,Middle,2025,2025-Q1,2025-01,1466.46,29582,12392,164,4,3283.69,0
2025-01-27,LI-ABM-Enterprise-Tier1,Connected TV,LinkedIn Ads,Leads,Middle,2025,2025-Q1,2025-01,1110.64,16791,6516,96,0,0,0
2025-01-27,LI-Content-Whitepaper,Desktop,LinkedIn Ads,Leads,Middle,2025,2025-Q1,2025-01,2631,56109,22743,410,8,3528.57,0
2025-01-27,LI-Content-Whitepaper,Mobile,LinkedIn Ads,Leads,Middle,2025,2025-Q1,2025-01,3043.56,65376,27960,513,8,3476.14,0
2025-01-27,LI-Content-Whitepaper,Tablet,LinkedIn Ads,Leads,Middle,2025,2025-Q1,2025-01,613.13,13353,5791,94,0,0,0
2025-01-27,LI-Content-Whitepaper,Connected TV,LinkedIn Ads,Leads,Middle,2025,2025-Q1,2025-01,500.4,7906,3206,53,0,0,0
2025-01-27,TT-Spark-Creator-UGC,Desktop,TikTok Ads,Awareness,Top,2025,2025-Q1,2025-01,3389.57,548134,262211,5768,62,4509.11,173969
2025-01-27,TT-Spark-Creator-UGC,Mobile,TikTok Ads,Awareness,Top,2025,2025-Q1,2025-01,3909.85,641739,249240,7658,67,4835.56,201536
2025-01-27,TT-Spark-Creator-UGC,Tablet,TikTok Ads,Awareness,Top,2025,2025-Q1,2025-01,779.42,129347,46834,1463,12,847.03,39356
2025-01-27,TT-Spark-Creator-UGC,Connected TV,TikTok Ads,Awareness,Top,2025,2025-Q1,2025-01,628.01,78311,29811,864,7,493.65,23479
2025-01-27,DV360-Display-Retarget,Desktop,Programmatic,Conversions,Middle,2025,2025-Q1,2025-01,4162.03,797218,319767,3707,75,10783.22,0
2025-01-27,DV360-Display-Retarget,Mobile,Programmatic,Conversions,Middle,2025,2025-Q1,2025-01,4740.84,920958,375423,4622,82,12048.71,0
2025-01-27,DV360-Display-Retarget,Tablet,Programmatic,Conversions,Middle,2025,2025-Q1,2025-01,956.32,181020,77595,858,13,1934.72,0
2025-01-27,DV360-Display-Retarget,Connected TV,Programmatic,Conversions,Middle,2025,2025-Q1,2025-01,671.47,95688,37764,475,8,1188.9,0
2025-01-27,DV360-CTV-Reach,Desktop,Programmatic,Awareness,Top,2025,2025-Q1,2025-01,4680.7,219811,91987,662,3,2442.1,70518
2025-01-27,DV360-CTV-Reach,Mobile,Programmatic,Awareness,Top,2025,2025-Q1,2025-01,5343.33,252861,99422,822,3,2449.01,80180
2025-01-27,DV360-CTV-Reach,Tablet,Programmatic,Awareness,Top,2025,2025-Q1,2025-01,1074.98,51965,20709,152,0,0,15894
2025-01-27,DV360-CTV-Reach,Connected TV,Programmatic,Awareness,Top,2025,2025-Q1,2025-01,824.01,28686,11797,81,0,0,9194
2025-02-03,BR-Search-Brand-Core,Desktop,Google Ads,Conversions,Bottom,2025,2025-Q1,2025-02,1755.94,16534,6748,1448,124,17259.12,0
2025-02-03,BR-Search-Brand-Core,Mobile,Google Ads,Conversions,Bottom,2025,2025-Q1,2025-02,1879.37,17314,7357,1606,119,16895.64,0
2025-02-03,BR-Search-Brand-Core,Tablet,Google Ads,Conversions,Bottom,2025,2025-Q1,2025-02,378.81,3528,1566,311,22,3084.94,0
2025-02-03,BR-Search-Brand-Core,Connected TV,Google Ads,Conversions,Bottom,2025,2025-Q1,2025-02,305.66,2123,885,193,14,1937.77,0
2025-02-03,NB-Search-Generic-Solutions,Desktop,Google Ads,Conversions,Middle,2025,2025-Q1,2025-02,8080.34,74784,28746,2660,84,20599.37,0
2025-02-03,NB-Search-Generic-Solutions,Mobile,Google Ads,Conversions,Middle,2025,2025-Q1,2025-02,9236.42,85990,39756,3282,89,21708.89,0
2025-02-03,NB-Search-Generic-Solutions,Tablet,Google Ads,Conversions,Middle,2025,2025-Q1,2025-02,1857.79,16949,7123,583,16,4007.28,0
2025-02-03,NB-Search-Generic-Solutions,Connected TV,Google Ads,Conversions,Middle,2025,2025-Q1,2025-02,1423.87,9345,4096,312,10,2560.65,0
2025-02-03,PMax-Retail-Feed,Desktop,Google Ads,Sales,Bottom,2025,2025-Q1,2025-02,6661.72,366611,146479,7373,348,29177.02,0
2025-02-03,PMax-Retail-Feed,Mobile,Google Ads,Sales,Bottom,2025,2025-Q1,2025-02,7125.96,396778,167171,9224,358,29623.11,0
2025-02-03,PMax-Retail-Feed,Tablet,Google Ads,Sales,Bottom,2025,2025-Q1,2025-02,1633.72,91961,37048,1878,76,6230.95,0
2025-02-03,PMax-Retail-Feed,Connected TV,Google Ads,Sales,Bottom,2025,2025-Q1,2025-02,1330.46,56037,23180,1133,49,3985.23,0
2025-02-03,YT-Awareness-InStream,Desktop,Google Ads,Awareness,Top,2025,2025-Q1,2025-02,4696.14,489940,185665,3042,20,3605.05,147175
2025-02-03,YT-Awareness-InStream,Mobile,Google Ads,Awareness,Top,2025,2025-Q1,2025-02,5091.76,519191,200063,3471,19,3496.93,160741
2025-02-03,YT-Awareness-InStream,Tablet,Google Ads,Awareness,Top,2025,2025-Q1,2025-02,1014.63,104737,41797,619,5,889.26,31985
2025-02-03,YT-Awareness-InStream,Connected TV,Google Ads,Awareness,Top,2025,2025-Q1,2025-02,768.58,59490,22444,365,0,0,19051
2025-02-03,FB-Prospecting-LAL-3pct,Desktop,Meta Ads,Traffic,Top,2025,2025-Q1,2025-02,5464.38,631148,246203,6424,92,8652.92,0
2025-02-03,FB-Prospecting-LAL-3pct,Mobile,Meta Ads,Traffic,Top,2025,2025-Q1,2025-02,6317.98,734179,307871,8005,97,9093.86,0
2025-02-03,FB-Prospecting-LAL-3pct,Tablet,Meta Ads,Traffic,Top,2025,2025-Q1,2025-02,1355.26,152789,65282,1495,19,1836.3,0
2025-02-03,FB-Prospecting-LAL-3pct,Connected TV,Meta Ads,Traffic,Top,2025,2025-Q1,2025-02,1027.06,84159,37200,796,11,1079.5,0
2025-02-03,IG-Retargeting-Cart-7d,Desktop,Meta Ads,Conversions,Bottom,2025,2025-Q1,2025-02,3997.58,282398,115681,5335,290,25569.79,0
2025-02-03,IG-Retargeting-Cart-7d,Mobile,Meta Ads,Conversions,Bottom,2025,2025-Q1,2025-02,4280.93,308003,132544,6648,294,25407.53,0
2025-02-03,IG-Retargeting-Cart-7d,Tablet,Meta Ads,Conversions,Bottom,2025,2025-Q1,2025-02,918.99,66686,27215,1197,53,4565.01,0
2025-02-03,IG-Retargeting-Cart-7d,Connected TV,Meta Ads,Conversions,Bottom,2025,2025-Q1,2025-02,740.08,40492,16937,754,36,3176.46,0
2025-02-03,FB-Catalog-DPA-Evergreen,Desktop,Meta Ads,Sales,Bottom,2025,2025-Q1,2025-02,5304.33,560140,215221,7854,350,27715.51,0
2025-02-03,FB-Catalog-DPA-Evergreen,Mobile,Meta Ads,Sales,Bottom,2025,2025-Q1,2025-02,5692.04,589749,230312,9406,349,29223.71,0
2025-02-03,FB-Catalog-DPA-Evergreen,Tablet,Meta Ads,Sales,Bottom,2025,2025-Q1,2025-02,1145.49,119865,49965,1698,62,5162.65,0
2025-02-03,FB-Catalog-DPA-Evergreen,Connected TV,Meta Ads,Sales,Bottom,2025,2025-Q1,2025-02,858.16,67216,25516,994,34,2796.13,0
2025-02-03,LI-ABM-Enterprise-Tier1,Desktop,LinkedIn Ads,Leads,Middle,2025,2025-Q1,2025-02,6293.13,130572,52110,734,19,16434.25,0
2025-02-03,LI-ABM-Enterprise-Tier1,Mobile,LinkedIn Ads,Leads,Middle,2025,2025-Q1,2025-02,7189.99,150318,63441,912,19,16312.31,0
2025-02-03,LI-ABM-Enterprise-Tier1,Tablet,LinkedIn Ads,Leads,Middle,2025,2025-Q1,2025-02,1544.26,31552,13915,171,4,3258.11,0
2025-02-03,LI-ABM-Enterprise-Tier1,Connected TV,LinkedIn Ads,Leads,Middle,2025,2025-Q1,2025-02,1183.94,17431,7991,92,0,0,0
2025-02-03,LI-Content-Whitepaper,Desktop,LinkedIn Ads,Leads,Middle,2025,2025-Q1,2025-02,2808.25,61021,25937,436,9,3849.07,0
2025-02-03,LI-Content-Whitepaper,Mobile,LinkedIn Ads,Leads,Middle,2025,2025-Q1,2025-02,3043.88,66870,30134,547,10,4375.46,0
2025-02-03,LI-Content-Whitepaper,Tablet,LinkedIn Ads,Leads,Middle,2025,2025-Q1,2025-02,645.92,13895,5863,99,0,0,0
2025-02-03,LI-Content-Whitepaper,Connected TV,LinkedIn Ads,Leads,Middle,2025,2025-Q1,2025-02,526.76,8432,3675,60,0,0,0
2025-02-03,TT-Spark-Creator-UGC,Desktop,TikTok Ads,Awareness,Top,2025,2025-Q1,2025-02,3567.47,588828,235743,6769,71,5055.37,182413
2025-02-03,TT-Spark-Creator-UGC,Mobile,TikTok Ads,Awareness,Top,2025,2025-Q1,2025-02,3866.55,619963,255981,7776,67,4889.72,198874
2025-02-03,TT-Spark-Creator-UGC,Tablet,TikTok Ads,Awareness,Top,2025,2025-Q1,2025-02,779.35,127155,54165,1414,12,876.85,42850
2025-02-03,TT-Spark-Creator-UGC,Connected TV,TikTok Ads,Awareness,Top,2025,2025-Q1,2025-02,582.54,71316,28827,821,7,525.63,23379
2025-02-03,DV360-Display-Retarget,Desktop,Programmatic,Conversions,Middle,2025,2025-Q1,2025-02,3852.96,730338,297940,3511,70,10525.37,0
2025-02-03,DV360-Display-Retarget,Mobile,Programmatic,Conversions,Middle,2025,2025-Q1,2025-02,4403.72,840915,323414,4371,71,10552.47,0
2025-02-03,DV360-Display-Retarget,Tablet,Programmatic,Conversions,Middle,2025,2025-Q1,2025-02,946.35,182753,72961,854,14,2041.69,0
2025-02-03,DV360-Display-Retarget,Connected TV,Programmatic,Conversions,Middle,2025,2025-Q1,2025-02,716.43,100300,47705,453,8,1204.09,0
2025-02-03,DV360-CTV-Reach,Desktop,Programmatic,Awareness,Top,2025,2025-Q1,2025-02,4621.67,222540,84865,660,4,3164.76,68752
2025-02-03,DV360-CTV-Reach,Mobile,Programmatic,Awareness,Top,2025,2025-Q1,2025-02,4953.99,233266,106438,784,3,2343.46,74895
2025-02-03,DV360-CTV-Reach,Tablet,Programmatic,Awareness,Top,2025,2025-Q1,2025-02,1063.31,50571,21816,150,0,0,15963
2025-02-03,DV360-CTV-Reach,Connected TV,Programmatic,Awareness,Top,2025,2025-Q1,2025-02,858.97,30441,13727,88,0,0,8938
2025-02-10,BR-Search-Brand-Core,Desktop,Google Ads,Conversions,Bottom,2025,2025-Q1,2025-02,1756.14,16197,6127,1532,129,18893.95,0
2025-02-10,BR-Search-Brand-Core,Mobile,Google Ads,Conversions,Bottom,2025,2025-Q1,2025-02,2003.54,18700,7662,1917,137,19323,0
2025-02-10,BR-Search-Brand-Core,Tablet,Google Ads,Conversions,Bottom,2025,2025-Q1,2025-02,403.75,3819,1586,354,25,3605.44,0
2025-02-10,BR-Search-Brand-Core,Connected TV,Google Ads,Conversions,Bottom,2025,2025-Q1,2025-02,305.59,2014,875,179,13,1897.16,0
2025-02-10,NB-Search-Generic-Solutions,Desktop,Google Ads,Conversions,Middle,2025,2025-Q1,2025-02,8525.64,80181,36752,2624,86,21710.9,0
2025-02-10,NB-Search-Generic-Solutions,Mobile,Google Ads,Conversions,Middle,2025,2025-Q1,2025-02,8537.73,78585,32377,2940,78,19203.14,0
2025-02-10,NB-Search-Generic-Solutions,Tablet,Google Ads,Conversions,Middle,2025,2025-Q1,2025-02,1835.71,17036,7534,605,16,3921.82,0
2025-02-10,NB-Search-Generic-Solutions,Connected TV,Google Ads,Conversions,Middle,2025,2025-Q1,2025-02,1484.95,10414,4720,340,10,2428.49,0
2025-02-10,PMax-Retail-Feed,Desktop,Google Ads,Sales,Bottom,2025,2025-Q1,2025-02,7566.58,439780,190714,9188,447,35523.72,0
2025-02-10,PMax-Retail-Feed,Mobile,Google Ads,Sales,Bottom,2025,2025-Q1,2025-02,8107.44,462414,205538,10358,415,33786.23,0
2025-02-10,PMax-Retail-Feed,Tablet,Google Ads,Sales,Bottom,2025,2025-Q1,2025-02,1634.82,90760,37592,1921,77,6399.46,0
2025-02-10,PMax-Retail-Feed,Connected TV,Google Ads,Sales,Bottom,2025,2025-Q1,2025-02,1223.03,50940,19366,1130,43,3513.14,0
2025-02-10,YT-Awareness-InStream,Desktop,Google Ads,Awareness,Top,2025,2025-Q1,2025-02,4358.54,429194,172386,2738,20,3790.98,131445
2025-02-10,YT-Awareness-InStream,Mobile,Google Ads,Awareness,Top,2025,2025-Q1,2025-02,5038.68,503436,211152,3471,21,3839.34,152529
2025-02-10,YT-Awareness-InStream,Tablet,Google Ads,Awareness,Top,2025,2025-Q1,2025-02,1079.97,108878,42514,668,5,907.18,34165
2025-02-10,YT-Awareness-InStream,Connected TV,Google Ads,Awareness,Top,2025,2025-Q1,2025-02,828.08,60405,24003,361,0,0,19805
2025-02-10,FB-Prospecting-LAL-3pct,Desktop,Meta Ads,Traffic,Top,2025,2025-Q1,2025-02,6271.34,706777,298665,6489,102,9930.24,0
2025-02-10,FB-Prospecting-LAL-3pct,Mobile,Meta Ads,Traffic,Top,2025,2025-Q1,2025-02,6315.17,720477,269036,7653,95,9113.42,0
2025-02-10,FB-Prospecting-LAL-3pct,Tablet,Meta Ads,Traffic,Top,2025,2025-Q1,2025-02,1240.96,143881,56898,1439,18,1692.46,0
2025-02-10,FB-Prospecting-LAL-3pct,Connected TV,Meta Ads,Traffic,Top,2025,2025-Q1,2025-02,1015.56,88203,36744,820,11,1025.98,0
2025-02-10,IG-Retargeting-Cart-7d,Desktop,Meta Ads,Conversions,Bottom,2025,2025-Q1,2025-02,4207.16,316505,124143,5717,310,25873.34,0
2025-02-10,IG-Retargeting-Cart-7d,Mobile,Meta Ads,Conversions,Bottom,2025,2025-Q1,2025-02,4559.95,334705,135256,6578,300,25524.54,0
2025-02-10,IG-Retargeting-Cart-7d,Tablet,Meta Ads,Conversions,Bottom,2025,2025-Q1,2025-02,919.38,65684,27582,1211,54,4706.49,0
2025-02-10,IG-Retargeting-Cart-7d,Connected TV,Meta Ads,Conversions,Bottom,2025,2025-Q1,2025-02,687.49,37130,14521,715,32,2744.97,0
2025-02-10,FB-Catalog-DPA-Evergreen,Desktop,Meta Ads,Sales,Bottom,2025,2025-Q1,2025-02,5258.05,520786,214002,7375,324,27199.41,0
2025-02-10,FB-Catalog-DPA-Evergreen,Mobile,Meta Ads,Sales,Bottom,2025,2025-Q1,2025-02,6061.98,610963,238022,9370,353,28270.37,0
2025-02-10,FB-Catalog-DPA-Evergreen,Tablet,Meta Ads,Sales,Bottom,2025,2025-Q1,2025-02,1219.78,124501,49235,1724,67,5475.7,0
2025-02-10,FB-Catalog-DPA-Evergreen,Connected TV,Meta Ads,Sales,Bottom,2025,2025-Q1,2025-02,983.89,72797,29546,1037,37,3078.02,0
2025-02-10,LI-ABM-Enterprise-Tier1,Desktop,LinkedIn Ads,Leads,Middle,2025,2025-Q1,2025-02,7232.52,145611,62373,743,19,16253.5,0
2025-02-10,LI-ABM-Enterprise-Tier1,Mobile,LinkedIn Ads,Leads,Middle,2025,2025-Q1,2025-02,7753.52,158929,61316,988,21,17615.55,0
2025-02-10,LI-ABM-Enterprise-Tier1,Tablet,LinkedIn Ads,Leads,Middle,2025,2025-Q1,2025-02,1545.34,32041,11657,187,4,3237.56,0
2025-02-10,LI-ABM-Enterprise-Tier1,Connected TV,LinkedIn Ads,Leads,Middle,2025,2025-Q1,2025-02,1245.56,19301,7355,106,0,0,0
2025-02-10,LI-Content-Whitepaper,Desktop,LinkedIn Ads,Leads,Middle,2025,2025-Q1,2025-02,2993.27,68598,27428,499,8,3402.9,0
2025-02-10,LI-Content-Whitepaper,Mobile,LinkedIn Ads,Leads,Middle,2025,2025-Q1,2025-02,3203.91,71923,29319,573,9,3764.64,0
2025-02-10,LI-Content-Whitepaper,Tablet,LinkedIn Ads,Leads,Middle,2025,2025-Q1,2025-02,645.81,14109,6062,99,0,0,0
2025-02-10,LI-Content-Whitepaper,Connected TV,LinkedIn Ads,Leads,Middle,2025,2025-Q1,2025-02,488.73,8005,3193,58,0,0,0
2025-02-10,TT-Spark-Creator-UGC,Desktop,TikTok Ads,Awareness,Top,2025,2025-Q1,2025-02,3571.2,577528,247338,6452,67,4854.04,183485
2025-02-10,TT-Spark-Creator-UGC,Mobile,TikTok Ads,Awareness,Top,2025,2025-Q1,2025-02,4119.72,671544,269765,8570,76,5318.55,210751
2025-02-10,TT-Spark-Creator-UGC,Tablet,TikTok Ads,Awareness,Top,2025,2025-Q1,2025-02,871.99,144493,59560,1645,14,997.71,44488
2025-02-10,TT-Spark-Creator-UGC,Connected TV,TikTok Ads,Awareness,Top,2025,2025-Q1,2025-02,668.8,79945,33535,900,8,587.08,25399
2025-02-10,DV360-Display-Retarget,Desktop,Programmatic,Conversions,Middle,2025,2025-Q1,2025-02,4381.57,805751,356265,3774,77,11418.07,0
2025-02-10,DV360-Display-Retarget,Mobile,Programmatic,Conversions,Middle,2025,2025-Q1,2025-02,4751.37,919789,371198,4958,84,12278.47,0
2025-02-10,DV360-Display-Retarget,Tablet,Programmatic,Conversions,Middle,2025,2025-Q1,2025-02,935.1,184974,68448,937,16,2357.77,0
2025-02-10,DV360-Display-Retarget,Connected TV,Programmatic,Conversions,Middle,2025,2025-Q1,2025-02,763.37,112757,44980,561,9,1344.43,0
2025-02-10,DV360-CTV-Reach,Desktop,Programmatic,Awareness,Top,2025,2025-Q1,2025-02,4877.32,239425,97316,726,3,2350.29,78129
2025-02-10,DV360-CTV-Reach,Mobile,Programmatic,Awareness,Top,2025,2025-Q1,2025-02,5284.19,262925,112635,869,3,2357.19,83026
2025-02-10,DV360-CTV-Reach,Tablet,Programmatic,Awareness,Top,2025,2025-Q1,2025-02,1051.26,50982,22712,149,0,0,16783
2025-02-10,DV360-CTV-Reach,Connected TV,Programmatic,Awareness,Top,2025,2025-Q1,2025-02,795.12,27858,11233,86,0,0,8868
2025-02-17,BR-Search-Brand-Core,Desktop,Google Ads,Conversions,Bottom,2025,2025-Q1,2025-02,1849.37,16714,7737,1446,123,17737.61,0
2025-02-17,BR-Search-Brand-Core,Mobile,Google Ads,Conversions,Bottom,2025,2025-Q1,2025-02,2005.21,18291,7804,1818,129,18387.24,0
2025-02-17,BR-Search-Brand-Core,Tablet,Google Ads,Conversions,Bottom,2025,2025-Q1,2025-02,425.15,3949,1582,366,27,3797.92,0
2025-02-17,BR-Search-Brand-Core,Connected TV,Google Ads,Conversions,Bottom,2025,2025-Q1,2025-02,346.31,2401,1009,222,17,2388.24,0
2025-02-17,NB-Search-Generic-Solutions,Desktop,Google Ads,Conversions,Middle,2025,2025-Q1,2025-02,9077.93,87002,32753,3107,103,25543.11,0
2025-02-17,NB-Search-Generic-Solutions,Mobile,Google Ads,Conversions,Middle,2025,2025-Q1,2025-02,9842.1,91796,36370,3564,97,24656.43,0
2025-02-17,NB-Search-Generic-Solutions,Tablet,Google Ads,Conversions,Middle,2025,2025-Q1,2025-02,1960.57,18441,7544,633,18,4564.98,0
2025-02-17,NB-Search-Generic-Solutions,Connected TV,Google Ads,Conversions,Middle,2025,2025-Q1,2025-02,1484.85,10110,3832,360,10,2463.47,0
2025-02-17,PMax-Retail-Feed,Desktop,Google Ads,Sales,Bottom,2025,2025-Q1,2025-02,6945.21,397125,155542,8612,388,32561.84,0
2025-02-17,PMax-Retail-Feed,Mobile,Google Ads,Sales,Bottom,2025,2025-Q1,2025-02,8018.7,445678,185342,10329,399,32912.45,0
2025-02-17,PMax-Retail-Feed,Tablet,Google Ads,Sales,Bottom,2025,2025-Q1,2025-02,1721.19,96779,41754,2019,80,6350.85,0
2025-02-17,PMax-Retail-Feed,Connected TV,Google Ads,Sales,Bottom,2025,2025-Q1,2025-02,1303.88,55392,24582,1118,45,3775.12,0
2025-02-17,YT-Awareness-InStream,Desktop,Google Ads,Awareness,Top,2025,2025-Q1,2025-02,4650.3,466534,221646,2726,19,3534.33,148088
2025-02-17,YT-Awareness-InStream,Mobile,Google Ads,Awareness,Top,2025,2025-Q1,2025-02,4977.82,489474,218332,3242,19,3501.24,154060
2025-02-17,YT-Awareness-InStream,Tablet,Google Ads,Awareness,Top,2025,2025-Q1,2025-02,1069.32,110122,45658,694,5,879.09,33471
2025-02-17,YT-Awareness-InStream,Connected TV,Google Ads,Awareness,Top,2025,2025-Q1,2025-02,861.41,66855,28361,415,0,0,19924
2025-02-17,FB-Prospecting-LAL-3pct,Desktop,Meta Ads,Traffic,Top,2025,2025-Q1,2025-02,6211.39,710535,281993,7217,109,10382.34,0
2025-02-17,FB-Prospecting-LAL-3pct,Mobile,Meta Ads,Traffic,Top,2025,2025-Q1,2025-02,6651.85,745386,302011,8257,104,10144.05,0
2025-02-17,FB-Prospecting-LAL-3pct,Tablet,Meta Ads,Traffic,Top,2025,2025-Q1,2025-02,1340.83,151791,65857,1475,17,1693.39,0
2025-02-17,FB-Prospecting-LAL-3pct,Connected TV,Meta Ads,Traffic,Top,2025,2025-Q1,2025-02,1015.18,86128,34116,876,10,978.58,0
2025-02-17,IG-Retargeting-Cart-7d,Desktop,Meta Ads,Conversions,Bottom,2025,2025-Q1,2025-02,4207.92,298280,106962,5592,283,24893.26,0
2025-02-17,IG-Retargeting-Cart-7d,Mobile,Meta Ads,Conversions,Bottom,2025,2025-Q1,2025-02,4508.35,323343,141581,6580,286,24935.55,0
2025-02-17,IG-Retargeting-Cart-7d,Tablet,Meta Ads,Conversions,Bottom,2025,2025-Q1,2025-02,956.74,69673,31260,1259,60,5168.66,0
2025-02-17,IG-Retargeting-Cart-7d,Connected TV,Meta Ads,Conversions,Bottom,2025,2025-Q1,2025-02,733.24,38559,18112,680,33,2914.32,0
2025-02-17,FB-Catalog-DPA-Evergreen,Desktop,Meta Ads,Sales,Bottom,2025,2025-Q1,2025-02,5192.73,531179,227949,6905,309,25206.09,0
2025-02-17,FB-Catalog-DPA-Evergreen,Mobile,Meta Ads,Sales,Bottom,2025,2025-Q1,2025-02,5628.05,559609,252917,8322,305,24713.15,0
2025-02-17,FB-Catalog-DPA-Evergreen,Tablet,Meta Ads,Sales,Bottom,2025,2025-Q1,2025-02,1194.65,125452,53023,1755,62,4957.24,0
2025-02-17,FB-Catalog-DPA-Evergreen,Connected TV,Meta Ads,Sales,Bottom,2025,2025-Q1,2025-02,974.78,76633,30138,1058,39,3090.55,0
2025-02-17,LI-ABM-Enterprise-Tier1,Desktop,LinkedIn Ads,Leads,Middle,2025,2025-Q1,2025-02,7087.22,146787,60392,822,20,16687.37,0
2025-02-17,LI-ABM-Enterprise-Tier1,Mobile,LinkedIn Ads,Leads,Middle,2025,2025-Q1,2025-02,7665.4,154242,65477,939,20,17018.06,0
2025-02-17,LI-ABM-Enterprise-Tier1,Tablet,LinkedIn Ads,Leads,Middle,2025,2025-Q1,2025-02,1629.19,31785,14071,171,4,3422.76,0
2025-02-17,LI-ABM-Enterprise-Tier1,Connected TV,LinkedIn Ads,Leads,Middle,2025,2025-Q1,2025-02,1247.31,18303,7422,103,0,0,0
2025-02-17,LI-Content-Whitepaper,Desktop,LinkedIn Ads,Leads,Middle,2025,2025-Q1,2025-02,2992.89,64321,23403,455,8,3466.28,0
2025-02-17,LI-Content-Whitepaper,Mobile,LinkedIn Ads,Leads,Middle,2025,2025-Q1,2025-02,3414.91,74609,30347,605,10,4269.14,0
2025-02-17,LI-Content-Whitepaper,Tablet,LinkedIn Ads,Leads,Middle,2025,2025-Q1,2025-02,731.54,16145,6744,111,0,0,0
2025-02-17,LI-Content-Whitepaper,Connected TV,LinkedIn Ads,Leads,Middle,2025,2025-Q1,2025-02,554.52,8885,3783,60,0,0,0
2025-02-17,TT-Spark-Creator-UGC,Desktop,TikTok Ads,Awareness,Top,2025,2025-Q1,2025-02,3801.17,626389,243510,6844,73,5231.27,192764
2025-02-17,TT-Spark-Creator-UGC,Mobile,TikTok Ads,Awareness,Top,2025,2025-Q1,2025-02,4072.86,655130,264896,7573,64,4575.8,200363
2025-02-17,TT-Spark-Creator-UGC,Tablet,TikTok Ads,Awareness,Top,2025,2025-Q1,2025-02,811.22,137000,52133,1507,12,829.61,43620
2025-02-17,TT-Spark-Creator-UGC,Connected TV,TikTok Ads,Awareness,Top,2025,2025-Q1,2025-02,662.34,84318,33638,917,7,487.39,26284
2025-02-17,DV360-Display-Retarget,Desktop,Programmatic,Conversions,Middle,2025,2025-Q1,2025-02,4334.55,844414,357614,4081,81,11779.11,0
2025-02-17,DV360-Display-Retarget,Mobile,Programmatic,Conversions,Middle,2025,2025-Q1,2025-02,5001.62,945190,407897,4964,85,12708.09,0
2025-02-17,DV360-Display-Retarget,Tablet,Programmatic,Conversions,Middle,2025,2025-Q1,2025-02,996.67,184804,83509,853,13,1981.39,0
2025-02-17,DV360-Display-Retarget,Connected TV,Programmatic,Conversions,Middle,2025,2025-Q1,2025-02,764.23,105941,44188,510,9,1363.88,0
2025-02-17,DV360-CTV-Reach,Desktop,Programmatic,Awareness,Top,2025,2025-Q1,2025-02,5254.24,251286,96985,786,3,2373.32,83557
2025-02-17,DV360-CTV-Reach,Mobile,Programmatic,Awareness,Top,2025,2025-Q1,2025-02,5634.45,272559,112302,927,3,2380.23,89035
2025-02-17,DV360-CTV-Reach,Tablet,Programmatic,Awareness,Top,2025,2025-Q1,2025-02,1193.54,58773,24827,176,0,0,18837
2025-02-17,DV360-CTV-Reach,Connected TV,Programmatic,Awareness,Top,2025,2025-Q1,2025-02,915.13,32491,14375,95,0,0,10112
2025-02-24,BR-Search-Brand-Core,Desktop,Google Ads,Conversions,Bottom,2025,2025-Q1,2025-02,1968.34,18768,7320,1675,148,20360.39,0
2025-02-24,BR-Search-Brand-Core,Mobile,Google Ads,Conversions,Bottom,2025,2025-Q1,2025-02,2133.8,20023,7912,1948,142,19837,0
2025-02-24,BR-Search-Brand-Core,Tablet,Google Ads,Conversions,Bottom,2025,2025-Q1,2025-02,425.13,3886,1609,355,25,3590.22,0
2025-02-24,BR-Search-Brand-Core,Connected TV,Google Ads,Conversions,Bottom,2025,2025-Q1,2025-02,321.93,2203,846,209,13,1829.46,0
2025-02-24,NB-Search-Generic-Solutions,Desktop,Google Ads,Conversions,Middle,2025,2025-Q1,2025-02,9087.82,85335,34523,2951,94,22814,0
2025-02-24,NB-Search-Generic-Solutions,Mobile,Google Ads,Conversions,Middle,2025,2025-Q1,2025-02,10471.45,98914,37676,3703,98,23606.58,0
2025-02-24,NB-Search-Generic-Solutions,Tablet,Google Ads,Conversions,Middle,2025,2025-Q1,2025-02,2063.84,19115,8364,674,18,4429.33,0
2025-02-24,NB-Search-Generic-Solutions,Connected TV,Google Ads,Conversions,Middle,2025,2025-Q1,2025-02,1582.22,10556,4881,342,11,2771.24,0
2025-02-24,PMax-Retail-Feed,Desktop,Google Ads,Sales,Bottom,2025,2025-Q1,2025-02,7975.87,445581,186650,9303,456,37575.24,0
2025-02-24,PMax-Retail-Feed,Mobile,Google Ads,Sales,Bottom,2025,2025-Q1,2025-02,8637.32,487214,190126,11670,470,38410.26,0
2025-02-24,PMax-Retail-Feed,Tablet,Google Ads,Sales,Bottom,2025,2025-Q1,2025-02,1704.32,97115,34741,2071,81,6557.12,0
2025-02-24,PMax-Retail-Feed,Connected TV,Google Ads,Sales,Bottom,2025,2025-Q1,2025-02,1387.36,59647,22586,1256,50,3980.03,0
2025-02-24,YT-Awareness-InStream,Desktop,Google Ads,Awareness,Top,2025,2025-Q1,2025-02,4892.18,516812,202883,3300,23,4250.98,161868
2025-02-24,YT-Awareness-InStream,Mobile,Google Ads,Awareness,Top,2025,2025-Q1,2025-02,5302.02,549407,222489,3826,23,4155.86,177725
2025-02-24,YT-Awareness-InStream,Tablet,Google Ads,Awareness,Top,2025,2025-Q1,2025-02,1068.91,107813,45354,665,4,709.94,36476
2025-02-24,YT-Awareness-InStream,Connected TV,Google Ads,Awareness,Top,2025,2025-Q1,2025-02,798.84,60898,23943,389,0,0,19975
2025-02-24,FB-Prospecting-LAL-3pct,Desktop,Meta Ads,Traffic,Top,2025,2025-Q1,2025-02,6216.42,729911,303638,7226,108,10128.98,0
2025-02-24,FB-Prospecting-LAL-3pct,Mobile,Meta Ads,Traffic,Top,2025,2025-Q1,2025-02,6570.89,780264,302329,8790,105,10047.85,0
2025-02-24,FB-Prospecting-LAL-3pct,Tablet,Meta Ads,Traffic,Top,2025,2025-Q1,2025-02,1411.89,162731,72740,1645,22,2073.79,0
2025-02-24,FB-Prospecting-LAL-3pct,Connected TV,Meta Ads,Traffic,Top,2025,2025-Q1,2025-02,1068.98,89505,41740,830,11,1066.41,0
2025-02-24,IG-Retargeting-Cart-7d,Desktop,Meta Ads,Conversions,Bottom,2025,2025-Q1,2025-02,4479.72,322920,139935,5955,333,28854.1,0
2025-02-24,IG-Retargeting-Cart-7d,Mobile,Meta Ads,Conversions,Bottom,2025,2025-Q1,2025-02,4800.87,352418,139695,7430,337,29765.05,0
2025-02-24,IG-Retargeting-Cart-7d,Tablet,Meta Ads,Conversions,Bottom,2025,2025-Q1,2025-02,956.66,71059,26825,1407,63,5496.17,0
2025-02-24,IG-Retargeting-Cart-7d,Connected TV,Meta Ads,Conversions,Bottom,2025,2025-Q1,2025-02,780.49,43292,16925,844,38,3306.83,0
2025-02-24,FB-Catalog-DPA-Evergreen,Desktop,Meta Ads,Sales,Bottom,2025,2025-Q1,2025-02,5534.17,573524,237273,8242,358,30037.13,0
2025-02-24,FB-Catalog-DPA-Evergreen,Mobile,Meta Ads,Sales,Bottom,2025,2025-Q1,2025-02,5997.07,629894,264096,9819,352,29114.14,0
2025-02-24,FB-Catalog-DPA-Evergreen,Tablet,Meta Ads,Sales,Bottom,2025,2025-Q1,2025-02,1193.52,117872,52380,1620,59,4954.28,0
2025-02-24,FB-Catalog-DPA-Evergreen,Connected TV,Meta Ads,Sales,Bottom,2025,2025-Q1,2025-02,903.03,66809,26761,961,35,2900.29,0
2025-02-24,LI-ABM-Enterprise-Tier1,Desktop,LinkedIn Ads,Leads,Middle,2025,2025-Q1,2025-02,7089.16,143536,61236,780,20,16941.82,0
2025-02-24,LI-ABM-Enterprise-Tier1,Mobile,LinkedIn Ads,Leads,Middle,2025,2025-Q1,2025-02,7568.59,154929,61047,973,19,15818.4,0
2025-02-24,LI-ABM-Enterprise-Tier1,Tablet,LinkedIn Ads,Leads,Middle,2025,2025-Q1,2025-02,1610.46,33631,15403,186,5,4045.75,0
2025-02-24,LI-ABM-Enterprise-Tier1,Connected TV,LinkedIn Ads,Leads,Middle,2025,2025-Q1,2025-02,1231.65,18527,7991,95,0,0,0
2025-02-24,LI-Content-Whitepaper,Desktop,LinkedIn Ads,Leads,Middle,2025,2025-Q1,2025-02,3149.47,69726,31318,477,10,4223.95,0
2025-02-24,LI-Content-Whitepaper,Mobile,LinkedIn Ads,Leads,Middle,2025,2025-Q1,2025-02,3415,73585,30773,577,11,4746.21,0
2025-02-24,LI-Content-Whitepaper,Tablet,LinkedIn Ads,Leads,Middle,2025,2025-Q1,2025-02,671.72,14661,5623,110,0,0,0
2025-02-24,LI-Content-Whitepaper,Connected TV,LinkedIn Ads,Leads,Middle,2025,2025-Q1,2025-02,548.73,8975,3710,64,0,0,0
2025-02-24,TT-Spark-Creator-UGC,Desktop,TikTok Ads,Awareness,Top,2025,2025-Q1,2025-02,3997.05,642966,272735,7222,77,5666.7,195757
2025-02-24,TT-Spark-Creator-UGC,Mobile,TikTok Ads,Awareness,Top,2025,2025-Q1,2025-02,4333.8,706063,278228,8573,75,5415.37,220250
2025-02-24,TT-Spark-Creator-UGC,Tablet,TikTok Ads,Awareness,Top,2025,2025-Q1,2025-02,873.85,139056,55766,1496,14,1040.14,45332
2025-02-24,TT-Spark-Creator-UGC,Connected TV,TikTok Ads,Awareness,Top,2025,2025-Q1,2025-02,654.05,78143,28551,872,8,598.05,25088
2025-02-24,DV360-Display-Retarget,Desktop,Programmatic,Conversions,Middle,2025,2025-Q1,2025-02,4667.56,890090,342160,4161,86,12854.69,0
2025-02-24,DV360-Display-Retarget,Mobile,Programmatic,Conversions,Middle,2025,2025-Q1,2025-02,4574.34,889140,310845,4766,78,11355.04,0
2025-02-24,DV360-Display-Retarget,Tablet,Programmatic,Conversions,Middle,2025,2025-Q1,2025-02,984.79,193579,81429,928,17,2460.37,0
2025-02-24,DV360-Display-Retarget,Connected TV,Programmatic,Conversions,Middle,2025,2025-Q1,2025-02,803.29,114602,50514,504,9,1339.36,0
2025-02-24,DV360-CTV-Reach,Desktop,Programmatic,Awareness,Top,2025,2025-Q1,2025-02,5524.63,268716,109827,772,5,3937.03,81572
2025-02-24,DV360-CTV-Reach,Mobile,Programmatic,Awareness,Top,2025,2025-Q1,2025-02,5633.21,270678,114451,883,4,3166.39,85290
2025-02-24,DV360-CTV-Reach,Tablet,Programmatic,Awareness,Top,2025,2025-Q1,2025-02,1107.52,53834,21243,167,0,0,16413
2025-02-24,DV360-CTV-Reach,Connected TV,Programmatic,Awareness,Top,2025,2025-Q1,2025-02,905.22,32794,13710,99,0,0,9904
2025-03-03,BR-Search-Brand-Core,Desktop,Google Ads,Conversions,Bottom,2025,2025-Q1,2025-03,1822.78,17063,6971,1587,129,18677.69,0
2025-03-03,BR-Search-Brand-Core,Mobile,Google Ads,Conversions,Bottom,2025,2025-Q1,2025-03,2082.17,19010,8267,1893,138,19759.4,0
2025-03-03,BR-Search-Brand-Core,Tablet,Google Ads,Conversions,Bottom,2025,2025-Q1,2025-03,419.42,3882,1712,350,26,3676.54,0
2025-03-03,BR-Search-Brand-Core,Connected TV,Google Ads,Conversions,Bottom,2025,2025-Q1,2025-03,342.47,2300,1052,200,15,2174.6,0
2025-03-03,NB-Search-Generic-Solutions,Desktop,Google Ads,Conversions,Middle,2025,2025-Q1,2025-03,8969.16,82594,35143,2616,88,21802.62,0
2025-03-03,NB-Search-Generic-Solutions,Mobile,Google Ads,Conversions,Middle,2025,2025-Q1,2025-03,10350.71,96748,42670,3477,95,23337.21,0
2025-03-03,NB-Search-Generic-Solutions,Tablet,Google Ads,Conversions,Middle,2025,2025-Q1,2025-03,2062.88,19496,7156,664,18,4379.54,0
2025-03-03,NB-Search-Generic-Solutions,Connected TV,Google Ads,Conversions,Middle,2025,2025-Q1,2025-03,1682.24,11903,4588,396,12,2868.86,0
2025-03-03,PMax-Retail-Feed,Desktop,Google Ads,Sales,Bottom,2025,2025-Q1,2025-03,7888.02,449550,183149,9071,431,35060.12,0
2025-03-03,PMax-Retail-Feed,Mobile,Google Ads,Sales,Bottom,2025,2025-Q1,2025-03,8987.75,496302,206653,10867,450,37763.81,0
2025-03-03,PMax-Retail-Feed,Tablet,Google Ads,Sales,Bottom,2025,2025-Q1,2025-03,1812.81,97846,42351,2003,81,6672.82,0
2025-03-03,PMax-Retail-Feed,Connected TV,Google Ads,Sales,Bottom,2025,2025-Q1,2025-03,1388.11,58499,23487,1255,50,4058.51,0
2025-03-03,YT-Awareness-InStream,Desktop,Google Ads,Awareness,Top,2025,2025-Q1,2025-03,4891.24,489027,204669,3016,20,3726.9,155386
2025-03-03,YT-Awareness-InStream,Mobile,Google Ads,Awareness,Top,2025,2025-Q1,2025-03,5642.05,569103,226753,3798,21,3877.7,178419
2025-03-03,YT-Awareness-InStream,Tablet,Google Ads,Awareness,Top,2025,2025-Q1,2025-03,1123.59,115654,46810,691,5,887.15,35483
2025-03-03,YT-Awareness-InStream,Connected TV,Google Ads,Awareness,Top,2025,2025-Q1,2025-03,861.17,63828,26666,371,0,0,20262
2025-03-03,FB-Prospecting-LAL-3pct,Desktop,Meta Ads,Traffic,Top,2025,2025-Q1,2025-03,6528.45,747549,289379,7158,110,10555.86,0
2025-03-03,FB-Prospecting-LAL-3pct,Mobile,Meta Ads,Traffic,Top,2025,2025-Q1,2025-03,7080.92,818654,327327,8403,104,9814.03,0
2025-03-03,FB-Prospecting-LAL-3pct,Tablet,Meta Ads,Traffic,Top,2025,2025-Q1,2025-03,1393.28,164374,61054,1605,19,1770.47,0
2025-03-03,FB-Prospecting-LAL-3pct,Connected TV,Meta Ads,Traffic,Top,2025,2025-Q1,2025-03,1137.58,100431,39544,1020,13,1246.64,0
2025-03-03,IG-Retargeting-Cart-7d,Desktop,Meta Ads,Conversions,Bottom,2025,2025-Q1,2025-03,4374.56,322557,133003,5713,306,26203.62,0
2025-03-03,IG-Retargeting-Cart-7d,Mobile,Meta Ads,Conversions,Bottom,2025,2025-Q1,2025-03,5047.87,361470,153664,7372,342,29783.38,0
2025-03-03,IG-Retargeting-Cart-7d,Tablet,Meta Ads,Conversions,Bottom,2025,2025-Q1,2025-03,1018,70917,31341,1283,59,5102,0
2025-03-03,IG-Retargeting-Cart-7d,Connected TV,Meta Ads,Conversions,Bottom,2025,2025-Q1,2025-03,771.32,42180,17179,791,35,2965.62,0
2025-03-03,FB-Catalog-DPA-Evergreen,Desktop,Meta Ads,Sales,Bottom,2025,2025-Q1,2025-03,5531.76,560204,241367,7805,334,27360.13,0
2025-03-03,FB-Catalog-DPA-Evergreen,Mobile,Meta Ads,Sales,Bottom,2025,2025-Q1,2025-03,6308.68,650546,262991,10273,377,30447.37,0
2025-03-03,FB-Catalog-DPA-Evergreen,Tablet,Meta Ads,Sales,Bottom,2025,2025-Q1,2025-03,1351.8,140535,59751,1995,76,6103.86,0
2025-03-03,FB-Catalog-DPA-Evergreen,Connected TV,Meta Ads,Sales,Bottom,2025,2025-Q1,2025-03,1036.67,78389,33849,1091,43,3531.33,0
2025-03-03,LI-ABM-Enterprise-Tier1,Desktop,LinkedIn Ads,Leads,Middle,2025,2025-Q1,2025-03,7540.34,155128,62030,883,22,19140.41,0
2025-03-03,LI-ABM-Enterprise-Tier1,Mobile,LinkedIn Ads,Leads,Middle,2025,2025-Q1,2025-03,8076.52,161906,67326,981,18,15491.45,0
2025-03-03,LI-ABM-Enterprise-Tier1,Tablet,LinkedIn Ads,Leads,Middle,2025,2025-Q1,2025-03,1608.36,32613,12464,188,3,2424.69,0
2025-03-03,LI-ABM-Enterprise-Tier1,Connected TV,LinkedIn Ads,Leads,Middle,2025,2025-Q1,2025-03,1297.83,19736,7884,110,0,0,0
2025-03-03,LI-Content-Whitepaper,Desktop,LinkedIn Ads,Leads,Middle,2025,2025-Q1,2025-03,3110.79,67107,28507,476,9,3849.68,0
2025-03-03,LI-Content-Whitepaper,Mobile,LinkedIn Ads,Leads,Middle,2025,2025-Q1,2025-03,3591.86,78392,34160,605,10,4261.71,0
2025-03-03,LI-Content-Whitepaper,Tablet,LinkedIn Ads,Leads,Middle,2025,2025-Q1,2025-03,715.46,15316,6922,104,0,0,0
2025-03-03,LI-Content-Whitepaper,Connected TV,LinkedIn Ads,Leads,Middle,2025,2025-Q1,2025-03,548.57,9137,3845,65,0,0,0
2025-03-03,TT-Spark-Creator-UGC,Desktop,TikTok Ads,Awareness,Top,2025,2025-Q1,2025-03,3708.36,589248,265567,6381,64,4738.03,192131
2025-03-03,TT-Spark-Creator-UGC,Mobile,TikTok Ads,Awareness,Top,2025,2025-Q1,2025-03,4285.3,687784,289467,8535,74,5251.66,209323
2025-03-03,TT-Spark-Creator-UGC,Tablet,TikTok Ads,Awareness,Top,2025,2025-Q1,2025-03,908.04,153768,65882,1702,14,985.18,45542
2025-03-03,TT-Spark-Creator-UGC,Connected TV,TikTok Ads,Awareness,Top,2025,2025-Q1,2025-03,696.18,85017,38123,931,8,576.59,26117
2025-03-03,DV360-Display-Retarget,Desktop,Programmatic,Conversions,Middle,2025,2025-Q1,2025-03,4556.26,855834,350035,4202,85,12868.89,0
2025-03-03,DV360-Display-Retarget,Mobile,Programmatic,Conversions,Middle,2025,2025-Q1,2025-03,4938.59,937181,410775,4883,80,12381.1,0
2025-03-03,DV360-Display-Retarget,Tablet,Programmatic,Conversions,Middle,2025,2025-Q1,2025-03,983.18,188769,75468,935,15,2283.79,0
2025-03-03,DV360-Display-Retarget,Connected TV,Programmatic,Conversions,Middle,2025,2025-Q1,2025-03,793.69,110120,46779,532,10,1501.08,0
2025-03-03,DV360-CTV-Reach,Desktop,Programmatic,Awareness,Top,2025,2025-Q1,2025-03,5130.06,245275,93345,728,3,2319.63,76836
2025-03-03,DV360-CTV-Reach,Mobile,Programmatic,Awareness,Top,2025,2025-Q1,2025-03,5855.73,284282,130378,909,4,3179.67,87679
2025-03-03,DV360-CTV-Reach,Tablet,Programmatic,Awareness,Top,2025,2025-Q1,2025-03,1180.18,55853,26523,158,0,0,17797
2025-03-03,DV360-CTV-Reach,Connected TV,Programmatic,Awareness,Top,2025,2025-Q1,2025-03,962.4,34242,14758,99,0,0,10796
2025-03-10,BR-Search-Brand-Core,Desktop,Google Ads,Conversions,Bottom,2025,2025-Q1,2025-03,2065.44,19028,8085,1713,153,21825.75,0
2025-03-10,BR-Search-Brand-Core,Mobile,Google Ads,Conversions,Bottom,2025,2025-Q1,2025-03,2240.26,20847,8387,2149,157,22845.96,0
2025-03-10,BR-Search-Brand-Core,Tablet,Google Ads,Conversions,Bottom,2025,2025-Q1,2025-03,446.54,4085,1519,399,29,4149.34,0
2025-03-10,BR-Search-Brand-Core,Connected TV,Google Ads,Conversions,Bottom,2025,2025-Q1,2025-03,359.86,2448,1085,233,17,2407.6,0
2025-03-10,NB-Search-Generic-Solutions,Desktop,Google Ads,Conversions,Middle,2025,2025-Q1,2025-03,9538.27,89700,36347,3145,102,24858.33,0
2025-03-10,NB-Search-Generic-Solutions,Mobile,Google Ads,Conversions,Middle,2025,2025-Q1,2025-03,10212.78,93243,39115,3525,94,23346.62,0
2025-03-10,NB-Search-Generic-Solutions,Tablet,Google Ads,Conversions,Middle,2025,2025-Q1,2025-03,2058.24,18304,7957,613,17,4335,0
2025-03-10,NB-Search-Generic-Solutions,Connected TV,Google Ads,Conversions,Middle,2025,2025-Q1,2025-03,1537.8,10348,4073,359,10,2491.38,0
2025-03-10,PMax-Retail-Feed,Desktop,Google Ads,Sales,Bottom,2025,2025-Q1,2025-03,7280.67,406765,167989,8589,396,32515.14,0
2025-03-10,PMax-Retail-Feed,Mobile,Google Ads,Sales,Bottom,2025,2025-Q1,2025-03,8324.63,472972,206194,10671,400,32478.26,0
2025-03-10,PMax-Retail-Feed,Tablet,Google Ads,Sales,Bottom,2025,2025-Q1,2025-03,1789.74,102839,41692,2085,82,6599.15,0
2025-03-10,PMax-Retail-Feed,Connected TV,Google Ads,Sales,Bottom,2025,2025-Q1,2025-03,1354.6,56134,23708,1095,43,3537.12,0
2025-03-10,YT-Awareness-InStream,Desktop,Google Ads,Awareness,Top,2025,2025-Q1,2025-03,5195.6,531007,209381,3211,22,4038.01,163583
2025-03-10,YT-Awareness-InStream,Mobile,Google Ads,Awareness,Top,2025,2025-Q1,2025-03,5577.07,555287,227436,3796,21,3924.77,178605
2025-03-10,YT-Awareness-InStream,Tablet,Google Ads,Awareness,Top,2025,2025-Q1,2025-03,1108.82,112287,42909,731,4,699.88,35097
2025-03-10,YT-Awareness-InStream,Connected TV,Google Ads,Awareness,Top,2025,2025-Q1,2025-03,905.21,68348,31253,438,0,0,21154
2025-03-10,FB-Prospecting-LAL-3pct,Desktop,Meta Ads,Traffic,Top,2025,2025-Q1,2025-03,6933.03,804767,305589,7916,123,11604.64,0
2025-03-10,FB-Prospecting-LAL-3pct,Mobile,Meta Ads,Traffic,Top,2025,2025-Q1,2025-03,7518.78,849074,328049,9112,111,10659.88,0
2025-03-10,FB-Prospecting-LAL-3pct,Tablet,Meta Ads,Traffic,Top,2025,2025-Q1,2025-03,1389.24,154370,71173,1455,18,1766.45,0
2025-03-10,FB-Prospecting-LAL-3pct,Connected TV,Meta Ads,Traffic,Top,2025,2025-Q1,2025-03,1050.8,87504,36626,866,10,962.25,0
2025-03-10,IG-Retargeting-Cart-7d,Desktop,Meta Ads,Conversions,Bottom,2025,2025-Q1,2025-03,4362.74,314335,118023,5736,316,27415.04,0
2025-03-10,IG-Retargeting-Cart-7d,Mobile,Meta Ads,Conversions,Bottom,2025,2025-Q1,2025-03,4669.74,340873,135338,6744,301,25833.93,0
2025-03-10,IG-Retargeting-Cart-7d,Tablet,Meta Ads,Conversions,Bottom,2025,2025-Q1,2025-03,1068.23,79061,32911,1398,64,5474.88,0
2025-03-10,IG-Retargeting-Cart-7d,Connected TV,Meta Ads,Conversions,Bottom,2025,2025-Q1,2025-03,819.05,43889,16811,801,38,3309.49,0
2025-03-10,FB-Catalog-DPA-Evergreen,Desktop,Meta Ads,Sales,Bottom,2025,2025-Q1,2025-03,5807.78,605522,240797,8272,361,28981.93,0
2025-03-10,FB-Catalog-DPA-Evergreen,Mobile,Meta Ads,Sales,Bottom,2025,2025-Q1,2025-03,6297,639119,267204,9904,357,29361.08,0
2025-03-10,FB-Catalog-DPA-Evergreen,Tablet,Meta Ads,Sales,Bottom,2025,2025-Q1,2025-03,1253.8,128665,49798,1892,67,5454.27,0
2025-03-10,FB-Catalog-DPA-Evergreen,Connected TV,Meta Ads,Sales,Bottom,2025,2025-Q1,2025-03,1011.85,77648,32347,1111,40,3221.82,0
2025-03-10,LI-ABM-Enterprise-Tier1,Desktop,LinkedIn Ads,Leads,Middle,2025,2025-Q1,2025-03,8010.62,166913,64146,956,23,18989.87,0
2025-03-10,LI-ABM-Enterprise-Tier1,Mobile,LinkedIn Ads,Leads,Middle,2025,2025-Q1,2025-03,9113.21,185619,73256,1155,23,19263.8,0
2025-03-10,LI-ABM-Enterprise-Tier1,Tablet,LinkedIn Ads,Leads,Middle,2025,2025-Q1,2025-03,1711.34,33992,15889,191,4,3341.5,0
2025-03-10,LI-ABM-Enterprise-Tier1,Connected TV,LinkedIn Ads,Leads,Middle,2025,2025-Q1,2025-03,1295.9,19417,8301,104,0,0,0
2025-03-10,LI-Content-Whitepaper,Desktop,LinkedIn Ads,Leads,Middle,2025,2025-Q1,2025-03,3346.29,73263,28845,538,11,4688.49,0
2025-03-10,LI-Content-Whitepaper,Mobile,LinkedIn Ads,Leads,Middle,2025,2025-Q1,2025-03,3550.09,79216,28537,626,10,4176.41,0
2025-03-10,LI-Content-Whitepaper,Tablet,LinkedIn Ads,Leads,Middle,2025,2025-Q1,2025-03,760.18,17127,6542,121,0,0,0
2025-03-10,LI-Content-Whitepaper,Connected TV,LinkedIn Ads,Leads,Middle,2025,2025-Q1,2025-03,576.88,9370,3632,64,0,0,0
2025-03-10,TT-Spark-Creator-UGC,Desktop,TikTok Ads,Awareness,Top,2025,2025-Q1,2025-03,3944.42,660571,269995,7522,78,5461.29,212453
2025-03-10,TT-Spark-Creator-UGC,Mobile,TikTok Ads,Awareness,Top,2025,2025-Q1,2025-03,4222.24,688265,291322,8415,71,5095.24,231694
2025-03-10,TT-Spark-Creator-UGC,Tablet,TikTok Ads,Awareness,Top,2025,2025-Q1,2025-03,840.18,139744,55436,1605,12,878.51,45579
2025-03-10,TT-Spark-Creator-UGC,Connected TV,TikTok Ads,Awareness,Top,2025,2025-Q1,2025-03,687.22,85154,35651,960,8,586.02,27444
2025-03-10,DV360-Display-Retarget,Desktop,Programmatic,Conversions,Middle,2025,2025-Q1,2025-03,4844.78,959121,381415,4762,98,14632.96,0
2025-03-10,DV360-Display-Retarget,Mobile,Programmatic,Conversions,Middle,2025,2025-Q1,2025-03,5578.93,1074076,437853,5799,97,14248.07,0
2025-03-10,DV360-Display-Retarget,Tablet,Programmatic,Conversions,Middle,2025,2025-Q1,2025-03,1033.72,195872,92333,948,16,2401.69,0
2025-03-10,DV360-Display-Retarget,Connected TV,Programmatic,Conversions,Middle,2025,2025-Q1,2025-03,792.27,112415,50303,528,9,1382.59,0
2025-03-10,DV360-CTV-Reach,Desktop,Programmatic,Awareness,Top,2025,2025-Q1,2025-03,5455.22,266964,106789,812,4,3193.49,86695
2025-03-10,DV360-CTV-Reach,Mobile,Programmatic,Awareness,Top,2025,2025-Q1,2025-03,5844.84,289447,110223,1011,4,3121.55,91496
2025-03-10,DV360-CTV-Reach,Tablet,Programmatic,Awareness,Top,2025,2025-Q1,2025-03,1254.4,60617,24037,189,0,0,18842
2025-03-10,DV360-CTV-Reach,Connected TV,Programmatic,Awareness,Top,2025,2025-Q1,2025-03,950.02,33021,13548,100,0,0,10635
2025-03-17,BR-Search-Brand-Core,Desktop,Google Ads,Conversions,Bottom,2025,2025-Q1,2025-03,2037.38,19852,8060,1844,158,22217.65,0
2025-03-17,BR-Search-Brand-Core,Mobile,Google Ads,Conversions,Bottom,2025,2025-Q1,2025-03,2349.56,22220,9195,2244,167,23165.94,0
2025-03-17,BR-Search-Brand-Core,Tablet,Google Ads,Conversions,Bottom,2025,2025-Q1,2025-03,468.34,4338,1906,386,27,3796.92,0
2025-03-17,BR-Search-Brand-Core,Connected TV,Google Ads,Conversions,Bottom,2025,2025-Q1,2025-03,332.43,2315,937,215,14,1954.94,0
2025-03-17,NB-Search-Generic-Solutions,Desktop,Google Ads,Conversions,Middle,2025,2025-Q1,2025-03,9399.04,86554,37685,2913,92,22634.53,0
2025-03-17,NB-Search-Generic-Solutions,Mobile,Google Ads,Conversions,Middle,2025,2025-Q1,2025-03,10848,100697,41095,3873,106,25978.96,0
2025-03-17,NB-Search-Generic-Solutions,Tablet,Google Ads,Conversions,Middle,2025,2025-Q1,2025-03,2296.84,21675,8963,752,22,5332.86,0
2025-03-17,NB-Search-Generic-Solutions,Connected TV,Google Ads,Conversions,Middle,2025,2025-Q1,2025-03,1761.56,11989,5111,408,12,2971.42,0
2025-03-17,PMax-Retail-Feed,Desktop,Google Ads,Sales,Bottom,2025,2025-Q1,2025-03,8260.45,451869,203270,9807,475,39868.39,0
2025-03-17,PMax-Retail-Feed,Mobile,Google Ads,Sales,Bottom,2025,2025-Q1,2025-03,8956.59,494172,203553,11522,454,37822.87,0
2025-03-17,PMax-Retail-Feed,Tablet,Google Ads,Sales,Bottom,2025,2025-Q1,2025-03,1784.12,99555,37350,2202,85,6732.29,0
2025-03-17,PMax-Retail-Feed,Connected TV,Google Ads,Sales,Bottom,2025,2025-Q1,2025-03,1438.99,63254,24727,1369,52,4216.59,0
2025-03-17,YT-Awareness-InStream,Desktop,Google Ads,Awareness,Top,2025,2025-Q1,2025-03,5069.21,525470,216458,3297,24,4338.18,169942
2025-03-17,YT-Awareness-InStream,Mobile,Google Ads,Awareness,Top,2025,2025-Q1,2025-03,5852.55,617214,261121,4172,24,4445.45,193927
2025-03-17,YT-Awareness-InStream,Tablet,Google Ads,Awareness,Top,2025,2025-Q1,2025-03,1177.91,121054,55015,725,4,744.57,39647
2025-03-17,YT-Awareness-InStream,Connected TV,Google Ads,Awareness,Top,2025,2025-Q1,2025-03,825.82,61605,25223,382,0,0,19586
2025-03-17,FB-Prospecting-LAL-3pct,Desktop,Meta Ads,Traffic,Top,2025,2025-Q1,2025-03,6426.05,735501,321795,7077,103,9808.31,0
2025-03-17,FB-Prospecting-LAL-3pct,Mobile,Meta Ads,Traffic,Top,2025,2025-Q1,2025-03,7331.33,850889,348834,9262,117,11052.92,0
2025-03-17,FB-Prospecting-LAL-3pct,Tablet,Meta Ads,Traffic,Top,2025,2025-Q1,2025-03,1571.91,184453,79450,1804,24,2233.05,0
2025-03-17,FB-Prospecting-LAL-3pct,Connected TV,Meta Ads,Traffic,Top,2025,2025-Q1,2025-03,1191.1,100763,44374,972,12,1144.09,0
2025-03-17,IG-Retargeting-Cart-7d,Desktop,Meta Ads,Conversions,Bottom,2025,2025-Q1,2025-03,4637.35,327215,153445,6216,339,29881.51,0
2025-03-17,IG-Retargeting-Cart-7d,Mobile,Meta Ads,Conversions,Bottom,2025,2025-Q1,2025-03,4965.16,342948,148541,6964,312,28346.78,0
2025-03-17,IG-Retargeting-Cart-7d,Tablet,Meta Ads,Conversions,Bottom,2025,2025-Q1,2025-03,988.45,69054,27563,1327,61,5254.54,0
2025-03-17,IG-Retargeting-Cart-7d,Connected TV,Meta Ads,Conversions,Bottom,2025,2025-Q1,2025-03,807.83,43949,18165,831,39,3336.75,0
2025-03-17,FB-Catalog-DPA-Evergreen,Desktop,Meta Ads,Sales,Bottom,2025,2025-Q1,2025-03,5721.83,579988,254796,8096,361,29717.62,0
2025-03-17,FB-Catalog-DPA-Evergreen,Mobile,Meta Ads,Sales,Bottom,2025,2025-Q1,2025-03,6610.14,677543,303644,10272,395,32235.31,0
2025-03-17,FB-Catalog-DPA-Evergreen,Tablet,Meta Ads,Sales,Bottom,2025,2025-Q1,2025-03,1415.45,142221,65917,1885,67,5587.44,0
2025-03-17,FB-Catalog-DPA-Evergreen,Connected TV,Meta Ads,Sales,Bottom,2025,2025-Q1,2025-03,1008.19,75954,28207,1059,37,3042.94,0
2025-03-17,LI-ABM-Enterprise-Tier1,Desktop,LinkedIn Ads,Leads,Middle,2025,2025-Q1,2025-03,7899.87,162874,72565,857,22,18449.02,0
2025-03-17,LI-ABM-Enterprise-Tier1,Mobile,LinkedIn Ads,Leads,Middle,2025,2025-Q1,2025-03,8465.42,176496,65324,1065,21,17350.43,0
2025-03-17,LI-ABM-Enterprise-Tier1,Tablet,LinkedIn Ads,Leads,Middle,2025,2025-Q1,2025-03,1815.98,38442,14956,207,6,4871.27,0
2025-03-17,LI-ABM-Enterprise-Tier1,Connected TV,LinkedIn Ads,Leads,Middle,2025,2025-Q1,2025-03,1375.63,21029,8444,113,0,0,0
2025-03-17,LI-Content-Whitepaper,Desktop,LinkedIn Ads,Leads,Middle,2025,2025-Q1,2025-03,3474.68,74471,31312,529,11,4783.67,0
2025-03-17,LI-Content-Whitepaper,Mobile,LinkedIn Ads,Leads,Middle,2025,2025-Q1,2025-03,3768.7,78941,35014,598,11,4860.91,0
2025-03-17,LI-Content-Whitepaper,Tablet,LinkedIn Ads,Leads,Middle,2025,2025-Q1,2025-03,758.84,16058,6541,117,0,0,0
2025-03-17,LI-Content-Whitepaper,Connected TV,LinkedIn Ads,Leads,Middle,2025,2025-Q1,2025-03,612.18,10153,3874,71,0,0,0
2025-03-17,TT-Spark-Creator-UGC,Desktop,TikTok Ads,Awareness,Top,2025,2025-Q1,2025-03,4189.08,682829,274653,7450,78,5630.27,212808
2025-03-17,TT-Spark-Creator-UGC,Mobile,TikTok Ads,Awareness,Top,2025,2025-Q1,2025-03,4769.51,790889,326784,9315,84,5958.12,239706
2025-03-17,TT-Spark-Creator-UGC,Tablet,TikTok Ads,Awareness,Top,2025,2025-Q1,2025-03,904.17,146198,61677,1528,12,870.78,46139
2025-03-17,TT-Spark-Creator-UGC,Connected TV,TikTok Ads,Awareness,Top,2025,2025-Q1,2025-03,729.26,88061,33739,1016,9,653.62,27443
2025-03-17,DV360-Display-Retarget,Desktop,Programmatic,Conversions,Middle,2025,2025-Q1,2025-03,4832.07,936498,377863,4259,85,12449.93,0
2025-03-17,DV360-Display-Retarget,Mobile,Programmatic,Conversions,Middle,2025,2025-Q1,2025-03,5111.74,1011037,378706,5293,86,12438.06,0
2025-03-17,DV360-Display-Retarget,Tablet,Programmatic,Conversions,Middle,2025,2025-Q1,2025-03,1097.92,219387,87169,1084,19,2831.49,0
2025-03-17,DV360-Display-Retarget,Connected TV,Programmatic,Conversions,Middle,2025,2025-Q1,2025-03,841.42,121689,49193,597,11,1602.74,0
2025-03-17,DV360-CTV-Reach,Desktop,Programmatic,Awareness,Top,2025,2025-Q1,2025-03,5724.05,273237,117297,813,5,4023.87,85525
2025-03-17,DV360-CTV-Reach,Mobile,Programmatic,Awareness,Top,2025,2025-Q1,2025-03,6207.6,288243,128688,919,4,3263.42,94425
2025-03-17,DV360-CTV-Reach,Tablet,Programmatic,Awareness,Top,2025,2025-Q1,2025-03,1236.7,58528,24902,176,0,0,17783
2025-03-17,DV360-CTV-Reach,Connected TV,Programmatic,Awareness,Top,2025,2025-Q1,2025-03,1008.59,36982,14706,115,0,0,11736
2025-03-24,BR-Search-Brand-Core,Desktop,Google Ads,Conversions,Bottom,2025,2025-Q1,2025-03,2027.43,18518,6829,1671,148,21161.97,0
2025-03-24,BR-Search-Brand-Core,Mobile,Google Ads,Conversions,Bottom,2025,2025-Q1,2025-03,2313.79,21488,8486,2213,160,22706.08,0
2025-03-24,BR-Search-Brand-Core,Tablet,Google Ads,Conversions,Bottom,2025,2025-Q1,2025-03,495.87,4652,1720,431,32,4468.5,0
2025-03-24,BR-Search-Brand-Core,Connected TV,Google Ads,Conversions,Bottom,2025,2025-Q1,2025-03,380.29,2594,1120,234,18,2582.67,0
2025-03-24,NB-Search-Generic-Solutions,Desktop,Google Ads,Conversions,Middle,2025,2025-Q1,2025-03,9962.59,93497,36885,3289,108,26292.16,0
2025-03-24,NB-Search-Generic-Solutions,Mobile,Google Ads,Conversions,Middle,2025,2025-Q1,2025-03,10803.67,99135,40604,3487,92,23104.33,0
2025-03-24,NB-Search-Generic-Solutions,Tablet,Google Ads,Conversions,Middle,2025,2025-Q1,2025-03,2124.91,19695,7622,652,18,4430.01,0
2025-03-24,NB-Search-Generic-Solutions,Connected TV,Google Ads,Conversions,Middle,2025,2025-Q1,2025-03,1735.72,11991,4891,390,11,2593.89,0
2025-03-24,PMax-Retail-Feed,Desktop,Google Ads,Sales,Bottom,2025,2025-Q1,2025-03,8130.24,471303,202896,10472,486,38680.95,0
2025-03-24,PMax-Retail-Feed,Mobile,Google Ads,Sales,Bottom,2025,2025-Q1,2025-03,9385.49,527674,231531,12029,483,39510,0
2025-03-24,PMax-Retail-Feed,Tablet,Google Ads,Sales,Bottom,2025,2025-Q1,2025-03,1869.81,103135,46852,2066,81,6736.82,0
2025-03-24,PMax-Retail-Feed,Connected TV,Google Ads,Sales,Bottom,2025,2025-Q1,2025-03,1433.54,59115,25054,1236,47,3860.02,0
2025-03-24,YT-Awareness-InStream,Desktop,Google Ads,Awareness,Top,2025,2025-Q1,2025-03,5438.53,553779,213857,3558,25,4582.6,182434
2025-03-24,YT-Awareness-InStream,Mobile,Google Ads,Awareness,Top,2025,2025-Q1,2025-03,5830.14,600514,215867,4186,23,4155.25,194317
2025-03-24,YT-Awareness-InStream,Tablet,Google Ads,Awareness,Top,2025,2025-Q1,2025-03,1235.4,128551,48024,840,6,1066.83,41249
2025-03-24,YT-Awareness-InStream,Connected TV,Google Ads,Awareness,Top,2025,2025-Q1,2025-03,947.19,71603,32236,461,2,356.64,23789
2025-03-24,FB-Prospecting-LAL-3pct,Desktop,Meta Ads,Traffic,Top,2025,2025-Q1,2025-03,6744.4,782971,312577,7805,117,10960.85,0
2025-03-24,FB-Prospecting-LAL-3pct,Mobile,Meta Ads,Traffic,Top,2025,2025-Q1,2025-03,7297.01,831538,357663,8876,109,10870.23,0
2025-03-24,FB-Prospecting-LAL-3pct,Tablet,Meta Ads,Traffic,Top,2025,2025-Q1,2025-03,1452.49,167421,65145,1700,20,1964.16,0
2025-03-24,FB-Prospecting-LAL-3pct,Connected TV,Meta Ads,Traffic,Top,2025,2025-Q1,2025-03,1172.63,97473,40267,962,12,1119.91,0
2025-03-24,IG-Retargeting-Cart-7d,Desktop,Meta Ads,Conversions,Bottom,2025,2025-Q1,2025-03,4562.23,341067,147557,6662,350,30476.2,0
2025-03-24,IG-Retargeting-Cart-7d,Mobile,Meta Ads,Conversions,Bottom,2025,2025-Q1,2025-03,5206.31,381034,172689,7573,344,29328.11,0
2025-03-24,IG-Retargeting-Cart-7d,Tablet,Meta Ads,Conversions,Bottom,2025,2025-Q1,2025-03,1049.53,74701,35233,1313,60,5257.28,0
2025-03-24,IG-Retargeting-Cart-7d,Connected TV,Meta Ads,Conversions,Bottom,2025,2025-Q1,2025-03,794.41,42660,18540,786,34,2951.46,0
2025-03-24,FB-Catalog-DPA-Evergreen,Desktop,Meta Ads,Sales,Bottom,2025,2025-Q1,2025-03,6142.4,634598,257640,9167,404,33764.84,0
2025-03-24,FB-Catalog-DPA-Evergreen,Mobile,Meta Ads,Sales,Bottom,2025,2025-Q1,2025-03,6501.73,660053,248195,10923,392,32242.03,0
2025-03-24,FB-Catalog-DPA-Evergreen,Tablet,Meta Ads,Sales,Bottom,2025,2025-Q1,2025-03,1395.43,142319,56131,2086,77,6291.1,0
2025-03-24,FB-Catalog-DPA-Evergreen,Connected TV,Meta Ads,Sales,Bottom,2025,2025-Q1,2025-03,1069.75,78525,35870,1142,43,3599.97,0
2025-03-24,LI-ABM-Enterprise-Tier1,Desktop,LinkedIn Ads,Leads,Middle,2025,2025-Q1,2025-03,7772.87,156530,66306,866,21,17859.85,0
2025-03-24,LI-ABM-Enterprise-Tier1,Mobile,LinkedIn Ads,Leads,Middle,2025,2025-Q1,2025-03,8423.67,165220,72552,978,19,16623.19,0
2025-03-24,LI-ABM-Enterprise-Tier1,Tablet,LinkedIn Ads,Leads,Middle,2025,2025-Q1,2025-03,1654.67,33151,13171,185,3,2393.19,0
2025-03-24,LI-ABM-Enterprise-Tier1,Connected TV,LinkedIn Ads,Leads,Middle,2025,2025-Q1,2025-03,1353.81,20221,8793,110,0,0,0
2025-03-24,LI-Content-Whitepaper,Desktop,LinkedIn Ads,Leads,Middle,2025,2025-Q1,2025-03,3208.21,70753,31157,517,10,4231.45,0
2025-03-24,LI-Content-Whitepaper,Mobile,LinkedIn Ads,Leads,Middle,2025,2025-Q1,2025-03,3710.28,82758,33867,622,11,4602.27,0
2025-03-24,LI-Content-Whitepaper,Tablet,LinkedIn Ads,Leads,Middle,2025,2025-Q1,2025-03,738.42,16117,6869,106,0,0,0
2025-03-24,LI-Content-Whitepaper,Connected TV,LinkedIn Ads,Leads,Middle,2025,2025-Q1,2025-03,565.89,9243,4116,64,0,0,0
2025-03-24,TT-Spark-Creator-UGC,Desktop,TikTok Ads,Awareness,Top,2025,2025-Q1,2025-03,4129.53,667772,276019,7466,77,5627.52,213667
2025-03-24,TT-Spark-Creator-UGC,Mobile,TikTok Ads,Awareness,Top,2025,2025-Q1,2025-03,4414.24,722436,278518,9298,78,5560.29,224452
2025-03-24,TT-Spark-Creator-UGC,Tablet,TikTok Ads,Awareness,Top,2025,2025-Q1,2025-03,938.37,154488,63297,1777,16,1138.18,47563
2025-03-24,TT-Spark-Creator-UGC,Connected TV,TikTok Ads,Awareness,Top,2025,2025-Q1,2025-03,717.72,85766,40748,970,10,727.43,27311
2025-03-24,DV360-Display-Retarget,Desktop,Programmatic,Conversions,Middle,2025,2025-Q1,2025-03,5058.55,956480,373872,4541,94,14092.51,0
2025-03-24,DV360-Display-Retarget,Mobile,Programmatic,Conversions,Middle,2025,2025-Q1,2025-03,5485.33,1017162,409265,5136,85,12971.42,0
2025-03-24,DV360-Display-Retarget,Tablet,Programmatic,Conversions,Middle,2025,2025-Q1,2025-03,1010.92,190502,80526,918,15,2243.09,0
2025-03-24,DV360-Display-Retarget,Connected TV,Programmatic,Conversions,Middle,2025,2025-Q1,2025-03,881.51,124394,55126,621,10,1505.88,0
2025-03-24,DV360-CTV-Reach,Desktop,Programmatic,Awareness,Top,2025,2025-Q1,2025-03,5278.51,256870,102919,787,4,3058.2,77737
2025-03-24,DV360-CTV-Reach,Mobile,Programmatic,Awareness,Top,2025,2025-Q1,2025-03,6497.86,320612,134758,1058,5,4005.66,96110
2025-03-24,DV360-CTV-Reach,Tablet,Programmatic,Awareness,Top,2025,2025-Q1,2025-03,1310.18,63182,24414,185,0,0,19524
2025-03-24,DV360-CTV-Reach,Connected TV,Programmatic,Awareness,Top,2025,2025-Q1,2025-03,1004.81,36381,14531,103,0,0,11067
2025-03-31,BR-Search-Brand-Core,Desktop,Google Ads,Conversions,Bottom,2025,2025-Q1,2025-03,2121.53,19800,9027,1746,158,22187.63,0
2025-03-31,BR-Search-Brand-Core,Mobile,Google Ads,Conversions,Bottom,2025,2025-Q1,2025-03,2300.1,21067,8953,2102,155,22216.7,0
2025-03-31,BR-Search-Brand-Core,Tablet,Google Ads,Conversions,Bottom,2025,2025-Q1,2025-03,458.02,4245,1654,402,27,3792.28,0
2025-03-31,BR-Search-Brand-Core,Connected TV,Google Ads,Conversions,Bottom,2025,2025-Q1,2025-03,369.57,2569,1079,238,17,2357.79,0
2025-03-31,NB-Search-Generic-Solutions,Desktop,Google Ads,Conversions,Middle,2025,2025-Q1,2025-03,9789.88,89339,38384,3038,101,25244.99,0
2025-03-31,NB-Search-Generic-Solutions,Mobile,Google Ads,Conversions,Middle,2025,2025-Q1,2025-03,11294.27,104782,41928,3832,105,25992.49,0
2025-03-31,NB-Search-Generic-Solutions,Tablet,Google Ads,Conversions,Middle,2025,2025-Q1,2025-03,2277.21,20636,8406,668,18,4566.01,0
2025-03-31,NB-Search-Generic-Solutions,Connected TV,Google Ads,Conversions,Middle,2025,2025-Q1,2025-03,1703.61,11589,4236,393,11,2728.81,0
2025-03-31,PMax-Retail-Feed,Desktop,Google Ads,Sales,Bottom,2025,2025-Q1,2025-03,8708.85,494076,192694,10028,482,39427.04,0
2025-03-31,PMax-Retail-Feed,Mobile,Google Ads,Sales,Bottom,2025,2025-Q1,2025-03,9221.52,530986,193330,12341,483,38748.87,0
2025-03-31,PMax-Retail-Feed,Tablet,Google Ads,Sales,Bottom,2025,2025-Q1,2025-03,1978.21,115120,44620,2379,95,7548.93,0
2025-03-31,PMax-Retail-Feed,Connected TV,Google Ads,Sales,Bottom,2025,2025-Q1,2025-03,1406.3,59371,22966,1221,49,3950.96,0
2025-03-31,YT-Awareness-InStream,Desktop,Google Ads,Awareness,Top,2025,2025-Q1,2025-03,5685.56,588872,244455,3461,24,4354.85,176970
2025-03-31,YT-Awareness-InStream,Mobile,Google Ads,Awareness,Top,2025,2025-Q1,2025-03,6167.85,622464,268068,4175,24,4446.19,195375
2025-03-31,YT-Awareness-InStream,Tablet,Google Ads,Awareness,Top,2025,2025-Q1,2025-03,1229.56,126330,50184,798,5,883.95,38448
2025-03-31,YT-Awareness-InStream,Connected TV,Google Ads,Awareness,Top,2025,2025-Q1,2025-03,931.08,71837,30526,451,1,170.26,21473
2025-03-31,FB-Prospecting-LAL-3pct,Desktop,Meta Ads,Traffic,Top,2025,2025-Q1,2025-03,7140.48,812756,320360,7781,118,11279.58,0
2025-03-31,FB-Prospecting-LAL-3pct,Mobile,Meta Ads,Traffic,Top,2025,2025-Q1,2025-03,7726.25,890769,361061,9315,122,11541.96,0
2025-03-31,FB-Prospecting-LAL-3pct,Tablet,Meta Ads,Traffic,Top,2025,2025-Q1,2025-03,1639.77,184969,76998,1808,24,2325.44,0
2025-03-31,FB-Prospecting-LAL-3pct,Connected TV,Meta Ads,Traffic,Top,2025,2025-Q1,2025-03,1255.62,105923,41094,1080,14,1334.84,0
2025-03-31,IG-Retargeting-Cart-7d,Desktop,Meta Ads,Conversions,Bottom,2025,2025-Q1,2025-03,4830.88,351813,138766,6645,357,30649.42,0
2025-03-31,IG-Retargeting-Cart-7d,Mobile,Meta Ads,Conversions,Bottom,2025,2025-Q1,2025-03,5175.18,384358,142933,8326,367,32260.82,0
2025-03-31,IG-Retargeting-Cart-7d,Tablet,Meta Ads,Conversions,Bottom,2025,2025-Q1,2025-03,1097.58,82254,32089,1591,74,6185.26,0
2025-03-31,IG-Retargeting-Cart-7d,Connected TV,Meta Ads,Conversions,Bottom,2025,2025-Q1,2025-03,841.24,45807,18434,873,39,3304.16,0
2025-03-31,FB-Catalog-DPA-Evergreen,Desktop,Meta Ads,Sales,Bottom,2025,2025-Q1,2025-03,6423.3,678813,283601,9606,431,34378.66,0
2025-03-31,FB-Catalog-DPA-Evergreen,Mobile,Meta Ads,Sales,Bottom,2025,2025-Q1,2025-03,6884.62,707828,314274,10667,394,31979.23,0
2025-03-31,FB-Catalog-DPA-Evergreen,Tablet,Meta Ads,Sales,Bottom,2025,2025-Q1,2025-03,1388.45,144272,59743,2059,71,5679.28,0
2025-03-31,FB-Catalog-DPA-Evergreen,Connected TV,Meta Ads,Sales,Bottom,2025,2025-Q1,2025-03,1037.93,81389,35017,1203,42,3319.42,0
2025-03-31,LI-ABM-Enterprise-Tier1,Desktop,LinkedIn Ads,Leads,Middle,2025,2025-Q1,2025-03,8233.11,168571,69463,949,22,18379.44,0
2025-03-31,LI-ABM-Enterprise-Tier1,Mobile,LinkedIn Ads,Leads,Middle,2025,2025-Q1,2025-03,9376.42,195184,81495,1199,24,19779.59,0
2025-03-31,LI-ABM-Enterprise-Tier1,Tablet,LinkedIn Ads,Leads,Middle,2025,2025-Q1,2025-03,1891.14,38330,16504,210,5,4137.8,0
2025-03-31,LI-ABM-Enterprise-Tier1,Connected TV,LinkedIn Ads,Leads,Middle,2025,2025-Q1,2025-03,1450.42,22139,8722,127,1,821.08,0
2025-03-31,LI-Content-Whitepaper,Desktop,LinkedIn Ads,Leads,Middle,2025,2025-Q1,2025-03,3442.73,73720,30654,526,10,4341.61,0
2025-03-31,LI-Content-Whitepaper,Mobile,LinkedIn Ads,Leads,Middle,2025,2025-Q1,2025-03,3687.18,79852,30213,648,10,4269.22,0
2025-03-31,LI-Content-Whitepaper,Tablet,LinkedIn Ads,Leads,Middle,2025,2025-Q1,2025-03,782.28,17297,7109,125,0,0,0
2025-03-31,LI-Content-Whitepaper,Connected TV,LinkedIn Ads,Leads,Middle,2025,2025-Q1,2025-03,599.49,9950,4145,70,0,0,0
2025-03-31,TT-Spark-Creator-UGC,Desktop,TikTok Ads,Awareness,Top,2025,2025-Q1,2025-03,4320.94,736509,326408,8138,85,6121.06,230041
2025-03-31,TT-Spark-Creator-UGC,Mobile,TikTok Ads,Awareness,Top,2025,2025-Q1,2025-03,4676.42,776720,356761,9203,80,5901.92,252942
2025-03-31,TT-Spark-Creator-UGC,Tablet,TikTok Ads,Awareness,Top,2025,2025-Q1,2025-03,933.17,151464,63416,1681,14,1014.09,47770
2025-03-31,TT-Spark-Creator-UGC,Connected TV,TikTok Ads,Awareness,Top,2025,2025-Q1,2025-03,704.55,85638,37993,997,9,646.15,26463
2025-03-31,DV360-Display-Retarget,Desktop,Programmatic,Conversions,Middle,2025,2025-Q1,2025-03,4974.65,967914,400662,4668,94,13670.51,0
2025-03-31,DV360-Display-Retarget,Mobile,Programmatic,Conversions,Middle,2025,2025-Q1,2025-03,5737.57,1128728,491123,5920,101,14588.52,0
2025-03-31,DV360-Display-Retarget,Tablet,Programmatic,Conversions,Middle,2025,2025-Q1,2025-03,1143.25,218870,97388,1029,17,2523.24,0
2025-03-31,DV360-Display-Retarget,Connected TV,Programmatic,Conversions,Middle,2025,2025-Q1,2025-03,876.58,122012,50698,589,11,1658.73,0
2025-03-31,DV360-CTV-Reach,Desktop,Programmatic,Awareness,Top,2025,2025-Q1,2025-03,5597.43,257698,112762,763,3,2440.63,86987
2025-03-31,DV360-CTV-Reach,Mobile,Programmatic,Awareness,Top,2025,2025-Q1,2025-03,5991.2,278983,112403,946,4,3256.74,91149
2025-03-31,DV360-CTV-Reach,Tablet,Programmatic,Awareness,Top,2025,2025-Q1,2025-03,1288.08,60411,25363,184,0,0,18266
2025-03-31,DV360-CTV-Reach,Connected TV,Programmatic,Awareness,Top,2025,2025-Q1,2025-03,1050.08,37086,14527,110,0,0,11775
2025-04-07,BR-Search-Brand-Core,Desktop,Google Ads,Conversions,Bottom,2025,2025-Q2,2025-04,2080.15,19073,8140,1720,145,20567.62,0
2025-04-07,BR-Search-Brand-Core,Mobile,Google Ads,Conversions,Bottom,2025,2025-Q2,2025-04,2402.81,22293,9877,2190,158,22189.6,0
2025-04-07,BR-Search-Brand-Core,Tablet,Google Ads,Conversions,Bottom,2025,2025-Q2,2025-04,478.51,4317,1983,371,26,3752.7,0
2025-04-07,BR-Search-Brand-Core,Connected TV,Google Ads,Conversions,Bottom,2025,2025-Q2,2025-04,366.83,2498,1074,225,15,2116.34,0
2025-04-07,NB-Search-Generic-Solutions,Desktop,Google Ads,Conversions,Middle,2025,2025-Q2,2025-04,9587.83,86751,39419,3036,96,24245.1,0
2025-04-07,NB-Search-Generic-Solutions,Mobile,Google Ads,Conversions,Middle,2025,2025-Q2,2025-04,11085.59,101316,43352,4038,108,26863,0
2025-04-07,NB-Search-Generic-Solutions,Tablet,Google Ads,Conversions,Middle,2025,2025-Q2,2025-04,2377.89,21984,9636,738,21,5205.2,0
2025-04-07,NB-Search-Generic-Solutions,Connected TV,Google Ads,Conversions,Middle,2025,2025-Q2,2025-04,1801.58,12005,5530,393,11,2696.6,0
2025-04-07,PMax-Retail-Feed,Desktop,Google Ads,Sales,Bottom,2025,2025-Q2,2025-04,8544.42,477028,198189,10166,480,39738.1,0
2025-04-07,PMax-Retail-Feed,Mobile,Google Ads,Sales,Bottom,2025,2025-Q2,2025-04,9146.33,516343,230223,11680,444,37613.26,0
2025-04-07,PMax-Retail-Feed,Tablet,Google Ads,Sales,Bottom,2025,2025-Q2,2025-04,1820.07,103963,42212,2240,84,7030.63,0
2025-04-07,PMax-Retail-Feed,Connected TV,Google Ads,Sales,Bottom,2025,2025-Q2,2025-04,1469.86,60668,25877,1283,50,4146.14,0
2025-04-07,YT-Awareness-InStream,Desktop,Google Ads,Awareness,Top,2025,2025-Q2,2025-04,5238.83,533326,205893,3248,22,4039.8,165442
2025-04-07,YT-Awareness-InStream,Mobile,Google Ads,Awareness,Top,2025,2025-Q2,2025-04,5981.38,618354,248430,4048,24,4357.27,188814
2025-04-07,YT-Awareness-InStream,Tablet,Google Ads,Awareness,Top,2025,2025-Q2,2025-04,1205.44,121466,51332,705,5,910.41,38330
2025-04-07,YT-Awareness-InStream,Connected TV,Google Ads,Awareness,Top,2025,2025-Q2,2025-04,923.94,69667,30354,418,0,0,21607
2025-04-07,FB-Prospecting-LAL-3pct,Desktop,Meta Ads,Traffic,Top,2025,2025-Q2,2025-04,6565.76,737345,342666,7350,110,10608.24,0
2025-04-07,FB-Prospecting-LAL-3pct,Mobile,Meta Ads,Traffic,Top,2025,2025-Q2,2025-04,7500.22,850114,369865,9590,118,11288.25,0
2025-04-07,FB-Prospecting-LAL-3pct,Tablet,Meta Ads,Traffic,Top,2025,2025-Q2,2025-04,1610.63,185342,75009,1751,22,2102.35,0
2025-04-07,FB-Prospecting-LAL-3pct,Connected TV,Meta Ads,Traffic,Top,2025,2025-Q2,2025-04,1232.23,102065,42128,951,12,1125.38,0
2025-04-07,IG-Retargeting-Cart-7d,Desktop,Meta Ads,Conversions,Bottom,2025,2025-Q2,2025-04,4735.44,341282,147058,6318,349,30296.53,0
2025-04-07,IG-Retargeting-Cart-7d,Mobile,Meta Ads,Conversions,Bottom,2025,2025-Q2,2025-04,5131.36,359054,163478,7100,323,28878.78,0
2025-04-07,IG-Retargeting-Cart-7d,Tablet,Meta Ads,Conversions,Bottom,2025,2025-Q2,2025-04,1089.85,77301,32141,1436,65,5722.63,0
2025-04-07,IG-Retargeting-Cart-7d,Connected TV,Meta Ads,Conversions,Bottom,2025,2025-Q2,2025-04,888.82,47112,18657,860,39,3402.22,0
2025-04-07,FB-Catalog-DPA-Evergreen,Desktop,Meta Ads,Sales,Bottom,2025,2025-Q2,2025-04,6303.52,649949,232040,9388,411,33268.72,0
2025-04-07,FB-Catalog-DPA-Evergreen,Mobile,Meta Ads,Sales,Bottom,2025,2025-Q2,2025-04,7266.7,756958,282247,11858,448,36011.79,0
2025-04-07,FB-Catalog-DPA-Evergreen,Tablet,Meta Ads,Sales,Bottom,2025,2025-Q2,2025-04,1448.33,147852,56156,2058,78,6426.98,0
2025-04-07,FB-Catalog-DPA-Evergreen,Connected TV,Meta Ads,Sales,Bottom,2025,2025-Q2,2025-04,1110.75,84797,33702,1142,42,3400.02,0
2025-04-07,LI-ABM-Enterprise-Tier1,Desktop,LinkedIn Ads,Leads,Middle,2025,2025-Q2,2025-04,8071.37,163064,67583,902,22,18790.83,0
2025-04-07,LI-ABM-Enterprise-Tier1,Mobile,LinkedIn Ads,Leads,Middle,2025,2025-Q2,2025-04,8640.89,176678,68984,1112,21,17585.03,0
2025-04-07,LI-ABM-Enterprise-Tier1,Tablet,LinkedIn Ads,Leads,Middle,2025,2025-Q2,2025-04,1856.78,38196,15728,199,5,4033.76,0
2025-04-07,LI-ABM-Enterprise-Tier1,Connected TV,LinkedIn Ads,Leads,Middle,2025,2025-Q2,2025-04,1496.17,22314,9312,123,0,0,0
2025-04-07,LI-Content-Whitepaper,Desktop,LinkedIn Ads,Leads,Middle,2025,2025-Q2,2025-04,3595.87,78471,34786,580,12,5105.02,0
2025-04-07,LI-Content-Whitepaper,Mobile,LinkedIn Ads,Leads,Middle,2025,2025-Q2,2025-04,3852.03,82466,37863,611,11,4762.87,0
2025-04-07,LI-Content-Whitepaper,Tablet,LinkedIn Ads,Leads,Middle,2025,2025-Q2,2025-04,776.58,16779,7181,118,0,0,0
2025-04-07,LI-Content-Whitepaper,Connected TV,LinkedIn Ads,Leads,Middle,2025,2025-Q2,2025-04,633.65,10309,4137,75,0,0,0
2025-04-07,TT-Spark-Creator-UGC,Desktop,TikTok Ads,Awareness,Top,2025,2025-Q2,2025-04,4289.69,714069,258767,8137,84,5916.27,229724
2025-04-07,TT-Spark-Creator-UGC,Mobile,TikTok Ads,Awareness,Top,2025,2025-Q2,2025-04,4889.27,828656,312763,10706,95,6645.78,264359
2025-04-07,TT-Spark-Creator-UGC,Tablet,TikTok Ads,Awareness,Top,2025,2025-Q2,2025-04,985.83,162593,64607,1889,15,1107.57,53717
2025-04-07,TT-Spark-Creator-UGC,Connected TV,TikTok Ads,Awareness,Top,2025,2025-Q2,2025-04,746.7,91988,37750,1041,9,662.67,29951
2025-04-07,DV360-Display-Retarget,Desktop,Programmatic,Conversions,Middle,2025,2025-Q2,2025-04,4934.59,942675,409548,4459,88,13595.02,0
2025-04-07,DV360-Display-Retarget,Mobile,Programmatic,Conversions,Middle,2025,2025-Q2,2025-04,5223.44,1010926,397117,5504,88,13432.68,0
2025-04-07,DV360-Display-Retarget,Tablet,Programmatic,Conversions,Middle,2025,2025-Q2,2025-04,1121.51,210960,87986,1013,17,2542.35,0
2025-04-07,DV360-Display-Retarget,Connected TV,Programmatic,Conversions,Middle,2025,2025-Q2,2025-04,915.39,129044,55844,614,11,1593.54,0
2025-04-07,DV360-CTV-Reach,Desktop,Programmatic,Awareness,Top,2025,2025-Q2,2025-04,5850.24,285442,130726,878,5,3934.66,86295
2025-04-07,DV360-CTV-Reach,Mobile,Programmatic,Awareness,Top,2025,2025-Q2,2025-04,6341.75,300889,143467,935,4,3184.43,95316
2025-04-07,DV360-CTV-Reach,Tablet,Programmatic,Awareness,Top,2025,2025-Q2,2025-04,1262.15,58696,26035,171,0,0,18440
2025-04-07,DV360-CTV-Reach,Connected TV,Programmatic,Awareness,Top,2025,2025-Q2,2025-04,1031.15,37198,15475,113,0,0,11285
2025-04-14,BR-Search-Brand-Core,Desktop,Google Ads,Conversions,Bottom,2025,2025-Q2,2025-04,2221.67,20676,8264,1927,168,23620.62,0
2025-04-14,BR-Search-Brand-Core,Mobile,Google Ads,Conversions,Bottom,2025,2025-Q2,2025-04,2355.9,22149,8095,2370,168,23329.22,0
2025-04-14,BR-Search-Brand-Core,Tablet,Google Ads,Conversions,Bottom,2025,2025-Q2,2025-04,504.68,4834,1847,435,32,4388.93,0
2025-04-14,BR-Search-Brand-Core,Connected TV,Google Ads,Conversions,Bottom,2025,2025-Q2,2025-04,386.91,2670,1053,235,17,2385.28,0
2025-04-14,NB-Search-Generic-Solutions,Desktop,Google Ads,Conversions,Middle,2025,2025-Q2,2025-04,10125.62,96578,40086,3313,105,25034.57,0
2025-04-14,NB-Search-Generic-Solutions,Mobile,Google Ads,Conversions,Middle,2025,2025-Q2,2025-04,10975.08,101875,43971,3746,97,23717.69,0
2025-04-14,NB-Search-Generic-Solutions,Tablet,Google Ads,Conversions,Middle,2025,2025-Q2,2025-04,2155.31,20418,8220,707,19,4603.54,0
2025-04-14,NB-Search-Generic-Solutions,Connected TV,Google Ads,Conversions,Middle,2025,2025-Q2,2025-04,1763.69,12447,5295,422,12,2990.91,0
2025-04-14,PMax-Retail-Feed,Desktop,Google Ads,Sales,Bottom,2025,2025-Q2,2025-04,8906.11,505436,202610,10891,522,42595.65,0
2025-04-14,PMax-Retail-Feed,Mobile,Google Ads,Sales,Bottom,2025,2025-Q2,2025-04,10260.32,587737,243392,13776,570,45946.86,0
2025-04-14,PMax-Retail-Feed,Tablet,Google Ads,Sales,Bottom,2025,2025-Q2,2025-04,2045.87,115036,48573,2426,99,8147.69,0
2025-04-14,PMax-Retail-Feed,Connected TV,Google Ads,Sales,Bottom,2025,2025-Q2,2025-04,1569.14,66006,26387,1432,54,4529.4,0
2025-04-14,YT-Awareness-InStream,Desktop,Google Ads,Awareness,Top,2025,2025-Q2,2025-04,5598.25,558243,227835,3509,24,4495.55,181841
2025-04-14,YT-Awareness-InStream,Mobile,Google Ads,Awareness,Top,2025,2025-Q2,2025-04,5922.96,624645,241376,4480,24,4406.21,195519
2025-04-14,YT-Awareness-InStream,Tablet,Google Ads,Awareness,Top,2025,2025-Q2,2025-04,1271.83,135228,54169,869,6,1096.86,41970
2025-04-14,YT-Awareness-InStream,Connected TV,Google Ads,Awareness,Top,2025,2025-Q2,2025-04,963.07,71271,29356,450,2,352.06,23037
2025-04-14,FB-Prospecting-LAL-3pct,Desktop,Meta Ads,Traffic,Top,2025,2025-Q2,2025-04,6937.01,823241,354285,8058,117,11215.67,0
2025-04-14,FB-Prospecting-LAL-3pct,Mobile,Meta Ads,Traffic,Top,2025,2025-Q2,2025-04,7421.19,827714,373633,8585,108,10536.2,0
2025-04-14,FB-Prospecting-LAL-3pct,Tablet,Meta Ads,Traffic,Top,2025,2025-Q2,2025-04,1475.7,166449,68316,1646,21,2030.74,0
2025-04-14,FB-Prospecting-LAL-3pct,Connected TV,Meta Ads,Traffic,Top,2025,2025-Q2,2025-04,1192.85,101353,43878,973,12,1132.79,0
2025-04-14,IG-Retargeting-Cart-7d,Desktop,Meta Ads,Conversions,Bottom,2025,2025-Q2,2025-04,4999.82,365337,149999,6898,375,32059.63,0
2025-04-14,IG-Retargeting-Cart-7d,Mobile,Meta Ads,Conversions,Bottom,2025,2025-Q2,2025-04,5707.09,421570,180041,8551,401,34041.75,0
2025-04-14,IG-Retargeting-Cart-7d,Tablet,Meta Ads,Conversions,Bottom,2025,2025-Q2,2025-04,1148.81,83298,32640,1515,70,6052.54,0
2025-04-14,IG-Retargeting-Cart-7d,Connected TV,Meta Ads,Conversions,Bottom,2025,2025-Q2,2025-04,880.99,46065,18751,873,38,3359.1,0
2025-04-14,FB-Catalog-DPA-Evergreen,Desktop,Meta Ads,Sales,Bottom,2025,2025-Q2,2025-04,6243.27,607076,262531,8468,383,31708.75,0
2025-04-14,FB-Catalog-DPA-Evergreen,Mobile,Meta Ads,Sales,Bottom,2025,2025-Q2,2025-04,6684.27,687830,270406,11077,409,33262.22,0
2025-04-14,FB-Catalog-DPA-Evergreen,Tablet,Meta Ads,Sales,Bottom,2025,2025-Q2,2025-04,1525.74,157897,59613,2242,80,6440.91,0
2025-04-14,FB-Catalog-DPA-Evergreen,Connected TV,Meta Ads,Sales,Bottom,2025,2025-Q2,2025-04,1087.17,81530,35278,1152,40,3276.47,0
2025-04-14,LI-ABM-Enterprise-Tier1,Desktop,LinkedIn Ads,Leads,Middle,2025,2025-Q2,2025-04,8513.67,174220,70374,933,22,18393.82,0
2025-04-14,LI-ABM-Enterprise-Tier1,Mobile,LinkedIn Ads,Leads,Middle,2025,2025-Q2,2025-04,9231.04,184481,75875,1059,22,18988.84,0
2025-04-14,LI-ABM-Enterprise-Tier1,Tablet,LinkedIn Ads,Leads,Middle,2025,2025-Q2,2025-04,1815.68,36778,13554,202,4,3277.99,0
2025-04-14,LI-ABM-Enterprise-Tier1,Connected TV,LinkedIn Ads,Leads,Middle,2025,2025-Q2,2025-04,1373.99,20886,8239,110,0,0,0
2025-04-14,LI-Content-Whitepaper,Desktop,LinkedIn Ads,Leads,Middle,2025,2025-Q2,2025-04,3519.69,78668,28881,559,11,4582.77,0
2025-04-14,LI-Content-Whitepaper,Mobile,LinkedIn Ads,Leads,Middle,2025,2025-Q2,2025-04,4061.59,91748,35880,702,13,5365.01,0
2025-04-14,LI-Content-Whitepaper,Tablet,LinkedIn Ads,Leads,Middle,2025,2025-Q2,2025-04,818.92,18051,7169,125,0,0,0
2025-04-14,LI-Content-Whitepaper,Connected TV,LinkedIn Ads,Leads,Middle,2025,2025-Q2,2025-04,620.31,9951,4134,72,0,0,0
2025-04-14,TT-Spark-Creator-UGC,Desktop,TikTok Ads,Awareness,Top,2025,2025-Q2,2025-04,4522.83,706975,309870,7674,82,5935.17,222725
2025-04-14,TT-Spark-Creator-UGC,Mobile,TikTok Ads,Awareness,Top,2025,2025-Q2,2025-04,4847.8,804991,326673,10072,87,6158.04,243491
2025-04-14,TT-Spark-Creator-UGC,Tablet,TikTok Ads,Awareness,Top,2025,2025-Q2,2025-04,1038.91,173550,66312,1943,16,1132.61,52023
2025-04-14,TT-Spark-Creator-UGC,Connected TV,TikTok Ads,Awareness,Top,2025,2025-Q2,2025-04,778.47,94445,41458,1097,11,782.39,29254
2025-04-14,DV360-Display-Retarget,Desktop,Programmatic,Conversions,Middle,2025,2025-Q2,2025-04,5207.49,1006474,411865,4665,99,14540.98,0
2025-04-14,DV360-Display-Retarget,Mobile,Programmatic,Conversions,Middle,2025,2025-Q2,2025-04,5944.66,1124051,472508,5891,103,15428.39,0
2025-04-14,DV360-Display-Retarget,Tablet,Programmatic,Conversions,Middle,2025,2025-Q2,2025-04,1197,228510,89448,1137,19,2825.72,0
2025-04-14,DV360-Display-Retarget,Connected TV,Programmatic,Conversions,Middle,2025,2025-Q2,2025-04,897.92,128266,46007,629,10,1473.52,0
2025-04-14,DV360-CTV-Reach,Desktop,Programmatic,Awareness,Top,2025,2025-Q2,2025-04,5793.74,286869,107579,909,5,4066.78,91224
2025-04-14,DV360-CTV-Reach,Mobile,Programmatic,Awareness,Top,2025,2025-Q2,2025-04,6609.44,330228,129984,1128,6,4910.98,103250
2025-04-14,DV360-CTV-Reach,Tablet,Programmatic,Awareness,Top,2025,2025-Q2,2025-04,1332.23,65289,26515,200,0,0,21079
2025-04-14,DV360-CTV-Reach,Connected TV,Programmatic,Awareness,Top,2025,2025-Q2,2025-04,1021.2,36085,15229,109,0,0,12185
2025-04-21,BR-Search-Brand-Core,Desktop,Google Ads,Conversions,Bottom,2025,2025-Q2,2025-04,2170.47,19831,8455,1814,161,23034.55,0
2025-04-21,BR-Search-Brand-Core,Mobile,Google Ads,Conversions,Bottom,2025,2025-Q2,2025-04,2480.57,22083,9820,2129,156,22884.12,0
2025-04-21,BR-Search-Brand-Core,Tablet,Google Ads,Conversions,Bottom,2025,2025-Q2,2025-04,499.31,4490,1856,412,31,4480.8,0
2025-04-21,BR-Search-Brand-Core,Connected TV,Google Ads,Conversions,Bottom,2025,2025-Q2,2025-04,403.02,2707,1054,243,17,2461.07,0
2025-04-21,NB-Search-Generic-Solutions,Desktop,Google Ads,Conversions,Middle,2025,2025-Q2,2025-04,10664.28,98981,40452,3481,112,27532.07,0
2025-04-21,NB-Search-Generic-Solutions,Mobile,Google Ads,Conversions,Middle,2025,2025-Q2,2025-04,12145.69,113760,47878,4306,122,29755.07,0
2025-04-21,NB-Search-Generic-Solutions,Tablet,Google Ads,Conversions,Middle,2025,2025-Q2,2025-04,2449.84,22516,9743,707,20,4979.37,0
2025-04-21,NB-Search-Generic-Solutions,Connected TV,Google Ads,Conversions,Middle,2025,2025-Q2,2025-04,1879.13,12914,5033,424,12,2930.08,0
2025-04-21,PMax-Retail-Feed,Desktop,Google Ads,Sales,Bottom,2025,2025-Q2,2025-04,8806.54,489678,201496,9625,450,37359.52,0
2025-04-21,PMax-Retail-Feed,Mobile,Google Ads,Sales,Bottom,2025,2025-Q2,2025-04,9430.61,554588,211574,12583,477,37686.97,0
2025-04-21,PMax-Retail-Feed,Tablet,Google Ads,Sales,Bottom,2025,2025-Q2,2025-04,2000.84,118980,47987,2557,99,8030.56,0
2025-04-21,PMax-Retail-Feed,Connected TV,Google Ads,Sales,Bottom,2025,2025-Q2,2025-04,1631.15,69737,28669,1481,58,4637.92,0
2025-04-21,YT-Awareness-InStream,Desktop,Google Ads,Awareness,Top,2025,2025-Q2,2025-04,5753.68,584808,255174,3569,26,4773.68,183708
2025-04-21,YT-Awareness-InStream,Mobile,Google Ads,Awareness,Top,2025,2025-Q2,2025-04,6239.28,616776,280097,4034,24,4521.47,200141
2025-04-21,YT-Awareness-InStream,Tablet,Google Ads,Awareness,Top,2025,2025-Q2,2025-04,1242.58,125198,52559,777,4,703.93,39926
2025-04-21,YT-Awareness-InStream,Connected TV,Google Ads,Awareness,Top,2025,2025-Q2,2025-04,1013.94,76281,30936,488,2,359.42,23803
2025-04-21,FB-Prospecting-LAL-3pct,Desktop,Meta Ads,Traffic,Top,2025,2025-Q2,2025-04,7220.85,841124,348878,8856,132,12784.23,0
2025-04-21,FB-Prospecting-LAL-3pct,Mobile,Meta Ads,Traffic,Top,2025,2025-Q2,2025-04,8327.09,978005,427162,11164,143,13822.63,0
2025-04-21,FB-Prospecting-LAL-3pct,Tablet,Meta Ads,Traffic,Top,2025,2025-Q2,2025-04,1679.39,191971,85392,1831,23,2293.5,0
2025-04-21,FB-Prospecting-LAL-3pct,Connected TV,Meta Ads,Traffic,Top,2025,2025-Q2,2025-04,1272.42,104993,42986,1042,14,1309.29,0
2025-04-21,IG-Retargeting-Cart-7d,Desktop,Meta Ads,Conversions,Bottom,2025,2025-Q2,2025-04,4890.61,351420,149641,6503,347,31459.76,0
2025-04-21,IG-Retargeting-Cart-7d,Mobile,Meta Ads,Conversions,Bottom,2025,2025-Q2,2025-04,5234.09,380044,146789,8022,347,29744.92,0
2025-04-21,IG-Retargeting-Cart-7d,Tablet,Meta Ads,Conversions,Bottom,2025,2025-Q2,2025-04,1123.07,82566,33923,1555,70,5947.19,0
2025-04-21,IG-Retargeting-Cart-7d,Connected TV,Meta Ads,Conversions,Bottom,2025,2025-Q2,2025-04,907.03,50267,21123,931,41,3562.58,0
2025-04-21,FB-Catalog-DPA-Evergreen,Desktop,Meta Ads,Sales,Bottom,2025,2025-Q2,2025-04,6497.4,669292,299555,9220,408,32930.25,0
2025-04-21,FB-Catalog-DPA-Evergreen,Mobile,Meta Ads,Sales,Bottom,2025,2025-Q2,2025-04,6957.81,702861,326583,10254,370,30540.04,0
2025-04-21,FB-Catalog-DPA-Evergreen,Tablet,Meta Ads,Sales,Bottom,2025,2025-Q2,2025-04,1402.49,143095,62189,1988,70,5706.18,0
2025-04-21,FB-Catalog-DPA-Evergreen,Connected TV,Meta Ads,Sales,Bottom,2025,2025-Q2,2025-04,1131.29,86280,35171,1247,46,3721.84,0
2025-04-21,LI-ABM-Enterprise-Tier1,Desktop,LinkedIn Ads,Leads,Middle,2025,2025-Q2,2025-04,8321.78,167760,72515,980,23,19475.9,0
2025-04-21,LI-ABM-Enterprise-Tier1,Mobile,LinkedIn Ads,Leads,Middle,2025,2025-Q2,2025-04,9488.57,193730,85879,1226,25,21175.83,0
2025-04-21,LI-ABM-Enterprise-Tier1,Tablet,LinkedIn Ads,Leads,Middle,2025,2025-Q2,2025-04,1913.08,37954,17674,201,5,4285.97,0
2025-04-21,LI-ABM-Enterprise-Tier1,Connected TV,LinkedIn Ads,Leads,Middle,2025,2025-Q2,2025-04,1466.59,21769,9274,121,1,810.57,0
2025-04-21,LI-Content-Whitepaper,Desktop,LinkedIn Ads,Leads,Middle,2025,2025-Q2,2025-04,3477.36,73578,33391,510,10,4389.93,0
2025-04-21,LI-Content-Whitepaper,Mobile,LinkedIn Ads,Leads,Middle,2025,2025-Q2,2025-04,3720.37,82484,33814,659,10,4317.54,0
2025-04-21,LI-Content-Whitepaper,Tablet,LinkedIn Ads,Leads,Middle,2025,2025-Q2,2025-04,790.33,17091,7364,119,0,0,0
2025-04-21,LI-Content-Whitepaper,Connected TV,LinkedIn Ads,Leads,Middle,2025,2025-Q2,2025-04,645.4,10457,4653,73,0,0,0
2025-04-21,TT-Spark-Creator-UGC,Desktop,TikTok Ads,Awareness,Top,2025,2025-Q2,2025-04,4367.87,729792,295915,7809,84,5931.57,221481
2025-04-21,TT-Spark-Creator-UGC,Mobile,TikTok Ads,Awareness,Top,2025,2025-Q2,2025-04,4733.71,770861,328934,8838,79,5705.87,241808
2025-04-21,TT-Spark-Creator-UGC,Tablet,TikTok Ads,Awareness,Top,2025,2025-Q2,2025-04,954.05,158346,69897,1707,15,1076.09,48784
2025-04-21,TT-Spark-Creator-UGC,Connected TV,TikTok Ads,Awareness,Top,2025,2025-Q2,2025-04,769.85,95306,35079,1069,9,639.76,28654
2025-04-21,DV360-Display-Retarget,Desktop,Programmatic,Conversions,Middle,2025,2025-Q2,2025-04,5033.96,965159,425875,4833,95,14065.26,0
2025-04-21,DV360-Display-Retarget,Mobile,Programmatic,Conversions,Middle,2025,2025-Q2,2025-04,5815.14,1121854,458327,6077,102,15006,0
2025-04-21,DV360-Display-Retarget,Tablet,Programmatic,Conversions,Middle,2025,2025-Q2,2025-04,1232.04,230274,96170,1045,18,2736.81,0
2025-04-21,DV360-Display-Retarget,Connected TV,Programmatic,Conversions,Middle,2025,2025-Q2,2025-04,944.97,127869,55532,598,11,1656.44,0
2025-04-21,DV360-CTV-Reach,Desktop,Programmatic,Awareness,Top,2025,2025-Q2,2025-04,5722.24,266896,122825,770,3,2409.99,86994
2025-04-21,DV360-CTV-Reach,Mobile,Programmatic,Awareness,Top,2025,2025-Q2,2025-04,6536.51,309038,129760,1013,4,3177.74,98019
2025-04-21,DV360-CTV-Reach,Tablet,Programmatic,Awareness,Top,2025,2025-Q2,2025-04,1402.39,66892,26741,197,0,0,20934
2025-04-21,DV360-CTV-Reach,Connected TV,Programmatic,Awareness,Top,2025,2025-Q2,2025-04,1128.82,40247,16560,117,0,0,12416
2025-04-28,BR-Search-Brand-Core,Desktop,Google Ads,Conversions,Bottom,2025,2025-Q2,2025-04,2258.07,21085,8535,1943,159,22225.07,0
2025-04-28,BR-Search-Brand-Core,Mobile,Google Ads,Conversions,Bottom,2025,2025-Q2,2025-04,2418.73,22938,9533,2314,163,22546.33,0
2025-04-28,BR-Search-Brand-Core,Tablet,Google Ads,Conversions,Bottom,2025,2025-Q2,2025-04,481.28,4443,1926,402,28,3966.19,0
2025-04-28,BR-Search-Brand-Core,Connected TV,Google Ads,Conversions,Bottom,2025,2025-Q2,2025-04,368.72,2463,1109,213,15,2183.69,0
2025-04-28,NB-Search-Generic-Solutions,Desktop,Google Ads,Conversions,Middle,2025,2025-Q2,2025-04,10415.03,95430,40092,3252,106,26369.97,0
2025-04-28,NB-Search-Generic-Solutions,Mobile,Google Ads,Conversions,Middle,2025,2025-Q2,2025-04,11127.46,103717,39945,4022,104,25307.33,0
2025-04-28,NB-Search-Generic-Solutions,Tablet,Google Ads,Conversions,Middle,2025,2025-Q2,2025-04,2390.94,22433,9310,780,20,4852.25,0
2025-04-28,NB-Search-Generic-Solutions,Connected TV,Google Ads,Conversions,Middle,2025,2025-Q2,2025-04,1809.97,12317,5217,421,11,2732.9,0
2025-04-28,PMax-Retail-Feed,Desktop,Google Ads,Sales,Bottom,2025,2025-Q2,2025-04,9247.74,520794,206156,10756,520,42596.61,0
2025-04-28,PMax-Retail-Feed,Mobile,Google Ads,Sales,Bottom,2025,2025-Q2,2025-04,9908.76,546574,220848,11976,495,41734,0
2025-04-28,PMax-Retail-Feed,Tablet,Google Ads,Sales,Bottom,2025,2025-Q2,2025-04,1973.57,110013,40353,2297,92,7603.73,0
2025-04-28,PMax-Retail-Feed,Connected TV,Google Ads,Sales,Bottom,2025,2025-Q2,2025-04,1591.92,66830,26225,1368,55,4521.62,0
2025-04-28,YT-Awareness-InStream,Desktop,Google Ads,Awareness,Top,2025,2025-Q2,2025-04,5678.78,585887,214612,3646,26,4714.63,177190
2025-04-28,YT-Awareness-InStream,Mobile,Google Ads,Awareness,Top,2025,2025-Q2,2025-04,6080.94,641992,272010,4370,25,4474.44,188786
2025-04-28,YT-Awareness-InStream,Tablet,Google Ads,Awareness,Top,2025,2025-Q2,2025-04,1305.2,134027,52546,863,5,898.95,40999
2025-04-28,YT-Awareness-InStream,Connected TV,Google Ads,Awareness,Top,2025,2025-Q2,2025-04,1000.8,74129,30178,432,0,0,23701
2025-04-28,FB-Prospecting-LAL-3pct,Desktop,Meta Ads,Traffic,Top,2025,2025-Q2,2025-04,7121.8,816541,350239,7897,115,10947.59,0
2025-04-28,FB-Prospecting-LAL-3pct,Mobile,Meta Ads,Traffic,Top,2025,2025-Q2,2025-04,7621.35,883605,350216,9815,116,10919.42,0
2025-04-28,FB-Prospecting-LAL-3pct,Tablet,Meta Ads,Traffic,Top,2025,2025-Q2,2025-04,1618.37,189425,79719,1861,23,2155.43,0
2025-04-28,FB-Prospecting-LAL-3pct,Connected TV,Meta Ads,Traffic,Top,2025,2025-Q2,2025-04,1320.69,111060,48389,1077,14,1348.28,0
2025-04-28,IG-Retargeting-Cart-7d,Desktop,Meta Ads,Conversions,Bottom,2025,2025-Q2,2025-04,5460.46,398360,161144,7536,429,36815.64,0
2025-04-28,IG-Retargeting-Cart-7d,Mobile,Meta Ads,Conversions,Bottom,2025,2025-Q2,2025-04,5924.78,420847,178033,8633,408,35876.98,0
2025-04-28,IG-Retargeting-Cart-7d,Tablet,Meta Ads,Conversions,Bottom,2025,2025-Q2,2025-04,1181.41,84602,32539,1634,76,6624.33,0
2025-04-28,IG-Retargeting-Cart-7d,Connected TV,Meta Ads,Conversions,Bottom,2025,2025-Q2,2025-04,895.42,48462,17327,925,41,3507.76,0
2025-04-28,FB-Catalog-DPA-Evergreen,Desktop,Meta Ads,Sales,Bottom,2025,2025-Q2,2025-04,6343.95,662232,244057,9865,426,33956.5,0
2025-04-28,FB-Catalog-DPA-Evergreen,Mobile,Meta Ads,Sales,Bottom,2025,2025-Q2,2025-04,7310.16,777554,303929,12535,462,36277.44,0
2025-04-28,FB-Catalog-DPA-Evergreen,Tablet,Meta Ads,Sales,Bottom,2025,2025-Q2,2025-04,1473.85,152491,60692,2214,81,6518.7,0
2025-04-28,FB-Catalog-DPA-Evergreen,Connected TV,Meta Ads,Sales,Bottom,2025,2025-Q2,2025-04,1115.99,83991,34651,1177,42,3590.61,0
2025-04-28,LI-ABM-Enterprise-Tier1,Desktop,LinkedIn Ads,Leads,Middle,2025,2025-Q2,2025-04,8205.09,168002,73233,904,22,18402.72,0
2025-04-28,LI-ABM-Enterprise-Tier1,Mobile,LinkedIn Ads,Leads,Middle,2025,2025-Q2,2025-04,8662.64,181027,73565,1109,21,17868.45,0
2025-04-28,LI-ABM-Enterprise-Tier1,Tablet,LinkedIn Ads,Leads,Middle,2025,2025-Q2,2025-04,1864.78,39195,16838,215,5,4181.93,0
2025-04-28,LI-ABM-Enterprise-Tier1,Connected TV,LinkedIn Ads,Leads,Middle,2025,2025-Q2,2025-04,1504.36,22929,10072,124,0,0,0
2025-04-28,LI-Content-Whitepaper,Desktop,LinkedIn Ads,Leads,Middle,2025,2025-Q2,2025-04,3887.14,86430,36139,621,13,5445.48,0
2025-04-28,LI-Content-Whitepaper,Mobile,LinkedIn Ads,Leads,Middle,2025,2025-Q2,2025-04,4167.88,90960,38787,710,12,5149.5,0
2025-04-28,LI-Content-Whitepaper,Tablet,LinkedIn Ads,Leads,Middle,2025,2025-Q2,2025-04,840.63,18529,7477,135,0,0,0
2025-04-28,LI-Content-Whitepaper,Connected TV,LinkedIn Ads,Leads,Middle,2025,2025-Q2,2025-04,636.93,10523,3910,79,0,0,0
2025-04-28,TT-Spark-Creator-UGC,Desktop,TikTok Ads,Awareness,Top,2025,2025-Q2,2025-04,4307.31,702816,275020,8219,82,5887.1,220844
2025-04-28,TT-Spark-Creator-UGC,Mobile,TikTok Ads,Awareness,Top,2025,2025-Q2,2025-04,4975.45,855072,345720,10866,93,6644.35,263778
2025-04-28,TT-Spark-Creator-UGC,Tablet,TikTok Ads,Awareness,Top,2025,2025-Q2,2025-04,990.73,159953,67304,1807,15,1087.46,51403
2025-04-28,TT-Spark-Creator-UGC,Connected TV,TikTok Ads,Awareness,Top,2025,2025-Q2,2025-04,759.25,88441,38584,974,9,671.71,29373
2025-04-28,DV360-Display-Retarget,Desktop,Programmatic,Conversions,Middle,2025,2025-Q2,2025-04,4960.48,927420,423101,4262,87,13171.41,0
2025-04-28,DV360-Display-Retarget,Mobile,Programmatic,Conversions,Middle,2025,2025-Q2,2025-04,5303.24,1002699,415413,5315,87,12991.33,0
2025-04-28,DV360-Display-Retarget,Tablet,Programmatic,Conversions,Middle,2025,2025-Q2,2025-04,1127.64,216835,94815,1015,17,2497.06,0
2025-04-28,DV360-Display-Retarget,Connected TV,Programmatic,Conversions,Middle,2025,2025-Q2,2025-04,921.83,132810,53969,615,11,1608.54,0
2025-04-28,DV360-CTV-Reach,Desktop,Programmatic,Awareness,Top,2025,2025-Q2,2025-04,6341.62,314809,136169,930,6,4737.46,93764
2025-04-28,DV360-CTV-Reach,Mobile,Programmatic,Awareness,Top,2025,2025-Q2,2025-04,6864.77,331823,131208,1066,5,3999.76,102012
2025-04-28,DV360-CTV-Reach,Tablet,Programmatic,Awareness,Top,2025,2025-Q2,2025-04,1370.23,64524,26511,196,0,0,20709
2025-04-28,DV360-CTV-Reach,Connected TV,Programmatic,Awareness,Top,2025,2025-Q2,2025-04,1035.53,36737,13865,116,0,0,11459
2025-05-05,BR-Search-Brand-Core,Desktop,Google Ads,Conversions,Bottom,2025,2025-Q2,2025-05,2223.16,20231,8548,1836,157,22502.44,0
2025-05-05,BR-Search-Brand-Core,Mobile,Google Ads,Conversions,Bottom,2025,2025-Q2,2025-05,2379.94,21905,8407,2285,159,22461.16,0
2025-05-05,BR-Search-Brand-Core,Tablet,Google Ads,Conversions,Bottom,2025,2025-Q2,2025-05,505.1,4747,1908,440,31,4501.37,0
2025-05-05,BR-Search-Brand-Core,Connected TV,Google Ads,Conversions,Bottom,2025,2025-Q2,2025-05,387.11,2733,1157,251,18,2588.16,0
2025-05-05,NB-Search-Generic-Solutions,Desktop,Google Ads,Conversions,Middle,2025,2025-Q2,2025-05,10791.86,100896,44077,3350,109,26620.51,0
2025-05-05,NB-Search-Generic-Solutions,Mobile,Google Ads,Conversions,Middle,2025,2025-Q2,2025-05,11678.29,106212,50122,3776,102,25548.8,0
2025-05-05,NB-Search-Generic-Solutions,Tablet,Google Ads,Conversions,Middle,2025,2025-Q2,2025-05,2329.63,22293,9432,747,21,5235.02,0
2025-05-05,NB-Search-Generic-Solutions,Connected TV,Google Ads,Conversions,Middle,2025,2025-Q2,2025-05,1898.33,13095,5294,455,12,2914.07,0
2025-05-05,PMax-Retail-Feed,Desktop,Google Ads,Sales,Bottom,2025,2025-Q2,2025-05,8893.78,493952,209049,10426,486,40354.44,0
2025-05-05,PMax-Retail-Feed,Mobile,Google Ads,Sales,Bottom,2025,2025-Q2,2025-05,10262.6,576640,257217,13061,525,41619.84,0
2025-05-05,PMax-Retail-Feed,Tablet,Google Ads,Sales,Bottom,2025,2025-Q2,2025-05,2069.64,117946,53169,2415,95,7670.72,0
2025-05-05,PMax-Retail-Feed,Connected TV,Google Ads,Sales,Bottom,2025,2025-Q2,2025-05,1567.57,64915,27408,1363,53,4373.09,0
2025-05-05,YT-Awareness-InStream,Desktop,Google Ads,Awareness,Top,2025,2025-Q2,2025-05,5589.26,565360,249049,3452,23,4409.88,189451
2025-05-05,YT-Awareness-InStream,Mobile,Google Ads,Awareness,Top,2025,2025-Q2,2025-05,5904.21,585273,239513,4072,23,4324.31,192096
2025-05-05,YT-Awareness-InStream,Tablet,Google Ads,Awareness,Top,2025,2025-Q2,2025-05,1270.07,126814,54107,791,7,1326.31,40484
2025-05-05,YT-Awareness-InStream,Connected TV,Google Ads,Awareness,Top,2025,2025-Q2,2025-05,1036.08,77908,33777,480,2,376.34,24496
2025-05-05,FB-Prospecting-LAL-3pct,Desktop,Meta Ads,Traffic,Top,2025,2025-Q2,2025-05,7381.8,854737,343963,8086,126,11914.28,0
2025-05-05,FB-Prospecting-LAL-3pct,Mobile,Meta Ads,Traffic,Top,2025,2025-Q2,2025-05,8509.69,965694,460647,9770,128,12362.73,0
2025-05-05,FB-Prospecting-LAL-3pct,Tablet,Meta Ads,Traffic,Top,2025,2025-Q2,2025-05,1716.68,196617,76239,1868,23,2199.15,0
2025-05-05,FB-Prospecting-LAL-3pct,Connected TV,Meta Ads,Traffic,Top,2025,2025-Q2,2025-05,1301.04,111612,40350,1106,13,1226.26,0
2025-05-05,IG-Retargeting-Cart-7d,Desktop,Meta Ads,Conversions,Bottom,2025,2025-Q2,2025-05,5000.94,360128,136578,6583,345,30071.67,0
2025-05-05,IG-Retargeting-Cart-7d,Mobile,Meta Ads,Conversions,Bottom,2025,2025-Q2,2025-05,5773.49,418346,167396,8296,379,31777.75,0
2025-05-05,IG-Retargeting-Cart-7d,Tablet,Meta Ads,Conversions,Bottom,2025,2025-Q2,2025-05,1222.64,89843,36544,1589,74,6334.44,0
2025-05-05,IG-Retargeting-Cart-7d,Connected TV,Meta Ads,Conversions,Bottom,2025,2025-Q2,2025-05,937.94,49749,21285,912,41,3560.55,0
2025-05-05,FB-Catalog-DPA-Evergreen,Desktop,Meta Ads,Sales,Bottom,2025,2025-Q2,2025-05,6653.23,657517,295428,8881,393,33103.41,0
2025-05-05,FB-Catalog-DPA-Evergreen,Mobile,Meta Ads,Sales,Bottom,2025,2025-Q2,2025-05,7201.02,718926,300318,11185,406,33825.6,0
2025-05-05,FB-Catalog-DPA-Evergreen,Tablet,Meta Ads,Sales,Bottom,2025,2025-Q2,2025-05,1528.96,155144,60787,2144,81,6705.05,0
2025-05-05,FB-Catalog-DPA-Evergreen,Connected TV,Meta Ads,Sales,Bottom,2025,2025-Q2,2025-05,1170.13,89092,35893,1223,47,3818.92,0
2025-05-05,LI-ABM-Enterprise-Tier1,Desktop,LinkedIn Ads,Leads,Middle,2025,2025-Q2,2025-05,9046.26,188449,69553,1045,25,20743.15,0
2025-05-05,LI-ABM-Enterprise-Tier1,Mobile,LinkedIn Ads,Leads,Middle,2025,2025-Q2,2025-05,9812.74,198921,86964,1186,24,20250.67,0
2025-05-05,LI-ABM-Enterprise-Tier1,Tablet,LinkedIn Ads,Leads,Middle,2025,2025-Q2,2025-05,1955.48,40034,15697,212,5,4077.89,0
2025-05-05,LI-ABM-Enterprise-Tier1,Connected TV,LinkedIn Ads,Leads,Middle,2025,2025-Q2,2025-05,1481.12,22906,8472,134,1,810.1,0
2025-05-05,LI-Content-Whitepaper,Desktop,LinkedIn Ads,Leads,Middle,2025,2025-Q2,2025-05,3555.89,78261,30188,542,11,4645.61,0
2025-05-05,LI-Content-Whitepaper,Mobile,LinkedIn Ads,Leads,Middle,2025,2025-Q2,2025-05,4058.02,89862,36766,714,12,5125.7,0
2025-05-05,LI-Content-Whitepaper,Tablet,LinkedIn Ads,Leads,Middle,2025,2025-Q2,2025-05,870.22,19496,8090,140,0,0,0
2025-05-05,LI-Content-Whitepaper,Connected TV,LinkedIn Ads,Leads,Middle,2025,2025-Q2,2025-05,659.6,10717,4627,76,0,0,0
2025-05-05,TT-Spark-Creator-UGC,Desktop,TikTok Ads,Awareness,Top,2025,2025-Q2,2025-05,4519.41,721937,331310,7719,79,5789.52,232911
2025-05-05,TT-Spark-Creator-UGC,Mobile,TikTok Ads,Awareness,Top,2025,2025-Q2,2025-05,4839.38,787968,334042,9595,81,5814.84,249824
2025-05-05,TT-Spark-Creator-UGC,Tablet,TikTok Ads,Awareness,Top,2025,2025-Q2,2025-05,1038.85,170507,69825,1961,17,1224.88,52891
2025-05-05,TT-Spark-Creator-UGC,Connected TV,TikTok Ads,Awareness,Top,2025,2025-Q2,2025-05,846.11,104585,43588,1189,11,775.44,31826
2025-05-05,DV360-Display-Retarget,Desktop,Programmatic,Conversions,Middle,2025,2025-Q2,2025-05,5545.62,1091953,421706,5525,114,17117.68,0
2025-05-05,DV360-Display-Retarget,Mobile,Programmatic,Conversions,Middle,2025,2025-Q2,2025-05,6014.72,1114419,505643,6085,104,15945.81,0
2025-05-05,DV360-Display-Retarget,Tablet,Programmatic,Conversions,Middle,2025,2025-Q2,2025-05,1198.29,223731,92467,1082,18,2724.96,0
2025-05-05,DV360-Display-Retarget,Connected TV,Programmatic,Conversions,Middle,2025,2025-Q2,2025-05,907.35,126901,47747,641,10,1492.05,0
2025-05-05,DV360-CTV-Reach,Desktop,Programmatic,Awareness,Top,2025,2025-Q2,2025-05,5788.35,270419,107036,833,4,3262.04,87904
2025-05-05,DV360-CTV-Reach,Mobile,Programmatic,Awareness,Top,2025,2025-Q2,2025-05,6680.96,314661,131226,1046,5,4093.74,100874
2025-05-05,DV360-CTV-Reach,Tablet,Programmatic,Awareness,Top,2025,2025-Q2,2025-05,1419.3,70794,30037,211,0,0,22198
2025-05-05,DV360-CTV-Reach,Connected TV,Programmatic,Awareness,Top,2025,2025-Q2,2025-05,1086.22,39111,17839,115,0,0,12785
2025-05-12,BR-Search-Brand-Core,Desktop,Google Ads,Conversions,Bottom,2025,2025-Q2,2025-05,2468.39,22830,9291,2133,196,27724.59,0
2025-05-12,BR-Search-Brand-Core,Mobile,Google Ads,Conversions,Bottom,2025,2025-Q2,2025-05,2492.13,22680,10624,2295,165,23604.53,0
2025-05-12,BR-Search-Brand-Core,Tablet,Google Ads,Conversions,Bottom,2025,2025-Q2,2025-05,496.16,4556,1983,438,32,4535.92,0
2025-05-12,BR-Search-Brand-Core,Connected TV,Google Ads,Conversions,Bottom,2025,2025-Q2,2025-05,405.08,2779,1133,245,17,2411.28,0
2025-05-12,NB-Search-Generic-Solutions,Desktop,Google Ads,Conversions,Middle,2025,2025-Q2,2025-05,10603.49,100520,36922,3452,109,26143,0
2025-05-12,NB-Search-Generic-Solutions,Mobile,Google Ads,Conversions,Middle,2025,2025-Q2,2025-05,12089.8,115805,44247,4319,119,28364.79,0
2025-05-12,NB-Search-Generic-Solutions,Tablet,Google Ads,Conversions,Middle,2025,2025-Q2,2025-05,2437.81,22899,8922,800,22,5566.27,0
2025-05-12,NB-Search-Generic-Solutions,Connected TV,Google Ads,Conversions,Middle,2025,2025-Q2,2025-05,1865.3,13104,5456,449,12,3010.4,0
2025-05-12,PMax-Retail-Feed,Desktop,Google Ads,Sales,Bottom,2025,2025-Q2,2025-05,8732.23,496362,211341,10191,466,39405.52,0
2025-05-12,PMax-Retail-Feed,Mobile,Google Ads,Sales,Bottom,2025,2025-Q2,2025-05,9341.11,537089,213970,12698,471,39311.65,0
2025-05-12,PMax-Retail-Feed,Tablet,Google Ads,Sales,Bottom,2025,2025-Q2,2025-05,1984.43,114983,48399,2409,92,7629.85,0
2025-05-12,PMax-Retail-Feed,Connected TV,Google Ads,Sales,Bottom,2025,2025-Q2,2025-05,1620.33,67961,29895,1405,56,4533.57,0
2025-05-12,YT-Awareness-InStream,Desktop,Google Ads,Awareness,Top,2025,2025-Q2,2025-05,6142.14,635493,260672,3974,30,5444.32,193516
2025-05-12,YT-Awareness-InStream,Mobile,Google Ads,Awareness,Top,2025,2025-Q2,2025-05,6188.66,625186,303582,4287,24,4403.32,196108
2025-05-12,YT-Awareness-InStream,Tablet,Google Ads,Awareness,Top,2025,2025-Q2,2025-05,1247.15,123574,56035,802,3,534.98,40583
2025-05-12,YT-Awareness-InStream,Connected TV,Google Ads,Awareness,Top,2025,2025-Q2,2025-05,1006.48,74560,31695,463,1,189.16,23799
2025-05-12,FB-Prospecting-LAL-3pct,Desktop,Meta Ads,Traffic,Top,2025,2025-Q2,2025-05,7250.71,831944,319218,8612,127,12103.14,0
2025-05-12,FB-Prospecting-LAL-3pct,Mobile,Meta Ads,Traffic,Top,2025,2025-Q2,2025-05,8270.61,952931,385065,10555,133,12589.24,0
2025-05-12,FB-Prospecting-LAL-3pct,Tablet,Meta Ads,Traffic,Top,2025,2025-Q2,2025-05,1667.42,186605,76885,1864,24,2329.84,0
2025-05-12,FB-Prospecting-LAL-3pct,Connected TV,Meta Ads,Traffic,Top,2025,2025-Q2,2025-05,1262.2,106554,45334,1027,13,1295.2,0
2025-05-12,IG-Retargeting-Cart-7d,Desktop,Meta Ads,Conversions,Bottom,2025,2025-Q2,2025-05,4908.85,344771,155596,6207,341,30274.7,0
2025-05-12,IG-Retargeting-Cart-7d,Mobile,Meta Ads,Conversions,Bottom,2025,2025-Q2,2025-05,5604.35,399924,163404,8175,365,32085.53,0
2025-05-12,IG-Retargeting-Cart-7d,Tablet,Meta Ads,Conversions,Bottom,2025,2025-Q2,2025-05,1115.66,80569,30904,1478,64,5545.11,0
2025-05-12,IG-Retargeting-Cart-7d,Connected TV,Meta Ads,Conversions,Bottom,2025,2025-Q2,2025-05,911.42,49315,19630,885,40,3427.45,0
2025-05-12,FB-Catalog-DPA-Evergreen,Desktop,Meta Ads,Sales,Bottom,2025,2025-Q2,2025-05,6952.25,728570,277441,10225,433,34527.67,0
2025-05-12,FB-Catalog-DPA-Evergreen,Mobile,Meta Ads,Sales,Bottom,2025,2025-Q2,2025-05,6909.57,708184,310027,10765,383,31138.21,0
2025-05-12,FB-Catalog-DPA-Evergreen,Tablet,Meta Ads,Sales,Bottom,2025,2025-Q2,2025-05,1391.97,139377,64312,2004,74,6122.62,0
2025-05-12,FB-Catalog-DPA-Evergreen,Connected TV,Meta Ads,Sales,Bottom,2025,2025-Q2,2025-05,1136.17,85112,36662,1191,43,3542.16,0
2025-05-12,LI-ABM-Enterprise-Tier1,Desktop,LinkedIn Ads,Leads,Middle,2025,2025-Q2,2025-05,8897.44,181695,72065,1026,24,19963.28,0
2025-05-12,LI-ABM-Enterprise-Tier1,Mobile,LinkedIn Ads,Leads,Middle,2025,2025-Q2,2025-05,9533.04,197307,82699,1214,25,20716.94,0
2025-05-12,LI-ABM-Enterprise-Tier1,Tablet,LinkedIn Ads,Leads,Middle,2025,2025-Q2,2025-05,1897.72,38454,16453,213,4,3269.22,0
2025-05-12,LI-ABM-Enterprise-Tier1,Connected TV,LinkedIn Ads,Leads,Middle,2025,2025-Q2,2025-05,1454.11,21192,9581,114,0,0,0
2025-05-12,LI-Content-Whitepaper,Desktop,LinkedIn Ads,Leads,Middle,2025,2025-Q2,2025-05,3721.59,79674,32880,535,11,4760.61,0
2025-05-12,LI-Content-Whitepaper,Mobile,LinkedIn Ads,Leads,Middle,2025,2025-Q2,2025-05,3985.46,86222,31886,667,11,4689.42,0
2025-05-12,LI-Content-Whitepaper,Tablet,LinkedIn Ads,Leads,Middle,2025,2025-Q2,2025-05,845.51,18599,7363,127,0,0,0
2025-05-12,LI-Content-Whitepaper,Connected TV,LinkedIn Ads,Leads,Middle,2025,2025-Q2,2025-05,689.04,11344,4204,82,0,0,0
2025-05-12,TT-Spark-Creator-UGC,Desktop,TikTok Ads,Awareness,Top,2025,2025-Q2,2025-05,4669.01,792917,305316,8770,92,6434.89,233795
2025-05-12,TT-Spark-Creator-UGC,Mobile,TikTok Ads,Awareness,Top,2025,2025-Q2,2025-05,5063.22,840281,332388,10698,93,6599.7,255481
2025-05-12,TT-Spark-Creator-UGC,Tablet,TikTok Ads,Awareness,Top,2025,2025-Q2,2025-05,1020.94,164978,67790,1861,17,1243.34,52439
2025-05-12,TT-Spark-Creator-UGC,Connected TV,TikTok Ads,Awareness,Top,2025,2025-Q2,2025-05,763.29,92684,35975,1009,8,584.13,29045
2025-05-12,DV360-Display-Retarget,Desktop,Programmatic,Conversions,Middle,2025,2025-Q2,2025-05,5453.18,1052090,422356,5156,97,14212.69,0
2025-05-12,DV360-Display-Retarget,Mobile,Programmatic,Conversions,Middle,2025,2025-Q2,2025-05,5769.1,1132106,481166,6313,103,14893.15,0
2025-05-12,DV360-Display-Retarget,Tablet,Programmatic,Conversions,Middle,2025,2025-Q2,2025-05,1238.43,235681,103735,1116,19,2831.1,0
2025-05-12,DV360-Display-Retarget,Connected TV,Programmatic,Conversions,Middle,2025,2025-Q2,2025-05,938.15,129736,59150,593,11,1664.53,0
2025-05-12,DV360-CTV-Reach,Desktop,Programmatic,Awareness,Top,2025,2025-Q2,2025-05,6528.86,309135,132092,925,5,4062.25,98219
2025-05-12,DV360-CTV-Reach,Mobile,Programmatic,Awareness,Top,2025,2025-Q2,2025-05,7000.05,337065,130576,1151,5,3954.47,105162
2025-05-12,DV360-CTV-Reach,Tablet,Programmatic,Awareness,Top,2025,2025-Q2,2025-05,1394.97,67947,24491,207,0,0,21943
2025-05-12,DV360-CTV-Reach,Connected TV,Programmatic,Awareness,Top,2025,2025-Q2,2025-05,1124.07,40979,15347,125,0,0,13120
2025-05-19,BR-Search-Brand-Core,Desktop,Google Ads,Conversions,Bottom,2025,2025-Q2,2025-05,2253.37,21330,7928,1931,163,22624.97,0
2025-05-19,BR-Search-Brand-Core,Mobile,Google Ads,Conversions,Bottom,2025,2025-Q2,2025-05,2569.28,24675,9792,2401,174,23773.44,0
2025-05-19,BR-Search-Brand-Core,Tablet,Google Ads,Conversions,Bottom,2025,2025-Q2,2025-05,518.09,4855,1957,425,31,4324.47,0
2025-05-19,BR-Search-Brand-Core,Connected TV,Google Ads,Conversions,Bottom,2025,2025-Q2,2025-05,392.3,2675,1115,242,18,2561.99,0
2025-05-19,NB-Search-Generic-Solutions,Desktop,Google Ads,Conversions,Middle,2025,2025-Q2,2025-05,11066.44,98485,43900,3241,106,27083.05,0
2025-05-19,NB-Search-Generic-Solutions,Mobile,Google Ads,Conversions,Middle,2025,2025-Q2,2025-05,11857.26,107418,43955,4044,109,27250.59,0
2025-05-19,NB-Search-Generic-Solutions,Tablet,Google Ads,Conversions,Middle,2025,2025-Q2,2025-05,2542.49,24191,9383,817,22,5281.84,0
2025-05-19,NB-Search-Generic-Solutions,Connected TV,Google Ads,Conversions,Middle,2025,2025-Q2,2025-05,2045.57,13986,5568,487,13,3207.16,0
2025-05-19,PMax-Retail-Feed,Desktop,Google Ads,Sales,Bottom,2025,2025-Q2,2025-05,9696.31,555841,233511,11137,547,44065.98,0
2025-05-19,PMax-Retail-Feed,Mobile,Google Ads,Sales,Bottom,2025,2025-Q2,2025-05,10417.38,581367,248367,12471,508,41996.47,0
2025-05-19,PMax-Retail-Feed,Tablet,Google Ads,Sales,Bottom,2025,2025-Q2,2025-05,2097.17,119101,45875,2569,103,8363.18,0
2025-05-19,PMax-Retail-Feed,Connected TV,Google Ads,Sales,Bottom,2025,2025-Q2,2025-05,1588.84,67605,24558,1522,60,4809.05,0
2025-05-19,YT-Awareness-InStream,Desktop,Google Ads,Awareness,Top,2025,2025-Q2,2025-05,5594.25,589843,224321,3827,24,4448.62,185824
2025-05-19,YT-Awareness-InStream,Mobile,Google Ads,Awareness,Top,2025,2025-Q2,2025-05,6462.33,688507,274605,4831,27,4958.93,212638
2025-05-19,YT-Awareness-InStream,Tablet,Google Ads,Awareness,Top,2025,2025-Q2,2025-05,1286.9,134301,55375,842,5,878.92,40249
2025-05-19,YT-Awareness-InStream,Connected TV,Google Ads,Awareness,Top,2025,2025-Q2,2025-05,986.27,74207,31821,455,1,170.95,24829
2025-05-19,FB-Prospecting-LAL-3pct,Desktop,Meta Ads,Traffic,Top,2025,2025-Q2,2025-05,7479.38,835181,384192,7826,117,11464.56,0
2025-05-19,FB-Prospecting-LAL-3pct,Mobile,Meta Ads,Traffic,Top,2025,2025-Q2,2025-05,8109.11,915127,391191,9850,122,11744.06,0
2025-05-19,FB-Prospecting-LAL-3pct,Tablet,Meta Ads,Traffic,Top,2025,2025-Q2,2025-05,1719.22,204501,81178,2084,27,2509.02,0
2025-05-19,FB-Prospecting-LAL-3pct,Connected TV,Meta Ads,Traffic,Top,2025,2025-Q2,2025-05,1400.3,119969,49373,1197,16,1507.67,0
2025-05-19,IG-Retargeting-Cart-7d,Desktop,Meta Ads,Conversions,Bottom,2025,2025-Q2,2025-05,5393.03,386052,167170,7168,401,35033.4,0
2025-05-19,IG-Retargeting-Cart-7d,Mobile,Meta Ads,Conversions,Bottom,2025,2025-Q2,2025-05,5849.72,406911,181492,8128,374,32363.57,0
2025-05-19,IG-Retargeting-Cart-7d,Tablet,Meta Ads,Conversions,Bottom,2025,2025-Q2,2025-05,1179.71,86364,34803,1642,74,6315.82,0
2025-05-19,IG-Retargeting-Cart-7d,Connected TV,Meta Ads,Conversions,Bottom,2025,2025-Q2,2025-05,882.42,48898,18067,960,42,3645.31,0
2025-05-19,FB-Catalog-DPA-Evergreen,Desktop,Meta Ads,Sales,Bottom,2025,2025-Q2,2025-05,6325.82,646372,250224,9452,397,32238.04,0
2025-05-19,FB-Catalog-DPA-Evergreen,Mobile,Meta Ads,Sales,Bottom,2025,2025-Q2,2025-05,7221.72,753550,305563,11809,423,35261.73,0
2025-05-19,FB-Catalog-DPA-Evergreen,Tablet,Meta Ads,Sales,Bottom,2025,2025-Q2,2025-05,1455.54,153986,65816,2177,78,6408.93,0
2025-05-19,FB-Catalog-DPA-Evergreen,Connected TV,Meta Ads,Sales,Bottom,2025,2025-Q2,2025-05,1101.11,81109,36364,1104,40,3363.85,0
2025-05-19,LI-ABM-Enterprise-Tier1,Desktop,LinkedIn Ads,Leads,Middle,2025,2025-Q2,2025-05,8619.96,172919,71982,899,21,17980.74,0
2025-05-19,LI-ABM-Enterprise-Tier1,Mobile,LinkedIn Ads,Leads,Middle,2025,2025-Q2,2025-05,9245.72,188479,80970,1116,21,17696.58,0
2025-05-19,LI-ABM-Enterprise-Tier1,Tablet,LinkedIn Ads,Leads,Middle,2025,2025-Q2,2025-05,1981.93,40712,16614,229,5,4031.29,0
2025-05-19,LI-ABM-Enterprise-Tier1,Connected TV,LinkedIn Ads,Leads,Middle,2025,2025-Q2,2025-05,1599.48,24606,10439,136,0,0,0
2025-05-19,LI-Content-Whitepaper,Desktop,LinkedIn Ads,Leads,Middle,2025,2025-Q2,2025-05,3837.57,83698,37729,581,12,5086.37,0
2025-05-19,LI-Content-Whitepaper,Mobile,LinkedIn Ads,Leads,Middle,2025,2025-Q2,2025-05,4161.88,88207,40564,664,11,4673.25,0
2025-05-19,LI-Content-Whitepaper,Tablet,LinkedIn Ads,Leads,Middle,2025,2025-Q2,2025-05,828.89,17986,7669,128,0,0,0
2025-05-19,LI-Content-Whitepaper,Connected TV,LinkedIn Ads,Leads,Middle,2025,2025-Q2,2025-05,627.4,10203,3987,75,0,0,0
2025-05-19,TT-Spark-Creator-UGC,Desktop,TikTok Ads,Awareness,Top,2025,2025-Q2,2025-05,4237.76,678815,280471,7721,81,5936.06,218442
2025-05-19,TT-Spark-Creator-UGC,Mobile,TikTok Ads,Awareness,Top,2025,2025-Q2,2025-05,4903.96,791248,340986,9736,87,6340.67,251134
2025-05-19,TT-Spark-Creator-UGC,Tablet,TikTok Ads,Awareness,Top,2025,2025-Q2,2025-05,1052.48,172661,75615,1888,17,1229.64,53966
2025-05-19,TT-Spark-Creator-UGC,Connected TV,TikTok Ads,Awareness,Top,2025,2025-Q2,2025-05,807.05,95783,39162,1021,10,738.31,30870
2025-05-19,DV360-Display-Retarget,Desktop,Programmatic,Conversions,Middle,2025,2025-Q2,2025-05,5618.62,1068843,454441,4791,99,14850.46,0
2025-05-19,DV360-Display-Retarget,Mobile,Programmatic,Conversions,Middle,2025,2025-Q2,2025-05,6094.98,1170184,457763,5962,101,15022.97,0
2025-05-19,DV360-Display-Retarget,Tablet,Programmatic,Conversions,Middle,2025,2025-Q2,2025-05,1214.54,235800,85955,1138,20,2939.73,0
2025-05-19,DV360-Display-Retarget,Connected TV,Programmatic,Conversions,Middle,2025,2025-Q2,2025-05,978.69,142799,55493,675,13,1875.17,0
2025-05-19,DV360-CTV-Reach,Desktop,Programmatic,Awareness,Top,2025,2025-Q2,2025-05,6332.59,305909,123546,876,6,4909.43,88560
2025-05-19,DV360-CTV-Reach,Mobile,Programmatic,Awareness,Top,2025,2025-Q2,2025-05,7212.94,339219,142048,1055,6,4803.96,102554
2025-05-19,DV360-CTV-Reach,Tablet,Programmatic,Awareness,Top,2025,2025-Q2,2025-05,1455.15,69458,30014,204,0,0,21755
2025-05-19,DV360-CTV-Reach,Connected TV,Programmatic,Awareness,Top,2025,2025-Q2,2025-05,1102.8,39698,15819,121,0,0,12056
2025-05-26,BR-Search-Brand-Core,Desktop,Google Ads,Conversions,Bottom,2025,2025-Q2,2025-05,2346.17,21012,9270,1841,163,23890.84,0
2025-05-26,BR-Search-Brand-Core,Mobile,Google Ads,Conversions,Bottom,2025,2025-Q2,2025-05,2325.83,21153,7475,2146,147,21082.06,0
2025-05-26,BR-Search-Brand-Core,Tablet,Google Ads,Conversions,Bottom,2025,2025-Q2,2025-05,500.59,4606,2010,417,30,4262.74,0
2025-05-26,BR-Search-Brand-Core,Connected TV,Google Ads,Conversions,Bottom,2025,2025-Q2,2025-05,403.78,2781,1260,245,18,2547.25,0
2025-05-26,NB-Search-Generic-Solutions,Desktop,Google Ads,Conversions,Middle,2025,2025-Q2,2025-05,10698.51,101898,41822,3292,103,24819.34,0
2025-05-26,NB-Search-Generic-Solutions,Mobile,Google Ads,Conversions,Middle,2025,2025-Q2,2025-05,11451.29,106200,46048,3666,102,25081.74,0
2025-05-26,NB-Search-Generic-Solutions,Tablet,Google Ads,Conversions,Middle,2025,2025-Q2,2025-05,2307.26,20801,9382,678,18,4374.4,0
2025-05-26,NB-Search-Generic-Solutions,Connected TV,Google Ads,Conversions,Middle,2025,2025-Q2,2025-05,1862.75,13133,5543,443,12,2865.84,0
2025-05-26,PMax-Retail-Feed,Desktop,Google Ads,Sales,Bottom,2025,2025-Q2,2025-05,8717.99,492871,191298,10776,493,39999.04,0
2025-05-26,PMax-Retail-Feed,Mobile,Google Ads,Sales,Bottom,2025,2025-Q2,2025-05,10075.81,578442,237319,13608,532,42826.3,0
2025-05-26,PMax-Retail-Feed,Tablet,Google Ads,Sales,Bottom,2025,2025-Q2,2025-05,2027.17,113050,47873,2395,97,8019.03,0
2025-05-26,PMax-Retail-Feed,Connected TV,Google Ads,Sales,Bottom,2025,2025-Q2,2025-05,1637.64,65588,28979,1329,54,4606.82,0
2025-05-26,YT-Awareness-InStream,Desktop,Google Ads,Awareness,Top,2025,2025-Q2,2025-05,5901.31,583381,235900,3449,24,4542.56,189007
2025-05-26,YT-Awareness-InStream,Mobile,Google Ads,Awareness,Top,2025,2025-Q2,2025-05,6243.51,625257,228272,4512,26,4852.79,199214
2025-05-26,YT-Awareness-InStream,Tablet,Google Ads,Awareness,Top,2025,2025-Q2,2025-05,1340.32,136107,55280,876,7,1301.7,42182
2025-05-26,YT-Awareness-InStream,Connected TV,Google Ads,Awareness,Top,2025,2025-Q2,2025-05,1091.69,82972,34596,495,1,197.62,25300
2025-05-26,FB-Prospecting-LAL-3pct,Desktop,Meta Ads,Traffic,Top,2025,2025-Q2,2025-05,7784.34,916068,349341,8962,138,12840.26,0
2025-05-26,FB-Prospecting-LAL-3pct,Mobile,Meta Ads,Traffic,Top,2025,2025-Q2,2025-05,8443.85,975033,378264,10270,130,12398.26,0
2025-05-26,FB-Prospecting-LAL-3pct,Tablet,Meta Ads,Traffic,Top,2025,2025-Q2,2025-05,1682.26,188881,77242,1737,21,1980.23,0
2025-05-26,FB-Prospecting-LAL-3pct,Connected TV,Meta Ads,Traffic,Top,2025,2025-Q2,2025-05,1273.68,111185,42244,1073,12,1103.11,0
2025-05-26,IG-Retargeting-Cart-7d,Desktop,Meta Ads,Conversions,Bottom,2025,2025-Q2,2025-05,4890.24,358181,143245,6843,351,29864.48,0
2025-05-26,IG-Retargeting-Cart-7d,Mobile,Meta Ads,Conversions,Bottom,2025,2025-Q2,2025-05,5655.44,416800,176034,8595,383,32503.8,0
2025-05-26,IG-Retargeting-Cart-7d,Tablet,Meta Ads,Conversions,Bottom,2025,2025-Q2,2025-05,1198.97,86461,37020,1606,74,6397.87,0
2025-05-26,IG-Retargeting-Cart-7d,Connected TV,Meta Ads,Conversions,Bottom,2025,2025-Q2,2025-05,919.43,47767,21544,854,38,3371.52,0
2025-05-26,FB-Catalog-DPA-Evergreen,Desktop,Meta Ads,Sales,Bottom,2025,2025-Q2,2025-05,7012.76,707067,293935,10018,458,37798.37,0
2025-05-26,FB-Catalog-DPA-Evergreen,Mobile,Meta Ads,Sales,Bottom,2025,2025-Q2,2025-05,7060.95,719942,272166,11740,418,33978.23,0
2025-05-26,FB-Catalog-DPA-Evergreen,Tablet,Meta Ads,Sales,Bottom,2025,2025-Q2,2025-05,1516.57,155955,64170,2371,87,7027.91,0
2025-05-26,FB-Catalog-DPA-Evergreen,Connected TV,Meta Ads,Sales,Bottom,2025,2025-Q2,2025-05,1221.54,94745,41107,1332,50,4160.78,0
2025-05-26,LI-ABM-Enterprise-Tier1,Desktop,LinkedIn Ads,Leads,Middle,2025,2025-Q2,2025-05,8885.96,187766,72365,1073,26,21115.99,0
2025-05-26,LI-ABM-Enterprise-Tier1,Mobile,LinkedIn Ads,Leads,Middle,2025,2025-Q2,2025-05,9635.84,199644,81296,1239,25,21596.22,0
2025-05-26,LI-ABM-Enterprise-Tier1,Tablet,LinkedIn Ads,Leads,Middle,2025,2025-Q2,2025-05,1938.74,39118,16528,214,4,3487.69,0
2025-05-26,LI-ABM-Enterprise-Tier1,Connected TV,LinkedIn Ads,Leads,Middle,2025,2025-Q2,2025-05,1451.72,21948,8428,125,1,799.59,0
2025-05-26,LI-Content-Whitepaper,Desktop,LinkedIn Ads,Leads,Middle,2025,2025-Q2,2025-05,3475.49,77571,31186,562,11,4790.05,0
2025-05-26,LI-Content-Whitepaper,Mobile,LinkedIn Ads,Leads,Middle,2025,2025-Q2,2025-05,3971.48,86259,36910,666,10,4239.72,0
2025-05-26,LI-Content-Whitepaper,Tablet,LinkedIn Ads,Leads,Middle,2025,2025-Q2,2025-05,853.04,18747,8329,130,0,0,0
2025-05-26,LI-Content-Whitepaper,Connected TV,LinkedIn Ads,Leads,Middle,2025,2025-Q2,2025-05,646,10225,4711,71,0,0,0
2025-05-26,TT-Spark-Creator-UGC,Desktop,TikTok Ads,Awareness,Top,2025,2025-Q2,2025-05,4765.67,776006,335885,8631,94,6771.52,243429
2025-05-26,TT-Spark-Creator-UGC,Mobile,TikTok Ads,Awareness,Top,2025,2025-Q2,2025-05,4731.68,757111,299971,9697,81,5957.62,247468
2025-05-26,TT-Spark-Creator-UGC,Tablet,TikTok Ads,Awareness,Top,2025,2025-Q2,2025-05,1017.55,164454,70620,1960,17,1234.71,52182
2025-05-26,TT-Spark-Creator-UGC,Connected TV,TikTok Ads,Awareness,Top,2025,2025-Q2,2025-05,830.08,99852,43888,1102,10,720.16,31385
2025-05-26,DV360-Display-Retarget,Desktop,Programmatic,Conversions,Middle,2025,2025-Q2,2025-05,5435.16,1049872,428220,5156,104,15262.32,0
2025-05-26,DV360-Display-Retarget,Mobile,Programmatic,Conversions,Middle,2025,2025-Q2,2025-05,5892.8,1105462,459823,5923,99,14907.79,0
2025-05-26,DV360-Display-Retarget,Tablet,Programmatic,Conversions,Middle,2025,2025-Q2,2025-05,1172.91,216428,93540,1014,16,2447.74,0
2025-05-26,DV360-Display-Retarget,Connected TV,Programmatic,Conversions,Middle,2025,2025-Q2,2025-05,887.19,127019,51741,625,10,1508.91,0
2025-05-26,DV360-CTV-Reach,Desktop,Programmatic,Awareness,Top,2025,2025-Q2,2025-05,6119.3,291078,120046,868,4,3187.93,93232
2025-05-26,DV360-CTV-Reach,Mobile,Programmatic,Awareness,Top,2025,2025-Q2,2025-05,6549.32,315298,122002,1020,4,3116.01,97636
2025-05-26,DV360-CTV-Reach,Tablet,Programmatic,Awareness,Top,2025,2025-Q2,2025-05,1407.43,68873,27652,198,0,0,20961
2025-05-26,DV360-CTV-Reach,Connected TV,Programmatic,Awareness,Top,2025,2025-Q2,2025-05,1065.56,37616,15937,104,0,0,11846
2025-06-02,BR-Search-Brand-Core,Desktop,Google Ads,Conversions,Bottom,2025,2025-Q2,2025-06,2406.69,22750,9668,2075,186,25783.94,0
2025-06-02,BR-Search-Brand-Core,Mobile,Google Ads,Conversions,Bottom,2025,2025-Q2,2025-06,2611.12,24028,10401,2387,178,25242.15,0
2025-06-02,BR-Search-Brand-Core,Tablet,Google Ads,Conversions,Bottom,2025,2025-Q2,2025-06,520.38,4875,1999,452,34,4901.38,0
2025-06-02,BR-Search-Brand-Core,Connected TV,Google Ads,Conversions,Bottom,2025,2025-Q2,2025-06,394.12,2768,1043,269,19,2720.88,0
2025-06-02,NB-Search-Generic-Solutions,Desktop,Google Ads,Conversions,Middle,2025,2025-Q2,2025-06,10304.75,95733,38034,3375,105,26658.18,0
2025-06-02,NB-Search-Generic-Solutions,Mobile,Google Ads,Conversions,Middle,2025,2025-Q2,2025-06,11909.7,111855,46167,4270,114,28841.89,0
2025-06-02,NB-Search-Generic-Solutions,Tablet,Google Ads,Conversions,Middle,2025,2025-Q2,2025-06,2371.27,21801,9212,742,21,5193.51,0
2025-06-02,NB-Search-Generic-Solutions,Connected TV,Google Ads,Conversions,Middle,2025,2025-Q2,2025-06,1817.02,12052,5346,400,11,2797.61,0
2025-06-02,PMax-Retail-Feed,Desktop,Google Ads,Sales,Bottom,2025,2025-Q2,2025-06,9070.6,503857,234895,10008,476,39414.34,0
2025-06-02,PMax-Retail-Feed,Mobile,Google Ads,Sales,Bottom,2025,2025-Q2,2025-06,9832.46,551571,234886,12594,510,41853.07,0
2025-06-02,PMax-Retail-Feed,Tablet,Google Ads,Sales,Bottom,2025,2025-Q2,2025-06,1931.37,109507,43231,2384,89,7193.54,0
2025-06-02,PMax-Retail-Feed,Connected TV,Google Ads,Sales,Bottom,2025,2025-Q2,2025-06,1579.48,67715,30924,1437,56,4469.41,0
2025-06-02,YT-Awareness-InStream,Desktop,Google Ads,Awareness,Top,2025,2025-Q2,2025-06,5995.68,628782,275824,3857,28,5001.61,185409
2025-06-02,YT-Awareness-InStream,Mobile,Google Ads,Awareness,Top,2025,2025-Q2,2025-06,6490.3,668054,299608,4398,26,4742.46,203328
2025-06-02,YT-Awareness-InStream,Tablet,Google Ads,Awareness,Top,2025,2025-Q2,2025-06,1308.68,131115,54733,818,4,719.83,41739
2025-06-02,YT-Awareness-InStream,Connected TV,Google Ads,Awareness,Top,2025,2025-Q2,2025-06,978.31,73910,28298,477,1,170.84,23033
2025-06-02,FB-Prospecting-LAL-3pct,Desktop,Meta Ads,Traffic,Top,2025,2025-Q2,2025-06,7043.06,781978,316469,7860,118,11583.84,0
2025-06-02,FB-Prospecting-LAL-3pct,Mobile,Meta Ads,Traffic,Top,2025,2025-Q2,2025-06,8660.6,972096,376911,10403,134,13122.93,0
2025-06-02,FB-Prospecting-LAL-3pct,Tablet,Meta Ads,Traffic,Top,2025,2025-Q2,2025-06,1747.24,198671,78174,1921,25,2414.77,0
2025-06-02,FB-Prospecting-LAL-3pct,Connected TV,Meta Ads,Traffic,Top,2025,2025-Q2,2025-06,1324.06,109238,43882,1027,13,1293.64,0
2025-06-02,IG-Retargeting-Cart-7d,Desktop,Meta Ads,Conversions,Bottom,2025,2025-Q2,2025-06,5479.73,391566,166930,6796,382,33655.26,0
2025-06-02,IG-Retargeting-Cart-7d,Mobile,Meta Ads,Conversions,Bottom,2025,2025-Q2,2025-06,5875.21,424823,163387,8461,391,34162.87,0
2025-06-02,IG-Retargeting-Cart-7d,Tablet,Meta Ads,Conversions,Bottom,2025,2025-Q2,2025-06,1083.16,79617,32161,1503,67,5695.3,0
2025-06-02,IG-Retargeting-Cart-7d,Connected TV,Meta Ads,Conversions,Bottom,2025,2025-Q2,2025-06,886.39,48820,20464,908,42,3545.21,0
2025-06-02,FB-Catalog-DPA-Evergreen,Desktop,Meta Ads,Sales,Bottom,2025,2025-Q2,2025-06,6771.29,722139,289251,9849,433,33996.59,0
2025-06-02,FB-Catalog-DPA-Evergreen,Mobile,Meta Ads,Sales,Bottom,2025,2025-Q2,2025-06,7801.89,806956,329052,11969,432,34749.61,0
2025-06-02,FB-Catalog-DPA-Evergreen,Tablet,Meta Ads,Sales,Bottom,2025,2025-Q2,2025-06,1462.06,149454,62942,2086,73,5959.87,0
2025-06-02,FB-Catalog-DPA-Evergreen,Connected TV,Meta Ads,Sales,Bottom,2025,2025-Q2,2025-06,1106.23,84698,33370,1234,43,3467.55,0
2025-06-02,LI-ABM-Enterprise-Tier1,Desktop,LinkedIn Ads,Leads,Middle,2025,2025-Q2,2025-06,8674.78,173323,71605,956,24,20548.2,0
2025-06-02,LI-ABM-Enterprise-Tier1,Mobile,LinkedIn Ads,Leads,Middle,2025,2025-Q2,2025-06,10006.35,201614,79168,1202,26,22208.46,0
2025-06-02,LI-ABM-Enterprise-Tier1,Tablet,LinkedIn Ads,Leads,Middle,2025,2025-Q2,2025-06,2117.6,43437,17463,243,6,5002.26,0
2025-06-02,LI-ABM-Enterprise-Tier1,Connected TV,LinkedIn Ads,Leads,Middle,2025,2025-Q2,2025-06,1625.03,24042,10108,134,2,1706.39,0
2025-06-02,LI-Content-Whitepaper,Desktop,LinkedIn Ads,Leads,Middle,2025,2025-Q2,2025-06,3861.53,83642,36096,582,12,5147.87,0
2025-06-02,LI-Content-Whitepaper,Mobile,LinkedIn Ads,Leads,Middle,2025,2025-Q2,2025-06,4180.12,92144,36952,736,11,4658.21,0
2025-06-02,LI-Content-Whitepaper,Tablet,LinkedIn Ads,Leads,Middle,2025,2025-Q2,2025-06,832.66,18565,6799,141,0,0,0
2025-06-02,LI-Content-Whitepaper,Connected TV,LinkedIn Ads,Leads,Middle,2025,2025-Q2,2025-06,671.25,11285,4321,83,0,0,0
2025-06-02,TT-Spark-Creator-UGC,Desktop,TikTok Ads,Awareness,Top,2025,2025-Q2,2025-06,4599.65,792083,318807,9086,93,6640.52,243180
2025-06-02,TT-Spark-Creator-UGC,Mobile,TikTok Ads,Awareness,Top,2025,2025-Q2,2025-06,5241.04,880298,369813,10899,91,6351.61,280961
2025-06-02,TT-Spark-Creator-UGC,Tablet,TikTok Ads,Awareness,Top,2025,2025-Q2,2025-06,992.67,162950,70564,1791,15,1076.74,54218
2025-06-02,TT-Spark-Creator-UGC,Connected TV,TikTok Ads,Awareness,Top,2025,2025-Q2,2025-06,741.02,91953,36699,1047,8,570.72,30081
2025-06-02,DV360-Display-Retarget,Desktop,Programmatic,Conversions,Middle,2025,2025-Q2,2025-06,5304.38,1003418,433230,4787,95,14202.24,0
2025-06-02,DV360-Display-Retarget,Mobile,Programmatic,Conversions,Middle,2025,2025-Q2,2025-06,6049.31,1161832,467330,6349,108,15997.79,0
2025-06-02,DV360-Display-Retarget,Tablet,Programmatic,Conversions,Middle,2025,2025-Q2,2025-06,1296.12,251308,104423,1222,22,3238.71,0
2025-06-02,DV360-Display-Retarget,Connected TV,Programmatic,Conversions,Middle,2025,2025-Q2,2025-06,994.46,139075,58842,670,12,1799.69,0
2025-06-02,DV360-CTV-Reach,Desktop,Programmatic,Awareness,Top,2025,2025-Q2,2025-06,6360.05,294892,132921,859,5,4206.27,96888
2025-06-02,DV360-CTV-Reach,Mobile,Programmatic,Awareness,Top,2025,2025-Q2,2025-06,6897.13,322441,131822,1078,5,3903.41,104852
2025-06-02,DV360-CTV-Reach,Tablet,Programmatic,Awareness,Top,2025,2025-Q2,2025-06,1356.32,67644,26218,214,0,0,21315
2025-06-02,DV360-CTV-Reach,Connected TV,Programmatic,Awareness,Top,2025,2025-Q2,2025-06,1107.64,41262,16576,128,0,0,12778
2025-06-09,BR-Search-Brand-Core,Desktop,Google Ads,Conversions,Bottom,2025,2025-Q2,2025-06,2175.43,20198,7919,1906,158,22155.94,0
2025-06-09,BR-Search-Brand-Core,Mobile,Google Ads,Conversions,Bottom,2025,2025-Q2,2025-06,2483.47,23381,9614,2364,167,23300.85,0
2025-06-09,BR-Search-Brand-Core,Tablet,Google Ads,Conversions,Bottom,2025,2025-Q2,2025-06,532.77,4873,2067,443,32,4560.39,0
2025-06-09,BR-Search-Brand-Core,Connected TV,Google Ads,Conversions,Bottom,2025,2025-Q2,2025-06,408.64,2828,1237,251,20,2826.11,0
2025-06-09,NB-Search-Generic-Solutions,Desktop,Google Ads,Conversions,Middle,2025,2025-Q2,2025-06,10697.86,97307,45446,3370,108,26904.07,0
2025-06-09,NB-Search-Generic-Solutions,Mobile,Google Ads,Conversions,Middle,2025,2025-Q2,2025-06,11596.32,107348,46187,3968,104,25690.72,0
2025-06-09,NB-Search-Generic-Solutions,Tablet,Google Ads,Conversions,Middle,2025,2025-Q2,2025-06,2459.56,22988,9567,797,22,5344.28,0
2025-06-09,NB-Search-Generic-Solutions,Connected TV,Google Ads,Conversions,Middle,2025,2025-Q2,2025-06,2004.21,13993,5941,478,13,3144.41,0
2025-06-09,PMax-Retail-Feed,Desktop,Google Ads,Sales,Bottom,2025,2025-Q2,2025-06,9402.62,550947,215923,12113,580,47610.17,0
2025-06-09,PMax-Retail-Feed,Mobile,Google Ads,Sales,Bottom,2025,2025-Q2,2025-06,10198.7,581467,231995,13901,553,46542.95,0
2025-06-09,PMax-Retail-Feed,Tablet,Google Ads,Sales,Bottom,2025,2025-Q2,2025-06,2031.34,112812,46845,2370,93,7709.43,0
2025-06-09,PMax-Retail-Feed,Connected TV,Google Ads,Sales,Bottom,2025,2025-Q2,2025-06,1537.43,63959,24407,1403,54,4410.72,0
2025-06-09,YT-Awareness-InStream,Desktop,Google Ads,Awareness,Top,2025,2025-Q2,2025-06,5407.33,537782,213225,3399,23,4296.96,173182
2025-06-09,YT-Awareness-InStream,Mobile,Google Ads,Awareness,Top,2025,2025-Q2,2025-06,6243.94,626087,265247,4269,24,4466.71,198802
2025-06-09,YT-Awareness-InStream,Tablet,Google Ads,Awareness,Top,2025,2025-Q2,2025-06,1326.87,134618,58301,819,5,898.42,41950
2025-06-09,YT-Awareness-InStream,Connected TV,Google Ads,Awareness,Top,2025,2025-Q2,2025-06,1015.35,77856,36149,462,1,168.65,25212
2025-06-09,FB-Prospecting-LAL-3pct,Desktop,Meta Ads,Traffic,Top,2025,2025-Q2,2025-06,7224.03,817030,390142,7438,110,10580.25,0
2025-06-09,FB-Prospecting-LAL-3pct,Mobile,Meta Ads,Traffic,Top,2025,2025-Q2,2025-06,7827.73,868246,390473,9055,109,10721.6,0
2025-06-09,FB-Prospecting-LAL-3pct,Tablet,Meta Ads,Traffic,Top,2025,2025-Q2,2025-06,1682.34,188461,79199,1861,23,2163.3,0
2025-06-09,FB-Prospecting-LAL-3pct,Connected TV,Meta Ads,Traffic,Top,2025,2025-Q2,2025-06,1355.64,118682,52161,1149,13,1202.33,0
2025-06-09,IG-Retargeting-Cart-7d,Desktop,Meta Ads,Conversions,Bottom,2025,2025-Q2,2025-06,5279.29,383026,153058,7360,402,34648.71,0
2025-06-09,IG-Retargeting-Cart-7d,Mobile,Meta Ads,Conversions,Bottom,2025,2025-Q2,2025-06,5655.42,401803,169725,8323,373,32649.99,0
2025-06-09,IG-Retargeting-Cart-7d,Tablet,Meta Ads,Conversions,Bottom,2025,2025-Q2,2025-06,1139.97,81793,35789,1502,66,5965.76,0
2025-06-09,IG-Retargeting-Cart-7d,Connected TV,Meta Ads,Conversions,Bottom,2025,2025-Q2,2025-06,851.37,44349,17830,852,38,3390.26,0
2025-06-09,FB-Catalog-DPA-Evergreen,Desktop,Meta Ads,Sales,Bottom,2025,2025-Q2,2025-06,6596.51,662528,239175,9382,407,33867.73,0
2025-06-09,FB-Catalog-DPA-Evergreen,Mobile,Meta Ads,Sales,Bottom,2025,2025-Q2,2025-06,6972.31,711567,270638,10918,401,32831.16,0
2025-06-09,FB-Catalog-DPA-Evergreen,Tablet,Meta Ads,Sales,Bottom,2025,2025-Q2,2025-06,1498.26,154665,70753,2114,80,6477.26,0
2025-06-09,FB-Catalog-DPA-Evergreen,Connected TV,Meta Ads,Sales,Bottom,2025,2025-Q2,2025-06,1148.61,85621,40589,1140,43,3558.11,0
2025-06-09,LI-ABM-Enterprise-Tier1,Desktop,LinkedIn Ads,Leads,Middle,2025,2025-Q2,2025-06,8339.54,170602,74711,860,22,18532.48,0
2025-06-09,LI-ABM-Enterprise-Tier1,Mobile,LinkedIn Ads,Leads,Middle,2025,2025-Q2,2025-06,9034.95,179663,81881,1031,20,17259.53,0
2025-06-09,LI-ABM-Enterprise-Tier1,Tablet,LinkedIn Ads,Leads,Middle,2025,2025-Q2,2025-06,1918.84,38852,16660,210,4,3240.85,0
2025-06-09,LI-ABM-Enterprise-Tier1,Connected TV,LinkedIn Ads,Leads,Middle,2025,2025-Q2,2025-06,1566.09,24623,9747,133,0,0,0
2025-06-09,LI-Content-Whitepaper,Desktop,LinkedIn Ads,Leads,Middle,2025,2025-Q2,2025-06,3717.45,82846,34318,597,12,5002.85,0
2025-06-09,LI-Content-Whitepaper,Mobile,LinkedIn Ads,Leads,Middle,2025,2025-Q2,2025-06,4022.01,87060,37233,684,11,4716.27,0
2025-06-09,LI-Content-Whitepaper,Tablet,LinkedIn Ads,Leads,Middle,2025,2025-Q2,2025-06,854.61,18022,8043,122,0,0,0
2025-06-09,LI-Content-Whitepaper,Connected TV,LinkedIn Ads,Leads,Middle,2025,2025-Q2,2025-06,653.95,10317,4281,74,0,0,0
2025-06-09,TT-Spark-Creator-UGC,Desktop,TikTok Ads,Awareness,Top,2025,2025-Q2,2025-06,4765.22,773288,287920,9059,96,6990.02,246215
2025-06-09,TT-Spark-Creator-UGC,Mobile,TikTok Ads,Awareness,Top,2025,2025-Q2,2025-06,5108.22,838272,294924,10672,93,6670.45,258241
2025-06-09,TT-Spark-Creator-UGC,Tablet,TikTok Ads,Awareness,Top,2025,2025-Q2,2025-06,1081.9,179192,75676,2042,19,1349.88,54394
2025-06-09,TT-Spark-Creator-UGC,Connected TV,TikTok Ads,Awareness,Top,2025,2025-Q2,2025-06,830.01,99920,43403,1031,9,651.83,33712
2025-06-09,DV360-Display-Retarget,Desktop,Programmatic,Conversions,Middle,2025,2025-Q2,2025-06,5435.01,1050573,411922,4897,100,14814.62,0
2025-06-09,DV360-Display-Retarget,Mobile,Programmatic,Conversions,Middle,2025,2025-Q2,2025-06,5892.84,1109079,457802,5472,90,13575.64,0
2025-06-09,DV360-Display-Retarget,Tablet,Programmatic,Conversions,Middle,2025,2025-Q2,2025-06,1173.09,223427,85836,1048,18,2598.6,0
2025-06-09,DV360-Display-Retarget,Connected TV,Programmatic,Conversions,Middle,2025,2025-Q2,2025-06,946.42,141109,56497,693,12,1701.69,0
2025-06-09,DV360-CTV-Reach,Desktop,Programmatic,Awareness,Top,2025,2025-Q2,2025-06,6119.99,300708,128260,905,5,3871.92,96983
2025-06-09,DV360-CTV-Reach,Mobile,Programmatic,Awareness,Top,2025,2025-Q2,2025-06,6978.71,335485,145080,1089,5,3997.38,105176
2025-06-09,DV360-CTV-Reach,Tablet,Programmatic,Awareness,Top,2025,2025-Q2,2025-06,1407.31,65793,29985,190,0,0,21307
2025-06-09,DV360-CTV-Reach,Connected TV,Programmatic,Awareness,Top,2025,2025-Q2,2025-06,1078.85,38016,15991,114,0,0,12135
2025-06-16,BR-Search-Brand-Core,Desktop,Google Ads,Conversions,Bottom,2025,2025-Q2,2025-06,2253.75,20507,8502,1760,157,22776.75,0
2025-06-16,BR-Search-Brand-Core,Mobile,Google Ads,Conversions,Bottom,2025,2025-Q2,2025-06,2412.63,22183,8318,2181,161,22874.36,0
2025-06-16,BR-Search-Brand-Core,Tablet,Google Ads,Conversions,Bottom,2025,2025-Q2,2025-06,479.85,4470,1769,394,28,3917.94,0
2025-06-16,BR-Search-Brand-Core,Connected TV,Google Ads,Conversions,Bottom,2025,2025-Q2,2025-06,417.32,2922,1098,268,20,2784.15,0
2025-06-16,NB-Search-Generic-Solutions,Desktop,Google Ads,Conversions,Middle,2025,2025-Q2,2025-06,11065.46,106214,41693,3529,115,27397.85,0
2025-06-16,NB-Search-Generic-Solutions,Mobile,Google Ads,Conversions,Middle,2025,2025-Q2,2025-06,11858.31,112084,45000,4300,116,28033.77,0
2025-06-16,NB-Search-Generic-Solutions,Tablet,Google Ads,Conversions,Middle,2025,2025-Q2,2025-06,2390.66,22001,9182,747,19,4715.85,0
2025-06-16,NB-Search-Generic-Solutions,Connected TV,Google Ads,Conversions,Middle,2025,2025-Q2,2025-06,1786.34,12352,4783,438,11,2663.16,0
2025-06-16,PMax-Retail-Feed,Desktop,Google Ads,Sales,Bottom,2025,2025-Q2,2025-06,9141.53,524795,213930,11171,526,42290.49,0
2025-06-16,PMax-Retail-Feed,Mobile,Google Ads,Sales,Bottom,2025,2025-Q2,2025-06,10416.59,605267,232743,14574,595,47477.42,0
2025-06-16,PMax-Retail-Feed,Tablet,Google Ads,Sales,Bottom,2025,2025-Q2,2025-06,2076.34,117567,46895,2556,101,8191.83,0
2025-06-16,PMax-Retail-Feed,Connected TV,Google Ads,Sales,Bottom,2025,2025-Q2,2025-06,1592.07,64919,30288,1390,55,4579.02,0
2025-06-16,YT-Awareness-InStream,Desktop,Google Ads,Awareness,Top,2025,2025-Q2,2025-06,6040.31,608930,264627,3738,28,5196.34,191610
2025-06-16,YT-Awareness-InStream,Mobile,Google Ads,Awareness,Top,2025,2025-Q2,2025-06,6474.69,657993,259144,4635,27,4972.52,203675
2025-06-16,YT-Awareness-InStream,Tablet,Google Ads,Awareness,Top,2025,2025-Q2,2025-06,1289.7,133762,48110,841,5,867.15,42785
2025-06-16,YT-Awareness-InStream,Connected TV,Google Ads,Awareness,Top,2025,2025-Q2,2025-06,1049.96,81473,31044,504,1,179.3,25841
2025-06-16,FB-Prospecting-LAL-3pct,Desktop,Meta Ads,Traffic,Top,2025,2025-Q2,2025-06,7479.32,862302,342650,8657,131,12391.65,0
2025-06-16,FB-Prospecting-LAL-3pct,Mobile,Meta Ads,Traffic,Top,2025,2025-Q2,2025-06,8110.19,947918,386457,10400,129,12012.77,0
2025-06-16,FB-Prospecting-LAL-3pct,Tablet,Meta Ads,Traffic,Top,2025,2025-Q2,2025-06,1614.27,185281,78385,1781,22,2102.47,0
2025-06-16,FB-Prospecting-LAL-3pct,Connected TV,Meta Ads,Traffic,Top,2025,2025-Q2,2025-06,1220.89,104984,41573,1056,12,1168.1,0
2025-06-16,IG-Retargeting-Cart-7d,Desktop,Meta Ads,Conversions,Bottom,2025,2025-Q2,2025-06,5067.99,377451,157557,7003,373,31570.06,0
2025-06-16,IG-Retargeting-Cart-7d,Mobile,Meta Ads,Conversions,Bottom,2025,2025-Q2,2025-06,5849.44,438076,173966,9276,426,37060.3,0
2025-06-16,IG-Retargeting-Cart-7d,Tablet,Meta Ads,Conversions,Bottom,2025,2025-Q2,2025-06,1151.36,84869,34132,1622,74,6300.91,0
2025-06-16,IG-Retargeting-Cart-7d,Connected TV,Meta Ads,Conversions,Bottom,2025,2025-Q2,2025-06,882.51,46851,22582,878,39,3380.5,0
2025-06-16,FB-Catalog-DPA-Evergreen,Desktop,Meta Ads,Sales,Bottom,2025,2025-Q2,2025-06,6822.71,701817,307090,9763,440,35862.7,0
2025-06-16,FB-Catalog-DPA-Evergreen,Mobile,Meta Ads,Sales,Bottom,2025,2025-Q2,2025-06,7311.16,760551,314698,11975,437,36285.2,0
2025-06-16,FB-Catalog-DPA-Evergreen,Tablet,Meta Ads,Sales,Bottom,2025,2025-Q2,2025-06,1455.82,153256,58268,2292,81,6643.88,0
2025-06-16,FB-Catalog-DPA-Evergreen,Connected TV,Meta Ads,Sales,Bottom,2025,2025-Q2,2025-06,1174.04,89340,35461,1298,48,3886.69,0
2025-06-16,LI-ABM-Enterprise-Tier1,Desktop,LinkedIn Ads,Leads,Middle,2025,2025-Q2,2025-06,8637.83,178943,74573,998,24,20683.91,0
2025-06-16,LI-ABM-Enterprise-Tier1,Mobile,LinkedIn Ads,Leads,Middle,2025,2025-Q2,2025-06,9247.91,187542,80035,1132,24,20372.62,0
2025-06-16,LI-ABM-Enterprise-Tier1,Tablet,LinkedIn Ads,Leads,Middle,2025,2025-Q2,2025-06,1863.52,36802,16497,197,5,4325.47,0
2025-06-16,LI-ABM-Enterprise-Tier1,Connected TV,LinkedIn Ads,Leads,Middle,2025,2025-Q2,2025-06,1408.95,21031,8512,117,1,789.09,0
2025-06-16,LI-Content-Whitepaper,Desktop,LinkedIn Ads,Leads,Middle,2025,2025-Q2,2025-06,3611.19,78625,33812,548,11,4662.27,0
2025-06-16,LI-Content-Whitepaper,Mobile,LinkedIn Ads,Leads,Middle,2025,2025-Q2,2025-06,4120.08,90367,36589,715,12,5050.15,0
2025-06-16,LI-Content-Whitepaper,Tablet,LinkedIn Ads,Leads,Middle,2025,2025-Q2,2025-06,820.5,18435,6838,131,0,0,0
2025-06-16,LI-Content-Whitepaper,Connected TV,LinkedIn Ads,Leads,Middle,2025,2025-Q2,2025-06,627.51,10154,4410,70,0,0,0
2025-06-16,TT-Spark-Creator-UGC,Desktop,TikTok Ads,Awareness,Top,2025,2025-Q2,2025-06,4579.76,761864,308668,8199,88,6259.27,230463
2025-06-16,TT-Spark-Creator-UGC,Mobile,TikTok Ads,Awareness,Top,2025,2025-Q2,2025-06,4965.67,803995,338886,9907,85,6170.24,254441
2025-06-16,TT-Spark-Creator-UGC,Tablet,TikTok Ads,Awareness,Top,2025,2025-Q2,2025-06,975.95,160869,62140,1866,16,1131.72,49374
2025-06-16,TT-Spark-Creator-UGC,Connected TV,TikTok Ads,Awareness,Top,2025,2025-Q2,2025-06,797.49,98022,40797,1119,10,706.62,29780
2025-06-16,DV360-Display-Retarget,Desktop,Programmatic,Conversions,Middle,2025,2025-Q2,2025-06,5618.09,1056987,413618,5015,104,15697.69,0
2025-06-16,DV360-Display-Retarget,Mobile,Programmatic,Conversions,Middle,2025,2025-Q2,2025-06,6095.54,1161848,461429,6024,102,15171.82,0
2025-06-16,DV360-Display-Retarget,Tablet,Programmatic,Conversions,Middle,2025,2025-Q2,2025-06,1214.68,226768,91970,1040,19,2922.89,0
2025-06-16,DV360-Display-Retarget,Connected TV,Programmatic,Conversions,Middle,2025,2025-Q2,2025-06,919.74,128511,47270,611,11,1638.93,0
2025-06-16,DV360-CTV-Reach,Desktop,Programmatic,Awareness,Top,2025,2025-Q2,2025-06,6332.09,305203,118415,887,5,4004.03,95048
2025-06-16,DV360-CTV-Reach,Mobile,Programmatic,Awareness,Top,2025,2025-Q2,2025-06,6783.83,330977,121580,1093,5,3896.25,99913
2025-06-16,DV360-CTV-Reach,Tablet,Programmatic,Awareness,Top,2025,2025-Q2,2025-06,1350.5,66947,25254,199,0,0,19653
2025-06-16,DV360-CTV-Reach,Connected TV,Programmatic,Awareness,Top,2025,2025-Q2,2025-06,1102.83,39673,15596,124,0,0,12281
2025-06-23,BR-Search-Brand-Core,Desktop,Google Ads,Conversions,Bottom,2025,2025-Q2,2025-06,2298.49,21312,9777,2001,175,24611.78,0
2025-06-23,BR-Search-Brand-Core,Mobile,Google Ads,Conversions,Bottom,2025,2025-Q2,2025-06,2492.79,22455,10515,2150,156,22647.41,0
2025-06-23,BR-Search-Brand-Core,Tablet,Google Ads,Conversions,Bottom,2025,2025-Q2,2025-06,496.35,4378,1893,392,30,4471.9,0
2025-06-23,BR-Search-Brand-Core,Connected TV,Google Ads,Conversions,Bottom,2025,2025-Q2,2025-06,375.5,2479,988,232,17,2413.73,0
2025-06-23,NB-Search-Generic-Solutions,Desktop,Google Ads,Conversions,Middle,2025,2025-Q2,2025-06,9806.75,89442,37122,3065,97,24309.07,0
2025-06-23,NB-Search-Generic-Solutions,Mobile,Google Ads,Conversions,Middle,2025,2025-Q2,2025-06,11354.82,104319,45708,3868,106,26293.83,0
2025-06-23,NB-Search-Generic-Solutions,Tablet,Google Ads,Conversions,Middle,2025,2025-Q2,2025-06,2438.35,22819,10218,759,21,5136.19,0
2025-06-23,NB-Search-Generic-Solutions,Connected TV,Google Ads,Conversions,Middle,2025,2025-Q2,2025-06,1870.03,12637,5249,405,11,2752.44,0
2025-06-23,PMax-Retail-Feed,Desktop,Google Ads,Sales,Bottom,2025,2025-Q2,2025-06,8755.59,497298,213775,9683,469,38406.54,0
2025-06-23,PMax-Retail-Feed,Mobile,Google Ads,Sales,Bottom,2025,2025-Q2,2025-06,10110.82,577505,229275,12771,506,41134.64,0
2025-06-23,PMax-Retail-Feed,Tablet,Google Ads,Sales,Bottom,2025,2025-Q2,2025-06,2013.99,116341,42998,2438,94,7541.91,0
2025-06-23,PMax-Retail-Feed,Connected TV,Google Ads,Sales,Bottom,2025,2025-Q2,2025-06,1623.37,70484,27402,1443,58,4581.13,0
2025-06-23,YT-Awareness-InStream,Desktop,Google Ads,Awareness,Top,2025,2025-Q2,2025-06,5792.38,595902,244403,3782,26,4736.88,181960
2025-06-23,YT-Awareness-InStream,Mobile,Google Ads,Awareness,Top,2025,2025-Q2,2025-06,6599.12,660778,277074,4211,25,4663.74,210201
2025-06-23,YT-Awareness-InStream,Tablet,Google Ads,Awareness,Top,2025,2025-Q2,2025-06,1331.24,129650,57403,780,5,954.55,40604
2025-06-23,YT-Awareness-InStream,Connected TV,Google Ads,Awareness,Top,2025,2025-Q2,2025-06,1008.53,73388,29916,460,2,369.15,22538
2025-06-23,FB-Prospecting-LAL-3pct,Desktop,Meta Ads,Traffic,Top,2025,2025-Q2,2025-06,7251.95,817557,350566,8516,127,12240.29,0
2025-06-23,FB-Prospecting-LAL-3pct,Mobile,Meta Ads,Traffic,Top,2025,2025-Q2,2025-06,8287.32,941464,379000,9807,124,11899.09,0
2025-06-23,FB-Prospecting-LAL-3pct,Tablet,Meta Ads,Traffic,Top,2025,2025-Q2,2025-06,1772.1,205115,85620,1925,25,2357.83,0
2025-06-23,FB-Prospecting-LAL-3pct,Connected TV,Meta Ads,Traffic,Top,2025,2025-Q2,2025-06,1278.91,106907,45060,979,12,1157.83,0
2025-06-23,IG-Retargeting-Cart-7d,Desktop,Meta Ads,Conversions,Bottom,2025,2025-Q2,2025-06,5234.27,380016,148045,6883,379,32664.2,0
2025-06-23,IG-Retargeting-Cart-7d,Mobile,Meta Ads,Conversions,Bottom,2025,2025-Q2,2025-06,5676.12,415947,167543,8072,362,30935.05,0
2025-06-23,IG-Retargeting-Cart-7d,Tablet,Meta Ads,Conversions,Bottom,2025,2025-Q2,2025-06,1116.12,83471,31564,1629,71,6200.6,0
2025-06-23,IG-Retargeting-Cart-7d,Connected TV,Meta Ads,Conversions,Bottom,2025,2025-Q2,2025-06,911.46,51026,20220,980,45,3896.22,0
2025-06-23,FB-Catalog-DPA-Evergreen,Desktop,Meta Ads,Sales,Bottom,2025,2025-Q2,2025-06,6459.34,675264,283267,9573,410,34062.18,0
2025-06-23,FB-Catalog-DPA-Evergreen,Mobile,Meta Ads,Sales,Bottom,2025,2025-Q2,2025-06,7453.87,756622,323992,11656,434,35542.5,0
2025-06-23,FB-Catalog-DPA-Evergreen,Tablet,Meta Ads,Sales,Bottom,2025,2025-Q2,2025-06,1485.32,147871,66022,2017,74,6226.14,0
2025-06-23,FB-Catalog-DPA-Evergreen,Connected TV,Meta Ads,Sales,Bottom,2025,2025-Q2,2025-06,1138.61,84851,36034,1200,44,3526.03,0
2025-06-23,LI-ABM-Enterprise-Tier1,Desktop,LinkedIn Ads,Leads,Middle,2025,2025-Q2,2025-06,8267.51,169080,73595,982,22,19143.54,0
2025-06-23,LI-ABM-Enterprise-Tier1,Mobile,LinkedIn Ads,Leads,Middle,2025,2025-Q2,2025-06,9552.95,196945,82793,1208,23,19846.8,0
2025-06-23,LI-ABM-Enterprise-Tier1,Tablet,LinkedIn Ads,Leads,Middle,2025,2025-Q2,2025-06,2047.79,42577,18256,235,6,4900.02,0
2025-06-23,LI-ABM-Enterprise-Tier1,Connected TV,LinkedIn Ads,Leads,Middle,2025,2025-Q2,2025-06,1552.67,23473,10183,128,2,1685.37,0
2025-06-23,LI-Content-Whitepaper,Desktop,LinkedIn Ads,Leads,Middle,2025,2025-Q2,2025-06,3731.18,82572,33251,604,11,4846.63,0
2025-06-23,LI-Content-Whitepaper,Mobile,LinkedIn Ads,Leads,Middle,2025,2025-Q2,2025-06,3995.94,86127,36112,670,10,4314.08,0
2025-06-23,LI-Content-Whitepaper,Tablet,LinkedIn Ads,Leads,Middle,2025,2025-Q2,2025-06,795.18,17332,6671,128,0,0,0
2025-06-23,LI-Content-Whitepaper,Connected TV,LinkedIn Ads,Leads,Middle,2025,2025-Q2,2025-06,641.79,10582,4264,77,0,0,0
2025-06-23,TT-Spark-Creator-UGC,Desktop,TikTok Ads,Awareness,Top,2025,2025-Q2,2025-06,4385.98,710694,304045,7922,80,5767.51,224345
2025-06-23,TT-Spark-Creator-UGC,Mobile,TikTok Ads,Awareness,Top,2025,2025-Q2,2025-06,5013.35,828885,363166,9961,88,6290.83,256684
2025-06-23,TT-Spark-Creator-UGC,Tablet,TikTok Ads,Awareness,Top,2025,2025-Q2,2025-06,1008.84,162255,76869,1724,15,1094.17,51895
2025-06-23,TT-Spark-Creator-UGC,Connected TV,TikTok Ads,Awareness,Top,2025,2025-Q2,2025-06,765.11,92137,39355,1026,9,655.62,28926
2025-06-23,DV360-Display-Retarget,Desktop,Programmatic,Conversions,Middle,2025,2025-Q2,2025-06,5053.13,939527,426959,4659,90,13682.73,0
2025-06-23,DV360-Display-Retarget,Mobile,Programmatic,Conversions,Middle,2025,2025-Q2,2025-06,5770.58,1084771,460721,5746,96,14446.1,0
2025-06-23,DV360-Display-Retarget,Tablet,Programmatic,Conversions,Middle,2025,2025-Q2,2025-06,1238.35,235534,105428,1107,19,2751.18,0
2025-06-23,DV360-Display-Retarget,Connected TV,Programmatic,Conversions,Middle,2025,2025-Q2,2025-06,949.81,135707,61412,633,11,1622.93,0
2025-06-23,DV360-CTV-Reach,Desktop,Programmatic,Awareness,Top,2025,2025-Q2,2025-06,6068.16,287392,122609,870,5,4117.06,91375
2025-06-23,DV360-CTV-Reach,Mobile,Programmatic,Awareness,Top,2025,2025-Q2,2025-06,6577.39,314583,139077,1020,5,4280.68,105215
2025-06-23,DV360-CTV-Reach,Tablet,Programmatic,Awareness,Top,2025,2025-Q2,2025-06,1291.43,60532,24570,186,0,0,19834
2025-06-23,DV360-CTV-Reach,Connected TV,Programmatic,Awareness,Top,2025,2025-Q2,2025-06,1056.53,36952,15815,110,0,0,11775
2025-06-30,BR-Search-Brand-Core,Desktop,Google Ads,Conversions,Bottom,2025,2025-Q2,2025-06,2057.44,19524,7969,1798,144,20679.03,0
2025-06-30,BR-Search-Brand-Core,Mobile,Google Ads,Conversions,Bottom,2025,2025-Q2,2025-06,2351.98,22493,9715,2366,165,23498.13,0
2025-06-30,BR-Search-Brand-Core,Tablet,Google Ads,Conversions,Bottom,2025,2025-Q2,2025-06,505.38,4721,2133,418,31,4321.02,0
2025-06-30,BR-Search-Brand-Core,Connected TV,Google Ads,Conversions,Bottom,2025,2025-Q2,2025-06,387.44,2608,1227,224,16,2292.35,0
2025-06-30,NB-Search-Generic-Solutions,Desktop,Google Ads,Conversions,Middle,2025,2025-Q2,2025-06,10925.94,101311,44598,3394,111,27252.62,0
2025-06-30,NB-Search-Generic-Solutions,Mobile,Google Ads,Conversions,Middle,2025,2025-Q2,2025-06,11850.9,110969,44982,4254,117,29470.29,0
2025-06-30,NB-Search-Generic-Solutions,Tablet,Google Ads,Conversions,Middle,2025,2025-Q2,2025-06,2331.23,21456,8139,770,20,4992.51,0
2025-06-30,NB-Search-Generic-Solutions,Connected TV,Google Ads,Conversions,Middle,2025,2025-Q2,2025-06,1902.7,13035,5130,462,12,2938.8,0
2025-06-30,PMax-Retail-Feed,Desktop,Google Ads,Sales,Bottom,2025,2025-Q2,2025-06,8917.26,512577,209897,10932,536,43221.23,0
2025-06-30,PMax-Retail-Feed,Mobile,Google Ads,Sales,Bottom,2025,2025-Q2,2025-06,9668.51,539607,228046,12555,512,42293.03,0
2025-06-30,PMax-Retail-Feed,Tablet,Google Ads,Sales,Bottom,2025,2025-Q2,2025-06,2075.12,113432,49714,2331,88,7406.39,0
2025-06-30,PMax-Retail-Feed,Connected TV,Google Ads,Sales,Bottom,2025,2025-Q2,2025-06,1454.51,59803,24864,1277,46,3811.33,0
2025-06-30,YT-Awareness-InStream,Desktop,Google Ads,Awareness,Top,2025,2025-Q2,2025-06,5179.33,526939,219989,3235,23,4227.09,165820
2025-06-30,YT-Awareness-InStream,Mobile,Google Ads,Awareness,Top,2025,2025-Q2,2025-06,5923.35,607201,238370,4268,24,4365.71,186182
2025-06-30,YT-Awareness-InStream,Tablet,Google Ads,Awareness,Top,2025,2025-Q2,2025-06,1273.42,132062,53844,788,5,886.94,39743
2025-06-30,YT-Awareness-InStream,Connected TV,Google Ads,Awareness,Top,2025,2025-Q2,2025-06,963.92,72457,30783,417,0,0,22597
2025-06-30,FB-Prospecting-LAL-3pct,Desktop,Meta Ads,Traffic,Top,2025,2025-Q2,2025-06,7400.38,853994,338867,8126,125,11845.62,0
2025-06-30,FB-Prospecting-LAL-3pct,Mobile,Meta Ads,Traffic,Top,2025,2025-Q2,2025-06,8024.1,905768,373727,9753,120,11542.48,0
2025-06-30,FB-Prospecting-LAL-3pct,Tablet,Meta Ads,Traffic,Top,2025,2025-Q2,2025-06,1593.92,182084,70089,1866,23,2175.28,0
2025-06-30,FB-Prospecting-LAL-3pct,Connected TV,Meta Ads,Traffic,Top,2025,2025-Q2,2025-06,1288.55,110644,45084,1108,14,1330.45,0
2025-06-30,IG-Retargeting-Cart-7d,Desktop,Meta Ads,Conversions,Bottom,2025,2025-Q2,2025-06,5385.56,396473,151708,7377,412,35172.65,0
2025-06-30,IG-Retargeting-Cart-7d,Mobile,Meta Ads,Conversions,Bottom,2025,2025-Q2,2025-06,5776.36,413111,161256,8305,398,34828.87,0
2025-06-30,IG-Retargeting-Cart-7d,Tablet,Meta Ads,Conversions,Bottom,2025,2025-Q2,2025-06,1165.13,81720,32850,1455,65,5789.98,0
2025-06-30,IG-Retargeting-Cart-7d,Connected TV,Meta Ads,Conversions,Bottom,2025,2025-Q2,2025-06,815.6,43047,18162,805,35,3063.1,0
2025-06-30,FB-Catalog-DPA-Evergreen,Desktop,Meta Ads,Sales,Bottom,2025,2025-Q2,2025-06,6249.22,637922,241186,8790,390,31832.6,0
2025-06-30,FB-Catalog-DPA-Evergreen,Mobile,Meta Ads,Sales,Bottom,2025,2025-Q2,2025-06,6682.27,696545,279338,11044,399,32107.07,0
2025-06-30,FB-Catalog-DPA-Evergreen,Tablet,Meta Ads,Sales,Bottom,2025,2025-Q2,2025-06,1529.3,160439,60807,2266,85,6786.16,0
2025-06-30,FB-Catalog-DPA-Evergreen,Connected TV,Meta Ads,Sales,Bottom,2025,2025-Q2,2025-06,1173.24,89111,34357,1232,45,3681.04,0
2025-06-30,LI-ABM-Enterprise-Tier1,Desktop,LinkedIn Ads,Leads,Middle,2025,2025-Q2,2025-06,8529.64,177846,72059,999,24,19727.47,0
2025-06-30,LI-ABM-Enterprise-Tier1,Mobile,LinkedIn Ads,Leads,Middle,2025,2025-Q2,2025-06,9246.75,187698,79091,1131,23,19420.6,0
2025-06-30,LI-ABM-Enterprise-Tier1,Tablet,LinkedIn Ads,Leads,Middle,2025,2025-Q2,2025-06,1816.49,37408,14614,214,4,3159.6,0
2025-06-30,LI-ABM-Enterprise-Tier1,Connected TV,LinkedIn Ads,Leads,Middle,2025,2025-Q2,2025-06,1485.06,22796,9562,126,1,788.62,0
2025-06-30,LI-Content-Whitepaper,Desktop,LinkedIn Ads,Leads,Middle,2025,2025-Q2,2025-06,3795.45,85611,33219,631,12,4971.19,0
2025-06-30,LI-Content-Whitepaper,Mobile,LinkedIn Ads,Leads,Middle,2025,2025-Q2,2025-06,4369.81,95749,39105,767,13,5518.35,0
2025-06-30,LI-Content-Whitepaper,Tablet,LinkedIn Ads,Leads,Middle,2025,2025-Q2,2025-06,882.1,18822,7826,135,0,0,0
2025-06-30,LI-Content-Whitepaper,Connected TV,LinkedIn Ads,Leads,Middle,2025,2025-Q2,2025-06,620.81,10003,4367,74,0,0,0
2025-06-30,TT-Spark-Creator-UGC,Desktop,TikTok Ads,Awareness,Top,2025,2025-Q2,2025-06,4530.89,744090,295732,8516,91,6504.24,228961
2025-06-30,TT-Spark-Creator-UGC,Mobile,TikTok Ads,Awareness,Top,2025,2025-Q2,2025-06,4852.42,813358,299595,10110,86,6019.29,258633
2025-06-30,TT-Spark-Creator-UGC,Tablet,TikTok Ads,Awareness,Top,2025,2025-Q2,2025-06,1039.17,175940,67623,1960,17,1179.16,55473
2025-06-30,TT-Spark-Creator-UGC,Connected TV,TikTok Ads,Awareness,Top,2025,2025-Q2,2025-06,789.07,97085,37930,1118,10,733.74,31716
2025-06-30,DV360-Display-Retarget,Desktop,Programmatic,Conversions,Middle,2025,2025-Q2,2025-06,5215.95,1022035,420561,4971,100,14454.05,0
2025-06-30,DV360-Display-Retarget,Mobile,Programmatic,Conversions,Middle,2025,2025-Q2,2025-06,5582.23,1074108,458824,5535,90,13842,0
2025-06-30,DV360-Display-Retarget,Tablet,Programmatic,Conversions,Middle,2025,2025-Q2,2025-06,1110.02,216027,86321,1060,19,2894.47,0
2025-06-30,DV360-Display-Retarget,Connected TV,Programmatic,Conversions,Middle,2025,2025-Q2,2025-06,896.74,130287,54991,627,11,1663.9,0
2025-06-30,DV360-CTV-Reach,Desktop,Programmatic,Awareness,Top,2025,2025-Q2,2025-06,6251.43,312144,125116,965,6,4872.43,97525
2025-06-30,DV360-CTV-Reach,Mobile,Programmatic,Awareness,Top,2025,2025-Q2,2025-06,7119.04,348357,143369,1170,6,4805.11,105857
2025-06-30,DV360-CTV-Reach,Tablet,Programmatic,Awareness,Top,2025,2025-Q2,2025-06,1436.53,68455,29440,205,0,0,21558
2025-06-30,DV360-CTV-Reach,Connected TV,Programmatic,Awareness,Top,2025,2025-Q2,2025-06,1021.68,36546,16495,116,0,0,12053
2025-07-07,BR-Search-Brand-Core,Desktop,Google Ads,Conversions,Bottom,2025,2025-Q3,2025-07,2265.26,20857,9155,1870,165,23432.96,0
2025-07-07,BR-Search-Brand-Core,Mobile,Google Ads,Conversions,Bottom,2025,2025-Q3,2025-07,2451.66,22972,9058,2335,168,24515.09,0
2025-07-07,BR-Search-Brand-Core,Tablet,Google Ads,Conversions,Bottom,2025,2025-Q3,2025-07,488.14,4627,1718,445,31,4475.29,0
2025-07-07,BR-Search-Brand-Core,Connected TV,Google Ads,Conversions,Bottom,2025,2025-Q3,2025-07,393.64,2790,1085,263,20,2736.51,0
2025-07-07,NB-Search-Generic-Solutions,Desktop,Google Ads,Conversions,Middle,2025,2025-Q3,2025-07,10431.09,98157,40314,3389,108,26388.4,0
2025-07-07,NB-Search-Generic-Solutions,Mobile,Google Ads,Conversions,Middle,2025,2025-Q3,2025-07,11888.84,113730,47491,4242,116,27890.59,0
2025-07-07,NB-Search-Generic-Solutions,Tablet,Google Ads,Conversions,Middle,2025,2025-Q3,2025-07,2397.96,22354,9905,739,20,4891.06,0
2025-07-07,NB-Search-Generic-Solutions,Connected TV,Google Ads,Conversions,Middle,2025,2025-Q3,2025-07,1701.55,12021,4895,415,11,2629.44,0
2025-07-07,PMax-Retail-Feed,Desktop,Google Ads,Sales,Bottom,2025,2025-Q3,2025-07,8609.67,484522,212713,10035,463,37797.64,0
2025-07-07,PMax-Retail-Feed,Mobile,Google Ads,Sales,Bottom,2025,2025-Q3,2025-07,9942.61,568159,233444,13449,535,43367.68,0
2025-07-07,PMax-Retail-Feed,Tablet,Google Ads,Sales,Bottom,2025,2025-Q3,2025-07,2105.69,121483,51297,2564,104,8331.56,0
2025-07-07,PMax-Retail-Feed,Connected TV,Google Ads,Sales,Bottom,2025,2025-Q3,2025-07,1615.67,67221,28914,1405,58,4744.95,0
2025-07-07,YT-Awareness-InStream,Desktop,Google Ads,Awareness,Top,2025,2025-Q3,2025-07,5697.26,562381,258018,3592,25,4713.67,185466
2025-07-07,YT-Awareness-InStream,Mobile,Google Ads,Awareness,Top,2025,2025-Q3,2025-07,6177.79,614790,255317,4217,24,4492.69,210242
2025-07-07,YT-Awareness-InStream,Tablet,Google Ads,Awareness,Top,2025,2025-Q3,2025-07,1214.1,123393,46708,796,5,951.85,38901
2025-07-07,YT-Awareness-InStream,Connected TV,Google Ads,Awareness,Top,2025,2025-Q3,2025-07,992.02,75505,30958,479,1,177.01,23357
2025-07-07,FB-Prospecting-LAL-3pct,Desktop,Meta Ads,Traffic,Top,2025,2025-Q3,2025-07,7059.56,799630,334177,7809,113,10867.36,0
2025-07-07,FB-Prospecting-LAL-3pct,Mobile,Meta Ads,Traffic,Top,2025,2025-Q3,2025-07,8149.9,969620,428637,10324,131,12530.86,0
2025-07-07,FB-Prospecting-LAL-3pct,Tablet,Meta Ads,Traffic,Top,2025,2025-Q3,2025-07,1623.68,188515,86575,1760,22,2160.53,0
2025-07-07,FB-Prospecting-LAL-3pct,Connected TV,Meta Ads,Traffic,Top,2025,2025-Q3,2025-07,1149.61,96699,40438,947,12,1141.08,0
2025-07-07,IG-Retargeting-Cart-7d,Desktop,Meta Ads,Conversions,Bottom,2025,2025-Q3,2025-07,4779.21,347130,153261,6314,332,28546.9,0
2025-07-07,IG-Retargeting-Cart-7d,Mobile,Meta Ads,Conversions,Bottom,2025,2025-Q3,2025-07,5514.13,405713,167708,8348,374,31766.15,0
2025-07-07,IG-Retargeting-Cart-7d,Tablet,Meta Ads,Conversions,Bottom,2025,2025-Q3,2025-07,1182.65,88000,38214,1627,76,6399.88,0
2025-07-07,IG-Retargeting-Cart-7d,Connected TV,Meta Ads,Conversions,Bottom,2025,2025-Q3,2025-07,896.5,48493,21603,874,40,3428.59,0
2025-07-07,FB-Catalog-DPA-Evergreen,Desktop,Meta Ads,Sales,Bottom,2025,2025-Q3,2025-07,6432.7,643322,304612,9233,405,33563.41,0
2025-07-07,FB-Catalog-DPA-Evergreen,Mobile,Meta Ads,Sales,Bottom,2025,2025-Q3,2025-07,6887.14,674184,297503,10248,382,32540.72,0
2025-07-07,FB-Catalog-DPA-Evergreen,Tablet,Meta Ads,Sales,Bottom,2025,2025-Q3,2025-07,1369.89,135588,54530,1966,71,5976.28,0
2025-07-07,FB-Catalog-DPA-Evergreen,Connected TV,Meta Ads,Sales,Bottom,2025,2025-Q3,2025-07,1190.6,88247,37088,1254,47,3824.71,0
2025-07-07,LI-ABM-Enterprise-Tier1,Desktop,LinkedIn Ads,Leads,Middle,2025,2025-Q3,2025-07,8133.03,164807,72961,893,23,19483.69,0
2025-07-07,LI-ABM-Enterprise-Tier1,Mobile,LinkedIn Ads,Leads,Middle,2025,2025-Q3,2025-07,9977.98,205059,92778,1203,25,21075.38,0
2025-07-07,LI-ABM-Enterprise-Tier1,Tablet,LinkedIn Ads,Leads,Middle,2025,2025-Q3,2025-07,2013.98,40463,17143,208,5,4214.07,0
2025-07-07,LI-ABM-Enterprise-Tier1,Connected TV,LinkedIn Ads,Leads,Middle,2025,2025-Q3,2025-07,1434.44,21600,8078,117,0,0,0
2025-07-07,LI-Content-Whitepaper,Desktop,LinkedIn Ads,Leads,Middle,2025,2025-Q3,2025-07,3669.34,81350,32590,551,11,4663.33,0
2025-07-07,LI-Content-Whitepaper,Mobile,LinkedIn Ads,Leads,Middle,2025,2025-Q3,2025-07,3929.8,88120,32843,684,11,4592.16,0
2025-07-07,LI-Content-Whitepaper,Tablet,LinkedIn Ads,Leads,Middle,2025,2025-Q3,2025-07,833.2,18958,7437,131,0,0,0
2025-07-07,LI-Content-Whitepaper,Connected TV,LinkedIn Ads,Leads,Middle,2025,2025-Q3,2025-07,639.06,10509,4249,71,0,0,0
2025-07-07,TT-Spark-Creator-UGC,Desktop,TikTok Ads,Awareness,Top,2025,2025-Q3,2025-07,4600.02,744342,315176,8308,88,6374.39,235397
2025-07-07,TT-Spark-Creator-UGC,Mobile,TikTok Ads,Awareness,Top,2025,2025-Q3,2025-07,4990.18,785288,351289,9350,82,6104.41,259942
2025-07-07,TT-Spark-Creator-UGC,Tablet,TikTok Ads,Awareness,Top,2025,2025-Q3,2025-07,994.02,159217,65362,1792,15,1103.99,48539
2025-07-07,TT-Spark-Creator-UGC,Connected TV,TikTok Ads,Awareness,Top,2025,2025-Q3,2025-07,810.68,96994,37863,1074,10,706.41,28931
2025-07-07,DV360-Display-Retarget,Desktop,Programmatic,Conversions,Middle,2025,2025-Q3,2025-07,5309.45,1019963,413688,5051,104,15474.99,0
2025-07-07,DV360-Display-Retarget,Mobile,Programmatic,Conversions,Middle,2025,2025-Q3,2025-07,6106.97,1184987,499540,5960,104,15235.47,0
2025-07-07,DV360-Display-Retarget,Tablet,Programmatic,Conversions,Middle,2025,2025-Q3,2025-07,1220.38,230510,98845,1026,18,2700.86,0
2025-07-07,DV360-Display-Retarget,Connected TV,Programmatic,Conversions,Middle,2025,2025-Q3,2025-07,934.1,132985,51373,656,11,1628.05,0
2025-07-07,DV360-CTV-Reach,Desktop,Programmatic,Awareness,Top,2025,2025-Q3,2025-07,6042.02,295154,119982,837,5,3914.82,95821
2025-07-07,DV360-CTV-Reach,Mobile,Programmatic,Awareness,Top,2025,2025-Q3,2025-07,6387.34,318472,121465,1099,5,4040.29,100184
2025-07-07,DV360-CTV-Reach,Tablet,Programmatic,Awareness,Top,2025,2025-Q3,2025-07,1372.14,69144,27649,214,0,0,21319
2025-07-07,DV360-CTV-Reach,Connected TV,Programmatic,Awareness,Top,2025,2025-Q3,2025-07,1039.29,37996,15496,117,0,0,11363
2025-07-14,BR-Search-Brand-Core,Desktop,Google Ads,Conversions,Bottom,2025,2025-Q3,2025-07,2157.96,20448,8606,1871,160,22103.8,0
2025-07-14,BR-Search-Brand-Core,Mobile,Google Ads,Conversions,Bottom,2025,2025-Q3,2025-07,2334.69,21483,9341,2144,157,22312.38,0
2025-07-14,BR-Search-Brand-Core,Tablet,Google Ads,Conversions,Bottom,2025,2025-Q3,2025-07,496.18,4426,2010,389,28,4113.39,0
2025-07-14,BR-Search-Brand-Core,Connected TV,Google Ads,Conversions,Bottom,2025,2025-Q3,2025-07,379.56,2545,1057,232,17,2447.01,0
2025-07-14,NB-Search-Generic-Solutions,Desktop,Google Ads,Conversions,Middle,2025,2025-Q3,2025-07,10705.02,98126,37006,3277,107,26617.41,0
2025-07-14,NB-Search-Generic-Solutions,Mobile,Google Ads,Conversions,Middle,2025,2025-Q3,2025-07,11470.92,107191,38210,4112,111,27075.48,0
2025-07-14,NB-Search-Generic-Solutions,Tablet,Google Ads,Conversions,Middle,2025,2025-Q3,2025-07,2458.7,23218,8635,797,21,5114.67,0
2025-07-14,NB-Search-Generic-Solutions,Connected TV,Google Ads,Conversions,Middle,2025,2025-Q3,2025-07,1864.58,12782,4906,426,13,3215.63,0
2025-07-14,PMax-Retail-Feed,Desktop,Google Ads,Sales,Bottom,2025,2025-Q3,2025-07,8846.34,507515,201546,10991,523,42142.66,0
2025-07-14,PMax-Retail-Feed,Mobile,Google Ads,Sales,Bottom,2025,2025-Q3,2025-07,9473.68,530464,219485,12214,472,39040.28,0
2025-07-14,PMax-Retail-Feed,Tablet,Google Ads,Sales,Bottom,2025,2025-Q3,2025-07,1885.13,106827,41642,2174,82,6675.3,0
2025-07-14,PMax-Retail-Feed,Connected TV,Google Ads,Sales,Bottom,2025,2025-Q3,2025-07,1521.41,64758,26450,1302,51,4124.3,0
2025-07-14,YT-Awareness-InStream,Desktop,Google Ads,Awareness,Top,2025,2025-Q3,2025-07,5424.9,567693,246130,3709,26,4661.14,181369
2025-07-14,YT-Awareness-InStream,Mobile,Google Ads,Awareness,Top,2025,2025-Q3,2025-07,6263.02,641029,282680,4553,28,5105.28,199066
2025-07-14,YT-Awareness-InStream,Tablet,Google Ads,Awareness,Top,2025,2025-Q3,2025-07,1247.69,124187,57594,730,4,723.88,39835
2025-07-14,YT-Awareness-InStream,Connected TV,Google Ads,Awareness,Top,2025,2025-Q3,2025-07,956.3,71145,30400,437,0,0,22488
2025-07-14,FB-Prospecting-LAL-3pct,Desktop,Meta Ads,Traffic,Top,2025,2025-Q3,2025-07,7338.73,842657,332556,8527,129,12232.26,0
2025-07-14,FB-Prospecting-LAL-3pct,Mobile,Meta Ads,Traffic,Top,2025,2025-Q3,2025-07,7861.58,913151,330430,10031,124,11609.04,0
2025-07-14,FB-Prospecting-LAL-3pct,Tablet,Meta Ads,Traffic,Top,2025,2025-Q3,2025-07,1666.19,197119,74224,2028,25,2394.59,0
2025-07-14,FB-Prospecting-LAL-3pct,Connected TV,Meta Ads,Traffic,Top,2025,2025-Q3,2025-07,1278.16,108989,43213,1109,14,1375.14,0
2025-07-14,IG-Retargeting-Cart-7d,Desktop,Meta Ads,Conversions,Bottom,2025,2025-Q3,2025-07,4915.06,364811,146851,6874,368,32317.58,0
2025-07-14,IG-Retargeting-Cart-7d,Mobile,Meta Ads,Conversions,Bottom,2025,2025-Q3,2025-07,5316.42,384230,166680,7751,341,30753.23,0
2025-07-14,IG-Retargeting-Cart-7d,Tablet,Meta Ads,Conversions,Bottom,2025,2025-Q3,2025-07,1046.06,76572,30027,1459,63,5599.9,0
2025-07-14,IG-Retargeting-Cart-7d,Connected TV,Meta Ads,Conversions,Bottom,2025,2025-Q3,2025-07,853.9,44993,18932,839,37,3243.18,0
2025-07-14,FB-Catalog-DPA-Evergreen,Desktop,Meta Ads,Sales,Bottom,2025,2025-Q3,2025-07,6044.63,641977,280089,9408,395,32320.8,0
2025-07-14,FB-Catalog-DPA-Evergreen,Mobile,Meta Ads,Sales,Bottom,2025,2025-Q3,2025-07,6986.63,724823,330959,11529,422,33836.45,0
2025-07-14,FB-Catalog-DPA-Evergreen,Tablet,Meta Ads,Sales,Bottom,2025,2025-Q3,2025-07,1408.52,142090,67604,1887,67,5516.73,0
2025-07-14,FB-Catalog-DPA-Evergreen,Connected TV,Meta Ads,Sales,Bottom,2025,2025-Q3,2025-07,1065.7,78070,34868,1067,37,3000.25,0
2025-07-14,LI-ABM-Enterprise-Tier1,Desktop,LinkedIn Ads,Leads,Middle,2025,2025-Q3,2025-07,8459.93,169893,69874,952,23,19708.47,0
2025-07-14,LI-ABM-Enterprise-Tier1,Mobile,LinkedIn Ads,Leads,Middle,2025,2025-Q3,2025-07,8946.85,181632,69509,1156,22,18527.92,0
2025-07-14,LI-ABM-Enterprise-Tier1,Tablet,LinkedIn Ads,Leads,Middle,2025,2025-Q3,2025-07,1920.97,39189,15560,224,6,5037.68,0
2025-07-14,LI-ABM-Enterprise-Tier1,Connected TV,LinkedIn Ads,Leads,Middle,2025,2025-Q3,2025-07,1455.39,21536,8732,123,0,0,0
2025-07-14,LI-Content-Whitepaper,Desktop,LinkedIn Ads,Leads,Middle,2025,2025-Q3,2025-07,3495.11,75712,32313,538,10,4286.35,0
2025-07-14,LI-Content-Whitepaper,Mobile,LinkedIn Ads,Leads,Middle,2025,2025-Q3,2025-07,4035.49,85614,37904,653,11,4828.37,0
2025-07-14,LI-Content-Whitepaper,Tablet,LinkedIn Ads,Leads,Middle,2025,2025-Q3,2025-07,803.96,17227,6186,124,0,0,0
2025-07-14,LI-Content-Whitepaper,Connected TV,LinkedIn Ads,Leads,Middle,2025,2025-Q3,2025-07,608.46,9773,4283,68,0,0,0
2025-07-14,TT-Spark-Creator-UGC,Desktop,TikTok Ads,Awareness,Top,2025,2025-Q3,2025-07,4111.41,681143,269816,7823,77,5463.28,207585
2025-07-14,TT-Spark-Creator-UGC,Mobile,TikTok Ads,Awareness,Top,2025,2025-Q3,2025-07,4754.53,796935,327991,9836,83,5829.37,238341
2025-07-14,TT-Spark-Creator-UGC,Tablet,TikTok Ads,Awareness,Top,2025,2025-Q3,2025-07,946.36,155208,67484,1602,14,1006.42,48111
2025-07-14,TT-Spark-Creator-UGC,Connected TV,TikTok Ads,Awareness,Top,2025,2025-Q3,2025-07,724.9,85611,38745,919,9,644.22,26299
2025-07-14,DV360-Display-Retarget,Desktop,Programmatic,Conversions,Middle,2025,2025-Q3,2025-07,5121.39,969096,403704,4626,92,13718.03,0
2025-07-14,DV360-Display-Retarget,Mobile,Programmatic,Conversions,Middle,2025,2025-Q3,2025-07,5469.51,1047448,406803,5756,94,13873.95,0
2025-07-14,DV360-Display-Retarget,Tablet,Programmatic,Conversions,Middle,2025,2025-Q3,2025-07,1163.13,226045,92991,1103,19,2767.76,0
2025-07-14,DV360-Display-Retarget,Connected TV,Programmatic,Conversions,Middle,2025,2025-Q3,2025-07,889.98,124439,52853,602,10,1500.83,0
2025-07-14,DV360-CTV-Reach,Desktop,Programmatic,Awareness,Top,2025,2025-Q3,2025-07,6127.07,294630,115821,865,5,3994.61,92114
2025-07-14,DV360-CTV-Reach,Mobile,Programmatic,Awareness,Top,2025,2025-Q3,2025-07,6646.02,310703,126086,977,4,3252.43,100470
2025-07-14,DV360-CTV-Reach,Tablet,Programmatic,Awareness,Top,2025,2025-Q3,2025-07,1407.47,66309,24525,198,0,0,21187
2025-07-14,DV360-CTV-Reach,Connected TV,Programmatic,Awareness,Top,2025,2025-Q3,2025-07,1066.74,37943,15464,117,0,0,11738
2025-07-21,BR-Search-Brand-Core,Desktop,Google Ads,Conversions,Bottom,2025,2025-Q3,2025-07,2075.74,19211,8397,1707,149,21023.16,0
2025-07-21,BR-Search-Brand-Core,Mobile,Google Ads,Conversions,Bottom,2025,2025-Q3,2025-07,2393.54,22322,9154,2268,166,23233.26,0
2025-07-21,BR-Search-Brand-Core,Tablet,Google Ads,Conversions,Bottom,2025,2025-Q3,2025-07,508.1,4830,2065,436,33,4585.6,0
2025-07-21,BR-Search-Brand-Core,Connected TV,Google Ads,Conversions,Bottom,2025,2025-Q3,2025-07,389.08,2668,1042,239,18,2548.05,0
2025-07-21,NB-Search-Generic-Solutions,Desktop,Google Ads,Conversions,Middle,2025,2025-Q3,2025-07,10188.05,92466,43075,2984,100,25218.15,0
2025-07-21,NB-Search-Generic-Solutions,Mobile,Google Ads,Conversions,Middle,2025,2025-Q3,2025-07,11045.05,101841,43628,3780,105,26042.96,0
2025-07-21,NB-Search-Generic-Solutions,Tablet,Google Ads,Conversions,Middle,2025,2025-Q3,2025-07,2340.94,21721,8564,756,21,5198.86,0
2025-07-21,NB-Search-Generic-Solutions,Connected TV,Google Ads,Conversions,Middle,2025,2025-Q3,2025-07,1907.34,13257,4998,453,12,2879.14,0
2025-07-21,PMax-Retail-Feed,Desktop,Google Ads,Sales,Bottom,2025,2025-Q3,2025-07,8949.78,500888,217600,10434,502,41716.44,0
2025-07-21,PMax-Retail-Feed,Mobile,Google Ads,Sales,Bottom,2025,2025-Q3,2025-07,9711.38,550715,222140,12397,493,40112.12,0
2025-07-21,PMax-Retail-Feed,Tablet,Google Ads,Sales,Bottom,2025,2025-Q3,2025-07,1958.75,108935,44754,2172,85,7109.04,0
2025-07-21,PMax-Retail-Feed,Connected TV,Google Ads,Sales,Bottom,2025,2025-Q3,2025-07,1464.63,60877,22699,1260,51,4187.15,0
2025-07-21,YT-Awareness-InStream,Desktop,Google Ads,Awareness,Top,2025,2025-Q3,2025-07,5630.19,576201,226375,3440,24,4423.49,177242
2025-07-21,YT-Awareness-InStream,Mobile,Google Ads,Awareness,Top,2025,2025-Q3,2025-07,5957.32,618894,230516,4197,23,4124.04,187452
2025-07-21,YT-Awareness-InStream,Tablet,Google Ads,Awareness,Top,2025,2025-Q3,2025-07,1278.25,134250,52365,816,6,1059.35,42559
2025-07-21,YT-Awareness-InStream,Connected TV,Google Ads,Awareness,Top,2025,2025-Q3,2025-07,968.84,74220,29264,448,1,171.53,22747
2025-07-21,FB-Prospecting-LAL-3pct,Desktop,Meta Ads,Traffic,Top,2025,2025-Q3,2025-07,7422.08,832520,350108,7668,118,11490.98,0
2025-07-21,FB-Prospecting-LAL-3pct,Mobile,Meta Ads,Traffic,Top,2025,2025-Q3,2025-07,7957.47,913987,394917,9618,123,11691.5,0
2025-07-21,FB-Prospecting-LAL-3pct,Tablet,Meta Ads,Traffic,Top,2025,2025-Q3,2025-07,1604.58,185992,75352,1853,22,2077.83,0
2025-07-21,FB-Prospecting-LAL-3pct,Connected TV,Meta Ads,Traffic,Top,2025,2025-Q3,2025-07,1307.94,112990,43120,1157,14,1301.04,0
2025-07-21,IG-Retargeting-Cart-7d,Desktop,Meta Ads,Conversions,Bottom,2025,2025-Q3,2025-07,5035.44,363321,146249,6577,361,31227.25,0
2025-07-21,IG-Retargeting-Cart-7d,Mobile,Meta Ads,Conversions,Bottom,2025,2025-Q3,2025-07,5733.68,418084,172296,8241,390,33488.67,0
2025-07-21,IG-Retargeting-Cart-7d,Tablet,Meta Ads,Conversions,Bottom,2025,2025-Q3,2025-07,1157.17,82763,34754,1528,71,6199.17,0
2025-07-21,IG-Retargeting-Cart-7d,Connected TV,Meta Ads,Conversions,Bottom,2025,2025-Q3,2025-07,885.89,47371,18519,912,42,3644.59,0
2025-07-21,FB-Catalog-DPA-Evergreen,Desktop,Meta Ads,Sales,Bottom,2025,2025-Q3,2025-07,6281.36,653460,259954,9313,406,34018.67,0
2025-07-21,FB-Catalog-DPA-Evergreen,Mobile,Meta Ads,Sales,Bottom,2025,2025-Q3,2025-07,6724.44,707701,264963,11577,412,34104.32,0
2025-07-21,FB-Catalog-DPA-Evergreen,Tablet,Meta Ads,Sales,Bottom,2025,2025-Q3,2025-07,1426.4,146592,57879,2124,78,6318.48,0
2025-07-21,FB-Catalog-DPA-Evergreen,Connected TV,Meta Ads,Sales,Bottom,2025,2025-Q3,2025-07,1093.9,84430,34200,1215,44,3516.81,0
2025-07-21,LI-ABM-Enterprise-Tier1,Desktop,LinkedIn Ads,Leads,Middle,2025,2025-Q3,2025-07,8457.69,171888,74549,937,24,20346.6,0
2025-07-21,LI-ABM-Enterprise-Tier1,Mobile,LinkedIn Ads,Leads,Middle,2025,2025-Q3,2025-07,9173.33,188620,84433,1104,22,18424.71,0
2025-07-21,LI-ABM-Enterprise-Tier1,Tablet,LinkedIn Ads,Leads,Middle,2025,2025-Q3,2025-07,1826.7,38249,15864,213,5,4000.96,0
2025-07-21,LI-ABM-Enterprise-Tier1,Connected TV,LinkedIn Ads,Leads,Middle,2025,2025-Q3,2025-07,1490.61,23250,9177,133,0,0,0
2025-07-21,LI-Content-Whitepaper,Desktop,LinkedIn Ads,Leads,Middle,2025,2025-Q3,2025-07,3539.01,75728,31498,548,10,4233.07,0
2025-07-21,LI-Content-Whitepaper,Mobile,LinkedIn Ads,Leads,Middle,2025,2025-Q3,2025-07,4080.84,91391,38973,715,12,4985.91,0
2025-07-21,LI-Content-Whitepaper,Tablet,LinkedIn Ads,Leads,Middle,2025,2025-Q3,2025-07,823.45,17953,7799,127,0,0,0
2025-07-21,LI-Content-Whitepaper,Connected TV,LinkedIn Ads,Leads,Middle,2025,2025-Q3,2025-07,623.98,10256,4072,74,0,0,0
2025-07-21,TT-Spark-Creator-UGC,Desktop,TikTok Ads,Awareness,Top,2025,2025-Q3,2025-07,4274.81,687421,288230,7707,79,5752.18,233794
2025-07-21,TT-Spark-Creator-UGC,Mobile,TikTok Ads,Awareness,Top,2025,2025-Q3,2025-07,4516.48,741790,283212,9460,77,5706.37,247565
2025-07-21,TT-Spark-Creator-UGC,Tablet,TikTok Ads,Awareness,Top,2025,2025-Q3,2025-07,970.83,161210,66736,1840,16,1174.33,52671
2025-07-21,TT-Spark-Creator-UGC,Connected TV,TikTok Ads,Awareness,Top,2025,2025-Q3,2025-07,744.39,89717,37879,1008,10,724.8,28466
2025-07-21,DV360-Display-Retarget,Desktop,Programmatic,Conversions,Middle,2025,2025-Q3,2025-07,5184.05,995814,448118,4688,95,14046.58,0
2025-07-21,DV360-Display-Retarget,Mobile,Programmatic,Conversions,Middle,2025,2025-Q3,2025-07,5553.49,1044156,488636,5205,88,13326.79,0
2025-07-21,DV360-Display-Retarget,Tablet,Programmatic,Conversions,Middle,2025,2025-Q3,2025-07,1119.19,212471,90774,1006,17,2522.9,0
2025-07-21,DV360-Display-Retarget,Connected TV,Programmatic,Conversions,Middle,2025,2025-Q3,2025-07,902.83,127897,51471,628,11,1608.97,0
2025-07-21,DV360-CTV-Reach,Desktop,Programmatic,Awareness,Top,2025,2025-Q3,2025-07,5826.98,275688,117227,825,4,3151.85,83197
2025-07-21,DV360-CTV-Reach,Mobile,Programmatic,Awareness,Top,2025,2025-Q3,2025-07,6722.72,333501,146309,1088,6,4705.69,98121
2025-07-21,DV360-CTV-Reach,Tablet,Programmatic,Awareness,Top,2025,2025-Q3,2025-07,1340.12,65239,29370,188,0,0,19815
2025-07-21,DV360-CTV-Reach,Connected TV,Programmatic,Awareness,Top,2025,2025-Q3,2025-07,1027.46,36063,15103,108,0,0,11458
2025-07-28,BR-Search-Brand-Core,Desktop,Google Ads,Conversions,Bottom,2025,2025-Q3,2025-07,2127.17,20012,8183,1863,159,23010.99,0
2025-07-28,BR-Search-Brand-Core,Mobile,Google Ads,Conversions,Bottom,2025,2025-Q3,2025-07,2277.49,20159,8636,1989,143,20462.58,0
2025-07-28,BR-Search-Brand-Core,Tablet,Google Ads,Conversions,Bottom,2025,2025-Q3,2025-07,453.02,4196,1638,395,28,3948.99,0
2025-07-28,BR-Search-Brand-Core,Connected TV,Google Ads,Conversions,Bottom,2025,2025-Q3,2025-07,365.76,2542,1038,236,16,2228.07,0
2025-07-28,NB-Search-Generic-Solutions,Desktop,Google Ads,Conversions,Middle,2025,2025-Q3,2025-07,9665.73,89187,38781,2995,95,23361.21,0
2025-07-28,NB-Search-Generic-Solutions,Mobile,Google Ads,Conversions,Middle,2025,2025-Q3,2025-07,11051.97,103197,45892,3781,104,25281.3,0
2025-07-28,NB-Search-Generic-Solutions,Tablet,Google Ads,Conversions,Middle,2025,2025-Q3,2025-07,2223.66,20366,9443,651,18,4510.17,0
2025-07-28,NB-Search-Generic-Solutions,Connected TV,Google Ads,Conversions,Middle,2025,2025-Q3,2025-07,1703.86,11671,5061,392,11,2695.67,0
2025-07-28,PMax-Retail-Feed,Desktop,Google Ads,Sales,Bottom,2025,2025-Q3,2025-07,8610.72,475604,194176,10144,452,37643.51,0
2025-07-28,PMax-Retail-Feed,Mobile,Google Ads,Sales,Bottom,2025,2025-Q3,2025-07,9220.24,515115,222322,12635,492,40516.03,0
2025-07-28,PMax-Retail-Feed,Tablet,Google Ads,Sales,Bottom,2025,2025-Q3,2025-07,1955.09,110643,48965,2405,96,7866.08,0
2025-07-28,PMax-Retail-Feed,Connected TV,Google Ads,Sales,Bottom,2025,2025-Q3,2025-07,1499.53,61070,28396,1230,48,4017.35,0
2025-07-28,YT-Awareness-InStream,Desktop,Google Ads,Awareness,Top,2025,2025-Q3,2025-07,5282.07,532646,222911,3304,23,4297.18,169185
2025-07-28,YT-Awareness-InStream,Mobile,Google Ads,Awareness,Top,2025,2025-Q3,2025-07,5724.65,563175,255107,3737,22,4177.89,185757
2025-07-28,YT-Awareness-InStream,Tablet,Google Ads,Awareness,Top,2025,2025-Q3,2025-07,1138.22,113717,46718,720,4,735.22,36845
2025-07-28,YT-Awareness-InStream,Connected TV,Google Ads,Awareness,Top,2025,2025-Q3,2025-07,919.5,68468,29790,423,0,0,21611
2025-07-28,FB-Prospecting-LAL-3pct,Desktop,Meta Ads,Traffic,Top,2025,2025-Q3,2025-07,6621.4,764094,296619,7334,104,9892.37,0
2025-07-28,FB-Prospecting-LAL-3pct,Mobile,Meta Ads,Traffic,Top,2025,2025-Q3,2025-07,7557.74,881401,360890,9088,118,11086.1,0
2025-07-28,FB-Prospecting-LAL-3pct,Tablet,Meta Ads,Traffic,Top,2025,2025-Q3,2025-07,1523.65,173188,73675,1581,21,2018.33,0
2025-07-28,FB-Prospecting-LAL-3pct,Connected TV,Meta Ads,Traffic,Top,2025,2025-Q3,2025-07,1243.99,106256,46932,999,12,1134.55,0
2025-07-28,IG-Retargeting-Cart-7d,Desktop,Meta Ads,Conversions,Bottom,2025,2025-Q3,2025-07,4843.55,344288,142499,6432,349,30575.21,0
2025-07-28,IG-Retargeting-Cart-7d,Mobile,Meta Ads,Conversions,Bottom,2025,2025-Q3,2025-07,5120.24,371365,163626,7934,347,29913.56,0
2025-07-28,IG-Retargeting-Cart-7d,Tablet,Meta Ads,Conversions,Bottom,2025,2025-Q3,2025-07,1099.85,80278,32706,1535,70,6012.57,0
2025-07-28,IG-Retargeting-Cart-7d,Connected TV,Meta Ads,Conversions,Bottom,2025,2025-Q3,2025-07,885.8,46393,19327,808,37,3288.62,0
2025-07-28,FB-Catalog-DPA-Evergreen,Desktop,Meta Ads,Sales,Bottom,2025,2025-Q3,2025-07,5961.68,609080,236372,8520,379,30933.37,0
2025-07-28,FB-Catalog-DPA-Evergreen,Mobile,Meta Ads,Sales,Bottom,2025,2025-Q3,2025-07,6814.98,674696,309719,10676,397,33376.88,0
2025-07-28,FB-Catalog-DPA-Evergreen,Tablet,Meta Ads,Sales,Bottom,2025,2025-Q3,2025-07,1370.78,137767,58687,1930,68,5619.85,0
2025-07-28,FB-Catalog-DPA-Evergreen,Connected TV,Meta Ads,Sales,Bottom,2025,2025-Q3,2025-07,1118.67,84014,33542,1158,44,3628.18,0
2025-07-28,LI-ABM-Enterprise-Tier1,Desktop,LinkedIn Ads,Leads,Middle,2025,2025-Q3,2025-07,8133.9,167653,60243,941,23,19085.06,0
2025-07-28,LI-ABM-Enterprise-Tier1,Mobile,LinkedIn Ads,Leads,Middle,2025,2025-Q3,2025-07,9378.23,195355,73276,1190,25,20606.93,0
2025-07-28,LI-ABM-Enterprise-Tier1,Tablet,LinkedIn Ads,Leads,Middle,2025,2025-Q3,2025-07,1870.23,38176,14782,205,5,4122.28,0
2025-07-28,LI-ABM-Enterprise-Tier1,Connected TV,LinkedIn Ads,Leads,Middle,2025,2025-Q3,2025-07,1434.03,21884,8761,114,0,0,0
2025-07-28,LI-Content-Whitepaper,Desktop,LinkedIn Ads,Leads,Middle,2025,2025-Q3,2025-07,3402.13,73938,31297,521,11,4686.51,0
2025-07-28,LI-Content-Whitepaper,Mobile,LinkedIn Ads,Leads,Middle,2025,2025-Q3,2025-07,3639.87,80063,31491,648,11,4615.34,0
2025-07-28,LI-Content-Whitepaper,Tablet,LinkedIn Ads,Leads,Middle,2025,2025-Q3,2025-07,772.71,17236,7108,124,0,0,0
2025-07-28,LI-Content-Whitepaper,Connected TV,LinkedIn Ads,Leads,Middle,2025,2025-Q3,2025-07,630.36,10113,4300,72,0,0,0
2025-07-28,TT-Spark-Creator-UGC,Desktop,TikTok Ads,Awareness,Top,2025,2025-Q3,2025-07,4268.23,706117,279334,8220,84,5943.75,217883
2025-07-28,TT-Spark-Creator-UGC,Mobile,TikTok Ads,Awareness,Top,2025,2025-Q3,2025-07,4628.1,744397,348944,9325,80,5813.56,237372
2025-07-28,TT-Spark-Creator-UGC,Tablet,TikTok Ads,Awareness,Top,2025,2025-Q3,2025-07,932.75,151385,65333,1674,14,1009.62,50803
2025-07-28,TT-Spark-Creator-UGC,Connected TV,TikTok Ads,Awareness,Top,2025,2025-Q3,2025-07,752.4,92106,38471,1049,10,732.92,28499
2025-07-28,DV360-Display-Retarget,Desktop,Programmatic,Conversions,Middle,2025,2025-Q3,2025-07,4984.41,970572,354078,4725,95,13807.92,0
2025-07-28,DV360-Display-Retarget,Mobile,Programmatic,Conversions,Middle,2025,2025-Q3,2025-07,5682.28,1127041,428032,6222,105,15648.46,0
2025-07-28,DV360-Display-Retarget,Tablet,Programmatic,Conversions,Middle,2025,2025-Q3,2025-07,1146.32,221212,88516,1097,19,2905.98,0
2025-07-28,DV360-Display-Retarget,Connected TV,Programmatic,Conversions,Middle,2025,2025-Q3,2025-07,868.11,120851,50354,580,10,1507.71,0
2025-07-28,DV360-CTV-Reach,Desktop,Programmatic,Awareness,Top,2025,2025-Q3,2025-07,5599.95,269806,118231,795,4,3350.92,89740
2025-07-28,DV360-CTV-Reach,Mobile,Programmatic,Awareness,Top,2025,2025-Q3,2025-07,5923.87,278591,110790,936,3,2311.59,90298
2025-07-28,DV360-CTV-Reach,Tablet,Programmatic,Awareness,Top,2025,2025-Q3,2025-07,1272.05,60319,25628,181,0,0,19119
2025-07-28,DV360-CTV-Reach,Connected TV,Programmatic,Awareness,Top,2025,2025-Q3,2025-07,1027.89,36535,15869,108,0,0,11363
2025-08-04,BR-Search-Brand-Core,Desktop,Google Ads,Conversions,Bottom,2025,2025-Q3,2025-08,2172.07,19868,7838,1864,166,23636.15,0
2025-08-04,BR-Search-Brand-Core,Mobile,Google Ads,Conversions,Bottom,2025,2025-Q3,2025-08,2472.27,23028,9556,2345,178,24994.57,0
2025-08-04,BR-Search-Brand-Core,Tablet,Google Ads,Conversions,Bottom,2025,2025-Q3,2025-08,499.05,4526,1913,412,30,4312.37,0
2025-08-04,BR-Search-Brand-Core,Connected TV,Google Ads,Conversions,Bottom,2025,2025-Q3,2025-08,378.38,2584,991,244,18,2547.42,0
2025-08-04,NB-Search-Generic-Solutions,Desktop,Google Ads,Conversions,Middle,2025,2025-Q3,2025-08,10010.25,93740,37766,3254,106,26935.78,0
2025-08-04,NB-Search-Generic-Solutions,Mobile,Google Ads,Conversions,Middle,2025,2025-Q3,2025-08,10608.58,96926,35821,3825,101,24150.18,0
2025-08-04,NB-Search-Generic-Solutions,Tablet,Google Ads,Conversions,Middle,2025,2025-Q3,2025-08,2272.81,21919,8546,776,21,4987.33,0
2025-08-04,NB-Search-Generic-Solutions,Connected TV,Google Ads,Conversions,Middle,2025,2025-Q3,2025-08,1725.74,11994,4747,417,11,2662.12,0
2025-08-04,PMax-Retail-Feed,Desktop,Google Ads,Sales,Bottom,2025,2025-Q3,2025-08,8686.2,504344,212747,10623,489,38753.97,0
2025-08-04,PMax-Retail-Feed,Mobile,Google Ads,Sales,Bottom,2025,2025-Q3,2025-08,8736.59,495816,214947,11235,424,34285.54,0
2025-08-04,PMax-Retail-Feed,Tablet,Google Ads,Sales,Bottom,2025,2025-Q3,2025-08,1736.54,100564,40792,2144,80,6641.48,0
2025-08-04,PMax-Retail-Feed,Connected TV,Google Ads,Sales,Bottom,2025,2025-Q3,2025-08,1421.27,61333,26270,1281,49,4034.32,0
2025-08-04,YT-Awareness-InStream,Desktop,Google Ads,Awareness,Top,2025,2025-Q3,2025-08,5398.49,552713,225977,3502,23,4202.89,169642
2025-08-04,YT-Awareness-InStream,Mobile,Google Ads,Awareness,Top,2025,2025-Q3,2025-08,6221.57,643193,268528,4434,25,4527.69,193945
2025-08-04,YT-Awareness-InStream,Tablet,Google Ads,Awareness,Top,2025,2025-Q3,2025-08,1240.99,125910,55063,771,5,898.47,39609
2025-08-04,YT-Awareness-InStream,Connected TV,Google Ads,Awareness,Top,2025,2025-Q3,2025-08,951.82,72233,29100,461,1,179.99,23658
2025-08-04,FB-Prospecting-LAL-3pct,Desktop,Meta Ads,Traffic,Top,2025,2025-Q3,2025-08,6776.98,762683,326004,7461,111,11145.15,0
2025-08-04,FB-Prospecting-LAL-3pct,Mobile,Meta Ads,Traffic,Top,2025,2025-Q3,2025-08,7252.28,825461,322479,9300,113,10786.75,0
2025-08-04,FB-Prospecting-LAL-3pct,Tablet,Meta Ads,Traffic,Top,2025,2025-Q3,2025-08,1539.01,178623,72669,1801,23,2151.09,0
2025-08-04,FB-Prospecting-LAL-3pct,Connected TV,Meta Ads,Traffic,Top,2025,2025-Q3,2025-08,1180.09,98506,41355,975,11,1058.97,0
2025-08-04,IG-Retargeting-Cart-7d,Desktop,Meta Ads,Conversions,Bottom,2025,2025-Q3,2025-08,4828.72,349796,154334,6373,331,28487.45,0
2025-08-04,IG-Retargeting-Cart-7d,Mobile,Meta Ads,Conversions,Bottom,2025,2025-Q3,2025-08,4911.21,347334,160115,6811,310,27340.85,0
2025-08-04,IG-Retargeting-Cart-7d,Tablet,Meta Ads,Conversions,Bottom,2025,2025-Q3,2025-08,975.85,69767,28854,1304,58,5042.51,0
2025-08-04,IG-Retargeting-Cart-7d,Connected TV,Meta Ads,Conversions,Bottom,2025,2025-Q3,2025-08,789,42500,18533,772,34,2923.46,0
2025-08-04,FB-Catalog-DPA-Evergreen,Desktop,Meta Ads,Sales,Bottom,2025,2025-Q3,2025-08,6034.12,624634,259415,8886,387,31131.05,0
2025-08-04,FB-Catalog-DPA-Evergreen,Mobile,Meta Ads,Sales,Bottom,2025,2025-Q3,2025-08,6960.82,734750,317183,11238,419,33338.44,0
2025-08-04,FB-Catalog-DPA-Evergreen,Tablet,Meta Ads,Sales,Bottom,2025,2025-Q3,2025-08,1401.68,144064,56832,1979,73,5936.99,0
2025-08-04,FB-Catalog-DPA-Evergreen,Connected TV,Meta Ads,Sales,Bottom,2025,2025-Q3,2025-08,1063.99,79321,32524,1121,41,3416.92,0
2025-08-04,LI-ABM-Enterprise-Tier1,Desktop,LinkedIn Ads,Leads,Middle,2025,2025-Q3,2025-08,7809.47,151826,66201,821,21,18562.11,0
2025-08-04,LI-ABM-Enterprise-Tier1,Mobile,LinkedIn Ads,Leads,Middle,2025,2025-Q3,2025-08,8902.28,183086,72851,1128,23,19348.84,0
2025-08-04,LI-ABM-Enterprise-Tier1,Tablet,LinkedIn Ads,Leads,Middle,2025,2025-Q3,2025-08,1908.09,39495,15025,218,6,4901.17,0
2025-08-04,LI-ABM-Enterprise-Tier1,Connected TV,LinkedIn Ads,Leads,Middle,2025,2025-Q3,2025-08,1447.49,21560,8366,118,0,0,0
2025-08-04,LI-Content-Whitepaper,Desktop,LinkedIn Ads,Leads,Middle,2025,2025-Q3,2025-08,3691.62,81039,33360,555,11,4653.08,0
2025-08-04,LI-Content-Whitepaper,Mobile,LinkedIn Ads,Leads,Middle,2025,2025-Q3,2025-08,3773.09,81443,33785,602,11,4769.96,0
2025-08-04,LI-Content-Whitepaper,Tablet,LinkedIn Ads,Leads,Middle,2025,2025-Q3,2025-08,741.76,16155,6074,113,0,0,0
2025-08-04,LI-Content-Whitepaper,Connected TV,LinkedIn Ads,Leads,Middle,2025,2025-Q3,2025-08,560.76,9166,3637,62,0,0,0
2025-08-04,TT-Spark-Creator-UGC,Desktop,TikTok Ads,Awareness,Top,2025,2025-Q3,2025-08,4097.4,687956,258424,7627,78,5458.54,221319
2025-08-04,TT-Spark-Creator-UGC,Mobile,TikTok Ads,Awareness,Top,2025,2025-Q3,2025-08,4729.26,802771,315967,9651,83,5762.97,253023
2025-08-04,TT-Spark-Creator-UGC,Tablet,TikTok Ads,Awareness,Top,2025,2025-Q3,2025-08,942.6,157550,62688,1807,15,1059.41,47996
2025-08-04,TT-Spark-Creator-UGC,Connected TV,TikTok Ads,Awareness,Top,2025,2025-Q3,2025-08,722.54,87101,36469,975,8,583,27354
2025-08-04,DV360-Display-Retarget,Desktop,Programmatic,Conversions,Middle,2025,2025-Q3,2025-08,5031.88,928223,408184,4315,89,13625.88,0
2025-08-04,DV360-Display-Retarget,Mobile,Programmatic,Conversions,Middle,2025,2025-Q3,2025-08,5456.07,1060229,433565,5665,94,13728.19,0
2025-08-04,DV360-Display-Retarget,Tablet,Programmatic,Conversions,Middle,2025,2025-Q3,2025-08,1169.95,230467,88811,1152,20,2923.54,0
2025-08-04,DV360-Display-Retarget,Connected TV,Programmatic,Conversions,Middle,2025,2025-Q3,2025-08,941.15,133211,54068,659,11,1614.1,0
2025-08-04,DV360-CTV-Reach,Desktop,Programmatic,Awareness,Top,2025,2025-Q3,2025-08,6025.53,292896,121879,882,6,4803.55,88852
2025-08-04,DV360-CTV-Reach,Mobile,Programmatic,Awareness,Top,2025,2025-Q3,2025-08,6539.64,311790,136010,1017,5,4035.75,97921
2025-08-04,DV360-CTV-Reach,Tablet,Programmatic,Awareness,Top,2025,2025-Q3,2025-08,1316.48,63351,24990,197,0,0,19534
2025-08-04,DV360-CTV-Reach,Connected TV,Programmatic,Awareness,Top,2025,2025-Q3,2025-08,986.97,35857,12931,110,0,0,11447
2025-08-11,BR-Search-Brand-Core,Desktop,Google Ads,Conversions,Bottom,2025,2025-Q3,2025-08,2059.73,18733,8625,1605,138,19984.7,0
2025-08-11,BR-Search-Brand-Core,Mobile,Google Ads,Conversions,Bottom,2025,2025-Q3,2025-08,2205.16,20275,7677,1997,140,19983.42,0
2025-08-11,BR-Search-Brand-Core,Tablet,Google Ads,Conversions,Bottom,2025,2025-Q3,2025-08,473.38,4583,1821,403,30,4075.78,0
2025-08-11,BR-Search-Brand-Core,Connected TV,Google Ads,Conversions,Bottom,2025,2025-Q3,2025-08,381.09,2650,1091,229,17,2376.82,0
2025-08-11,NB-Search-Generic-Solutions,Desktop,Google Ads,Conversions,Middle,2025,2025-Q3,2025-08,9988.04,92034,39611,3095,103,25375.43,0
2025-08-11,NB-Search-Generic-Solutions,Mobile,Google Ads,Conversions,Middle,2025,2025-Q3,2025-08,10834.34,97074,44179,3481,95,24098.23,0
2025-08-11,NB-Search-Generic-Solutions,Tablet,Google Ads,Conversions,Middle,2025,2025-Q3,2025-08,2157.39,19496,8152,664,18,4526.22,0
2025-08-11,NB-Search-Generic-Solutions,Connected TV,Google Ads,Conversions,Middle,2025,2025-Q3,2025-08,1760.43,11994,4693,400,10,2476.01,0
2025-08-11,PMax-Retail-Feed,Desktop,Google Ads,Sales,Bottom,2025,2025-Q3,2025-08,8252.67,467523,165217,10121,482,39224.3,0
2025-08-11,PMax-Retail-Feed,Mobile,Google Ads,Sales,Bottom,2025,2025-Q3,2025-08,9496.03,548256,232136,12795,521,41691.81,0
2025-08-11,PMax-Retail-Feed,Tablet,Google Ads,Sales,Bottom,2025,2025-Q3,2025-08,1916.39,107656,47009,2232,92,7554.16,0
2025-08-11,PMax-Retail-Feed,Connected TV,Google Ads,Sales,Bottom,2025,2025-Q3,2025-08,1452.12,61007,23882,1305,51,4145.69,0
2025-08-11,YT-Awareness-InStream,Desktop,Google Ads,Awareness,Top,2025,2025-Q3,2025-08,5179.22,519712,215482,3003,20,3738.11,177279
2025-08-11,YT-Awareness-InStream,Mobile,Google Ads,Awareness,Top,2025,2025-Q3,2025-08,5472.54,560145,214784,3962,23,4188.87,178548
2025-08-11,YT-Awareness-InStream,Tablet,Google Ads,Awareness,Top,2025,2025-Q3,2025-08,1176.15,126227,51245,798,6,1089.39,38541
2025-08-11,YT-Awareness-InStream,Connected TV,Google Ads,Awareness,Top,2025,2025-Q3,2025-08,958.89,74456,30830,465,1,174.62,22164
2025-08-11,FB-Prospecting-LAL-3pct,Desktop,Meta Ads,Traffic,Top,2025,2025-Q3,2025-08,6832.71,783419,344404,7533,113,10722.31,0
2025-08-11,FB-Prospecting-LAL-3pct,Mobile,Meta Ads,Traffic,Top,2025,2025-Q3,2025-08,7410.15,831985,381015,8567,109,10626.29,0
2025-08-11,FB-Prospecting-LAL-3pct,Tablet,Meta Ads,Traffic,Top,2025,2025-Q3,2025-08,1475.1,167601,73083,1624,20,1915.02,0
2025-08-11,FB-Prospecting-LAL-3pct,Connected TV,Meta Ads,Traffic,Top,2025,2025-Q3,2025-08,1204.35,102176,41785,1029,12,1132.78,0
2025-08-11,IG-Retargeting-Cart-7d,Desktop,Meta Ads,Conversions,Bottom,2025,2025-Q3,2025-08,4631.87,342054,127442,6812,366,32072.39,0
2025-08-11,IG-Retargeting-Cart-7d,Mobile,Meta Ads,Conversions,Bottom,2025,2025-Q3,2025-08,5343.67,398023,175378,8596,397,34743.92,0
2025-08-11,IG-Retargeting-Cart-7d,Tablet,Meta Ads,Conversions,Bottom,2025,2025-Q3,2025-08,1065.28,74607,33656,1434,67,5955.43,0
2025-08-11,IG-Retargeting-Cart-7d,Connected TV,Meta Ads,Conversions,Bottom,2025,2025-Q3,2025-08,816.82,42716,17631,801,36,3186.7,0
2025-08-11,FB-Catalog-DPA-Evergreen,Desktop,Meta Ads,Sales,Bottom,2025,2025-Q3,2025-08,5785.9,568522,246023,7869,336,28323.74,0
2025-08-11,FB-Catalog-DPA-Evergreen,Mobile,Meta Ads,Sales,Bottom,2025,2025-Q3,2025-08,6187.84,614494,242831,9793,341,28357.27,0
2025-08-11,FB-Catalog-DPA-Evergreen,Tablet,Meta Ads,Sales,Bottom,2025,2025-Q3,2025-08,1314.21,136918,56418,1936,69,5514.74,0
2025-08-11,FB-Catalog-DPA-Evergreen,Connected TV,Meta Ads,Sales,Bottom,2025,2025-Q3,2025-08,1072.48,84258,36987,1177,44,3608.05,0
2025-08-11,LI-ABM-Enterprise-Tier1,Desktop,LinkedIn Ads,Leads,Middle,2025,2025-Q3,2025-08,7796.19,160578,72145,851,20,16630.89,0
2025-08-11,LI-ABM-Enterprise-Tier1,Mobile,LinkedIn Ads,Leads,Middle,2025,2025-Q3,2025-08,8434.82,170393,72251,965,20,17044.6,0
2025-08-11,LI-ABM-Enterprise-Tier1,Tablet,LinkedIn Ads,Leads,Middle,2025,2025-Q3,2025-08,1699.52,34663,15186,187,4,3217.39,0
2025-08-11,LI-ABM-Enterprise-Tier1,Connected TV,LinkedIn Ads,Leads,Middle,2025,2025-Q3,2025-08,1371.61,21017,8631,117,0,0,0
2025-08-11,LI-Content-Whitepaper,Desktop,LinkedIn Ads,Leads,Middle,2025,2025-Q3,2025-08,3293.99,71428,27055,535,11,4698.68,0
2025-08-11,LI-Content-Whitepaper,Mobile,LinkedIn Ads,Leads,Middle,2025,2025-Q3,2025-08,3757.05,82530,37999,665,11,4630.03,0
2025-08-11,LI-Content-Whitepaper,Tablet,LinkedIn Ads,Leads,Middle,2025,2025-Q3,2025-08,757.78,16170,7602,117,0,0,0
2025-08-11,LI-Content-Whitepaper,Connected TV,LinkedIn Ads,Leads,Middle,2025,2025-Q3,2025-08,573.73,8876,3850,62,0,0,0
2025-08-11,TT-Spark-Creator-UGC,Desktop,TikTok Ads,Awareness,Top,2025,2025-Q3,2025-08,3927.64,624392,246112,6771,67,4943.65,204779
2025-08-11,TT-Spark-Creator-UGC,Mobile,TikTok Ads,Awareness,Top,2025,2025-Q3,2025-08,4143.37,668136,278207,8357,70,5118.9,215642
2025-08-11,TT-Spark-Creator-UGC,Tablet,TikTok Ads,Awareness,Top,2025,2025-Q3,2025-08,892.23,144939,63711,1606,15,1093.69,45476
2025-08-11,TT-Spark-Creator-UGC,Connected TV,TikTok Ads,Awareness,Top,2025,2025-Q3,2025-08,728.54,88686,39777,970,9,641.41,27321
2025-08-11,DV360-Display-Retarget,Desktop,Programmatic,Conversions,Middle,2025,2025-Q3,2025-08,4766.77,931973,385225,4258,87,12672.54,0
2025-08-11,DV360-Display-Retarget,Mobile,Programmatic,Conversions,Middle,2025,2025-Q3,2025-08,5167.66,984683,423025,4819,82,12204.54,0
2025-08-11,DV360-Display-Retarget,Tablet,Programmatic,Conversions,Middle,2025,2025-Q3,2025-08,1109.93,214551,95733,985,16,2371.29,0
2025-08-11,DV360-Display-Retarget,Connected TV,Programmatic,Conversions,Middle,2025,2025-Q3,2025-08,840.53,121730,45118,583,10,1463.7,0
2025-08-11,DV360-CTV-Reach,Desktop,Programmatic,Awareness,Top,2025,2025-Q3,2025-08,5365.11,259415,99713,808,4,3111,79821
2025-08-11,DV360-CTV-Reach,Mobile,Programmatic,Awareness,Top,2025,2025-Q3,2025-08,6199.42,301663,124077,1018,5,3934.63,91914
2025-08-11,DV360-CTV-Reach,Tablet,Programmatic,Awareness,Top,2025,2025-Q3,2025-08,1313.3,62195,26159,187,0,0,19971
2025-08-11,DV360-CTV-Reach,Connected TV,Programmatic,Awareness,Top,2025,2025-Q3,2025-08,1007.47,34371,15270,99,0,0,11420
2025-08-18,BR-Search-Brand-Core,Desktop,Google Ads,Conversions,Bottom,2025,2025-Q3,2025-08,1948.82,17946,7785,1626,143,20320.36,0
2025-08-18,BR-Search-Brand-Core,Mobile,Google Ads,Conversions,Bottom,2025,2025-Q3,2025-08,2111.88,18937,8534,1835,135,19644,0
2025-08-18,BR-Search-Brand-Core,Tablet,Google Ads,Conversions,Bottom,2025,2025-Q3,2025-08,448.4,4083,1486,372,25,3594.67,0
2025-08-18,BR-Search-Brand-Core,Connected TV,Google Ads,Conversions,Bottom,2025,2025-Q3,2025-08,339.23,2317,886,208,15,2138.64,0
2025-08-18,NB-Search-Generic-Solutions,Desktop,Google Ads,Conversions,Middle,2025,2025-Q3,2025-08,9575.85,89988,32621,3086,99,24082.5,0
2025-08-18,NB-Search-Generic-Solutions,Mobile,Google Ads,Conversions,Middle,2025,2025-Q3,2025-08,11040.16,104891,39845,3908,101,24272.06,0
2025-08-18,NB-Search-Generic-Solutions,Tablet,Google Ads,Conversions,Middle,2025,2025-Q3,2025-08,2040.46,19058,8313,635,18,4377.79,0
2025-08-18,NB-Search-Generic-Solutions,Connected TV,Google Ads,Conversions,Middle,2025,2025-Q3,2025-08,1562.59,10508,4838,364,10,2495.27,0
2025-08-18,PMax-Retail-Feed,Desktop,Google Ads,Sales,Bottom,2025,2025-Q3,2025-08,8412.21,471345,199549,9748,479,39446.72,0
2025-08-18,PMax-Retail-Feed,Mobile,Google Ads,Sales,Bottom,2025,2025-Q3,2025-08,8443.17,481114,189648,11482,433,34868.32,0
2025-08-18,PMax-Retail-Feed,Tablet,Google Ads,Sales,Bottom,2025,2025-Q3,2025-08,1796.26,102981,43164,2197,87,6991.97,0
2025-08-18,PMax-Retail-Feed,Connected TV,Google Ads,Sales,Bottom,2025,2025-Q3,2025-08,1374.3,57173,24398,1201,48,3934.34,0
2025-08-18,YT-Awareness-InStream,Desktop,Google Ads,Awareness,Top,2025,2025-Q3,2025-08,5220.54,529900,211979,3214,23,4226.22,164260
2025-08-18,YT-Awareness-InStream,Mobile,Google Ads,Awareness,Top,2025,2025-Q3,2025-08,5662.36,563559,232327,3631,22,4114.6,180506
2025-08-18,YT-Awareness-InStream,Tablet,Google Ads,Awareness,Top,2025,2025-Q3,2025-08,1127.31,113347,41856,696,4,710.02,35662
2025-08-18,YT-Awareness-InStream,Connected TV,Google Ads,Awareness,Top,2025,2025-Q3,2025-08,908.72,68821,24402,440,1,179.89,21379
2025-08-18,FB-Prospecting-LAL-3pct,Desktop,Meta Ads,Traffic,Top,2025,2025-Q3,2025-08,6548.83,761953,281013,7466,110,10301.99,0
2025-08-18,FB-Prospecting-LAL-3pct,Mobile,Meta Ads,Traffic,Top,2025,2025-Q3,2025-08,7465.23,884829,343176,9946,125,11620.93,0
2025-08-18,FB-Prospecting-LAL-3pct,Tablet,Meta Ads,Traffic,Top,2025,2025-Q3,2025-08,1506.19,174462,68857,1769,22,2079.4,0
2025-08-18,FB-Prospecting-LAL-3pct,Connected TV,Meta Ads,Traffic,Top,2025,2025-Q3,2025-08,1140.59,95521,39275,943,12,1154.1,0
2025-08-18,IG-Retargeting-Cart-7d,Desktop,Meta Ads,Conversions,Bottom,2025,2025-Q3,2025-08,4723.54,341621,147563,6237,344,29801.87,0
2025-08-18,IG-Retargeting-Cart-7d,Mobile,Meta Ads,Conversions,Bottom,2025,2025-Q3,2025-08,4684.39,345577,138284,7255,311,26308.87,0
2025-08-18,IG-Retargeting-Cart-7d,Tablet,Meta Ads,Conversions,Bottom,2025,2025-Q3,2025-08,1007.98,74833,32217,1470,65,5481.5,0
2025-08-18,IG-Retargeting-Cart-7d,Connected TV,Meta Ads,Conversions,Bottom,2025,2025-Q3,2025-08,822.63,43869,19261,805,37,3215.49,0
2025-08-18,FB-Catalog-DPA-Evergreen,Desktop,Meta Ads,Sales,Bottom,2025,2025-Q3,2025-08,6272.02,648645,271815,9268,425,34298.23,0
2025-08-18,FB-Catalog-DPA-Evergreen,Mobile,Meta Ads,Sales,Bottom,2025,2025-Q3,2025-08,6808.42,685455,292573,10614,405,33495.83,0
2025-08-18,FB-Catalog-DPA-Evergreen,Tablet,Meta Ads,Sales,Bottom,2025,2025-Q3,2025-08,1357.41,138948,53753,2028,75,6096.11,0
2025-08-18,FB-Catalog-DPA-Evergreen,Connected TV,Meta Ads,Sales,Bottom,2025,2025-Q3,2025-08,1028.15,78859,28382,1136,41,3299.7,0
2025-08-18,LI-ABM-Enterprise-Tier1,Desktop,LinkedIn Ads,Leads,Middle,2025,2025-Q3,2025-08,7468.25,150494,56085,869,22,18645.8,0
2025-08-18,LI-ABM-Enterprise-Tier1,Mobile,LinkedIn Ads,Leads,Middle,2025,2025-Q3,2025-08,8606.83,175631,69358,1097,24,19483.26,0
2025-08-18,LI-ABM-Enterprise-Tier1,Tablet,LinkedIn Ads,Leads,Middle,2025,2025-Q3,2025-08,1718.51,35860,14345,201,5,4069.73,0
2025-08-18,LI-ABM-Enterprise-Tier1,Connected TV,LinkedIn Ads,Leads,Middle,2025,2025-Q3,2025-08,1314.36,19785,8526,108,0,0,0
2025-08-18,LI-Content-Whitepaper,Desktop,LinkedIn Ads,Leads,Middle,2025,2025-Q3,2025-08,3320.49,72933,32153,499,10,4270.3,0
2025-08-18,LI-Content-Whitepaper,Mobile,LinkedIn Ads,Leads,Middle,2025,2025-Q3,2025-08,3328.67,74829,30636,589,8,3470.22,0
2025-08-18,LI-Content-Whitepaper,Tablet,LinkedIn Ads,Leads,Middle,2025,2025-Q3,2025-08,716.7,16209,7013,121,0,0,0
2025-08-18,LI-Content-Whitepaper,Connected TV,LinkedIn Ads,Leads,Middle,2025,2025-Q3,2025-08,578.19,9481,4299,66,0,0,0
2025-08-18,TT-Spark-Creator-UGC,Desktop,TikTok Ads,Awareness,Top,2025,2025-Q3,2025-08,4262.75,716778,302423,8073,86,6060.4,214886
2025-08-18,TT-Spark-Creator-UGC,Mobile,TikTok Ads,Awareness,Top,2025,2025-Q3,2025-08,4572.03,749656,331207,9083,81,5798.83,232386
2025-08-18,TT-Spark-Creator-UGC,Tablet,TikTok Ads,Awareness,Top,2025,2025-Q3,2025-08,922.15,152677,62087,1750,16,1170.1,49722
2025-08-18,TT-Spark-Creator-UGC,Connected TV,TikTok Ads,Awareness,Top,2025,2025-Q3,2025-08,689.56,83131,31297,983,9,662.07,26426
2025-08-18,DV360-Display-Retarget,Desktop,Programmatic,Conversions,Middle,2025,2025-Q3,2025-08,4564.82,870967,343373,4350,85,13069.52,0
2025-08-18,DV360-Display-Retarget,Mobile,Programmatic,Conversions,Middle,2025,2025-Q3,2025-08,5210.67,970538,400890,5233,91,13381.03,0
2025-08-18,DV360-Display-Retarget,Tablet,Programmatic,Conversions,Middle,2025,2025-Q3,2025-08,1050.7,198479,84143,959,16,2406.01,0
2025-08-18,DV360-Display-Retarget,Connected TV,Programmatic,Conversions,Middle,2025,2025-Q3,2025-08,805.25,109744,48290,516,9,1385.93,0
2025-08-18,DV360-CTV-Reach,Desktop,Programmatic,Awareness,Top,2025,2025-Q3,2025-08,5478.7,257943,120547,734,4,3214.73,82926
2025-08-18,DV360-CTV-Reach,Mobile,Programmatic,Awareness,Top,2025,2025-Q3,2025-08,5486.61,261489,109173,855,3,2280.94,82193
2025-08-18,DV360-CTV-Reach,Tablet,Programmatic,Awareness,Top,2025,2025-Q3,2025-08,1166.92,56570,22265,175,0,0,17314
2025-08-18,DV360-CTV-Reach,Connected TV,Programmatic,Awareness,Top,2025,2025-Q3,2025-08,953.92,34658,14168,99,0,0,10409
2025-08-25,BR-Search-Brand-Core,Desktop,Google Ads,Conversions,Bottom,2025,2025-Q3,2025-08,1987.54,18604,7860,1714,148,21428.5,0
2025-08-25,BR-Search-Brand-Core,Mobile,Google Ads,Conversions,Bottom,2025,2025-Q3,2025-08,2264.92,20704,8950,2049,151,21595.21,0
2025-08-25,BR-Search-Brand-Core,Tablet,Google Ads,Conversions,Bottom,2025,2025-Q3,2025-08,457,4059,1808,361,27,3838.53,0
2025-08-25,BR-Search-Brand-Core,Connected TV,Google Ads,Conversions,Bottom,2025,2025-Q3,2025-08,350.47,2446,988,227,16,2287.18,0
2025-08-25,NB-Search-Generic-Solutions,Desktop,Google Ads,Conversions,Middle,2025,2025-Q3,2025-08,9172.35,83984,35782,2838,90,22314.73,0
2025-08-25,NB-Search-Generic-Solutions,Mobile,Google Ads,Conversions,Middle,2025,2025-Q3,2025-08,9812.84,91659,35523,3520,91,22322.52,0
2025-08-25,NB-Search-Generic-Solutions,Tablet,Google Ads,Conversions,Middle,2025,2025-Q3,2025-08,2083.1,19699,8288,677,19,4776.78,0
2025-08-25,NB-Search-Generic-Solutions,Connected TV,Google Ads,Conversions,Middle,2025,2025-Q3,2025-08,1597.18,11347,4838,386,10,2468.92,0
2025-08-25,PMax-Retail-Feed,Desktop,Google Ads,Sales,Bottom,2025,2025-Q3,2025-08,7964.99,455246,181456,9305,442,35714.07,0
2025-08-25,PMax-Retail-Feed,Mobile,Google Ads,Sales,Bottom,2025,2025-Q3,2025-08,8530.72,474744,197178,10379,407,33696.78,0
2025-08-25,PMax-Retail-Feed,Tablet,Google Ads,Sales,Bottom,2025,2025-Q3,2025-08,1718.83,97081,41625,1997,80,6531.98,0
2025-08-25,PMax-Retail-Feed,Connected TV,Google Ads,Sales,Bottom,2025,2025-Q3,2025-08,1401.21,59077,24075,1263,49,3960.2,0
2025-08-25,YT-Awareness-InStream,Desktop,Google Ads,Awareness,Top,2025,2025-Q3,2025-08,4936.42,497287,212105,3050,21,3880.07,156816
2025-08-25,YT-Awareness-InStream,Mobile,Google Ads,Awareness,Top,2025,2025-Q3,2025-08,5697.94,577844,259935,3848,23,4251.63,169470
2025-08-25,YT-Awareness-InStream,Tablet,Google Ads,Awareness,Top,2025,2025-Q3,2025-08,1135.66,111782,51568,662,4,725.85,34398
2025-08-25,YT-Awareness-InStream,Connected TV,Google Ads,Awareness,Top,2025,2025-Q3,2025-08,870.58,65064,27690,402,0,0,20469
2025-08-25,FB-Prospecting-LAL-3pct,Desktop,Meta Ads,Traffic,Top,2025,2025-Q3,2025-08,6191.78,684417,307307,6490,98,9716.89,0
2025-08-25,FB-Prospecting-LAL-3pct,Mobile,Meta Ads,Traffic,Top,2025,2025-Q3,2025-08,6618.89,739786,305090,8106,101,9848.53,0
2025-08-25,FB-Prospecting-LAL-3pct,Tablet,Meta Ads,Traffic,Top,2025,2025-Q3,2025-08,1424.35,161554,69601,1580,21,2027.68,0
2025-08-25,FB-Prospecting-LAL-3pct,Connected TV,Meta Ads,Traffic,Top,2025,2025-Q3,2025-08,1162.97,98634,39539,946,12,1140.45,0
2025-08-25,IG-Retargeting-Cart-7d,Desktop,Meta Ads,Conversions,Bottom,2025,2025-Q3,2025-08,4470.48,328252,132886,5873,330,28228.96,0
2025-08-25,IG-Retargeting-Cart-7d,Mobile,Meta Ads,Conversions,Bottom,2025,2025-Q3,2025-08,5158.65,371187,140201,7529,350,30575.32,0
2025-08-25,IG-Retargeting-Cart-7d,Tablet,Meta Ads,Conversions,Bottom,2025,2025-Q3,2025-08,1040.52,75543,29504,1357,63,5455.83,0
2025-08-25,IG-Retargeting-Cart-7d,Connected TV,Meta Ads,Conversions,Bottom,2025,2025-Q3,2025-08,778.53,42500,15495,794,35,2969.7,0
2025-08-25,FB-Catalog-DPA-Evergreen,Desktop,Meta Ads,Sales,Bottom,2025,2025-Q3,2025-08,5583.6,570000,217720,7868,334,27372.95,0
2025-08-25,FB-Catalog-DPA-Evergreen,Mobile,Meta Ads,Sales,Bottom,2025,2025-Q3,2025-08,6369.81,656572,265064,9720,353,28625.68,0
2025-08-25,FB-Catalog-DPA-Evergreen,Tablet,Meta Ads,Sales,Bottom,2025,2025-Q3,2025-08,1365.34,136545,57044,1816,69,5573.12,0
2025-08-25,FB-Catalog-DPA-Evergreen,Connected TV,Meta Ads,Sales,Bottom,2025,2025-Q3,2025-08,1047.58,78768,33975,1084,41,3381.29,0
2025-08-25,LI-ABM-Enterprise-Tier1,Desktop,LinkedIn Ads,Leads,Middle,2025,2025-Q3,2025-08,7618.38,150541,69242,791,19,16434.04,0
2025-08-25,LI-ABM-Enterprise-Tier1,Mobile,LinkedIn Ads,Leads,Middle,2025,2025-Q3,2025-08,8156.82,162577,68647,974,20,17137.93,0
2025-08-25,LI-ABM-Enterprise-Tier1,Tablet,LinkedIn Ads,Leads,Middle,2025,2025-Q3,2025-08,1750.92,35519,14026,191,5,4068.32,0
2025-08-25,LI-ABM-Enterprise-Tier1,Connected TV,LinkedIn Ads,Leads,Middle,2025,2025-Q3,2025-08,1340.77,20414,8291,110,0,0,0
2025-08-25,LI-Content-Whitepaper,Desktop,LinkedIn Ads,Leads,Middle,2025,2025-Q3,2025-08,3382.68,75810,28150,541,10,4167.71,0
2025-08-25,LI-Content-Whitepaper,Mobile,LinkedIn Ads,Leads,Middle,2025,2025-Q3,2025-08,3670.96,80042,30672,614,10,4266.11,0
2025-08-25,LI-Content-Whitepaper,Tablet,LinkedIn Ads,Leads,Middle,2025,2025-Q3,2025-08,731.42,16234,6420,117,0,0,0
2025-08-25,LI-Content-Whitepaper,Connected TV,LinkedIn Ads,Leads,Middle,2025,2025-Q3,2025-08,553.65,9208,3428,69,0,0,0
2025-08-25,TT-Spark-Creator-UGC,Desktop,TikTok Ads,Awareness,Top,2025,2025-Q3,2025-08,3741.99,619003,242221,7157,70,4986.61,206619
2025-08-25,TT-Spark-Creator-UGC,Mobile,TikTok Ads,Awareness,Top,2025,2025-Q3,2025-08,4326.22,719940,296544,8995,77,5664.4,220402
2025-08-25,TT-Spark-Creator-UGC,Tablet,TikTok Ads,Awareness,Top,2025,2025-Q3,2025-08,916.92,149395,62918,1674,14,983.87,44615
2025-08-25,TT-Spark-Creator-UGC,Connected TV,TikTok Ads,Awareness,Top,2025,2025-Q3,2025-08,703.23,85869,38176,933,8,572.49,28299
2025-08-25,DV360-Display-Retarget,Desktop,Programmatic,Conversions,Middle,2025,2025-Q3,2025-08,4601.5,867235,402246,3954,78,11780.83,0
2025-08-25,DV360-Display-Retarget,Mobile,Programmatic,Conversions,Middle,2025,2025-Q3,2025-08,4986.62,949774,418384,4937,81,11996.55,0
2025-08-25,DV360-Display-Retarget,Tablet,Programmatic,Conversions,Middle,2025,2025-Q3,2025-08,1071.01,205631,84910,1010,17,2527.08,0
2025-08-25,DV360-Display-Retarget,Connected TV,Programmatic,Conversions,Middle,2025,2025-Q3,2025-08,862.58,124771,52194,601,11,1592.84,0
2025-08-25,DV360-CTV-Reach,Desktop,Programmatic,Awareness,Top,2025,2025-Q3,2025-08,5583.39,277261,107801,876,6,4937.37,87649
2025-08-25,DV360-CTV-Reach,Mobile,Programmatic,Awareness,Top,2025,2025-Q3,2025-08,5985.07,279400,111629,948,4,3237.24,91969
2025-08-25,DV360-CTV-Reach,Tablet,Programmatic,Awareness,Top,2025,2025-Q3,2025-08,1206.8,56790,23662,171,0,0,19386
2025-08-25,DV360-CTV-Reach,Connected TV,Programmatic,Awareness,Top,2025,2025-Q3,2025-08,913.22,32468,12333,103,0,0,10893
2025-09-01,BR-Search-Brand-Core,Desktop,Google Ads,Conversions,Bottom,2025,2025-Q3,2025-09,1879.51,17363,7368,1567,132,18787.41,0
2025-09-01,BR-Search-Brand-Core,Mobile,Google Ads,Conversions,Bottom,2025,2025-Q3,2025-09,2010.17,18796,7503,1933,132,18387.94,0
2025-09-01,BR-Search-Brand-Core,Tablet,Google Ads,Conversions,Bottom,2025,2025-Q3,2025-09,432.25,4067,1713,373,26,3601.51,0
2025-09-01,BR-Search-Brand-Core,Connected TV,Google Ads,Conversions,Bottom,2025,2025-Q3,2025-09,348.4,2375,1027,214,15,2125.89,0
2025-09-01,NB-Search-Generic-Solutions,Desktop,Google Ads,Conversions,Middle,2025,2025-Q3,2025-09,9922.77,92384,37907,3214,111,27166.96,0
2025-09-01,NB-Search-Generic-Solutions,Mobile,Google Ads,Conversions,Middle,2025,2025-Q3,2025-09,10648.7,97335,40934,3661,95,23563.88,0
2025-09-01,NB-Search-Generic-Solutions,Tablet,Google Ads,Conversions,Middle,2025,2025-Q3,2025-09,1992.83,18417,8082,660,16,3922.15,0
2025-09-01,NB-Search-Generic-Solutions,Connected TV,Google Ads,Conversions,Middle,2025,2025-Q3,2025-09,1608.1,11211,4615,411,11,2738.95,0
2025-09-01,PMax-Retail-Feed,Desktop,Google Ads,Sales,Bottom,2025,2025-Q3,2025-09,7626.19,441856,163396,9864,460,36494.12,0
2025-09-01,PMax-Retail-Feed,Mobile,Google Ads,Sales,Bottom,2025,2025-Q3,2025-09,8696.93,513322,197761,12310,493,40168.49,0
2025-09-01,PMax-Retail-Feed,Tablet,Google Ads,Sales,Bottom,2025,2025-Q3,2025-09,1754.35,100730,40930,2170,86,7187.9,0
2025-09-01,PMax-Retail-Feed,Connected TV,Google Ads,Sales,Bottom,2025,2025-Q3,2025-09,1328.26,56950,23938,1196,45,3744.92,0
2025-09-01,YT-Awareness-InStream,Desktop,Google Ads,Awareness,Top,2025,2025-Q3,2025-09,4724.38,484692,216009,2927,19,3613.35,159719
2025-09-01,YT-Awareness-InStream,Mobile,Google Ads,Awareness,Top,2025,2025-Q3,2025-09,4995.4,519158,208482,3610,19,3579.18,167863
2025-09-01,YT-Awareness-InStream,Tablet,Google Ads,Awareness,Top,2025,2025-Q3,2025-09,1073.19,108348,46238,665,3,517.51,34007
2025-09-01,YT-Awareness-InStream,Connected TV,Google Ads,Awareness,Top,2025,2025-Q3,2025-09,876.33,66330,29394,403,0,0,20424
2025-09-01,FB-Prospecting-LAL-3pct,Desktop,Meta Ads,Traffic,Top,2025,2025-Q3,2025-09,6714.35,783599,332407,7716,121,11330.62,0
2025-09-01,FB-Prospecting-LAL-3pct,Mobile,Meta Ads,Traffic,Top,2025,2025-Q3,2025-09,7287.07,828129,357911,8870,108,10313.28,0
2025-09-01,FB-Prospecting-LAL-3pct,Tablet,Meta Ads,Traffic,Top,2025,2025-Q3,2025-09,1344.71,150189,68957,1514,18,1765.31,0
2025-09-01,FB-Prospecting-LAL-3pct,Connected TV,Meta Ads,Traffic,Top,2025,2025-Q3,2025-09,1099.77,91894,39393,958,11,1058.33,0
2025-09-01,IG-Retargeting-Cart-7d,Desktop,Meta Ads,Conversions,Bottom,2025,2025-Q3,2025-09,4224.93,307227,119114,5942,326,28259.91,0
2025-09-01,IG-Retargeting-Cart-7d,Mobile,Meta Ads,Conversions,Bottom,2025,2025-Q3,2025-09,4882.17,356771,145183,7476,337,28850.87,0
2025-09-01,IG-Retargeting-Cart-7d,Tablet,Meta Ads,Conversions,Bottom,2025,2025-Q3,2025-09,972.47,69571,28926,1313,59,5175.87,0
2025-09-01,IG-Retargeting-Cart-7d,Connected TV,Meta Ads,Conversions,Bottom,2025,2025-Q3,2025-09,745.27,39879,17812,726,32,2868.4,0
2025-09-01,FB-Catalog-DPA-Evergreen,Desktop,Meta Ads,Sales,Bottom,2025,2025-Q3,2025-09,5342.37,536746,244841,7287,324,26950.25,0
2025-09-01,FB-Catalog-DPA-Evergreen,Mobile,Meta Ads,Sales,Bottom,2025,2025-Q3,2025-09,6101.4,616934,226342,9523,343,28375.56,0
2025-09-01,FB-Catalog-DPA-Evergreen,Tablet,Meta Ads,Sales,Bottom,2025,2025-Q3,2025-09,1213.71,124218,47936,1721,60,4889.59,0
2025-09-01,FB-Catalog-DPA-Evergreen,Connected TV,Meta Ads,Sales,Bottom,2025,2025-Q3,2025-09,979.34,75421,30276,1020,38,3058.41,0
2025-09-01,LI-ABM-Enterprise-Tier1,Desktop,LinkedIn Ads,Leads,Middle,2025,2025-Q3,2025-09,7758.49,162601,62316,886,22,18180.29,0
2025-09-01,LI-ABM-Enterprise-Tier1,Mobile,LinkedIn Ads,Leads,Middle,2025,2025-Q3,2025-09,8319.96,170781,66614,1001,20,16726.77,0
2025-09-01,LI-ABM-Enterprise-Tier1,Tablet,LinkedIn Ads,Leads,Middle,2025,2025-Q3,2025-09,1551.97,31078,14462,174,3,2406.04,0
2025-09-01,LI-ABM-Enterprise-Tier1,Connected TV,LinkedIn Ads,Leads,Middle,2025,2025-Q3,2025-09,1254.16,18944,8290,108,0,0,0
2025-09-01,LI-Content-Whitepaper,Desktop,LinkedIn Ads,Leads,Middle,2025,2025-Q3,2025-09,3240.39,71186,28447,517,11,4667.48,0
2025-09-01,LI-Content-Whitepaper,Mobile,LinkedIn Ads,Leads,Middle,2025,2025-Q3,2025-09,3437.12,76492,28621,600,10,4170.9,0
2025-09-01,LI-Content-Whitepaper,Tablet,LinkedIn Ads,Leads,Middle,2025,2025-Q3,2025-09,691.53,15075,6577,106,0,0,0
2025-09-01,LI-Content-Whitepaper,Connected TV,LinkedIn Ads,Leads,Middle,2025,2025-Q3,2025-09,529.85,8306,3787,57,0,0,0
2025-09-01,TT-Spark-Creator-UGC,Desktop,TikTok Ads,Awareness,Top,2025,2025-Q3,2025-09,3869.95,622406,259057,6552,71,5189.96,198193
2025-09-01,TT-Spark-Creator-UGC,Mobile,TikTok Ads,Awareness,Top,2025,2025-Q3,2025-09,4142.69,673123,250627,8174,72,5197.1,210529
2025-09-01,TT-Spark-Creator-UGC,Tablet,TikTok Ads,Awareness,Top,2025,2025-Q3,2025-09,878.39,145137,51872,1666,13,916.08,44186
2025-09-01,TT-Spark-Creator-UGC,Connected TV,TikTok Ads,Awareness,Top,2025,2025-Q3,2025-09,715.97,88563,33025,1002,8,567.75,26511
2025-09-01,DV360-Display-Retarget,Desktop,Programmatic,Conversions,Middle,2025,2025-Q3,2025-09,4690.41,932048,364741,4645,94,14043.88,0
2025-09-01,DV360-Display-Retarget,Mobile,Programmatic,Conversions,Middle,2025,2025-Q3,2025-09,5088.82,988149,393549,5374,92,13463.83,0
2025-09-01,DV360-Display-Retarget,Tablet,Programmatic,Conversions,Middle,2025,2025-Q3,2025-09,1013.3,192040,79708,925,16,2432.25,0
2025-09-01,DV360-Display-Retarget,Connected TV,Programmatic,Conversions,Middle,2025,2025-Q3,2025-09,766.57,108915,42583,543,9,1344.58,0
2025-09-01,DV360-CTV-Reach,Desktop,Programmatic,Awareness,Top,2025,2025-Q3,2025-09,5282.17,258600,104822,790,5,3891.11,78678
2025-09-01,DV360-CTV-Reach,Mobile,Programmatic,Awareness,Top,2025,2025-Q3,2025-09,5657.22,280004,108003,972,5,3845.43,89292
2025-09-01,DV360-CTV-Reach,Tablet,Programmatic,Awareness,Top,2025,2025-Q3,2025-09,1214.57,58287,25856,183,0,0,18093
2025-09-01,DV360-CTV-Reach,Connected TV,Programmatic,Awareness,Top,2025,2025-Q3,2025-09,920.04,32080,14931,91,0,0,10411
2025-09-08,BR-Search-Brand-Core,Desktop,Google Ads,Conversions,Bottom,2025,2025-Q3,2025-09,2035.82,18997,7947,1656,150,21098.71,0
2025-09-08,BR-Search-Brand-Core,Mobile,Google Ads,Conversions,Bottom,2025,2025-Q3,2025-09,2210.07,20161,8584,1885,140,20201.32,0
2025-09-08,BR-Search-Brand-Core,Tablet,Google Ads,Conversions,Bottom,2025,2025-Q3,2025-09,440.6,4067,1561,357,27,3866,0
2025-09-08,BR-Search-Brand-Core,Connected TV,Google Ads,Conversions,Bottom,2025,2025-Q3,2025-09,308.83,2147,865,198,13,1825.46,0
2025-09-08,NB-Search-Generic-Solutions,Desktop,Google Ads,Conversions,Middle,2025,2025-Q3,2025-09,8731.76,83501,31303,2789,86,20532.74,0
2025-09-08,NB-Search-Generic-Solutions,Mobile,Google Ads,Conversions,Middle,2025,2025-Q3,2025-09,10082.97,97485,38955,3530,95,22474.48,0
2025-09-08,NB-Search-Generic-Solutions,Tablet,Google Ads,Conversions,Middle,2025,2025-Q3,2025-09,2034.14,19351,7840,630,17,4102.63,0
2025-09-08,NB-Search-Generic-Solutions,Connected TV,Google Ads,Conversions,Middle,2025,2025-Q3,2025-09,1539.93,10572,4498,356,11,2709.68,0
2025-09-08,PMax-Retail-Feed,Desktop,Google Ads,Sales,Bottom,2025,2025-Q3,2025-09,7774.3,426669,191246,8597,413,34880.61,0
2025-09-08,PMax-Retail-Feed,Mobile,Google Ads,Sales,Bottom,2025,2025-Q3,2025-09,8326.54,460985,192551,10680,418,34617.4,0
2025-09-08,PMax-Retail-Feed,Tablet,Google Ads,Sales,Bottom,2025,2025-Q3,2025-09,1786.3,99726,39102,2066,83,6831.94,0
2025-09-08,PMax-Retail-Feed,Connected TV,Google Ads,Sales,Bottom,2025,2025-Q3,2025-09,1437.45,60531,24298,1299,54,4381.1,0
2025-09-08,YT-Awareness-InStream,Desktop,Google Ads,Awareness,Top,2025,2025-Q3,2025-09,5123.39,530040,224505,3123,22,3981.32,171526
2025-09-08,YT-Awareness-InStream,Mobile,Google Ads,Awareness,Top,2025,2025-Q3,2025-09,5506.55,558980,240965,3738,22,4213.68,173845
2025-09-08,YT-Awareness-InStream,Tablet,Google Ads,Awareness,Top,2025,2025-Q3,2025-09,1108.34,113562,45473,721,5,885.4,34672
2025-09-08,YT-Awareness-InStream,Connected TV,Google Ads,Awareness,Top,2025,2025-Q3,2025-09,830.62,63688,23304,418,0,0,19091
2025-09-08,FB-Prospecting-LAL-3pct,Desktop,Meta Ads,Traffic,Top,2025,2025-Q3,2025-09,5969.39,709814,271819,7253,104,9970.64,0
2025-09-08,FB-Prospecting-LAL-3pct,Mobile,Meta Ads,Traffic,Top,2025,2025-Q3,2025-09,6813.43,817826,328898,8975,112,10654.28,0
2025-09-08,FB-Prospecting-LAL-3pct,Tablet,Meta Ads,Traffic,Top,2025,2025-Q3,2025-09,1373.97,161733,67155,1600,20,1849.71,0
2025-09-08,FB-Prospecting-LAL-3pct,Connected TV,Meta Ads,Traffic,Top,2025,2025-Q3,2025-09,1052.83,89354,38618,860,11,1042.52,0
2025-09-08,IG-Retargeting-Cart-7d,Desktop,Meta Ads,Conversions,Bottom,2025,2025-Q3,2025-09,4311.16,305214,141601,5406,292,25691.7,0
2025-09-08,IG-Retargeting-Cart-7d,Mobile,Meta Ads,Conversions,Bottom,2025,2025-Q3,2025-09,4672.85,334299,144058,6804,303,26405.78,0
2025-09-08,IG-Retargeting-Cart-7d,Tablet,Meta Ads,Conversions,Bottom,2025,2025-Q3,2025-09,991.08,71983,29245,1372,63,5425.97,0
2025-09-08,IG-Retargeting-Cart-7d,Connected TV,Meta Ads,Conversions,Bottom,2025,2025-Q3,2025-09,807.46,43866,18197,827,38,3245.35,0
2025-09-08,FB-Catalog-DPA-Evergreen,Desktop,Meta Ads,Sales,Bottom,2025,2025-Q3,2025-09,5731.33,581634,256525,8069,361,29672.57,0
2025-09-08,FB-Catalog-DPA-Evergreen,Mobile,Meta Ads,Sales,Bottom,2025,2025-Q3,2025-09,6218.58,613088,275953,9246,344,29033.39,0
2025-09-08,FB-Catalog-DPA-Evergreen,Tablet,Meta Ads,Sales,Bottom,2025,2025-Q3,2025-09,1238.79,124289,50836,1777,65,5404.94,0
2025-09-08,FB-Catalog-DPA-Evergreen,Connected TV,Meta Ads,Sales,Bottom,2025,2025-Q3,2025-09,937.4,73621,28486,1091,39,3171.89,0
2025-09-08,LI-ABM-Enterprise-Tier1,Desktop,LinkedIn Ads,Leads,Middle,2025,2025-Q3,2025-09,6801.15,140318,54822,789,18,15503.67,0
2025-09-08,LI-ABM-Enterprise-Tier1,Mobile,LinkedIn Ads,Leads,Middle,2025,2025-Q3,2025-09,7868.4,164137,69738,1000,19,16322.4,0
2025-09-08,LI-ABM-Enterprise-Tier1,Tablet,LinkedIn Ads,Leads,Middle,2025,2025-Q3,2025-09,1586.43,33564,14457,184,4,3365.59,0
2025-09-08,LI-ABM-Enterprise-Tier1,Connected TV,LinkedIn Ads,Leads,Middle,2025,2025-Q3,2025-09,1199.97,17675,7994,94,0,0,0
2025-09-08,LI-Content-Whitepaper,Desktop,LinkedIn Ads,Leads,Middle,2025,2025-Q3,2025-09,3034.62,65550,27489,438,10,4318.63,0
2025-09-08,LI-Content-Whitepaper,Mobile,LinkedIn Ads,Leads,Middle,2025,2025-Q3,2025-09,3287.89,72080,31211,548,9,3850.59,0
2025-09-08,LI-Content-Whitepaper,Tablet,LinkedIn Ads,Leads,Middle,2025,2025-Q3,2025-09,705.08,15576,6408,113,0,0,0
2025-09-08,LI-Content-Whitepaper,Connected TV,LinkedIn Ads,Leads,Middle,2025,2025-Q3,2025-09,569.21,9496,4071,67,0,0,0
2025-09-08,TT-Spark-Creator-UGC,Desktop,TikTok Ads,Awareness,Top,2025,2025-Q3,2025-09,3894.04,638197,290149,6947,74,5312.07,198021
2025-09-08,TT-Spark-Creator-UGC,Mobile,TikTok Ads,Awareness,Top,2025,2025-Q3,2025-09,4173.18,669741,313159,7818,71,5246.37,204701
2025-09-08,TT-Spark-Creator-UGC,Tablet,TikTok Ads,Awareness,Top,2025,2025-Q3,2025-09,841.26,131128,56791,1452,12,862.13,41436
2025-09-08,TT-Spark-Creator-UGC,Connected TV,TikTok Ads,Awareness,Top,2025,2025-Q3,2025-09,677.93,82395,32585,953,8,587.6,25515
2025-09-08,DV360-Display-Retarget,Desktop,Programmatic,Conversions,Middle,2025,2025-Q3,2025-09,4155.42,778541,324190,3782,75,11327.81,0
2025-09-08,DV360-Display-Retarget,Mobile,Programmatic,Conversions,Middle,2025,2025-Q3,2025-09,5120.17,969832,422703,5071,88,13291.26,0
2025-09-08,DV360-Display-Retarget,Tablet,Programmatic,Conversions,Middle,2025,2025-Q3,2025-09,1033.2,198308,80246,927,17,2516.2,0
2025-09-08,DV360-Display-Retarget,Connected TV,Programmatic,Conversions,Middle,2025,2025-Q3,2025-09,792.45,110033,45372,500,9,1375.29,0
2025-09-08,DV360-CTV-Reach,Desktop,Programmatic,Awareness,Top,2025,2025-Q3,2025-09,5384.81,258289,98405,765,5,4047.18,80538
2025-09-08,DV360-CTV-Reach,Mobile,Programmatic,Awareness,Top,2025,2025-Q3,2025-09,5840.62,282677,111388,896,5,3977.54,86785
2025-09-08,DV360-CTV-Reach,Tablet,Programmatic,Awareness,Top,2025,2025-Q3,2025-09,1149.01,56453,20753,169,0,0,17065
2025-09-08,DV360-CTV-Reach,Connected TV,Programmatic,Awareness,Top,2025,2025-Q3,2025-09,937.53,34496,13495,101,0,0,10915
2025-09-15,BR-Search-Brand-Core,Desktop,Google Ads,Conversions,Bottom,2025,2025-Q3,2025-09,1812.86,16711,6422,1597,134,18972.67,0
2025-09-15,BR-Search-Brand-Core,Mobile,Google Ads,Conversions,Bottom,2025,2025-Q3,2025-09,2068.42,19315,7713,1999,144,20316.37,0
2025-09-15,BR-Search-Brand-Core,Tablet,Google Ads,Conversions,Bottom,2025,2025-Q3,2025-09,417.15,3782,1594,348,25,3581.53,0
2025-09-15,BR-Search-Brand-Core,Connected TV,Google Ads,Conversions,Bottom,2025,2025-Q3,2025-09,319.73,2169,948,195,15,2216.86,0
2025-09-15,NB-Search-Generic-Solutions,Desktop,Google Ads,Conversions,Middle,2025,2025-Q3,2025-09,9022.68,81325,32700,2654,88,22311.72,0
2025-09-15,NB-Search-Generic-Solutions,Mobile,Google Ads,Conversions,Middle,2025,2025-Q3,2025-09,9665.41,87989,31719,3308,89,22325.18,0
2025-09-15,NB-Search-Generic-Solutions,Tablet,Google Ads,Conversions,Middle,2025,2025-Q3,2025-09,1898.95,17566,6762,587,17,4191.35,0
2025-09-15,NB-Search-Generic-Solutions,Connected TV,Google Ads,Conversions,Middle,2025,2025-Q3,2025-09,1551.28,10754,4908,355,11,2683.16,0
2025-09-15,PMax-Retail-Feed,Desktop,Google Ads,Sales,Bottom,2025,2025-Q3,2025-09,7264.93,422659,175143,8861,428,34009.13,0
2025-09-15,PMax-Retail-Feed,Mobile,Google Ads,Sales,Bottom,2025,2025-Q3,2025-09,7874.84,446447,194993,9479,379,30852.13,0
2025-09-15,PMax-Retail-Feed,Tablet,Google Ads,Sales,Bottom,2025,2025-Q3,2025-09,1692.2,93934,42946,1864,74,6178.39,0
2025-09-15,PMax-Retail-Feed,Connected TV,Google Ads,Sales,Bottom,2025,2025-Q3,2025-09,1281.12,53253,20049,1104,44,3515.21,0
2025-09-15,YT-Awareness-InStream,Desktop,Google Ads,Awareness,Top,2025,2025-Q3,2025-09,4508.56,464222,181071,2970,21,3811.61,143069
2025-09-15,YT-Awareness-InStream,Mobile,Google Ads,Awareness,Top,2025,2025-Q3,2025-09,5212.17,540092,225743,3738,21,3804.15,162904
2025-09-15,YT-Awareness-InStream,Tablet,Google Ads,Awareness,Top,2025,2025-Q3,2025-09,1104.54,110836,47391,689,5,915.05,35235
2025-09-15,YT-Awareness-InStream,Connected TV,Google Ads,Awareness,Top,2025,2025-Q3,2025-09,847.19,61528,27399,366,0,0,20255
2025-09-15,FB-Prospecting-LAL-3pct,Desktop,Meta Ads,Traffic,Top,2025,2025-Q3,2025-09,6491.15,722661,296658,6714,106,10387.05,0
2025-09-15,FB-Prospecting-LAL-3pct,Mobile,Meta Ads,Traffic,Top,2025,2025-Q3,2025-09,7029.25,796020,295910,8983,116,11150.07,0
2025-09-15,FB-Prospecting-LAL-3pct,Tablet,Meta Ads,Traffic,Top,2025,2025-Q3,2025-09,1400.86,160417,56351,1627,19,1808.68,0
2025-09-15,FB-Prospecting-LAL-3pct,Connected TV,Meta Ads,Traffic,Top,2025,2025-Q3,2025-09,1128.15,97410,40970,968,13,1228.44,0
2025-09-15,IG-Retargeting-Cart-7d,Desktop,Meta Ads,Conversions,Bottom,2025,2025-Q3,2025-09,4394.54,327927,125863,6394,352,29592.1,0
2025-09-15,IG-Retargeting-Cart-7d,Mobile,Meta Ads,Conversions,Bottom,2025,2025-Q3,2025-09,4711.4,344450,134778,6801,309,26671.38,0
2025-09-15,IG-Retargeting-Cart-7d,Tablet,Meta Ads,Conversions,Bottom,2025,2025-Q3,2025-09,949.83,67619,27862,1177,52,4572.81,0
2025-09-15,IG-Retargeting-Cart-7d,Connected TV,Meta Ads,Conversions,Bottom,2025,2025-Q3,2025-09,709.74,38175,14552,695,29,2437.68,0
2025-09-15,FB-Catalog-DPA-Evergreen,Desktop,Meta Ads,Sales,Bottom,2025,2025-Q3,2025-09,5086.26,528089,212768,7620,314,25134.42,0
2025-09-15,FB-Catalog-DPA-Evergreen,Mobile,Meta Ads,Sales,Bottom,2025,2025-Q3,2025-09,5883.57,619251,262924,9659,345,27517.83,0
2025-09-15,FB-Catalog-DPA-Evergreen,Tablet,Meta Ads,Sales,Bottom,2025,2025-Q3,2025-09,1247.39,127507,55675,1769,65,5289.59,0
2025-09-15,FB-Catalog-DPA-Evergreen,Connected TV,Meta Ads,Sales,Bottom,2025,2025-Q3,2025-09,956.58,70436,32038,952,35,2925.05,0
2025-09-15,LI-ABM-Enterprise-Tier1,Desktop,LinkedIn Ads,Leads,Middle,2025,2025-Q3,2025-09,7485.66,150913,64080,831,21,17953.78,0
2025-09-15,LI-ABM-Enterprise-Tier1,Mobile,LinkedIn Ads,Leads,Middle,2025,2025-Q3,2025-09,8121.65,165085,64098,1041,22,18504.97,0
2025-09-15,LI-ABM-Enterprise-Tier1,Tablet,LinkedIn Ads,Leads,Middle,2025,2025-Q3,2025-09,1598.31,33182,11850,195,4,3246.96,0
2025-09-15,LI-ABM-Enterprise-Tier1,Connected TV,LinkedIn Ads,Leads,Middle,2025,2025-Q3,2025-09,1303.56,20221,8849,119,0,0,0
2025-09-15,LI-Content-Whitepaper,Desktop,LinkedIn Ads,Leads,Middle,2025,2025-Q3,2025-09,3095.94,70936,27571,521,10,4216.03,0
2025-09-15,LI-Content-Whitepaper,Mobile,LinkedIn Ads,Leads,Middle,2025,2025-Q3,2025-09,3358.21,74845,30702,597,10,4331.72,0
2025-09-15,LI-Content-Whitepaper,Tablet,LinkedIn Ads,Leads,Middle,2025,2025-Q3,2025-09,668.55,14532,6199,102,0,0,0
2025-09-15,LI-Content-Whitepaper,Connected TV,LinkedIn Ads,Leads,Middle,2025,2025-Q3,2025-09,505.6,7936,3117,58,0,0,0
2025-09-15,TT-Spark-Creator-UGC,Desktop,TikTok Ads,Awareness,Top,2025,2025-Q3,2025-09,3413.3,573336,232352,6470,63,4591.39,184306
2025-09-15,TT-Spark-Creator-UGC,Mobile,TikTok Ads,Awareness,Top,2025,2025-Q3,2025-09,3944.76,643620,280784,7821,66,4733.9,200811
2025-09-15,TT-Spark-Creator-UGC,Tablet,TikTok Ads,Awareness,Top,2025,2025-Q3,2025-09,847.34,139926,62654,1532,14,985.09,42825
2025-09-15,TT-Spark-Creator-UGC,Connected TV,TikTok Ads,Awareness,Top,2025,2025-Q3,2025-09,641.7,76982,35822,811,7,517.3,24334
2025-09-15,DV360-Display-Retarget,Desktop,Programmatic,Conversions,Middle,2025,2025-Q3,2025-09,4580.2,872538,380904,4141,86,12767.14,0
2025-09-15,DV360-Display-Retarget,Mobile,Programmatic,Conversions,Middle,2025,2025-Q3,2025-09,4908.95,917691,375832,4913,83,12590.63,0
2025-09-15,DV360-Display-Retarget,Tablet,Programmatic,Conversions,Middle,2025,2025-Q3,2025-09,977.33,184804,69591,940,16,2385.12,0
2025-09-15,DV360-Display-Retarget,Connected TV,Programmatic,Conversions,Middle,2025,2025-Q3,2025-09,788.07,111817,49655,560,10,1490.11,0
2025-09-15,DV360-CTV-Reach,Desktop,Programmatic,Awareness,Top,2025,2025-Q3,2025-09,5097.69,248342,102027,759,4,3106.47,75118
2025-09-15,DV360-CTV-Reach,Mobile,Programmatic,Awareness,Top,2025,2025-Q3,2025-09,5879.98,278855,117115,928,3,2392.63,89312
2025-09-15,DV360-CTV-Reach,Tablet,Programmatic,Awareness,Top,2025,2025-Q3,2025-09,1100.26,51188,23268,149,0,0,16852
2025-09-15,DV360-CTV-Reach,Connected TV,Programmatic,Awareness,Top,2025,2025-Q3,2025-09,831.76,28980,11952,89,0,0,9365
2025-09-22,BR-Search-Brand-Core,Desktop,Google Ads,Conversions,Bottom,2025,2025-Q3,2025-09,1828.74,16408,7414,1440,125,17609.5,0
2025-09-22,BR-Search-Brand-Core,Mobile,Google Ads,Conversions,Bottom,2025,2025-Q3,2025-09,1982.15,18845,7939,1884,132,18927.97,0
2025-09-22,BR-Search-Brand-Core,Tablet,Google Ads,Conversions,Bottom,2025,2025-Q3,2025-09,425.45,4068,1614,382,27,3827.55,0
2025-09-22,BR-Search-Brand-Core,Connected TV,Google Ads,Conversions,Bottom,2025,2025-Q3,2025-09,318.42,2220,999,207,15,2077.18,0
2025-09-22,NB-Search-Generic-Solutions,Desktop,Google Ads,Conversions,Middle,2025,2025-Q3,2025-09,9084.5,86441,37034,2934,96,23020.77,0
2025-09-22,NB-Search-Generic-Solutions,Mobile,Google Ads,Conversions,Middle,2025,2025-Q3,2025-09,9741.16,90958,39780,3319,91,22324.34,0
2025-09-22,NB-Search-Generic-Solutions,Tablet,Google Ads,Conversions,Middle,2025,2025-Q3,2025-09,1964.45,18523,7651,640,16,3985.99,0
2025-09-22,NB-Search-Generic-Solutions,Connected TV,Google Ads,Conversions,Middle,2025,2025-Q3,2025-09,1487.07,10215,3890,368,11,2705.25,0
2025-09-22,PMax-Retail-Feed,Desktop,Google Ads,Sales,Bottom,2025,2025-Q3,2025-09,6958.67,395048,158130,8569,387,32538.52,0
2025-09-22,PMax-Retail-Feed,Mobile,Google Ads,Sales,Bottom,2025,2025-Q3,2025-09,8045.34,446237,186614,10467,409,34146.95,0
2025-09-22,PMax-Retail-Feed,Tablet,Google Ads,Sales,Bottom,2025,2025-Q3,2025-09,1602.01,90033,38799,1889,77,6325.07,0
2025-09-22,PMax-Retail-Feed,Connected TV,Google Ads,Sales,Bottom,2025,2025-Q3,2025-09,1227.58,49767,22269,1015,42,3530.11,0
2025-09-22,YT-Awareness-InStream,Desktop,Google Ads,Awareness,Top,2025,2025-Q3,2025-09,4607.89,461889,219755,2698,19,3541.91,147073
2025-09-22,YT-Awareness-InStream,Mobile,Google Ads,Awareness,Top,2025,2025-Q3,2025-09,4993.52,505393,216915,3394,21,3887.45,158289
2025-09-22,YT-Awareness-InStream,Tablet,Google Ads,Awareness,Top,2025,2025-Q3,2025-09,1059.52,108943,44183,683,4,690.79,33284
2025-09-22,YT-Awareness-InStream,Connected TV,Google Ads,Awareness,Top,2025,2025-Q3,2025-09,802.27,62074,25783,387,0,0,18450
2025-09-22,FB-Prospecting-LAL-3pct,Desktop,Meta Ads,Traffic,Top,2025,2025-Q3,2025-09,6155.06,734077,325598,7006,106,9773.76,0
2025-09-22,FB-Prospecting-LAL-3pct,Mobile,Meta Ads,Traffic,Top,2025,2025-Q3,2025-09,6663.85,773704,312805,8020,105,9936.24,0
2025-09-22,FB-Prospecting-LAL-3pct,Tablet,Meta Ads,Traffic,Top,2025,2025-Q3,2025-09,1414.08,159213,66989,1542,20,1941.74,0
2025-09-22,FB-Prospecting-LAL-3pct,Connected TV,Meta Ads,Traffic,Top,2025,2025-Q3,2025-09,1003.89,85550,33520,869,11,1036.37,0
2025-09-22,IG-Retargeting-Cart-7d,Desktop,Meta Ads,Conversions,Bottom,2025,2025-Q3,2025-09,4163.28,292174,119716,5525,298,26575.61,0
2025-09-22,IG-Retargeting-Cart-7d,Mobile,Meta Ads,Conversions,Bottom,2025,2025-Q3,2025-09,4802.23,341691,133494,6916,321,28227.8,0
2025-09-22,IG-Retargeting-Cart-7d,Tablet,Meta Ads,Conversions,Bottom,2025,2025-Q3,2025-09,969.16,69870,27703,1277,59,5117.68,0
2025-09-22,IG-Retargeting-Cart-7d,Connected TV,Meta Ads,Conversions,Bottom,2025,2025-Q3,2025-09,734.52,38420,15739,676,31,2739.47,0
2025-09-22,FB-Catalog-DPA-Evergreen,Desktop,Meta Ads,Sales,Bottom,2025,2025-Q3,2025-09,5602.28,567399,243978,7973,364,30111.36,0
2025-09-22,FB-Catalog-DPA-Evergreen,Mobile,Meta Ads,Sales,Bottom,2025,2025-Q3,2025-09,6005.56,615365,241269,9184,340,27685.2,0
2025-09-22,FB-Catalog-DPA-Evergreen,Tablet,Meta Ads,Sales,Bottom,2025,2025-Q3,2025-09,1196.23,124078,45506,1755,62,4979.83,0
2025-09-22,FB-Catalog-DPA-Evergreen,Connected TV,Meta Ads,Sales,Bottom,2025,2025-Q3,2025-09,964.05,75453,32214,1055,39,3112.24,0
2025-09-22,LI-ABM-Enterprise-Tier1,Desktop,LinkedIn Ads,Leads,Middle,2025,2025-Q3,2025-09,7095.15,151327,61040,802,20,16195.49,0
2025-09-22,LI-ABM-Enterprise-Tier1,Mobile,LinkedIn Ads,Leads,Middle,2025,2025-Q3,2025-09,8081.52,168608,68912,975,21,17370.68,0
2025-09-22,LI-ABM-Enterprise-Tier1,Tablet,LinkedIn Ads,Leads,Middle,2025,2025-Q3,2025-09,1630.47,33155,14228,180,4,3251.05,0
2025-09-22,LI-ABM-Enterprise-Tier1,Connected TV,LinkedIn Ads,Leads,Middle,2025,2025-Q3,2025-09,1158.85,17745,7042,100,0,0,0
2025-09-22,LI-Content-Whitepaper,Desktop,LinkedIn Ads,Leads,Middle,2025,2025-Q3,2025-09,2967.25,63760,26888,451,9,3897.16,0
2025-09-22,LI-Content-Whitepaper,Mobile,LinkedIn Ads,Leads,Middle,2025,2025-Q3,2025-09,3424.18,74199,29360,568,9,3865.76,0
2025-09-22,LI-Content-Whitepaper,Tablet,LinkedIn Ads,Leads,Middle,2025,2025-Q3,2025-09,724.78,15992,6479,115,0,0,0
2025-09-22,LI-Content-Whitepaper,Connected TV,LinkedIn Ads,Leads,Middle,2025,2025-Q3,2025-09,556.32,8851,3753,63,0,0,0
2025-09-22,TT-Spark-Creator-UGC,Desktop,TikTok Ads,Awareness,Top,2025,2025-Q3,2025-09,3769.56,618384,269255,7233,76,5660.47,206053
2025-09-22,TT-Spark-Creator-UGC,Mobile,TikTok Ads,Awareness,Top,2025,2025-Q3,2025-09,4079.91,675591,273010,8484,74,5488.13,221458
2025-09-22,TT-Spark-Creator-UGC,Tablet,TikTok Ads,Awareness,Top,2025,2025-Q3,2025-09,803.94,129881,48130,1532,13,904.44,38947
2025-09-22,TT-Spark-Creator-UGC,Connected TV,TikTok Ads,Awareness,Top,2025,2025-Q3,2025-09,655,82739,32357,963,8,557.24,25779
2025-09-22,DV360-Display-Retarget,Desktop,Programmatic,Conversions,Middle,2025,2025-Q3,2025-09,4286.51,834198,340699,4049,81,11904.09,0
2025-09-22,DV360-Display-Retarget,Mobile,Programmatic,Conversions,Middle,2025,2025-Q3,2025-09,4944.9,971784,411241,5137,89,12883.71,0
2025-09-22,DV360-Display-Retarget,Tablet,Programmatic,Conversions,Middle,2025,2025-Q3,2025-09,924.69,177615,77250,836,12,1754.7,0
2025-09-22,DV360-Display-Retarget,Connected TV,Programmatic,Conversions,Middle,2025,2025-Q3,2025-09,698.83,101465,41284,492,8,1212.77,0
2025-09-22,DV360-CTV-Reach,Desktop,Programmatic,Awareness,Top,2025,2025-Q3,2025-09,4884.36,234731,101964,698,4,3129.05,73788
2025-09-22,DV360-CTV-Reach,Mobile,Programmatic,Awareness,Top,2025,2025-Q3,2025-09,5572.12,269803,110654,908,4,3114.32,82645
2025-09-22,DV360-CTV-Reach,Tablet,Programmatic,Awareness,Top,2025,2025-Q3,2025-09,1194.22,58389,24454,176,0,0,17571
2025-09-22,DV360-CTV-Reach,Connected TV,Programmatic,Awareness,Top,2025,2025-Q3,2025-09,905.72,32192,13758,95,0,0,10107
2025-09-29,BR-Search-Brand-Core,Desktop,Google Ads,Conversions,Bottom,2025,2025-Q3,2025-09,1867.69,17794,6701,1618,144,19807.11,0
2025-09-29,BR-Search-Brand-Core,Mobile,Google Ads,Conversions,Bottom,2025,2025-Q3,2025-09,2026.49,18783,7304,1834,135,19066.6,0
2025-09-29,BR-Search-Brand-Core,Tablet,Google Ads,Conversions,Bottom,2025,2025-Q3,2025-09,403.68,3778,1514,326,23,3212.44,0
2025-09-29,BR-Search-Brand-Core,Connected TV,Google Ads,Conversions,Bottom,2025,2025-Q3,2025-09,305.5,2161,816,207,13,1847.74,0
2025-09-29,NB-Search-Generic-Solutions,Desktop,Google Ads,Conversions,Middle,2025,2025-Q3,2025-09,7983.41,75213,29520,2652,81,19623.84,0
2025-09-29,NB-Search-Generic-Solutions,Mobile,Google Ads,Conversions,Middle,2025,2025-Q3,2025-09,9234.5,87521,36631,3294,87,21761.17,0
2025-09-29,NB-Search-Generic-Solutions,Tablet,Google Ads,Conversions,Middle,2025,2025-Q3,2025-09,1981.35,18234,7790,616,17,4213.26,0
2025-09-29,NB-Search-Generic-Solutions,Connected TV,Google Ads,Conversions,Middle,2025,2025-Q3,2025-09,1501.38,10037,4576,327,9,2287.66,0
2025-09-29,PMax-Retail-Feed,Desktop,Google Ads,Sales,Bottom,2025,2025-Q3,2025-09,7120.21,395860,186506,8434,397,32744.96,0
2025-09-29,PMax-Retail-Feed,Mobile,Google Ads,Sales,Bottom,2025,2025-Q3,2025-09,7619.28,431780,187572,9744,370,31268.42,0
2025-09-29,PMax-Retail-Feed,Tablet,Google Ads,Sales,Bottom,2025,2025-Q3,2025-09,1637.18,93527,39247,1993,79,6606.03,0
2025-09-29,PMax-Retail-Feed,Connected TV,Google Ads,Sales,Bottom,2025,2025-Q3,2025-09,1318.95,54504,23402,1146,47,3749.89,0
2025-09-29,YT-Awareness-InStream,Desktop,Google Ads,Awareness,Top,2025,2025-Q3,2025-09,4707.77,497846,196496,3221,23,4241.39,155864
2025-09-29,YT-Awareness-InStream,Mobile,Google Ads,Awareness,Top,2025,2025-Q3,2025-09,5107.21,507959,205334,3546,20,3734.55,165460
2025-09-29,YT-Awareness-InStream,Tablet,Google Ads,Awareness,Top,2025,2025-Q3,2025-09,1017.1,101907,43133,629,3,544.67,34474
2025-09-29,YT-Awareness-InStream,Connected TV,Google Ads,Awareness,Top,2025,2025-Q3,2025-09,769.5,57750,22190,374,0,0,19209
2025-09-29,FB-Prospecting-LAL-3pct,Desktop,Meta Ads,Traffic,Top,2025,2025-Q3,2025-09,5467.24,613182,248166,6101,91,8795.74,0
2025-09-29,FB-Prospecting-LAL-3pct,Mobile,Meta Ads,Traffic,Top,2025,2025-Q3,2025-09,6248.29,706371,300259,7602,94,9023.95,0
2025-09-29,FB-Prospecting-LAL-3pct,Tablet,Meta Ads,Traffic,Top,2025,2025-Q3,2025-09,1342.01,154861,67697,1483,18,1702.37,0
2025-09-29,FB-Prospecting-LAL-3pct,Connected TV,Meta Ads,Traffic,Top,2025,2025-Q3,2025-09,1026.89,85384,40369,795,11,1068.21,0
2025-09-29,IG-Retargeting-Cart-7d,Desktop,Meta Ads,Conversions,Bottom,2025,2025-Q3,2025-09,3945.62,285480,137713,5264,278,24011.2,0
2025-09-29,IG-Retargeting-Cart-7d,Mobile,Meta Ads,Conversions,Bottom,2025,2025-Q3,2025-09,4274.36,300607,136317,5926,257,22856.4,0
2025-09-29,IG-Retargeting-Cart-7d,Tablet,Meta Ads,Conversions,Bottom,2025,2025-Q3,2025-09,907.72,64540,27361,1191,53,4664.88,0
2025-09-29,IG-Retargeting-Cart-7d,Connected TV,Meta Ads,Conversions,Bottom,2025,2025-Q3,2025-09,740.7,39473,17631,719,33,2778.12,0
2025-09-29,FB-Catalog-DPA-Evergreen,Desktop,Meta Ads,Sales,Bottom,2025,2025-Q3,2025-09,5252.06,544560,219522,7814,342,27706.17,0
2025-09-29,FB-Catalog-DPA-Evergreen,Mobile,Meta Ads,Sales,Bottom,2025,2025-Q3,2025-09,5695.41,573515,244133,8974,324,26673.58,0
2025-09-29,FB-Catalog-DPA-Evergreen,Tablet,Meta Ads,Sales,Bottom,2025,2025-Q3,2025-09,1147.98,113288,50286,1569,57,4838.61,0
2025-09-29,FB-Catalog-DPA-Evergreen,Connected TV,Meta Ads,Sales,Bottom,2025,2025-Q3,2025-09,856.93,63255,25920,909,32,2670.06,0
2025-09-29,LI-ABM-Enterprise-Tier1,Desktop,LinkedIn Ads,Leads,Middle,2025,2025-Q3,2025-09,6813.08,137379,49923,756,18,15471.48,0
2025-09-29,LI-ABM-Enterprise-Tier1,Mobile,LinkedIn Ads,Leads,Middle,2025,2025-Q3,2025-09,7197.21,146860,57049,869,17,14321.09,0
2025-09-29,LI-ABM-Enterprise-Tier1,Tablet,LinkedIn Ads,Leads,Middle,2025,2025-Q3,2025-09,1546.74,31929,12846,170,4,3264.71,0
2025-09-29,LI-ABM-Enterprise-Tier1,Connected TV,LinkedIn Ads,Leads,Middle,2025,2025-Q3,2025-09,1261.65,18907,9036,98,0,0,0
2025-09-29,LI-Content-Whitepaper,Desktop,LinkedIn Ads,Leads,Middle,2025,2025-Q3,2025-09,2811.04,61859,27297,431,9,3797.09,0
2025-09-29,LI-Content-Whitepaper,Mobile,LinkedIn Ads,Leads,Middle,2025,2025-Q3,2025-09,3249.3,70004,32345,515,9,3971.07,0
2025-09-29,LI-Content-Whitepaper,Tablet,LinkedIn Ads,Leads,Middle,2025,2025-Q3,2025-09,646.84,14089,5351,99,0,0,0
2025-09-29,LI-Content-Whitepaper,Connected TV,LinkedIn Ads,Leads,Middle,2025,2025-Q3,2025-09,528.07,8574,3434,58,0,0,0
2025-09-29,TT-Spark-Creator-UGC,Desktop,TikTok Ads,Awareness,Top,2025,2025-Q3,2025-09,3574.27,598581,252701,6773,70,4927.73,179437
2025-09-29,TT-Spark-Creator-UGC,Mobile,TikTok Ads,Awareness,Top,2025,2025-Q3,2025-09,4074.22,660654,285355,8038,71,5153.6,208801
2025-09-29,TT-Spark-Creator-UGC,Tablet,TikTok Ads,Awareness,Top,2025,2025-Q3,2025-09,821.77,130190,59455,1396,11,812.33,42615
2025-09-29,TT-Spark-Creator-UGC,Connected TV,TikTok Ads,Awareness,Top,2025,2025-Q3,2025-09,628.63,74508,31169,836,7,519.93,23925
2025-09-29,DV360-Display-Retarget,Desktop,Programmatic,Conversions,Middle,2025,2025-Q3,2025-09,4431.89,841311,315377,4209,87,12992.77,0
2025-09-29,DV360-Display-Retarget,Mobile,Programmatic,Conversions,Middle,2025,2025-Q3,2025-09,4749.3,911728,322804,4959,84,12413.11,0
2025-09-29,DV360-Display-Retarget,Tablet,Programmatic,Conversions,Middle,2025,2025-Q3,2025-09,1006.04,196592,72588,951,16,2318.22,0
2025-09-29,DV360-Display-Retarget,Connected TV,Programmatic,Conversions,Middle,2025,2025-Q3,2025-09,771.96,108721,47630,513,9,1355.17,0
2025-09-29,DV360-CTV-Reach,Desktop,Programmatic,Awareness,Top,2025,2025-Q3,2025-09,4934.59,240503,96221,742,4,3118.83,73498
2025-09-29,DV360-CTV-Reach,Mobile,Programmatic,Awareness,Top,2025,2025-Q3,2025-09,5349.61,253864,105582,779,3,2405.46,86441
2025-09-29,DV360-CTV-Reach,Tablet,Programmatic,Awareness,Top,2025,2025-Q3,2025-09,1051.04,50878,19564,150,0,0,16187
2025-09-29,DV360-CTV-Reach,Connected TV,Programmatic,Awareness,Top,2025,2025-Q3,2025-09,859.02,30986,12684,94,0,0,9525
2025-10-06,BR-Search-Brand-Core,Desktop,Google Ads,Conversions,Bottom,2025,2025-Q4,2025-10,1795.88,16063,6551,1483,128,18044.22,0
2025-10-06,BR-Search-Brand-Core,Mobile,Google Ads,Conversions,Bottom,2025,2025-Q4,2025-10,2070.23,19457,7431,1950,146,20408.34,0
2025-10-06,BR-Search-Brand-Core,Tablet,Google Ads,Conversions,Bottom,2025,2025-Q4,2025-10,412.95,3802,1478,341,26,3698.27,0
2025-10-06,BR-Search-Brand-Core,Connected TV,Google Ads,Conversions,Bottom,2025,2025-Q4,2025-10,293.41,1953,781,170,11,1611.11,0
2025-10-06,NB-Search-Generic-Solutions,Desktop,Google Ads,Conversions,Middle,2025,2025-Q4,2025-10,8816.04,80597,34375,2548,86,21461.78,0
2025-10-06,NB-Search-Generic-Solutions,Mobile,Google Ads,Conversions,Middle,2025,2025-Q4,2025-10,8874.24,82114,30995,3004,80,19702.87,0
2025-10-06,NB-Search-Generic-Solutions,Tablet,Google Ads,Conversions,Middle,2025,2025-Q4,2025-10,1882.55,17715,7170,613,18,4416.21,0
2025-10-06,NB-Search-Generic-Solutions,Connected TV,Google Ads,Conversions,Middle,2025,2025-Q4,2025-10,1535.13,10814,4089,368,11,2633.75,0
2025-10-06,PMax-Retail-Feed,Desktop,Google Ads,Sales,Bottom,2025,2025-Q4,2025-10,7198.48,425665,167464,8726,411,32417.84,0
2025-10-06,PMax-Retail-Feed,Mobile,Google Ads,Sales,Bottom,2025,2025-Q4,2025-10,7808.06,451136,182430,10651,418,33443.95,0
2025-10-06,PMax-Retail-Feed,Tablet,Google Ads,Sales,Bottom,2025,2025-Q4,2025-10,1573.98,88908,37391,1860,72,5910.8,0
2025-10-06,PMax-Retail-Feed,Connected TV,Google Ads,Sales,Bottom,2025,2025-Q4,2025-10,1175.69,49700,19721,1077,40,3226.78,0
2025-10-06,YT-Awareness-InStream,Desktop,Google Ads,Awareness,Top,2025,2025-Q4,2025-10,4525.65,449035,185452,2807,20,3640.96,135913
2025-10-06,YT-Awareness-InStream,Mobile,Google Ads,Awareness,Top,2025,2025-Q4,2025-10,5158.08,540906,215459,3831,23,4109.71,161369
2025-10-06,YT-Awareness-InStream,Tablet,Google Ads,Awareness,Top,2025,2025-Q4,2025-10,1104.29,112494,45861,716,6,1087.93,34812
2025-10-06,YT-Awareness-InStream,Connected TV,Google Ads,Awareness,Top,2025,2025-Q4,2025-10,778.51,57793,23531,364,0,0,18580
2025-10-06,FB-Prospecting-LAL-3pct,Desktop,Meta Ads,Traffic,Top,2025,2025-Q4,2025-10,6044.55,687275,301214,6642,103,9870.22,0
2025-10-06,FB-Prospecting-LAL-3pct,Mobile,Meta Ads,Traffic,Top,2025,2025-Q4,2025-10,6478.42,749072,296693,8265,104,9788.94,0
2025-10-06,FB-Prospecting-LAL-3pct,Tablet,Meta Ads,Traffic,Top,2025,2025-Q4,2025-10,1290.07,150911,55496,1493,18,1686.92,0
2025-10-06,FB-Prospecting-LAL-3pct,Connected TV,Meta Ads,Traffic,Top,2025,2025-Q4,2025-10,1040.1,91087,34826,932,12,1103.03,0
2025-10-06,IG-Retargeting-Cart-7d,Desktop,Meta Ads,Conversions,Bottom,2025,2025-Q4,2025-10,4041.09,295372,119530,5607,301,25743.11,0
2025-10-06,IG-Retargeting-Cart-7d,Mobile,Meta Ads,Conversions,Bottom,2025,2025-Q4,2025-10,4337.11,321521,131582,6683,298,25093.5,0
2025-10-06,IG-Retargeting-Cart-7d,Tablet,Meta Ads,Conversions,Bottom,2025,2025-Q4,2025-10,872.16,63474,27061,1154,51,4570.88,0
2025-10-06,IG-Retargeting-Cart-7d,Connected TV,Meta Ads,Conversions,Bottom,2025,2025-Q4,2025-10,659.42,35953,14341,685,30,2664.14,0
2025-10-06,FB-Catalog-DPA-Evergreen,Desktop,Meta Ads,Sales,Bottom,2025,2025-Q4,2025-10,5045.91,511909,219109,7159,309,25353.64,0
2025-10-06,FB-Catalog-DPA-Evergreen,Mobile,Meta Ads,Sales,Bottom,2025,2025-Q4,2025-10,5825.76,618490,247457,9892,366,29957.35,0
2025-10-06,FB-Catalog-DPA-Evergreen,Tablet,Meta Ads,Sales,Bottom,2025,2025-Q4,2025-10,1233.65,128348,54087,1824,71,5705.33,0
2025-10-06,FB-Catalog-DPA-Evergreen,Connected TV,Meta Ads,Sales,Bottom,2025,2025-Q4,2025-10,878.72,66118,28111,936,34,2782.17,0
2025-10-06,LI-ABM-Enterprise-Tier1,Desktop,LinkedIn Ads,Leads,Middle,2025,2025-Q4,2025-10,6885.91,141827,64402,758,19,15941.68,0
2025-10-06,LI-ABM-Enterprise-Tier1,Mobile,LinkedIn Ads,Leads,Middle,2025,2025-Q4,2025-10,7467.14,155319,64769,951,18,15381.72,0
2025-10-06,LI-ABM-Enterprise-Tier1,Tablet,LinkedIn Ads,Leads,Middle,2025,2025-Q4,2025-10,1467.71,30006,11564,174,4,3204.92,0
2025-10-06,LI-ABM-Enterprise-Tier1,Connected TV,LinkedIn Ads,Leads,Middle,2025,2025-Q4,2025-10,1198.95,18246,7379,104,0,0,0
2025-10-06,LI-Content-Whitepaper,Desktop,LinkedIn Ads,Leads,Middle,2025,2025-Q4,2025-10,2844.52,61175,25939,438,8,3471.33,0
2025-10-06,LI-Content-Whitepaper,Mobile,LinkedIn Ads,Leads,Middle,2025,2025-Q4,2025-10,3083.62,67264,29281,522,10,4258.81,0
2025-10-06,LI-Content-Whitepaper,Tablet,LinkedIn Ads,Leads,Middle,2025,2025-Q4,2025-10,621.35,13198,5968,90,0,0,0
2025-10-06,LI-Content-Whitepaper,Connected TV,LinkedIn Ads,Leads,Middle,2025,2025-Q4,2025-10,501.67,8017,3280,57,0,0,0
2025-10-06,TT-Spark-Creator-UGC,Desktop,TikTok Ads,Awareness,Top,2025,2025-Q4,2025-10,3433.09,561542,243393,6163,66,4732.57,174817
2025-10-06,TT-Spark-Creator-UGC,Mobile,TikTok Ads,Awareness,Top,2025,2025-Q4,2025-10,3918.01,651091,266544,8079,69,4894.66,197700
2025-10-06,TT-Spark-Creator-UGC,Tablet,TikTok Ads,Awareness,Top,2025,2025-Q4,2025-10,840.04,141130,53773,1572,13,914.34,42101
2025-10-06,TT-Spark-Creator-UGC,Connected TV,TikTok Ads,Awareness,Top,2025,2025-Q4,2025-10,590.25,72212,27474,792,6,431.35,22289
2025-10-06,DV360-Display-Retarget,Desktop,Programmatic,Conversions,Middle,2025,2025-Q4,2025-10,4211.79,819788,334599,3766,80,11740.19,0
2025-10-06,DV360-Display-Retarget,Mobile,Programmatic,Conversions,Middle,2025,2025-Q4,2025-10,4807.63,911678,387204,4732,83,12518.87,0
2025-10-06,DV360-Display-Retarget,Tablet,Programmatic,Conversions,Middle,2025,2025-Q4,2025-10,967.65,185358,73613,913,13,1908.01,0
2025-10-06,DV360-Display-Retarget,Connected TV,Programmatic,Conversions,Middle,2025,2025-Q4,2025-10,725.77,104317,43876,507,8,1175.87,0
2025-10-06,DV360-CTV-Reach,Desktop,Programmatic,Awareness,Top,2025,2025-Q4,2025-10,5044.4,239261,94332,707,4,3203.52,75585
2025-10-06,DV360-CTV-Reach,Mobile,Programmatic,Awareness,Top,2025,2025-Q4,2025-10,5473.98,263070,105271,849,4,3212.72,81258
2025-10-06,DV360-CTV-Reach,Tablet,Programmatic,Awareness,Top,2025,2025-Q4,2025-10,1090.83,51342,21230,146,0,0,16411
2025-10-06,DV360-CTV-Reach,Connected TV,Programmatic,Awareness,Top,2025,2025-Q4,2025-10,825.79,29088,10770,87,0,0,9132
2025-10-13,BR-Search-Brand-Core,Desktop,Google Ads,Conversions,Bottom,2025,2025-Q4,2025-10,1708.51,15669,6677,1333,114,16247.7,0
2025-10-13,BR-Search-Brand-Core,Mobile,Google Ads,Conversions,Bottom,2025,2025-Q4,2025-10,1831.6,17071,7515,1652,114,15938.31,0
2025-10-13,BR-Search-Brand-Core,Tablet,Google Ads,Conversions,Bottom,2025,2025-Q4,2025-10,392.94,3690,1542,338,22,3059.57,0
2025-10-13,BR-Search-Brand-Core,Connected TV,Google Ads,Conversions,Bottom,2025,2025-Q4,2025-10,317.32,2232,969,201,15,2069.62,0
2025-10-13,NB-Search-Generic-Solutions,Desktop,Google Ads,Conversions,Middle,2025,2025-Q4,2025-10,8394.9,78350,32009,2738,90,21911.99,0
2025-10-13,NB-Search-Generic-Solutions,Mobile,Google Ads,Conversions,Middle,2025,2025-Q4,2025-10,8993.36,81446,38667,3098,85,21296.74,0
2025-10-13,NB-Search-Generic-Solutions,Tablet,Google Ads,Conversions,Middle,2025,2025-Q4,2025-10,1812.69,16086,7084,537,15,3841.48,0
2025-10-13,NB-Search-Generic-Solutions,Connected TV,Google Ads,Conversions,Middle,2025,2025-Q4,2025-10,1370.99,9111,3658,319,9,2286.44,0
2025-10-13,PMax-Retail-Feed,Desktop,Google Ads,Sales,Bottom,2025,2025-Q4,2025-10,6407.75,357190,151155,7533,347,28676.37,0
2025-10-13,PMax-Retail-Feed,Mobile,Google Ads,Sales,Bottom,2025,2025-Q4,2025-10,7421.39,416740,184100,9507,378,31056.1,0
2025-10-13,PMax-Retail-Feed,Tablet,Google Ads,Sales,Bottom,2025,2025-Q4,2025-10,1692.84,96406,43526,1945,81,6637.74,0
2025-10-13,PMax-Retail-Feed,Connected TV,Google Ads,Sales,Bottom,2025,2025-Q4,2025-10,1299.29,53585,22657,1054,44,3670.52,0
2025-10-13,YT-Awareness-InStream,Desktop,Google Ads,Awareness,Top,2025,2025-Q4,2025-10,4583.96,468164,203851,2843,19,3491.99,146550
2025-10-13,YT-Awareness-InStream,Mobile,Google Ads,Awareness,Top,2025,2025-Q4,2025-10,4971.43,512377,204898,3333,19,3457.81,155725
2025-10-13,YT-Awareness-InStream,Tablet,Google Ads,Awareness,Top,2025,2025-Q4,2025-10,990.08,103709,38599,639,5,863.76,30976
2025-10-13,YT-Awareness-InStream,Connected TV,Google Ads,Awareness,Top,2025,2025-Q4,2025-10,798.17,62540,24839,376,0,0,19597
2025-10-13,FB-Prospecting-LAL-3pct,Desktop,Meta Ads,Traffic,Top,2025,2025-Q4,2025-10,5753.74,670902,277242,6646,99,9330.14,0
2025-10-13,FB-Prospecting-LAL-3pct,Mobile,Meta Ads,Traffic,Top,2025,2025-Q4,2025-10,6555.87,740383,317502,7961,102,9807.37,0
2025-10-13,FB-Prospecting-LAL-3pct,Tablet,Meta Ads,Traffic,Top,2025,2025-Q4,2025-10,1322.48,145251,64844,1377,18,1790.07,0
2025-10-13,FB-Prospecting-LAL-3pct,Connected TV,Meta Ads,Traffic,Top,2025,2025-Q4,2025-10,1001.68,82947,33986,818,10,973.22,0
2025-10-13,IG-Retargeting-Cart-7d,Desktop,Meta Ads,Conversions,Bottom,2025,2025-Q4,2025-10,3849.26,274749,119098,5411,288,25130.43,0
2025-10-13,IG-Retargeting-Cart-7d,Mobile,Meta Ads,Conversions,Bottom,2025,2025-Q4,2025-10,4446.46,323070,130782,6825,311,26705.17,0
2025-10-13,IG-Retargeting-Cart-7d,Tablet,Meta Ads,Conversions,Bottom,2025,2025-Q4,2025-10,950.98,69794,29365,1238,58,4945.74,0
2025-10-13,IG-Retargeting-Cart-7d,Connected TV,Meta Ads,Conversions,Bottom,2025,2025-Q4,2025-10,722.65,38243,16367,700,32,2789.29,0
2025-10-13,FB-Catalog-DPA-Evergreen,Desktop,Meta Ads,Sales,Bottom,2025,2025-Q4,2025-10,5176.89,532711,208990,7287,324,26269.68,0
2025-10-13,FB-Catalog-DPA-Evergreen,Mobile,Meta Ads,Sales,Bottom,2025,2025-Q4,2025-10,5544.92,576185,233057,8958,323,25919.16,0
2025-10-13,FB-Catalog-DPA-Evergreen,Tablet,Meta Ads,Sales,Bottom,2025,2025-Q4,2025-10,1103.5,116977,44538,1724,61,5005.64,0
2025-10-13,FB-Catalog-DPA-Evergreen,Connected TV,Meta Ads,Sales,Bottom,2025,2025-Q4,2025-10,901.35,71529,28549,1037,37,3012.81,0
2025-10-13,LI-ABM-Enterprise-Tier1,Desktop,LinkedIn Ads,Leads,Middle,2025,2025-Q4,2025-10,6548.95,136910,57875,755,19,16289.64,0
2025-10-13,LI-ABM-Enterprise-Tier1,Mobile,LinkedIn Ads,Leads,Middle,2025,2025-Q4,2025-10,7558.78,154445,66662,925,20,16849.79,0
2025-10-13,LI-ABM-Enterprise-Tier1,Tablet,LinkedIn Ads,Leads,Middle,2025,2025-Q4,2025-10,1506.06,29980,13811,157,4,3311.64,0
2025-10-13,LI-ABM-Enterprise-Tier1,Connected TV,LinkedIn Ads,Leads,Middle,2025,2025-Q4,2025-10,1154.35,17200,7362,94,0,0,0
2025-10-13,LI-Content-Whitepaper,Desktop,LinkedIn Ads,Leads,Middle,2025,2025-Q4,2025-10,2736.5,60195,27254,447,10,4369.44,0
2025-10-13,LI-Content-Whitepaper,Mobile,LinkedIn Ads,Leads,Middle,2025,2025-Q4,2025-10,3162.92,70139,29723,591,11,4746.62,0
2025-10-13,LI-Content-Whitepaper,Tablet,LinkedIn Ads,Leads,Middle,2025,2025-Q4,2025-10,670.26,14511,6293,102,0,0,0
2025-10-13,LI-Content-Whitepaper,Connected TV,LinkedIn Ads,Leads,Middle,2025,2025-Q4,2025-10,514.17,8013,3581,57,0,0,0
2025-10-13,TT-Spark-Creator-UGC,Desktop,TikTok Ads,Awareness,Top,2025,2025-Q4,2025-10,3480.51,558972,228973,6365,67,4882.91,181233
2025-10-13,TT-Spark-Creator-UGC,Mobile,TikTok Ads,Awareness,Top,2025,2025-Q4,2025-10,3773.13,610936,261094,7466,65,4703.91,205530
2025-10-13,TT-Spark-Creator-UGC,Tablet,TikTok Ads,Awareness,Top,2025,2025-Q4,2025-10,750.67,122918,47642,1413,12,863.83,40651
2025-10-13,TT-Spark-Creator-UGC,Connected TV,TikTok Ads,Awareness,Top,2025,2025-Q4,2025-10,605.99,75069,31687,851,7,519.22,24249
2025-10-13,DV360-Display-Retarget,Desktop,Programmatic,Conversions,Middle,2025,2025-Q4,2025-10,3961.64,750787,322343,3580,70,10416.09,0
2025-10-13,DV360-Display-Retarget,Mobile,Programmatic,Conversions,Middle,2025,2025-Q4,2025-10,4577.34,885471,391066,4543,77,11320.05,0
2025-10-13,DV360-Display-Retarget,Tablet,Programmatic,Conversions,Middle,2025,2025-Q4,2025-10,921.02,173301,72185,786,12,1792.85,0
2025-10-13,DV360-Display-Retarget,Connected TV,Programmatic,Conversions,Middle,2025,2025-Q4,2025-10,698.38,98898,42541,464,9,1345.76,0
2025-10-13,DV360-CTV-Reach,Desktop,Programmatic,Awareness,Top,2025,2025-Q4,2025-10,4502.79,211083,96734,652,3,2378.12,68162
2025-10-13,DV360-CTV-Reach,Mobile,Programmatic,Awareness,Top,2025,2025-Q4,2025-10,5143.36,245033,104843,852,4,3130.66,77815
2025-10-13,DV360-CTV-Reach,Tablet,Programmatic,Awareness,Top,2025,2025-Q4,2025-10,1104.03,52947,23900,155,0,0,16496
2025-10-13,DV360-CTV-Reach,Connected TV,Programmatic,Awareness,Top,2025,2025-Q4,2025-10,836.57,28846,13352,84,0,0,8858
2025-10-20,BR-Search-Brand-Core,Desktop,Google Ads,Conversions,Bottom,2025,2025-Q4,2025-10,1738.46,16110,6368,1501,130,18335.26,0
2025-10-20,BR-Search-Brand-Core,Mobile,Google Ads,Conversions,Bottom,2025,2025-Q4,2025-10,1885.16,17861,7444,1812,129,18554.24,0
2025-10-20,BR-Search-Brand-Core,Tablet,Google Ads,Conversions,Bottom,2025,2025-Q4,2025-10,379.18,3500,1516,314,23,3397.28,0
2025-10-20,BR-Search-Brand-Core,Connected TV,Google Ads,Conversions,Bottom,2025,2025-Q4,2025-10,283.72,1893,745,177,12,1728.57,0
2025-10-20,NB-Search-Generic-Solutions,Desktop,Google Ads,Conversions,Middle,2025,2025-Q4,2025-10,8101.36,76980,32063,2628,78,19427.54,0
2025-10-20,NB-Search-Generic-Solutions,Mobile,Google Ads,Conversions,Middle,2025,2025-Q4,2025-10,8563.34,79573,34893,3093,79,19265.2,0
2025-10-20,NB-Search-Generic-Solutions,Tablet,Google Ads,Conversions,Middle,2025,2025-Q4,2025-10,1840.46,17309,7888,572,14,3355.05,0
2025-10-20,NB-Search-Generic-Solutions,Connected TV,Google Ads,Conversions,Middle,2025,2025-Q4,2025-10,1393.34,9434,4463,299,8,1995.48,0
2025-10-20,PMax-Retail-Feed,Desktop,Google Ads,Sales,Bottom,2025,2025-Q4,2025-10,7123.05,403719,179192,8321,401,32577.75,0
2025-10-20,PMax-Retail-Feed,Mobile,Google Ads,Sales,Bottom,2025,2025-Q4,2025-10,7632.31,424439,174884,9977,394,32760.58,0
2025-10-20,PMax-Retail-Feed,Tablet,Google Ads,Sales,Bottom,2025,2025-Q4,2025-10,1519.42,85477,32653,1890,73,5971.9,0
2025-10-20,PMax-Retail-Feed,Connected TV,Google Ads,Sales,Bottom,2025,2025-Q4,2025-10,1240.41,51942,20587,1132,45,3674.01,0
2025-10-20,YT-Awareness-InStream,Desktop,Google Ads,Awareness,Top,2025,2025-Q4,2025-10,4371.42,434100,182346,2719,18,3375.06,131118
2025-10-20,YT-Awareness-InStream,Mobile,Google Ads,Awareness,Top,2025,2025-Q4,2025-10,4739.4,477287,203298,3267,19,3525.28,150172
2025-10-20,YT-Awareness-InStream,Tablet,Google Ads,Awareness,Top,2025,2025-Q4,2025-10,1017.43,100349,40087,599,4,739.15,33269
2025-10-20,YT-Awareness-InStream,Connected TV,Google Ads,Awareness,Top,2025,2025-Q4,2025-10,770.79,56880,20393,355,0,0,18284
2025-10-20,FB-Prospecting-LAL-3pct,Desktop,Meta Ads,Traffic,Top,2025,2025-Q4,2025-10,5907.61,672849,257455,6441,93,8922.32,0
2025-10-20,FB-Prospecting-LAL-3pct,Mobile,Meta Ads,Traffic,Top,2025,2025-Q4,2025-10,5865.28,678171,268181,7506,89,8402.99,0
2025-10-20,FB-Prospecting-LAL-3pct,Tablet,Meta Ads,Traffic,Top,2025,2025-Q4,2025-10,1245.55,146292,60258,1359,17,1583.53,0
2025-10-20,FB-Prospecting-LAL-3pct,Connected TV,Meta Ads,Traffic,Top,2025,2025-Q4,2025-10,954.57,80932,35121,730,10,956.33,0
2025-10-20,IG-Retargeting-Cart-7d,Desktop,Meta Ads,Conversions,Bottom,2025,2025-Q4,2025-10,3959.22,291094,116344,5187,285,24223.12,0
2025-10-20,IG-Retargeting-Cart-7d,Mobile,Meta Ads,Conversions,Bottom,2025,2025-Q4,2025-10,4292.61,307216,129583,6256,281,24467.31,0
2025-10-20,IG-Retargeting-Cart-7d,Tablet,Meta Ads,Conversions,Bottom,2025,2025-Q4,2025-10,843.52,61050,23723,1182,51,4375.25,0
2025-10-20,IG-Retargeting-Cart-7d,Connected TV,Meta Ads,Conversions,Bottom,2025,2025-Q4,2025-10,689.36,37533,15412,709,31,2647.39,0
2025-10-20,FB-Catalog-DPA-Evergreen,Desktop,Meta Ads,Sales,Bottom,2025,2025-Q4,2025-10,5260.23,526300,203799,7371,333,27761.16,0
2025-10-20,FB-Catalog-DPA-Evergreen,Mobile,Meta Ads,Sales,Bottom,2025,2025-Q4,2025-10,5696.68,582420,228520,8857,342,27900.3,0
2025-10-20,FB-Catalog-DPA-Evergreen,Tablet,Meta Ads,Sales,Bottom,2025,2025-Q4,2025-10,1149,114210,46257,1534,59,4943.67,0
2025-10-20,FB-Catalog-DPA-Evergreen,Connected TV,Meta Ads,Sales,Bottom,2025,2025-Q4,2025-10,925.29,69202,25581,1025,37,3069.35,0
2025-10-20,LI-ABM-Enterprise-Tier1,Desktop,LinkedIn Ads,Leads,Middle,2025,2025-Q4,2025-10,6811.73,138610,53783,738,18,15105.76,0
2025-10-20,LI-ABM-Enterprise-Tier1,Mobile,LinkedIn Ads,Leads,Middle,2025,2025-Q4,2025-10,7209.58,149664,54649,968,19,15878.85,0
2025-10-20,LI-ABM-Enterprise-Tier1,Tablet,LinkedIn Ads,Leads,Middle,2025,2025-Q4,2025-10,1546.55,32445,12381,177,4,3208.07,0
2025-10-20,LI-ABM-Enterprise-Tier1,Connected TV,LinkedIn Ads,Leads,Middle,2025,2025-Q4,2025-10,1172.26,17849,6942,96,0,0,0
2025-10-20,LI-Content-Whitepaper,Desktop,LinkedIn Ads,Leads,Middle,2025,2025-Q4,2025-10,2816.08,63159,25781,457,9,3759.23,0
2025-10-20,LI-Content-Whitepaper,Mobile,LinkedIn Ads,Leads,Middle,2025,2025-Q4,2025-10,3052.63,66927,28417,519,8,3441.68,0
2025-10-20,LI-Content-Whitepaper,Tablet,LinkedIn Ads,Leads,Middle,2025,2025-Q4,2025-10,599.55,13282,5319,97,0,0,0
2025-10-20,LI-Content-Whitepaper,Connected TV,LinkedIn Ads,Leads,Middle,2025,2025-Q4,2025-10,490.28,8095,3422,59,0,0,0
2025-10-20,TT-Spark-Creator-UGC,Desktop,TikTok Ads,Awareness,Top,2025,2025-Q4,2025-10,3574.11,583376,235486,6753,71,4964.85,182671
2025-10-20,TT-Spark-Creator-UGC,Mobile,TikTok Ads,Awareness,Top,2025,2025-Q4,2025-10,4115.9,677566,278851,8530,78,5574.14,208429
2025-10-20,TT-Spark-Creator-UGC,Tablet,TikTok Ads,Awareness,Top,2025,2025-Q4,2025-10,821.21,132727,55265,1493,14,1016.61,42604
2025-10-20,TT-Spark-Creator-UGC,Connected TV,TikTok Ads,Awareness,Top,2025,2025-Q4,2025-10,630,76051,29352,889,8,580.77,25290
2025-10-20,DV360-Display-Retarget,Desktop,Programmatic,Conversions,Middle,2025,2025-Q4,2025-10,4125.28,766011,308751,3732,76,11161.94,0
2025-10-20,DV360-Display-Retarget,Mobile,Programmatic,Conversions,Middle,2025,2025-Q4,2025-10,4417.41,866335,321219,4858,79,11392.34,0
2025-10-20,DV360-Display-Retarget,Tablet,Programmatic,Conversions,Middle,2025,2025-Q4,2025-10,936.8,187143,72322,931,16,2288.6,0
2025-10-20,DV360-Display-Retarget,Connected TV,Programmatic,Conversions,Middle,2025,2025-Q4,2025-10,718.44,103421,42159,509,10,1513.87,0
2025-10-20,DV360-CTV-Reach,Desktop,Programmatic,Awareness,Top,2025,2025-Q4,2025-10,4587.75,226739,93678,681,3,2353.71,72238
2025-10-20,DV360-CTV-Reach,Mobile,Programmatic,Awareness,Top,2025,2025-Q4,2025-10,4960.97,240686,107613,774,2,1576.86,79169
2025-10-20,DV360-CTV-Reach,Tablet,Programmatic,Awareness,Top,2025,2025-Q4,2025-10,986.35,48402,19480,147,0,0,15651
2025-10-20,DV360-CTV-Reach,Connected TV,Programmatic,Awareness,Top,2025,2025-Q4,2025-10,796.97,28188,12072,83,0,0,8830
2025-10-27,BR-Search-Brand-Core,Desktop,Google Ads,Conversions,Bottom,2025,2025-Q4,2025-10,1821.52,16659,6961,1509,127,18058.63,0
2025-10-27,BR-Search-Brand-Core,Mobile,Google Ads,Conversions,Bottom,2025,2025-Q4,2025-10,2115.08,19609,7717,1912,139,19594.43,0
2025-10-27,BR-Search-Brand-Core,Tablet,Google Ads,Conversions,Bottom,2025,2025-Q4,2025-10,450.66,4222,1728,387,30,4196.53,0
2025-10-27,BR-Search-Brand-Core,Connected TV,Google Ads,Conversions,Bottom,2025,2025-Q4,2025-10,342.6,2308,998,208,16,2305.22,0
2025-10-27,NB-Search-Generic-Solutions,Desktop,Google Ads,Conversions,Middle,2025,2025-Q4,2025-10,8975.57,83500,32705,2920,97,24645.44,0
2025-10-27,NB-Search-Generic-Solutions,Mobile,Google Ads,Conversions,Middle,2025,2025-Q4,2025-10,9652.08,91260,37286,3460,93,23358.58,0
2025-10-27,NB-Search-Generic-Solutions,Tablet,Google Ads,Conversions,Middle,2025,2025-Q4,2025-10,1919.45,18427,6826,665,18,4425.18,0
2025-10-27,NB-Search-Generic-Solutions,Connected TV,Google Ads,Conversions,Middle,2025,2025-Q4,2025-10,1578.96,10931,4348,382,10,2446.81,0
2025-10-27,PMax-Retail-Feed,Desktop,Google Ads,Sales,Bottom,2025,2025-Q4,2025-10,7398.16,427870,179123,9067,424,35110.38,0
2025-10-27,PMax-Retail-Feed,Mobile,Google Ads,Sales,Bottom,2025,2025-Q4,2025-10,8582.48,482899,213810,10950,446,35564.01,0
2025-10-27,PMax-Retail-Feed,Tablet,Google Ads,Sales,Bottom,2025,2025-Q4,2025-10,1714.7,97044,43377,1975,79,6446.9,0
2025-10-27,PMax-Retail-Feed,Connected TV,Google Ads,Sales,Bottom,2025,2025-Q4,2025-10,1287.09,55284,22569,1170,47,3767.76,0
2025-10-27,YT-Awareness-InStream,Desktop,Google Ads,Awareness,Top,2025,2025-Q4,2025-10,4583.39,465710,202972,2853,19,3636.27,144753
2025-10-27,YT-Awareness-InStream,Mobile,Google Ads,Awareness,Top,2025,2025-Q4,2025-10,5266.36,547130,220163,3822,23,4174.44,166202
2025-10-27,YT-Awareness-InStream,Tablet,Google Ads,Awareness,Top,2025,2025-Q4,2025-10,1135.16,117945,49791,735,5,882.47,35199
2025-10-27,YT-Awareness-InStream,Connected TV,Google Ads,Awareness,Top,2025,2025-Q4,2025-10,862.77,65011,28311,397,0,0,20387
2025-10-27,FB-Prospecting-LAL-3pct,Desktop,Meta Ads,Traffic,Top,2025,2025-Q4,2025-10,6145.37,683094,281405,6803,102,9933.46,0
2025-10-27,FB-Prospecting-LAL-3pct,Mobile,Meta Ads,Traffic,Top,2025,2025-Q4,2025-10,6596.74,749867,312637,8093,99,9564.77,0
2025-10-27,FB-Prospecting-LAL-3pct,Tablet,Meta Ads,Traffic,Top,2025,2025-Q4,2025-10,1313.43,152060,59577,1551,19,1860.4,0
2025-10-27,FB-Prospecting-LAL-3pct,Connected TV,Meta Ads,Traffic,Top,2025,2025-Q4,2025-10,1079.53,92900,38520,926,11,1067.57,0
2025-10-27,IG-Retargeting-Cart-7d,Desktop,Meta Ads,Conversions,Bottom,2025,2025-Q4,2025-10,4149.54,299841,132214,5519,291,25191.7,0
2025-10-27,IG-Retargeting-Cart-7d,Mobile,Meta Ads,Conversions,Bottom,2025,2025-Q4,2025-10,4817.04,349358,159665,6954,322,27847.37,0
2025-10-27,IG-Retargeting-Cart-7d,Tablet,Meta Ads,Conversions,Bottom,2025,2025-Q4,2025-10,951.4,67354,31369,1183,56,4942.76,0
2025-10-27,IG-Retargeting-Cart-7d,Connected TV,Meta Ads,Conversions,Bottom,2025,2025-Q4,2025-10,721.85,38489,16207,714,33,2860.8,0
2025-10-27,FB-Catalog-DPA-Evergreen,Desktop,Meta Ads,Sales,Bottom,2025,2025-Q4,2025-10,5107.94,504993,223811,6857,298,25131.18,0
2025-10-27,FB-Catalog-DPA-Evergreen,Mobile,Meta Ads,Sales,Bottom,2025,2025-Q4,2025-10,5952.04,625117,258279,9838,353,28041.55,0
2025-10-27,FB-Catalog-DPA-Evergreen,Tablet,Meta Ads,Sales,Bottom,2025,2025-Q4,2025-10,1268.01,133634,58667,1851,70,5555.53,0
2025-10-27,FB-Catalog-DPA-Evergreen,Connected TV,Meta Ads,Sales,Bottom,2025,2025-Q4,2025-10,964.72,73679,30211,997,37,2994,0
2025-10-27,LI-ABM-Enterprise-Tier1,Desktop,LinkedIn Ads,Leads,Middle,2025,2025-Q4,2025-10,7009.76,140060,60514,767,18,15336.52,0
2025-10-27,LI-ABM-Enterprise-Tier1,Mobile,LinkedIn Ads,Leads,Middle,2025,2025-Q4,2025-10,7520.17,146627,64955,868,17,14985.42,0
2025-10-27,LI-ABM-Enterprise-Tier1,Tablet,LinkedIn Ads,Leads,Middle,2025,2025-Q4,2025-10,1514.41,30050,12029,171,3,2429.64,0
2025-10-27,LI-ABM-Enterprise-Tier1,Connected TV,LinkedIn Ads,Leads,Middle,2025,2025-Q4,2025-10,1317.31,19668,7485,108,0,0,0
2025-10-27,LI-Content-Whitepaper,Desktop,LinkedIn Ads,Leads,Middle,2025,2025-Q4,2025-10,2953.47,64751,28954,450,8,3416.4,0
2025-10-27,LI-Content-Whitepaper,Mobile,LinkedIn Ads,Leads,Middle,2025,2025-Q4,2025-10,3624.27,80110,33485,629,10,4294.69,0
2025-10-27,LI-Content-Whitepaper,Tablet,LinkedIn Ads,Leads,Middle,2025,2025-Q4,2025-10,724.72,15588,6685,103,0,0,0
2025-10-27,LI-Content-Whitepaper,Connected TV,LinkedIn Ads,Leads,Middle,2025,2025-Q4,2025-10,544.63,8848,3388,61,0,0,0
2025-10-27,TT-Spark-Creator-UGC,Desktop,TikTok Ads,Awareness,Top,2025,2025-Q4,2025-10,3727.73,594717,239891,6328,65,4811.82,180498
2025-10-27,TT-Spark-Creator-UGC,Mobile,TikTok Ads,Awareness,Top,2025,2025-Q4,2025-10,3993.47,679412,252450,8361,70,4841.1,199353
2025-10-27,TT-Spark-Creator-UGC,Tablet,TikTok Ads,Awareness,Top,2025,2025-Q4,2025-10,862.35,147185,59473,1597,14,962.07,45599
2025-10-27,TT-Spark-Creator-UGC,Connected TV,TikTok Ads,Awareness,Top,2025,2025-Q4,2025-10,706.09,86274,35860,919,7,501.42,26388
2025-10-27,DV360-Display-Retarget,Desktop,Programmatic,Conversions,Middle,2025,2025-Q4,2025-10,4628.71,874875,386303,4120,87,13030.55,0
2025-10-27,DV360-Display-Retarget,Mobile,Programmatic,Conversions,Middle,2025,2025-Q4,2025-10,4973.82,911645,409047,4641,79,12197.52,0
2025-10-27,DV360-Display-Retarget,Tablet,Programmatic,Conversions,Middle,2025,2025-Q4,2025-10,981.97,184255,75297,889,16,2413.81,0
2025-10-27,DV360-Display-Retarget,Connected TV,Programmatic,Conversions,Middle,2025,2025-Q4,2025-10,805.66,113499,43729,537,10,1489.26,0
2025-10-27,DV360-CTV-Reach,Desktop,Programmatic,Awareness,Top,2025,2025-Q4,2025-10,5150.8,251122,100557,770,5,3905.53,82087
2025-10-27,DV360-CTV-Reach,Mobile,Programmatic,Awareness,Top,2025,2025-Q4,2025-10,5977.95,292264,123558,964,6,4771.77,94131
2025-10-27,DV360-CTV-Reach,Tablet,Programmatic,Awareness,Top,2025,2025-Q4,2025-10,1180.39,56433,24561,165,0,0,19112
2025-10-27,DV360-CTV-Reach,Connected TV,Programmatic,Awareness,Top,2025,2025-Q4,2025-10,897.79,32308,12923,100,0,0,9822
2025-11-03,BR-Search-Brand-Core,Desktop,Google Ads,Conversions,Bottom,2025,2025-Q4,2025-11,2367.79,22067,8771,1945,170,23802.2,0
2025-11-03,BR-Search-Brand-Core,Mobile,Google Ads,Conversions,Bottom,2025,2025-Q4,2025-11,2567.67,23297,9624,2328,167,23930.33,0
2025-11-03,BR-Search-Brand-Core,Tablet,Google Ads,Conversions,Bottom,2025,2025-Q4,2025-11,504.89,4674,1800,446,32,4517.64,0
2025-11-03,BR-Search-Brand-Core,Connected TV,Google Ads,Conversions,Bottom,2025,2025-Q4,2025-11,412.34,2845,1157,250,18,2527.26,0
2025-11-03,NB-Search-Generic-Solutions,Desktop,Google Ads,Conversions,Middle,2025,2025-Q4,2025-11,11614.75,109914,42048,3735,116,27893.43,0
2025-11-03,NB-Search-Generic-Solutions,Mobile,Google Ads,Conversions,Middle,2025,2025-Q4,2025-11,11673.03,108103,47398,4014,110,27045.33,0
2025-11-03,NB-Search-Generic-Solutions,Tablet,Google Ads,Conversions,Middle,2025,2025-Q4,2025-11,2481.7,22385,10248,777,21,5263.85,0
2025-11-03,NB-Search-Generic-Solutions,Connected TV,Google Ads,Conversions,Middle,2025,2025-Q4,2025-11,1898.54,12814,5446,432,11,2726.31,0
2025-11-03,PMax-Retail-Feed,Desktop,Google Ads,Sales,Bottom,2025,2025-Q4,2025-11,9583.33,541284,205749,11762,569,46447.13,0
2025-11-03,PMax-Retail-Feed,Mobile,Google Ads,Sales,Bottom,2025,2025-Q4,2025-11,10269.54,586641,210448,13852,545,44024.02,0
2025-11-03,PMax-Retail-Feed,Tablet,Google Ads,Sales,Bottom,2025,2025-Q4,2025-11,2176.09,125463,47063,2653,107,8582.24,0
2025-11-03,PMax-Retail-Feed,Connected TV,Google Ads,Sales,Bottom,2025,2025-Q4,2025-11,1669.12,69937,27040,1437,57,4639.8,0
2025-11-03,YT-Awareness-InStream,Desktop,Google Ads,Awareness,Top,2025,2025-Q4,2025-11,5882.67,610523,244757,3887,27,4883.49,184720
2025-11-03,YT-Awareness-InStream,Mobile,Google Ads,Awareness,Top,2025,2025-Q4,2025-11,6376.92,644252,272170,4363,23,4222.49,217413
2025-11-03,YT-Awareness-InStream,Tablet,Google Ads,Awareness,Top,2025,2025-Q4,2025-11,1268.95,129754,50937,834,4,692.76,43126
2025-11-03,YT-Awareness-InStream,Connected TV,Google Ads,Awareness,Top,2025,2025-Q4,2025-11,1024.34,78673,32729,493,1,172.91,25782
2025-11-03,FB-Prospecting-LAL-3pct,Desktop,Meta Ads,Traffic,Top,2025,2025-Q4,2025-11,7948.34,933400,367684,9551,137,12725.74,0
2025-11-03,FB-Prospecting-LAL-3pct,Mobile,Meta Ads,Traffic,Top,2025,2025-Q4,2025-11,8418.4,971916,436164,10787,136,12806.58,0
2025-11-03,FB-Prospecting-LAL-3pct,Tablet,Meta Ads,Traffic,Top,2025,2025-Q4,2025-11,1697.25,190520,89104,1901,24,2317.91,0
2025-11-03,FB-Prospecting-LAL-3pct,Connected TV,Meta Ads,Traffic,Top,2025,2025-Q4,2025-11,1284.53,108876,46975,1054,13,1278.59,0
2025-11-03,IG-Retargeting-Cart-7d,Desktop,Meta Ads,Conversions,Bottom,2025,2025-Q4,2025-11,5391.36,392529,155999,7513,412,35339.63,0
2025-11-03,IG-Retargeting-Cart-7d,Mobile,Meta Ads,Conversions,Bottom,2025,2025-Q4,2025-11,5704.6,424335,154808,9217,412,35843.61,0
2025-11-03,IG-Retargeting-Cart-7d,Tablet,Meta Ads,Conversions,Bottom,2025,2025-Q4,2025-11,1224.33,91839,36036,1788,81,7048.37,0
2025-11-03,IG-Retargeting-Cart-7d,Connected TV,Meta Ads,Conversions,Bottom,2025,2025-Q4,2025-11,938.96,50764,20277,977,45,4005.42,0
2025-11-03,FB-Catalog-DPA-Evergreen,Desktop,Meta Ads,Sales,Bottom,2025,2025-Q4,2025-11,6654.26,700056,294661,9961,430,35528.3,0
2025-11-03,FB-Catalog-DPA-Evergreen,Mobile,Meta Ads,Sales,Bottom,2025,2025-Q4,2025-11,7121.21,730414,319817,11126,395,33485.56,0
2025-11-03,FB-Catalog-DPA-Evergreen,Tablet,Meta Ads,Sales,Bottom,2025,2025-Q4,2025-11,1416.12,141616,56211,2034,73,6053.31,0
2025-11-03,FB-Catalog-DPA-Evergreen,Connected TV,Meta Ads,Sales,Bottom,2025,2025-Q4,2025-11,1156.29,86357,36631,1217,43,3545.13,0
2025-11-03,LI-ABM-Enterprise-Tier1,Desktop,LinkedIn Ads,Leads,Middle,2025,2025-Q4,2025-11,9056.47,185017,73504,1044,25,20851,0
2025-11-03,LI-ABM-Enterprise-Tier1,Mobile,LinkedIn Ads,Leads,Middle,2025,2025-Q4,2025-11,9702.75,201283,92720,1244,25,20635.15,0
2025-11-03,LI-ABM-Enterprise-Tier1,Tablet,LinkedIn Ads,Leads,Middle,2025,2025-Q4,2025-11,1931.39,39286,18810,215,4,3269.6,0
2025-11-03,LI-ABM-Enterprise-Tier1,Connected TV,LinkedIn Ads,Leads,Middle,2025,2025-Q4,2025-11,1479.74,21672,9759,114,0,0,0
2025-11-03,LI-Content-Whitepaper,Desktop,LinkedIn Ads,Leads,Middle,2025,2025-Q4,2025-11,3788.91,81777,34018,583,11,4759.42,0
2025-11-03,LI-Content-Whitepaper,Mobile,LinkedIn Ads,Leads,Middle,2025,2025-Q4,2025-11,4056.41,88574,34135,726,11,4668.39,0
2025-11-03,LI-Content-Whitepaper,Tablet,LinkedIn Ads,Leads,Middle,2025,2025-Q4,2025-11,871.11,19246,7714,140,0,0,0
2025-11-03,LI-Content-Whitepaper,Connected TV,LinkedIn Ads,Leads,Middle,2025,2025-Q4,2025-11,659.77,10501,4442,76,0,0,0
2025-11-03,TT-Spark-Creator-UGC,Desktop,TikTok Ads,Awareness,Top,2025,2025-Q4,2025-11,4518.21,740723,319294,8278,88,6356.83,231596
2025-11-03,TT-Spark-Creator-UGC,Mobile,TikTok Ads,Awareness,Top,2025,2025-Q4,2025-11,5216.87,831436,335138,9818,85,6292.73,270357
2025-11-03,TT-Spark-Creator-UGC,Tablet,TikTok Ads,Awareness,Top,2025,2025-Q4,2025-11,1039.28,167321,60464,1882,16,1162.76,53469
2025-11-03,TT-Spark-Creator-UGC,Connected TV,TikTok Ads,Awareness,Top,2025,2025-Q4,2025-11,776.7,94122,35840,1032,9,647.54,29586
2025-11-03,DV360-Display-Retarget,Desktop,Programmatic,Conversions,Middle,2025,2025-Q4,2025-11,5550.51,1071647,385742,5211,99,14531.46,0
2025-11-03,DV360-Display-Retarget,Mobile,Programmatic,Conversions,Middle,2025,2025-Q4,2025-11,5870.89,1155986,481018,6084,104,15012.93,0
2025-11-03,DV360-Display-Retarget,Tablet,Programmatic,Conversions,Middle,2025,2025-Q4,2025-11,1183.06,226992,99536,1073,18,2651.62,0
2025-11-03,DV360-Display-Retarget,Connected TV,Programmatic,Conversions,Middle,2025,2025-Q4,2025-11,906.24,125199,57135,569,9,1371.38,0
2025-11-03,DV360-CTV-Reach,Desktop,Programmatic,Awareness,Top,2025,2025-Q4,2025-11,6250.37,298179,126992,886,4,3161.75,93812
2025-11-03,DV360-CTV-Reach,Mobile,Programmatic,Awareness,Top,2025,2025-Q4,2025-11,6604.41,318651,124938,1082,4,3089.81,98132
2025-11-03,DV360-CTV-Reach,Tablet,Programmatic,Awareness,Top,2025,2025-Q4,2025-11,1419.86,69571,29189,211,0,0,20945
2025-11-03,DV360-CTV-Reach,Connected TV,Programmatic,Awareness,Top,2025,2025-Q4,2025-11,1086.17,38291,16397,116,0,0,12078
2025-11-10,BR-Search-Brand-Core,Desktop,Google Ads,Conversions,Bottom,2025,2025-Q4,2025-11,2279.78,21599,9223,1974,167,24033.17,0
2025-11-10,BR-Search-Brand-Core,Mobile,Google Ads,Conversions,Bottom,2025,2025-Q4,2025-11,2599.89,24041,10588,2360,170,24043.9,0
2025-11-10,BR-Search-Brand-Core,Tablet,Google Ads,Conversions,Bottom,2025,2025-Q4,2025-11,491.49,4436,2040,387,28,4027.57,0
2025-11-10,BR-Search-Brand-Core,Connected TV,Google Ads,Conversions,Bottom,2025,2025-Q4,2025-11,371.48,2536,1049,231,16,2250.46,0
2025-11-10,NB-Search-Generic-Solutions,Desktop,Google Ads,Conversions,Middle,2025,2025-Q4,2025-11,10509.73,97910,43137,3236,105,25661.93,0
2025-11-10,NB-Search-Generic-Solutions,Mobile,Google Ads,Conversions,Middle,2025,2025-Q4,2025-11,11996.35,113549,47207,4247,115,27898.26,0
2025-11-10,NB-Search-Generic-Solutions,Tablet,Google Ads,Conversions,Middle,2025,2025-Q4,2025-11,2573.15,24620,9522,826,23,5504.18,0
2025-11-10,NB-Search-Generic-Solutions,Connected TV,Google Ads,Conversions,Middle,2025,2025-Q4,2025-11,1950.12,13471,5305,447,12,2942.85,0
2025-11-10,PMax-Retail-Feed,Desktop,Google Ads,Sales,Bottom,2025,2025-Q4,2025-11,9231.23,512047,213556,10169,499,41672.05,0
2025-11-10,PMax-Retail-Feed,Mobile,Google Ads,Sales,Bottom,2025,2025-Q4,2025-11,10543.09,567085,246657,12896,527,45178.05,0
2025-11-10,PMax-Retail-Feed,Tablet,Google Ads,Sales,Bottom,2025,2025-Q4,2025-11,2122.21,120938,48032,2589,102,8266.22,0
2025-11-10,PMax-Retail-Feed,Connected TV,Google Ads,Sales,Bottom,2025,2025-Q4,2025-11,1729.16,73460,27886,1549,63,5080.21,0
2025-11-10,YT-Awareness-InStream,Desktop,Google Ads,Awareness,Top,2025,2025-Q4,2025-11,6101.29,616225,246646,3732,27,5003.81,192750
2025-11-10,YT-Awareness-InStream,Mobile,Google Ads,Awareness,Top,2025,2025-Q4,2025-11,7025.57,716961,294518,4724,28,5132.8,220645
2025-11-10,YT-Awareness-InStream,Tablet,Google Ads,Awareness,Top,2025,2025-Q4,2025-11,1318.16,132091,54820,765,4,729.98,42376
2025-11-10,YT-Awareness-InStream,Connected TV,Google Ads,Awareness,Top,2025,2025-Q4,2025-11,997.79,74846,28090,455,1,191.02,23268
2025-11-10,FB-Prospecting-LAL-3pct,Desktop,Meta Ads,Traffic,Top,2025,2025-Q4,2025-11,7659.58,886681,351557,8254,124,11790.67,0
2025-11-10,FB-Prospecting-LAL-3pct,Mobile,Meta Ads,Traffic,Top,2025,2025-Q4,2025-11,8203.56,961377,360470,10270,126,11739.63,0
2025-11-10,FB-Prospecting-LAL-3pct,Tablet,Meta Ads,Traffic,Top,2025,2025-Q4,2025-11,1760.62,209992,82390,2014,25,2302.12,0
2025-11-10,FB-Prospecting-LAL-3pct,Connected TV,Meta Ads,Traffic,Top,2025,2025-Q4,2025-11,1333.91,115256,46330,1157,14,1308.79,0
2025-11-10,IG-Retargeting-Cart-7d,Desktop,Meta Ads,Conversions,Bottom,2025,2025-Q4,2025-11,5522.41,396046,167484,6912,387,34069.62,0
2025-11-10,IG-Retargeting-Cart-7d,Mobile,Meta Ads,Conversions,Bottom,2025,2025-Q4,2025-11,5919.81,413020,183372,8192,376,33578.83,0
2025-11-10,IG-Retargeting-Cart-7d,Tablet,Meta Ads,Conversions,Bottom,2025,2025-Q4,2025-11,1193.73,87725,35801,1652,73,6212.79,0
2025-11-10,IG-Retargeting-Cart-7d,Connected TV,Meta Ads,Conversions,Bottom,2025,2025-Q4,2025-11,961.78,52991,20396,1026,48,4054.65,0
2025-11-10,FB-Catalog-DPA-Evergreen,Desktop,Meta Ads,Sales,Bottom,2025,2025-Q4,2025-11,6904.18,706122,286288,9653,427,34752.37,0
2025-11-10,FB-Catalog-DPA-Evergreen,Mobile,Meta Ads,Sales,Bottom,2025,2025-Q4,2025-11,7862.69,818782,340139,12754,483,38722.65,0
2025-11-10,FB-Catalog-DPA-Evergreen,Tablet,Meta Ads,Sales,Bottom,2025,2025-Q4,2025-11,1586.36,160801,69960,2244,83,6816.14,0
2025-11-10,FB-Catalog-DPA-Evergreen,Connected TV,Meta Ads,Sales,Bottom,2025,2025-Q4,2025-11,1202.31,91010,35881,1317,50,4077.41,0
2025-11-10,LI-ABM-Enterprise-Tier1,Desktop,LinkedIn Ads,Leads,Middle,2025,2025-Q4,2025-11,8828.41,183674,76062,1017,25,21594.46,0
2025-11-10,LI-ABM-Enterprise-Tier1,Mobile,LinkedIn Ads,Leads,Middle,2025,2025-Q4,2025-11,9352.22,196601,74163,1243,24,20457.08,0
2025-11-10,LI-ABM-Enterprise-Tier1,Tablet,LinkedIn Ads,Leads,Middle,2025,2025-Q4,2025-11,2005.4,41217,16580,234,6,5003.36,0
2025-11-10,LI-ABM-Enterprise-Tier1,Connected TV,LinkedIn Ads,Leads,Middle,2025,2025-Q4,2025-11,1537.37,23726,9686,133,2,1592.54,0
2025-11-10,LI-Content-Whitepaper,Desktop,LinkedIn Ads,Leads,Middle,2025,2025-Q4,2025-11,3883.43,84889,37129,596,11,4673.86,0
2025-11-10,LI-Content-Whitepaper,Mobile,LinkedIn Ads,Leads,Middle,2025,2025-Q4,2025-11,4211.46,89551,40744,673,11,4790.77,0
2025-11-10,LI-Content-Whitepaper,Tablet,LinkedIn Ads,Leads,Middle,2025,2025-Q4,2025-11,838.62,18888,7982,135,0,0,0
2025-11-10,LI-Content-Whitepaper,Connected TV,LinkedIn Ads,Leads,Middle,2025,2025-Q4,2025-11,684.4,11482,4564,83,0,0,0
2025-11-10,TT-Spark-Creator-UGC,Desktop,TikTok Ads,Awareness,Top,2025,2025-Q4,2025-11,4633.32,744803,314939,8383,86,6272.41,229338
2025-11-10,TT-Spark-Creator-UGC,Mobile,TikTok Ads,Awareness,Top,2025,2025-Q4,2025-11,5343.5,863115,373482,10556,93,6535.1,257477
2025-11-10,TT-Spark-Creator-UGC,Tablet,TikTok Ads,Awareness,Top,2025,2025-Q4,2025-11,1065.13,175870,77124,1942,15,1067.17,54355
2025-11-10,TT-Spark-Creator-UGC,Connected TV,TikTok Ads,Awareness,Top,2025,2025-Q4,2025-11,816.69,100882,41792,1147,11,801.09,32492
2025-11-10,DV360-Display-Retarget,Desktop,Programmatic,Conversions,Middle,2025,2025-Q4,2025-11,5342.18,1015007,429627,4856,96,14828.37,0
2025-11-10,DV360-Display-Retarget,Mobile,Programmatic,Conversions,Middle,2025,2025-Q4,2025-11,5716.08,1098690,441080,5984,96,14675.31,0
2025-11-10,DV360-Display-Retarget,Tablet,Programmatic,Conversions,Middle,2025,2025-Q4,2025-11,1228.88,238786,99643,1164,19,2893.01,0
2025-11-10,DV360-Display-Retarget,Connected TV,Programmatic,Conversions,Middle,2025,2025-Q4,2025-11,930.18,131053,56002,626,10,1488.44,0
2025-11-10,DV360-CTV-Reach,Desktop,Programmatic,Awareness,Top,2025,2025-Q4,2025-11,6407.97,310347,122868,910,5,3993.73,95243
2025-11-10,DV360-CTV-Reach,Mobile,Programmatic,Awareness,Top,2025,2025-Q4,2025-11,6862.96,325314,153532,1008,5,4071.76,103390
2025-11-10,DV360-CTV-Reach,Tablet,Programmatic,Awareness,Top,2025,2025-Q4,2025-11,1383.21,66218,28510,195,0,0,20693
2025-11-10,DV360-CTV-Reach,Connected TV,Programmatic,Awareness,Top,2025,2025-Q4,2025-11,1115.83,40197,16347,122,0,0,12394
2025-11-17,BR-Search-Brand-Core,Desktop,Google Ads,Conversions,Bottom,2025,2025-Q4,2025-11,2370.73,22091,8625,2087,184,26717.55,0
2025-11-17,BR-Search-Brand-Core,Mobile,Google Ads,Conversions,Bottom,2025,2025-Q4,2025-11,2540.03,23947,8906,2570,183,26258.17,0
2025-11-17,BR-Search-Brand-Core,Tablet,Google Ads,Conversions,Bottom,2025,2025-Q4,2025-11,544.81,5179,2276,499,37,5294.44,0
2025-11-17,BR-Search-Brand-Core,Connected TV,Google Ads,Conversions,Bottom,2025,2025-Q4,2025-11,412.88,2734,1242,257,19,2756.81,0
2025-11-17,NB-Search-Generic-Solutions,Desktop,Google Ads,Conversions,Middle,2025,2025-Q4,2025-11,10940.91,103602,42698,3570,114,28578.66,0
2025-11-17,NB-Search-Generic-Solutions,Mobile,Google Ads,Conversions,Middle,2025,2025-Q4,2025-11,11712.77,104323,45567,3833,102,25901.68,0
2025-11-17,NB-Search-Generic-Solutions,Tablet,Google Ads,Conversions,Middle,2025,2025-Q4,2025-11,2330.28,20982,8276,734,18,4391.41,0
2025-11-17,NB-Search-Generic-Solutions,Connected TV,Google Ads,Conversions,Middle,2025,2025-Q4,2025-11,1881.78,13278,5474,452,11,2744.75,0
2025-11-17,PMax-Retail-Feed,Desktop,Google Ads,Sales,Bottom,2025,2025-Q4,2025-11,8900.77,502062,220202,10372,472,38384.86,0
2025-11-17,PMax-Retail-Feed,Mobile,Google Ads,Sales,Bottom,2025,2025-Q4,2025-11,10180.08,585924,263305,13050,518,41559.97,0
2025-11-17,PMax-Retail-Feed,Tablet,Google Ads,Sales,Bottom,2025,2025-Q4,2025-11,2047.95,114637,48551,2257,89,7325.95,0
2025-11-17,PMax-Retail-Feed,Connected TV,Google Ads,Sales,Bottom,2025,2025-Q4,2025-11,1552.7,65093,28486,1344,51,4153.17,0
2025-11-17,YT-Awareness-InStream,Desktop,Google Ads,Awareness,Top,2025,2025-Q4,2025-11,5962.68,594188,244403,3729,26,4893.14,190878
2025-11-17,YT-Awareness-InStream,Mobile,Google Ads,Awareness,Top,2025,2025-Q4,2025-11,6306.81,636455,240405,4598,25,4640.53,200022
2025-11-17,YT-Awareness-InStream,Tablet,Google Ads,Awareness,Top,2025,2025-Q4,2025-11,1354.32,138283,63530,884,6,1095.67,42672
2025-11-17,YT-Awareness-InStream,Connected TV,Google Ads,Awareness,Top,2025,2025-Q4,2025-11,1038.41,76306,35773,453,1,175.99,24698
2025-11-17,FB-Prospecting-LAL-3pct,Desktop,Meta Ads,Traffic,Top,2025,2025-Q4,2025-11,7958.14,900049,349208,8765,127,12177.91,0
2025-11-17,FB-Prospecting-LAL-3pct,Mobile,Meta Ads,Traffic,Top,2025,2025-Q4,2025-11,8007.2,888358,405771,9282,112,11009.07,0
2025-11-17,FB-Prospecting-LAL-3pct,Tablet,Meta Ads,Traffic,Top,2025,2025-Q4,2025-11,1571.55,176903,74364,1745,22,2141.95,0
2025-11-17,FB-Prospecting-LAL-3pct,Connected TV,Meta Ads,Traffic,Top,2025,2025-Q4,2025-11,1286.6,108063,47421,1048,13,1257.39,0
2025-11-17,IG-Retargeting-Cart-7d,Desktop,Meta Ads,Conversions,Bottom,2025,2025-Q4,2025-11,4938.85,361029,141656,6481,347,29738.17,0
2025-11-17,IG-Retargeting-Cart-7d,Mobile,Meta Ads,Conversions,Bottom,2025,2025-Q4,2025-11,5713.57,422466,174488,8235,382,32464.32,0
2025-11-17,IG-Retargeting-Cart-7d,Tablet,Meta Ads,Conversions,Bottom,2025,2025-Q4,2025-11,1225.87,88818,38432,1529,72,6246.32,0
2025-11-17,IG-Retargeting-Cart-7d,Connected TV,Meta Ads,Conversions,Bottom,2025,2025-Q4,2025-11,940.12,50924,20239,906,41,3525.7,0
2025-11-17,FB-Catalog-DPA-Evergreen,Desktop,Meta Ads,Sales,Bottom,2025,2025-Q4,2025-11,6745.68,685512,285080,9625,420,34448.68,0
2025-11-17,FB-Catalog-DPA-Evergreen,Mobile,Meta Ads,Sales,Bottom,2025,2025-Q4,2025-11,7132.06,733112,284871,11831,415,33637.61,0
2025-11-17,FB-Catalog-DPA-Evergreen,Tablet,Meta Ads,Sales,Bottom,2025,2025-Q4,2025-11,1532.31,158495,65104,2287,83,6698.06,0
2025-11-17,FB-Catalog-DPA-Evergreen,Connected TV,Meta Ads,Sales,Bottom,2025,2025-Q4,2025-11,1234.5,92063,38657,1212,45,3730.18,0
2025-11-17,LI-ABM-Enterprise-Tier1,Desktop,LinkedIn Ads,Leads,Middle,2025,2025-Q4,2025-11,9642.69,195257,77346,1054,26,22051.84,0
2025-11-17,LI-ABM-Enterprise-Tier1,Mobile,LinkedIn Ads,Leads,Middle,2025,2025-Q4,2025-11,9735.61,193674,89620,1190,25,21529.05,0
2025-11-17,LI-ABM-Enterprise-Tier1,Tablet,LinkedIn Ads,Leads,Middle,2025,2025-Q4,2025-11,1958.66,39366,16900,230,4,3262.71,0
2025-11-17,LI-ABM-Enterprise-Tier1,Connected TV,LinkedIn Ads,Leads,Middle,2025,2025-Q4,2025-11,1582.45,23948,9630,128,0,0,0
2025-11-17,LI-Content-Whitepaper,Desktop,LinkedIn Ads,Leads,Middle,2025,2025-Q4,2025-11,3794.41,84140,30427,607,11,4593.39,0
2025-11-17,LI-Content-Whitepaper,Mobile,LinkedIn Ads,Leads,Middle,2025,2025-Q4,2025-11,4324.75,96787,36628,752,13,5417.64,0
2025-11-17,LI-Content-Whitepaper,Tablet,LinkedIn Ads,Leads,Middle,2025,2025-Q4,2025-11,872.23,19149,7470,131,0,0,0
2025-11-17,LI-Content-Whitepaper,Connected TV,LinkedIn Ads,Leads,Middle,2025,2025-Q4,2025-11,668.82,10980,4427,75,0,0,0
2025-11-17,TT-Spark-Creator-UGC,Desktop,TikTok Ads,Awareness,Top,2025,2025-Q4,2025-11,4524.32,738649,315069,8178,82,5876.06,247899
2025-11-17,TT-Spark-Creator-UGC,Mobile,TikTok Ads,Awareness,Top,2025,2025-Q4,2025-11,4841.17,806202,318768,10260,85,6020.1,265978
2025-11-17,TT-Spark-Creator-UGC,Tablet,TikTok Ads,Awareness,Top,2025,2025-Q4,2025-11,1027.99,172258,72374,1939,16,1165.41,55387
2025-11-17,TT-Spark-Creator-UGC,Connected TV,TikTok Ads,Awareness,Top,2025,2025-Q4,2025-11,838.84,101100,43354,1125,10,719.62,31654
2025-11-17,DV360-Display-Retarget,Desktop,Programmatic,Conversions,Middle,2025,2025-Q4,2025-11,5902.56,1138223,466031,5574,110,16117.36,0
2025-11-17,DV360-Display-Retarget,Mobile,Programmatic,Conversions,Middle,2025,2025-Q4,2025-11,5953.4,1120191,529566,5994,100,14973.63,0
2025-11-17,DV360-Display-Retarget,Tablet,Programmatic,Conversions,Middle,2025,2025-Q4,2025-11,1184.81,227277,99042,1152,21,3225.35,0
2025-11-17,DV360-Display-Retarget,Connected TV,Programmatic,Conversions,Middle,2025,2025-Q4,2025-11,967.93,138647,58345,676,11,1658.87,0
2025-11-17,DV360-CTV-Reach,Desktop,Programmatic,Awareness,Top,2025,2025-Q4,2025-11,6181.93,306586,112770,973,5,4049.56,97497
2025-11-17,DV360-CTV-Reach,Mobile,Programmatic,Awareness,Top,2025,2025-Q4,2025-11,7136.89,356906,141338,1227,6,4905.59,111552
2025-11-17,DV360-CTV-Reach,Tablet,Programmatic,Awareness,Top,2025,2025-Q4,2025-11,1439.2,70024,28234,215,0,0,22925
2025-11-17,DV360-CTV-Reach,Connected TV,Programmatic,Awareness,Top,2025,2025-Q4,2025-11,1089.8,38260,16239,114,0,0,12919
2025-11-24,BR-Search-Brand-Core,Desktop,Google Ads,Conversions,Bottom,2025,2025-Q4,2025-11,2439.84,23111,9599,2118,189,26181,0
2025-11-24,BR-Search-Brand-Core,Mobile,Google Ads,Conversions,Bottom,2025,2025-Q4,2025-11,2646.74,24433,10530,2402,166,23492.22,0
2025-11-24,BR-Search-Brand-Core,Tablet,Google Ads,Conversions,Bottom,2025,2025-Q4,2025-11,488.12,4596,1835,426,29,4028.65,0
2025-11-24,BR-Search-Brand-Core,Connected TV,Google Ads,Conversions,Bottom,2025,2025-Q4,2025-11,399.37,2803,1205,270,20,2746.67,0
2025-11-24,NB-Search-Generic-Solutions,Desktop,Google Ads,Conversions,Middle,2025,2025-Q4,2025-11,11265.08,104719,41665,3654,121,29596.73,0
2025-11-24,NB-Search-Generic-Solutions,Mobile,Google Ads,Conversions,Middle,2025,2025-Q4,2025-11,12976.92,121645,50853,4615,130,31619.89,0
2025-11-24,NB-Search-Generic-Solutions,Tablet,Google Ads,Conversions,Middle,2025,2025-Q4,2025-11,2618.4,24101,10236,815,23,5712.38,0
2025-11-24,NB-Search-Generic-Solutions,Connected TV,Google Ads,Conversions,Middle,2025,2025-Q4,2025-11,1985.11,13646,5342,481,13,3166.8,0
2025-11-24,PMax-Retail-Feed,Desktop,Google Ads,Sales,Bottom,2025,2025-Q4,2025-11,9304.13,514015,210323,10874,517,43378,0
2025-11-24,PMax-Retail-Feed,Mobile,Google Ads,Sales,Bottom,2025,2025-Q4,2025-11,9963.09,556606,209610,13524,520,42678.64,0
2025-11-24,PMax-Retail-Feed,Tablet,Google Ads,Sales,Bottom,2025,2025-Q4,2025-11,2113.58,124648,48805,2718,108,8466.03,0
2025-11-24,PMax-Retail-Feed,Connected TV,Google Ads,Sales,Bottom,2025,2025-Q4,2025-11,1620.21,69395,27723,1482,57,4731.13,0
2025-11-24,YT-Awareness-InStream,Desktop,Google Ads,Awareness,Top,2025,2025-Q4,2025-11,6138.36,643125,273567,3983,27,4812.91,203760
2025-11-24,YT-Awareness-InStream,Mobile,Google Ads,Awareness,Top,2025,2025-Q4,2025-11,6577.94,677154,298280,4454,24,4538.02,221219
2025-11-24,YT-Awareness-InStream,Tablet,Google Ads,Awareness,Top,2025,2025-Q4,2025-11,1226.28,128150,52365,804,4,727.38,41031
2025-11-24,YT-Awareness-InStream,Connected TV,Google Ads,Awareness,Top,2025,2025-Q4,2025-11,991.23,77329,33460,501,2,351.89,24395
2025-11-24,FB-Prospecting-LAL-3pct,Desktop,Meta Ads,Traffic,Top,2025,2025-Q4,2025-11,7706.24,890063,366529,8886,134,12654.23,0
2025-11-24,FB-Prospecting-LAL-3pct,Mobile,Meta Ads,Traffic,Top,2025,2025-Q4,2025-11,8779.43,1031850,434687,11077,142,13274.66,0
2025-11-24,FB-Prospecting-LAL-3pct,Tablet,Meta Ads,Traffic,Top,2025,2025-Q4,2025-11,1770.92,202653,89298,1956,25,2386.1,0
2025-11-24,FB-Prospecting-LAL-3pct,Connected TV,Meta Ads,Traffic,Top,2025,2025-Q4,2025-11,1358.11,113028,46097,1132,14,1361.8,0
2025-11-24,IG-Retargeting-Cart-7d,Desktop,Meta Ads,Conversions,Bottom,2025,2025-Q4,2025-11,5222.11,372711,160542,6896,368,33405.48,0
2025-11-24,IG-Retargeting-Cart-7d,Mobile,Meta Ads,Conversions,Bottom,2025,2025-Q4,2025-11,5590.13,403585,158790,8600,374,33530.27,0
2025-11-24,IG-Retargeting-Cart-7d,Tablet,Meta Ads,Conversions,Bottom,2025,2025-Q4,2025-11,1186.43,87289,36215,1648,77,6572.03,0
2025-11-24,IG-Retargeting-Cart-7d,Connected TV,Meta Ads,Conversions,Bottom,2025,2025-Q4,2025-11,909.34,48123,20365,900,41,3592.62,0
2025-11-24,FB-Catalog-DPA-Evergreen,Desktop,Meta Ads,Sales,Bottom,2025,2025-Q4,2025-11,6863.34,704623,317142,9693,448,36510.99,0
2025-11-24,FB-Catalog-DPA-Evergreen,Mobile,Meta Ads,Sales,Bottom,2025,2025-Q4,2025-11,7441.61,744843,347195,10984,397,32998.94,0
2025-11-24,FB-Catalog-DPA-Evergreen,Tablet,Meta Ads,Sales,Bottom,2025,2025-Q4,2025-11,1481.3,150859,63262,2098,75,6159.49,0
2025-11-24,FB-Catalog-DPA-Evergreen,Connected TV,Meta Ads,Sales,Bottom,2025,2025-Q4,2025-11,1120.74,85578,33655,1244,43,3478.1,0
2025-11-24,LI-ABM-Enterprise-Tier1,Desktop,LinkedIn Ads,Leads,Middle,2025,2025-Q4,2025-11,8790.88,183555,77050,1005,23,18942.02,0
2025-11-24,LI-ABM-Enterprise-Tier1,Mobile,LinkedIn Ads,Leads,Middle,2025,2025-Q4,2025-11,10142.95,214079,83572,1273,27,22155.3,0
2025-11-24,LI-ABM-Enterprise-Tier1,Tablet,LinkedIn Ads,Leads,Middle,2025,2025-Q4,2025-11,2021.14,41576,16521,220,5,4106.76,0
2025-11-24,LI-ABM-Enterprise-Tier1,Connected TV,LinkedIn Ads,Leads,Middle,2025,2025-Q4,2025-11,1549.54,23095,9541,127,1,783.49,0
2025-11-24,LI-Content-Whitepaper,Desktop,LinkedIn Ads,Leads,Middle,2025,2025-Q4,2025-11,3913.98,81701,35897,568,11,4893.93,0
2025-11-24,LI-Content-Whitepaper,Mobile,LinkedIn Ads,Leads,Middle,2025,2025-Q4,2025-11,4236.79,89777,36146,711,11,4783.09,0
2025-11-24,LI-Content-Whitepaper,Tablet,LinkedIn Ads,Leads,Middle,2025,2025-Q4,2025-11,908.04,20212,7740,144,0,0,0
2025-11-24,LI-Content-Whitepaper,Connected TV,LinkedIn Ads,Leads,Middle,2025,2025-Q4,2025-11,688.37,11123,4338,77,0,0,0
2025-11-24,TT-Spark-Creator-UGC,Desktop,TikTok Ads,Awareness,Top,2025,2025-Q4,2025-11,5010.68,826348,342737,8898,96,6855.22,252796
2025-11-24,TT-Spark-Creator-UGC,Mobile,TikTok Ads,Awareness,Top,2025,2025-Q4,2025-11,5374.49,868785,371520,9937,90,6601.85,278148
2025-11-24,TT-Spark-Creator-UGC,Tablet,TikTok Ads,Awareness,Top,2025,2025-Q4,2025-11,1005.67,164589,62288,1800,16,1149.67,50854
2025-11-24,TT-Spark-Creator-UGC,Connected TV,TikTok Ads,Awareness,Top,2025,2025-Q4,2025-11,811.69,100070,40660,1136,11,782.68,30523
2025-11-24,DV360-Display-Retarget,Desktop,Programmatic,Conversions,Middle,2025,2025-Q4,2025-11,5375.08,1056064,399357,5000,98,14157.67,0
2025-11-24,DV360-Display-Retarget,Mobile,Programmatic,Conversions,Middle,2025,2025-Q4,2025-11,6131.29,1227132,484480,6316,106,15178.59,0
2025-11-24,DV360-Display-Retarget,Tablet,Programmatic,Conversions,Middle,2025,2025-Q4,2025-11,1236.12,241727,98081,1184,20,2908.28,0
2025-11-24,DV360-Display-Retarget,Connected TV,Programmatic,Conversions,Middle,2025,2025-Q4,2025-11,947.53,133615,56366,638,11,1641.17,0
2025-11-24,DV360-CTV-Reach,Desktop,Programmatic,Awareness,Top,2025,2025-Q4,2025-11,6446.15,299772,134449,868,4,3258.79,97950
2025-11-24,DV360-CTV-Reach,Mobile,Programmatic,Awareness,Top,2025,2025-Q4,2025-11,6990.04,328022,135875,1090,4,3186.86,99090
2025-11-24,DV360-CTV-Reach,Tablet,Programmatic,Awareness,Top,2025,2025-Q4,2025-11,1481.32,73452,28524,230,0,0,21874
2025-11-24,DV360-CTV-Reach,Connected TV,Programmatic,Awareness,Top,2025,2025-Q4,2025-11,1205.87,43029,17590,131,0,0,13291
2025-12-01,BR-Search-Brand-Core,Desktop,Google Ads,Conversions,Bottom,2025,2025-Q4,2025-12,2220.82,20578,8035,1827,158,22312.49,0
2025-12-01,BR-Search-Brand-Core,Mobile,Google Ads,Conversions,Bottom,2025,2025-Q4,2025-12,2728.89,25641,10487,2461,184,25919.34,0
2025-12-01,BR-Search-Brand-Core,Tablet,Google Ads,Conversions,Bottom,2025,2025-Q4,2025-12,550.49,5056,2193,456,33,4720.03,0
2025-12-01,BR-Search-Brand-Core,Connected TV,Google Ads,Conversions,Bottom,2025,2025-Q4,2025-12,422.26,2900,1130,255,18,2540.01,0
2025-12-01,NB-Search-Generic-Solutions,Desktop,Google Ads,Conversions,Middle,2025,2025-Q4,2025-12,11056.76,101195,41622,3466,111,27658.86,0
2025-12-01,NB-Search-Generic-Solutions,Mobile,Google Ads,Conversions,Middle,2025,2025-Q4,2025-12,11840.03,109553,41762,4015,104,25670.21,0
2025-12-01,NB-Search-Generic-Solutions,Tablet,Google Ads,Conversions,Middle,2025,2025-Q4,2025-12,2511.82,23464,9606,763,21,5172.28,0
2025-12-01,NB-Search-Generic-Solutions,Connected TV,Google Ads,Conversions,Middle,2025,2025-Q4,2025-12,2047.36,14321,5941,463,13,3151.62,0
2025-12-01,PMax-Retail-Feed,Desktop,Google Ads,Sales,Bottom,2025,2025-Q4,2025-12,9603.43,540791,238287,11186,538,43941.53,0
2025-12-01,PMax-Retail-Feed,Mobile,Google Ads,Sales,Bottom,2025,2025-Q4,2025-12,10414.42,570254,261660,12581,498,41858.86,0
2025-12-01,PMax-Retail-Feed,Tablet,Google Ads,Sales,Bottom,2025,2025-Q4,2025-12,2074.14,115635,48594,2413,93,7653.8,0
2025-12-01,PMax-Retail-Feed,Connected TV,Google Ads,Sales,Bottom,2025,2025-Q4,2025-12,1692.34,70482,28125,1445,58,4746.95,0
2025-12-01,YT-Awareness-InStream,Desktop,Google Ads,Awareness,Top,2025,2025-Q4,2025-12,5965.67,615369,218603,3892,27,4888.43,188121
2025-12-01,YT-Awareness-InStream,Mobile,Google Ads,Awareness,Top,2025,2025-Q4,2025-12,6866.42,715285,269014,4908,30,5409.74,228969
2025-12-01,YT-Awareness-InStream,Tablet,Google Ads,Awareness,Top,2025,2025-Q4,2025-12,1371.16,139027,61070,847,5,903.64,46583
2025-12-01,YT-Awareness-InStream,Connected TV,Google Ads,Awareness,Top,2025,2025-Q4,2025-12,1049.36,80220,31662,505,2,364.62,26136
2025-12-01,FB-Prospecting-LAL-3pct,Desktop,Meta Ads,Traffic,Top,2025,2025-Q4,2025-12,7467.56,845069,351823,8285,121,11606.77,0
2025-12-01,FB-Prospecting-LAL-3pct,Mobile,Meta Ads,Traffic,Top,2025,2025-Q4,2025-12,7991.31,922552,360341,10279,121,11890.15,0
2025-12-01,FB-Prospecting-LAL-3pct,Tablet,Meta Ads,Traffic,Top,2025,2025-Q4,2025-12,1718,199488,82080,1985,25,2451.39,0
2025-12-01,FB-Prospecting-LAL-3pct,Connected TV,Meta Ads,Traffic,Top,2025,2025-Q4,2025-12,1384.68,121084,51768,1182,15,1391.86,0
2025-12-01,IG-Retargeting-Cart-7d,Desktop,Meta Ads,Conversions,Bottom,2025,2025-Q4,2025-12,5391.87,391922,173787,7123,389,33389.19,0
2025-12-01,IG-Retargeting-Cart-7d,Mobile,Meta Ads,Conversions,Bottom,2025,2025-Q4,2025-12,5774.6,411627,190469,7946,355,31268.85,0
2025-12-01,IG-Retargeting-Cart-7d,Tablet,Meta Ads,Conversions,Bottom,2025,2025-Q4,2025-12,1163.93,83859,36860,1538,68,5881,0
2025-12-01,IG-Retargeting-Cart-7d,Connected TV,Meta Ads,Conversions,Bottom,2025,2025-Q4,2025-12,938.86,50878,20807,972,44,3775.47,0
2025-12-01,FB-Catalog-DPA-Evergreen,Desktop,Meta Ads,Sales,Bottom,2025,2025-Q4,2025-12,6735.25,705119,264485,10609,460,37922.35,0
2025-12-01,FB-Catalog-DPA-Evergreen,Mobile,Meta Ads,Sales,Bottom,2025,2025-Q4,2025-12,7770.81,794177,309836,12936,483,39389.33,0
2025-12-01,FB-Catalog-DPA-Evergreen,Tablet,Meta Ads,Sales,Bottom,2025,2025-Q4,2025-12,1548.44,153681,70558,2230,82,6856.82,0
2025-12-01,FB-Catalog-DPA-Evergreen,Connected TV,Meta Ads,Sales,Bottom,2025,2025-Q4,2025-12,1187.12,88010,36581,1246,46,3814.26,0
2025-12-01,LI-ABM-Enterprise-Tier1,Desktop,LinkedIn Ads,Leads,Middle,2025,2025-Q4,2025-12,8620.85,169345,74709,910,23,20038.58,0
2025-12-01,LI-ABM-Enterprise-Tier1,Mobile,LinkedIn Ads,Leads,Middle,2025,2025-Q4,2025-12,9222.87,183169,72890,1135,22,18833.53,0
2025-12-01,LI-ABM-Enterprise-Tier1,Tablet,LinkedIn Ads,Leads,Middle,2025,2025-Q4,2025-12,1959.1,39562,16561,216,5,4203.46,0
2025-12-01,LI-ABM-Enterprise-Tier1,Connected TV,LinkedIn Ads,Leads,Middle,2025,2025-Q4,2025-12,1599.5,25128,11125,136,0,0,0
2025-12-01,LI-Content-Whitepaper,Desktop,LinkedIn Ads,Leads,Middle,2025,2025-Q4,2025-12,3796.11,84809,38517,578,11,4595.63,0
2025-12-01,LI-Content-Whitepaper,Mobile,LinkedIn Ads,Leads,Middle,2025,2025-Q4,2025-12,4106.39,89217,38169,650,11,4712.53,0
2025-12-01,LI-Content-Whitepaper,Tablet,LinkedIn Ads,Leads,Middle,2025,2025-Q4,2025-12,818.68,17304,7707,118,0,0,0
2025-12-01,LI-Content-Whitepaper,Connected TV,LinkedIn Ads,Leads,Middle,2025,2025-Q4,2025-12,667.81,11007,4613,78,0,0,0
2025-12-01,TT-Spark-Creator-UGC,Desktop,TikTok Ads,Awareness,Top,2025,2025-Q4,2025-12,4516.14,736521,280636,8602,85,6120.72,230098
2025-12-01,TT-Spark-Creator-UGC,Mobile,TikTok Ads,Awareness,Top,2025,2025-Q4,2025-12,5216.76,860804,353029,10882,95,6753.55,264046
2025-12-01,TT-Spark-Creator-UGC,Tablet,TikTok Ads,Awareness,Top,2025,2025-Q4,2025-12,1051.74,168603,79908,1921,15,1092.95,54258
2025-12-01,TT-Spark-Creator-UGC,Connected TV,TikTok Ads,Awareness,Top,2025,2025-Q4,2025-12,796.15,92537,40884,1014,10,745.92,30834
2025-12-01,DV360-Display-Retarget,Desktop,Programmatic,Conversions,Middle,2025,2025-Q4,2025-12,5683.42,1056883,421087,4891,101,15531.5,0
2025-12-01,DV360-Display-Retarget,Mobile,Programmatic,Conversions,Middle,2025,2025-Q4,2025-12,5561,1049392,376552,5556,91,13660.53,0
2025-12-01,DV360-Display-Retarget,Tablet,Programmatic,Conversions,Middle,2025,2025-Q4,2025-12,1197.67,227655,100951,1077,17,2538.59,0
2025-12-01,DV360-Display-Retarget,Connected TV,Programmatic,Conversions,Middle,2025,2025-Q4,2025-12,1039.06,148352,67227,691,12,1784.76,0
2025-12-01,DV360-CTV-Reach,Desktop,Programmatic,Awareness,Top,2025,2025-Q4,2025-12,6249.35,308056,128508,876,5,3904.52,91319
2025-12-01,DV360-CTV-Reach,Mobile,Programmatic,Awareness,Top,2025,2025-Q4,2025-12,7211.69,348316,152272,1057,5,4020.68,108822
2025-12-01,DV360-CTV-Reach,Tablet,Programmatic,Awareness,Top,2025,2025-Q4,2025-12,1454.39,68410,27541,195,0,0,20897
2025-12-01,DV360-CTV-Reach,Connected TV,Programmatic,Awareness,Top,2025,2025-Q4,2025-12,1101.6,40233,15009,121,0,0,11976
2025-12-08,BR-Search-Brand-Core,Desktop,Google Ads,Conversions,Bottom,2025,2025-Q4,2025-12,2328.22,21359,9026,1954,168,24029.54,0
2025-12-08,BR-Search-Brand-Core,Mobile,Google Ads,Conversions,Bottom,2025,2025-Q4,2025-12,2492.59,23138,9049,2411,176,24897.14,0
2025-12-08,BR-Search-Brand-Core,Tablet,Google Ads,Conversions,Bottom,2025,2025-Q4,2025-12,535.49,4994,2031,467,33,4645.43,0
2025-12-08,BR-Search-Brand-Core,Connected TV,Google Ads,Conversions,Bottom,2025,2025-Q4,2025-12,405.42,2742,1140,251,18,2567.28,0
2025-12-08,NB-Search-Generic-Solutions,Desktop,Google Ads,Conversions,Middle,2025,2025-Q4,2025-12,10735.77,99490,43528,3352,110,27033.54,0
2025-12-08,NB-Search-Generic-Solutions,Mobile,Google Ads,Conversions,Middle,2025,2025-Q4,2025-12,12398.87,112514,51063,4001,109,27482.75,0
2025-12-08,NB-Search-Generic-Solutions,Tablet,Google Ads,Conversions,Middle,2025,2025-Q4,2025-12,2469.69,22643,8292,767,20,4988.88,0
2025-12-08,NB-Search-Generic-Solutions,Connected TV,Google Ads,Conversions,Middle,2025,2025-Q4,2025-12,1869.44,12914,4982,431,10,2439.8,0
2025-12-08,PMax-Retail-Feed,Desktop,Google Ads,Sales,Bottom,2025,2025-Q4,2025-12,9447.95,542795,198019,11461,537,43281.23,0
2025-12-08,PMax-Retail-Feed,Mobile,Google Ads,Sales,Bottom,2025,2025-Q4,2025-12,10894.64,635543,243320,14442,584,46692.4,0
2025-12-08,PMax-Retail-Feed,Tablet,Google Ads,Sales,Bottom,2025,2025-Q4,2025-12,2171.42,123503,48796,2520,101,8171.55,0
2025-12-08,PMax-Retail-Feed,Connected TV,Google Ads,Sales,Bottom,2025,2025-Q4,2025-12,1541.77,63361,29422,1355,53,4386.51,0
2025-12-08,YT-Awareness-InStream,Desktop,Google Ads,Awareness,Top,2025,2025-Q4,2025-12,6243.14,631051,272955,3840,27,5007.75,197550
2025-12-08,YT-Awareness-InStream,Mobile,Google Ads,Awareness,Top,2025,2025-Q4,2025-12,6759.87,690261,275263,4823,27,4959.52,211852
2025-12-08,YT-Awareness-InStream,Tablet,Google Ads,Awareness,Top,2025,2025-Q4,2025-12,1332.72,139046,51809,866,6,1081.9,41445
2025-12-08,YT-Awareness-InStream,Connected TV,Google Ads,Awareness,Top,2025,2025-Q4,2025-12,1019.18,76496,33316,473,2,344.21,23895
2025-12-08,FB-Prospecting-LAL-3pct,Desktop,Meta Ads,Traffic,Top,2025,2025-Q4,2025-12,7821.72,903194,363069,8570,134,12662.64,0
2025-12-08,FB-Prospecting-LAL-3pct,Mobile,Meta Ads,Traffic,Top,2025,2025-Q4,2025-12,8480.48,951918,395050,9657,126,12241.65,0
2025-12-08,FB-Prospecting-LAL-3pct,Tablet,Meta Ads,Traffic,Top,2025,2025-Q4,2025-12,1797.69,203410,76786,2071,26,2513.04,0
2025-12-08,FB-Prospecting-LAL-3pct,Connected TV,Meta Ads,Traffic,Top,2025,2025-Q4,2025-12,1362.51,116416,41538,1170,13,1218.08,0
2025-12-08,IG-Retargeting-Cart-7d,Desktop,Meta Ads,Conversions,Bottom,2025,2025-Q4,2025-12,5237.38,389555,143803,7239,380,32211.33,0
2025-12-08,IG-Retargeting-Cart-7d,Mobile,Meta Ads,Conversions,Bottom,2025,2025-Q4,2025-12,6046.46,454410,177649,9658,439,38213.09,0
2025-12-08,IG-Retargeting-Cart-7d,Tablet,Meta Ads,Conversions,Bottom,2025,2025-Q4,2025-12,1219.12,89531,35610,1716,78,6657.17,0
2025-12-08,IG-Retargeting-Cart-7d,Connected TV,Meta Ads,Conversions,Bottom,2025,2025-Q4,2025-12,923.2,49012,20571,909,40,3478.81,0
2025-12-08,FB-Catalog-DPA-Evergreen,Desktop,Meta Ads,Sales,Bottom,2025,2025-Q4,2025-12,7051.8,722688,314570,9966,442,36035.01,0
2025-12-08,FB-Catalog-DPA-Evergreen,Mobile,Meta Ads,Sales,Bottom,2025,2025-Q4,2025-12,7556.1,786389,327007,12321,448,35954.47,0
2025-12-08,FB-Catalog-DPA-Evergreen,Tablet,Meta Ads,Sales,Bottom,2025,2025-Q4,2025-12,1504.4,158263,68756,2352,84,6672.29,0
2025-12-08,FB-Catalog-DPA-Evergreen,Connected TV,Meta Ads,Sales,Bottom,2025,2025-Q4,2025-12,1213.53,92515,40746,1360,51,4116.58,0
2025-12-08,LI-ABM-Enterprise-Tier1,Desktop,LinkedIn Ads,Leads,Middle,2025,2025-Q4,2025-12,9601.17,198514,83800,1103,30,24999.97,0
2025-12-08,LI-ABM-Enterprise-Tier1,Mobile,LinkedIn Ads,Leads,Middle,2025,2025-Q4,2025-12,10295.61,208986,89234,1254,26,22078.8,0
2025-12-08,LI-ABM-Enterprise-Tier1,Tablet,LinkedIn Ads,Leads,Middle,2025,2025-Q4,2025-12,2076.59,42511,16790,242,5,4060.21,0
2025-12-08,LI-ABM-Enterprise-Tier1,Connected TV,LinkedIn Ads,Leads,Middle,2025,2025-Q4,2025-12,1573.5,24137,8742,135,1,822.26,0
2025-12-08,LI-Content-Whitepaper,Desktop,LinkedIn Ads,Leads,Middle,2025,2025-Q4,2025-12,3731.5,80920,30732,601,10,4263.19,0
2025-12-08,LI-Content-Whitepaper,Mobile,LinkedIn Ads,Leads,Middle,2025,2025-Q4,2025-12,4257.94,93499,37080,752,11,4612.23,0
2025-12-08,LI-Content-Whitepaper,Tablet,LinkedIn Ads,Leads,Middle,2025,2025-Q4,2025-12,858.26,19263,7768,138,0,0,0
2025-12-08,LI-Content-Whitepaper,Connected TV,LinkedIn Ads,Leads,Middle,2025,2025-Q4,2025-12,656.48,10627,4615,74,0,0,0
2025-12-08,TT-Spark-Creator-UGC,Desktop,TikTok Ads,Awareness,Top,2025,2025-Q4,2025-12,4732.89,787369,350341,8464,86,6324.2,255766
2025-12-08,TT-Spark-Creator-UGC,Mobile,TikTok Ads,Awareness,Top,2025,2025-Q4,2025-12,5131.66,862221,360261,10650,92,6711.56,275728
2025-12-08,TT-Spark-Creator-UGC,Tablet,TikTok Ads,Awareness,Top,2025,2025-Q4,2025-12,1008.36,165709,72955,1926,16,1148.99,51567
2025-12-08,TT-Spark-Creator-UGC,Connected TV,TikTok Ads,Awareness,Top,2025,2025-Q4,2025-12,824.26,101533,46454,1165,11,778.07,30708
2025-12-08,DV360-Display-Retarget,Desktop,Programmatic,Conversions,Middle,2025,2025-Q4,2025-12,5807.57,1144305,500109,5445,113,16398.13,0
2025-12-08,DV360-Display-Retarget,Mobile,Programmatic,Conversions,Middle,2025,2025-Q4,2025-12,6298.93,1208338,537883,6255,107,15796.83,0
2025-12-08,DV360-Display-Retarget,Tablet,Programmatic,Conversions,Middle,2025,2025-Q4,2025-12,1254.92,236173,97601,1151,21,3195.14,0
2025-12-08,DV360-Display-Retarget,Connected TV,Programmatic,Conversions,Middle,2025,2025-Q4,2025-12,950.3,134028,51348,675,11,1631.59,0
2025-12-08,DV360-CTV-Reach,Desktop,Programmatic,Awareness,Top,2025,2025-Q4,2025-12,6141.15,286702,114271,891,4,3309.3,94579
2025-12-08,DV360-CTV-Reach,Mobile,Programmatic,Awareness,Top,2025,2025-Q4,2025-12,7010.66,329278,138809,1096,7,5930.89,99286
2025-12-08,DV360-CTV-Reach,Tablet,Programmatic,Awareness,Top,2025,2025-Q4,2025-12,1412.88,67286,28759,202,0,0,21132
2025-12-08,DV360-CTV-Reach,Connected TV,Programmatic,Awareness,Top,2025,2025-Q4,2025-12,1153.01,39836,17653,114,0,0,13184
2025-12-15,BR-Search-Brand-Core,Desktop,Google Ads,Conversions,Bottom,2025,2025-Q4,2025-12,2414.76,22437,9982,1999,176,24704.08,0
2025-12-15,BR-Search-Brand-Core,Mobile,Google Ads,Conversions,Bottom,2025,2025-Q4,2025-12,2618.24,23663,10953,2257,162,23335.87,0
2025-12-15,BR-Search-Brand-Core,Tablet,Google Ads,Conversions,Bottom,2025,2025-Q4,2025-12,521.28,4797,2050,436,32,4564.14,0
2025-12-15,BR-Search-Brand-Core,Connected TV,Google Ads,Conversions,Bottom,2025,2025-Q4,2025-12,425.56,2923,1184,274,21,2968.43,0
2025-12-15,NB-Search-Generic-Solutions,Desktop,Google Ads,Conversions,Middle,2025,2025-Q4,2025-12,11140.07,101970,43430,3726,119,29662.05,0
2025-12-15,NB-Search-Generic-Solutions,Mobile,Google Ads,Conversions,Middle,2025,2025-Q4,2025-12,12852.56,118200,52001,4354,120,29735.62,0
2025-12-15,NB-Search-Generic-Solutions,Tablet,Google Ads,Conversions,Middle,2025,2025-Q4,2025-12,2591.87,23163,10393,768,22,5602.73,0
2025-12-15,NB-Search-Generic-Solutions,Connected TV,Google Ads,Conversions,Middle,2025,2025-Q4,2025-12,1963.3,13813,5812,473,13,3244.08,0
2025-12-15,PMax-Retail-Feed,Desktop,Google Ads,Sales,Bottom,2025,2025-Q4,2025-12,9308.19,503302,217234,10443,486,40096.77,0
2025-12-15,PMax-Retail-Feed,Mobile,Google Ads,Sales,Bottom,2025,2025-Q4,2025-12,9834.75,562583,219362,13308,495,41341.12,0
2025-12-15,PMax-Retail-Feed,Tablet,Google Ads,Sales,Bottom,2025,2025-Q4,2025-12,2115.19,122310,51886,2589,98,8153.49,0
2025-12-15,PMax-Retail-Feed,Connected TV,Google Ads,Sales,Bottom,2025,2025-Q4,2025-12,1600.39,67082,29149,1394,53,4307.53,0
2025-12-15,YT-Awareness-InStream,Desktop,Google Ads,Awareness,Top,2025,2025-Q4,2025-12,6084.68,627482,252430,3771,26,4723.09,190657
2025-12-15,YT-Awareness-InStream,Mobile,Google Ads,Awareness,Top,2025,2025-Q4,2025-12,6514.49,657445,275327,4185,24,4435.91,208520
2025-12-15,YT-Awareness-InStream,Tablet,Google Ads,Awareness,Top,2025,2025-Q4,2025-12,1312.98,133849,58572,810,6,1097.62,41408
2025-12-15,YT-Awareness-InStream,Connected TV,Google Ads,Awareness,Top,2025,2025-Q4,2025-12,1059.39,80587,33167,507,2,360.14,24607
2025-12-15,FB-Prospecting-LAL-3pct,Desktop,Meta Ads,Traffic,Top,2025,2025-Q4,2025-12,7617.34,865366,376872,8926,132,12612.97,0
2025-12-15,FB-Prospecting-LAL-3pct,Mobile,Meta Ads,Traffic,Top,2025,2025-Q4,2025-12,8705.22,994872,452966,10415,132,12625.2,0
2025-12-15,FB-Prospecting-LAL-3pct,Tablet,Meta Ads,Traffic,Top,2025,2025-Q4,2025-12,1751.54,196157,91444,1824,25,2441.13,0
2025-12-15,FB-Prospecting-LAL-3pct,Connected TV,Meta Ads,Traffic,Top,2025,2025-Q4,2025-12,1342.59,113150,48528,1100,15,1444.83,0
2025-12-15,IG-Retargeting-Cart-7d,Desktop,Meta Ads,Conversions,Bottom,2025,2025-Q4,2025-12,5156.72,361365,165296,6481,354,31615.1,0
2025-12-15,IG-Retargeting-Cart-7d,Mobile,Meta Ads,Conversions,Bottom,2025,2025-Q4,2025-12,5515.57,390973,162469,8102,361,31829.17,0
2025-12-15,IG-Retargeting-Cart-7d,Tablet,Meta Ads,Conversions,Bottom,2025,2025-Q4,2025-12,1263.39,90536,39400,1650,76,6689.18,0
2025-12-15,IG-Retargeting-Cart-7d,Connected TV,Meta Ads,Conversions,Bottom,2025,2025-Q4,2025-12,968.69,52089,21027,944,45,3880.59,0
2025-12-15,FB-Catalog-DPA-Evergreen,Desktop,Meta Ads,Sales,Bottom,2025,2025-Q4,2025-12,7303.69,761994,314737,10831,490,39610.34,0
2025-12-15,FB-Catalog-DPA-Evergreen,Mobile,Meta Ads,Sales,Bottom,2025,2025-Q4,2025-12,7922.17,807876,307407,12367,465,38211.09,0
2025-12-15,FB-Catalog-DPA-Evergreen,Tablet,Meta Ads,Sales,Bottom,2025,2025-Q4,2025-12,1597.97,165139,64936,2240,82,6678.94,0
2025-12-15,FB-Catalog-DPA-Evergreen,Connected TV,Meta Ads,Sales,Bottom,2025,2025-Q4,2025-12,1196.01,92561,34507,1297,46,3669.77,0
2025-12-15,LI-ABM-Enterprise-Tier1,Desktop,LinkedIn Ads,Leads,Middle,2025,2025-Q4,2025-12,8793.8,180383,69383,1036,23,19239.1,0
2025-12-15,LI-ABM-Enterprise-Tier1,Mobile,LinkedIn Ads,Leads,Middle,2025,2025-Q4,2025-12,10034.89,206764,85478,1188,24,19992.5,0
2025-12-15,LI-ABM-Enterprise-Tier1,Tablet,LinkedIn Ads,Leads,Middle,2025,2025-Q4,2025-12,2151.66,43015,18120,222,6,5172.49,0
2025-12-15,LI-ABM-Enterprise-Tier1,Connected TV,LinkedIn Ads,Leads,Middle,2025,2025-Q4,2025-12,1630.98,24731,10696,132,1,772.98,0
2025-12-15,LI-Content-Whitepaper,Desktop,LinkedIn Ads,Leads,Middle,2025,2025-Q4,2025-12,3918.61,83274,38619,563,11,4795.88,0
2025-12-15,LI-Content-Whitepaper,Mobile,LinkedIn Ads,Leads,Middle,2025,2025-Q4,2025-12,4196.5,90808,38535,702,11,4685.04,0
2025-12-15,LI-Content-Whitepaper,Tablet,LinkedIn Ads,Leads,Middle,2025,2025-Q4,2025-12,900.68,19656,7916,136,0,0,0
2025-12-15,LI-Content-Whitepaper,Connected TV,LinkedIn Ads,Leads,Middle,2025,2025-Q4,2025-12,725.15,11843,4884,84,0,0,0
2025-12-15,TT-Spark-Creator-UGC,Desktop,TikTok Ads,Awareness,Top,2025,2025-Q4,2025-12,4963.22,835579,317007,9371,99,6932.05,265949
2025-12-15,TT-Spark-Creator-UGC,Mobile,TikTok Ads,Awareness,Top,2025,2025-Q4,2025-12,5328.71,873130,336098,11144,98,7010.37,290940
2025-12-15,TT-Spark-Creator-UGC,Tablet,TikTok Ads,Awareness,Top,2025,2025-Q4,2025-12,1072.42,178876,73591,2025,18,1329.75,57941
2025-12-15,TT-Spark-Creator-UGC,Connected TV,TikTok Ads,Awareness,Top,2025,2025-Q4,2025-12,812.11,101511,38044,1199,11,807.04,32299
2025-12-15,DV360-Display-Retarget,Desktop,Programmatic,Conversions,Middle,2025,2025-Q4,2025-12,5306.49,1026984,404701,5074,96,14612.98,0
2025-12-15,DV360-Display-Retarget,Mobile,Programmatic,Conversions,Middle,2025,2025-Q4,2025-12,6136.82,1194568,496325,6371,104,15774.52,0
2025-12-15,DV360-Display-Retarget,Tablet,Programmatic,Conversions,Middle,2025,2025-Q4,2025-12,1301.09,247995,107771,1178,21,3114.81,0
2025-12-15,DV360-Display-Retarget,Connected TV,Programmatic,Conversions,Middle,2025,2025-Q4,2025-12,997.67,142499,63869,661,12,1762.15,0
2025-12-15,DV360-CTV-Reach,Desktop,Programmatic,Awareness,Top,2025,2025-Q4,2025-12,6372.82,302820,145079,853,4,3179.79,96570
2025-12-15,DV360-CTV-Reach,Mobile,Programmatic,Awareness,Top,2025,2025-Q4,2025-12,6907.5,331781,147329,1074,4,3341.1,103217
2025-12-15,DV360-CTV-Reach,Tablet,Programmatic,Awareness,Top,2025,2025-Q4,2025-12,1465.54,68943,28697,212,0,0,21312
2025-12-15,DV360-CTV-Reach,Connected TV,Programmatic,Awareness,Top,2025,2025-Q4,2025-12,1194.8,43571,18597,130,0,0,12955
2025-12-22,BR-Search-Brand-Core,Desktop,Google Ads,Conversions,Bottom,2025,2025-Q4,2025-12,2384.77,22483,8241,2182,187,25901.87,0
2025-12-22,BR-Search-Brand-Core,Mobile,Google Ads,Conversions,Bottom,2025,2025-Q4,2025-12,2718.98,25866,9934,2715,199,27409.74,0
2025-12-22,BR-Search-Brand-Core,Tablet,Google Ads,Conversions,Bottom,2025,2025-Q4,2025-12,548.17,5116,2027,451,33,4622.2,0
2025-12-22,BR-Search-Brand-Core,Connected TV,Google Ads,Conversions,Bottom,2025,2025-Q4,2025-12,420.31,2829,1163,241,17,2445.29,0
2025-12-22,NB-Search-Generic-Solutions,Desktop,Google Ads,Conversions,Middle,2025,2025-Q4,2025-12,10993.6,102204,44301,3409,107,26150.47,0
2025-12-22,NB-Search-Generic-Solutions,Mobile,Google Ads,Conversions,Middle,2025,2025-Q4,2025-12,11762.37,110691,44505,4242,108,26057.26,0
2025-12-22,NB-Search-Generic-Solutions,Tablet,Google Ads,Conversions,Middle,2025,2025-Q4,2025-12,2498.58,23845,10078,809,20,4804.63,0
2025-12-22,NB-Search-Generic-Solutions,Connected TV,Google Ads,Conversions,Middle,2025,2025-Q4,2025-12,2039.93,14000,6105,468,12,2946.33,0
2025-12-22,PMax-Retail-Feed,Desktop,Google Ads,Sales,Bottom,2025,2025-Q4,2025-12,10279.99,589770,242160,12668,625,50268.73,0
2025-12-22,PMax-Retail-Feed,Mobile,Google Ads,Sales,Bottom,2025,2025-Q4,2025-12,11152.57,623031,263751,14425,593,48835.55,0
2025-12-22,PMax-Retail-Feed,Tablet,Google Ads,Sales,Bottom,2025,2025-Q4,2025-12,2249.78,127767,49568,2793,104,8465.12,0
2025-12-22,PMax-Retail-Feed,Connected TV,Google Ads,Sales,Bottom,2025,2025-Q4,2025-12,1684.82,71816,30717,1622,64,5304.76,0
2025-12-22,YT-Awareness-InStream,Desktop,Google Ads,Awareness,Top,2025,2025-Q4,2025-12,6007.58,628261,233825,4089,28,4998.57,198313
2025-12-22,YT-Awareness-InStream,Mobile,Google Ads,Awareness,Top,2025,2025-Q4,2025-12,6851.95,729701,293476,5145,31,5659.85,225876
2025-12-22,YT-Awareness-InStream,Tablet,Google Ads,Awareness,Top,2025,2025-Q4,2025-12,1381.28,143106,58612,906,5,935.98,46413
2025-12-22,YT-Awareness-InStream,Connected TV,Google Ads,Awareness,Top,2025,2025-Q4,2025-12,1045.67,75490,32368,462,2,360.04,25154
2025-12-22,FB-Prospecting-LAL-3pct,Desktop,Meta Ads,Traffic,Top,2025,2025-Q4,2025-12,7514.77,869342,390413,8266,119,11689.02,0
2025-12-22,FB-Prospecting-LAL-3pct,Mobile,Meta Ads,Traffic,Top,2025,2025-Q4,2025-12,7948.13,897852,365082,9742,120,11535.61,0
2025-12-22,FB-Prospecting-LAL-3pct,Tablet,Meta Ads,Traffic,Top,2025,2025-Q4,2025-12,1708.14,194546,84772,1882,23,2186.82,0
2025-12-22,FB-Prospecting-LAL-3pct,Connected TV,Meta Ads,Traffic,Top,2025,2025-Q4,2025-12,1381.23,117893,52537,1117,14,1309.83,0
2025-12-22,IG-Retargeting-Cart-7d,Desktop,Meta Ads,Conversions,Bottom,2025,2025-Q4,2025-12,5774.24,427262,182672,7957,446,37768.77,0
2025-12-22,IG-Retargeting-Cart-7d,Mobile,Meta Ads,Conversions,Bottom,2025,2025-Q4,2025-12,6189.51,445757,194861,9010,416,36049.44,0
2025-12-22,IG-Retargeting-Cart-7d,Tablet,Meta Ads,Conversions,Bottom,2025,2025-Q4,2025-12,1248.23,88242,36064,1666,72,6361.6,0
2025-12-22,IG-Retargeting-Cart-7d,Connected TV,Meta Ads,Conversions,Bottom,2025,2025-Q4,2025-12,945.64,50094,21636,989,44,3838.13,0
2025-12-22,FB-Catalog-DPA-Evergreen,Desktop,Meta Ads,Sales,Bottom,2025,2025-Q4,2025-12,6695.17,690020,272332,10083,446,36224.43,0
2025-12-22,FB-Catalog-DPA-Evergreen,Mobile,Meta Ads,Sales,Bottom,2025,2025-Q4,2025-12,7737.28,801118,328689,12678,483,39092.6,0
2025-12-22,FB-Catalog-DPA-Evergreen,Tablet,Meta Ads,Sales,Bottom,2025,2025-Q4,2025-12,1540.21,156166,59822,2202,80,6543.7,0
2025-12-22,FB-Catalog-DPA-Evergreen,Connected TV,Meta Ads,Sales,Bottom,2025,2025-Q4,2025-12,1180.17,86467,39208,1186,42,3542.68,0
2025-12-22,LI-ABM-Enterprise-Tier1,Desktop,LinkedIn Ads,Leads,Middle,2025,2025-Q4,2025-12,9247.83,185092,76446,963,24,20763.49,0
2025-12-22,LI-ABM-Enterprise-Tier1,Mobile,LinkedIn Ads,Leads,Middle,2025,2025-Q4,2025-12,9904.92,200322,73946,1202,25,21269.28,0
2025-12-22,LI-ABM-Enterprise-Tier1,Tablet,LinkedIn Ads,Leads,Middle,2025,2025-Q4,2025-12,1946.34,40004,15608,215,5,4111.7,0
2025-12-22,LI-ABM-Enterprise-Tier1,Connected TV,LinkedIn Ads,Leads,Middle,2025,2025-Q4,2025-12,1591.94,24513,10066,129,0,0,0
2025-12-22,LI-Content-Whitepaper,Desktop,LinkedIn Ads,Leads,Middle,2025,2025-Q4,2025-12,4069.05,92062,35636,639,13,5357.18,0
2025-12-22,LI-Content-Whitepaper,Mobile,LinkedIn Ads,Leads,Middle,2025,2025-Q4,2025-12,4412.01,97403,38841,735,12,5060.34,0
2025-12-22,LI-Content-Whitepaper,Tablet,LinkedIn Ads,Leads,Middle,2025,2025-Q4,2025-12,889.65,19121,7922,137,0,0,0
2025-12-22,LI-Content-Whitepaper,Connected TV,LinkedIn Ads,Leads,Middle,2025,2025-Q4,2025-12,665.32,10806,4765,79,0,0,0
2025-12-22,TT-Spark-Creator-UGC,Desktop,TikTok Ads,Awareness,Top,2025,2025-Q4,2025-12,4856.29,800728,323050,9137,95,6783.48,244540
2025-12-22,TT-Spark-Creator-UGC,Mobile,TikTok Ads,Awareness,Top,2025,2025-Q4,2025-12,5597.57,936541,354894,11514,101,7121.51,279984
2025-12-22,TT-Spark-Creator-UGC,Tablet,TikTok Ads,Awareness,Top,2025,2025-Q4,2025-12,1045.66,171224,66488,1900,16,1152.94,53166
2025-12-22,TT-Spark-Creator-UGC,Connected TV,TikTok Ads,Awareness,Top,2025,2025-Q4,2025-12,845.6,99898,45892,1141,11,813.92,32715
2025-12-22,DV360-Display-Retarget,Desktop,Programmatic,Conversions,Middle,2025,2025-Q4,2025-12,5655.51,1064110,445820,4783,101,15233.8,0
2025-12-22,DV360-Display-Retarget,Mobile,Programmatic,Conversions,Middle,2025,2025-Q4,2025-12,6449.06,1232998,469957,6726,115,17170.06,0
2025-12-22,DV360-Display-Retarget,Tablet,Programmatic,Conversions,Middle,2025,2025-Q4,2025-12,1285.34,248550,89397,1216,19,2788.09,0
2025-12-22,DV360-Display-Retarget,Connected TV,Programmatic,Conversions,Middle,2025,2025-Q4,2025-12,1035.72,149707,56341,721,13,1893.53,0
2025-12-22,DV360-CTV-Reach,Desktop,Programmatic,Awareness,Top,2025,2025-Q4,2025-12,6701.92,335799,132488,1042,6,4904.03,104444
2025-12-22,DV360-CTV-Reach,Mobile,Programmatic,Awareness,Top,2025,2025-Q4,2025-12,7265.68,357151,143383,1209,5,3969.62,107595
2025-12-22,DV360-CTV-Reach,Tablet,Programmatic,Awareness,Top,2025,2025-Q4,2025-12,1446.76,69118,29291,206,0,0,23285
2025-12-22,DV360-CTV-Reach,Connected TV,Programmatic,Awareness,Top,2025,2025-Q4,2025-12,1094.93,39218,15440,122,0,0,13008
2025-12-29,BR-Search-Brand-Core,Desktop,Google Ads,Conversions,Bottom,2025,2025-Q4,2025-12,1055.39,9046,4088,771,65,9855.54,0
2025-12-29,BR-Search-Brand-Core,Mobile,Google Ads,Conversions,Bottom,2025,2025-Q4,2025-12,1085.27,9643,3375,1032,69,9942.24,0
2025-12-29,BR-Search-Brand-Core,Tablet,Google Ads,Conversions,Bottom,2025,2025-Q4,2025-12,254.16,2310,985,209,15,2137.01,0
2025-12-29,BR-Search-Brand-Core,Connected TV,Google Ads,Conversions,Bottom,2025,2025-Q4,2025-12,217.5,1477,650,130,11,1560.61,0
2025-12-29,NB-Search-Generic-Solutions,Desktop,Google Ads,Conversions,Middle,2025,2025-Q4,2025-12,5712.07,53528,25010,1974,68,16469.84,0
2025-12-29,NB-Search-Generic-Solutions,Mobile,Google Ads,Conversions,Middle,2025,2025-Q4,2025-12,6076.92,54016,27066,1834,53,13736.4,0
2025-12-29,NB-Search-Generic-Solutions,Tablet,Google Ads,Conversions,Middle,2025,2025-Q4,2025-12,1169.47,10601,4155,363,10,2466.79,0
2025-12-29,NB-Search-Generic-Solutions,Connected TV,Google Ads,Conversions,Middle,2025,2025-Q4,2025-12,877.36,6160,2044,203,5,1202.51,0
2025-12-29,PMax-Retail-Feed,Desktop,Google Ads,Sales,Bottom,2025,2025-Q4,2025-12,4103.97,241914,83643,4801,213,16809.63,0
2025-12-29,PMax-Retail-Feed,Mobile,Google Ads,Sales,Bottom,2025,2025-Q4,2025-12,5144.01,305012,118185,6457,261,20588.06,0
2025-12-29,PMax-Retail-Feed,Tablet,Google Ads,Sales,Bottom,2025,2025-Q4,2025-12,989.58,55678,23091,1179,47,3862.02,0
2025-12-29,PMax-Retail-Feed,Connected TV,Google Ads,Sales,Bottom,2025,2025-Q4,2025-12,742.19,31684,13663,648,24,1939.91,0
2025-12-29,YT-Awareness-InStream,Desktop,Google Ads,Awareness,Top,2025,2025-Q4,2025-12,2610.93,248988,115784,1451,9,1778.06,87798
2025-12-29,YT-Awareness-InStream,Mobile,Google Ads,Awareness,Top,2025,2025-Q4,2025-12,2762.78,276337,104469,2018,10,1864.29,90187
2025-12-29,YT-Awareness-InStream,Tablet,Google Ads,Awareness,Top,2025,2025-Q4,2025-12,647.04,65950,28664,409,3,564.03,20862
2025-12-29,YT-Awareness-InStream,Connected TV,Google Ads,Awareness,Top,2025,2025-Q4,2025-12,553.68,42741,20122,258,2,359.93,13026
2025-12-29,FB-Prospecting-LAL-3pct,Desktop,Meta Ads,Traffic,Top,2025,2025-Q4,2025-12,3954.81,472760,224451,5018,82,7589.15,0
2025-12-29,FB-Prospecting-LAL-3pct,Mobile,Meta Ads,Traffic,Top,2025,2025-Q4,2025-12,4207.44,469581,248032,4513,59,5812.5,0
2025-12-29,FB-Prospecting-LAL-3pct,Tablet,Meta Ads,Traffic,Top,2025,2025-Q4,2025-12,809.7,92222,38886,907,12,1252.88,0
2025-12-29,FB-Prospecting-LAL-3pct,Connected TV,Meta Ads,Traffic,Top,2025,2025-Q4,2025-12,607.46,48598,16168,523,6,549.59,0
2025-12-29,IG-Retargeting-Cart-7d,Desktop,Meta Ads,Conversions,Bottom,2025,2025-Q4,2025-12,2332.01,175884,60807,3518,182,16445.51,0
2025-12-29,IG-Retargeting-Cart-7d,Mobile,Meta Ads,Conversions,Bottom,2025,2025-Q4,2025-12,2848.26,201516,78225,4248,199,17394.89,0
2025-12-29,IG-Retargeting-Cart-7d,Tablet,Meta Ads,Conversions,Bottom,2025,2025-Q4,2025-12,562.31,40480,16785,747,34,2906,0
2025-12-29,IG-Retargeting-Cart-7d,Connected TV,Meta Ads,Conversions,Bottom,2025,2025-Q4,2025-12,409.86,22301,9674,396,17,1435.44,0
2025-12-29,FB-Catalog-DPA-Evergreen,Desktop,Meta Ads,Sales,Bottom,2025,2025-Q4,2025-12,2897.26,278277,130138,3606,147,12573.69,0
2025-12-29,FB-Catalog-DPA-Evergreen,Mobile,Meta Ads,Sales,Bottom,2025,2025-Q4,2025-12,3062.33,308958,116898,4911,162,13360.05,0
2025-12-29,FB-Catalog-DPA-Evergreen,Tablet,Meta Ads,Sales,Bottom,2025,2025-Q4,2025-12,700.5,72007,31113,993,35,2819.76,0
2025-12-29,FB-Catalog-DPA-Evergreen,Connected TV,Meta Ads,Sales,Bottom,2025,2025-Q4,2025-12,617.65,47936,22439,647,26,2095.46,0
2025-12-29,LI-ABM-Enterprise-Tier1,Desktop,LinkedIn Ads,Leads,Middle,2025,2025-Q4,2025-12,4500.45,95891,47708,558,14,11487.11,0
2025-12-29,LI-ABM-Enterprise-Tier1,Mobile,LinkedIn Ads,Leads,Middle,2025,2025-Q4,2025-12,4784.07,95006,49949,514,10,8702.83,0
2025-12-29,LI-ABM-Enterprise-Tier1,Tablet,LinkedIn Ads,Leads,Middle,2025,2025-Q4,2025-12,919.12,17251,7613,92,2,1844.12,0
2025-12-29,LI-ABM-Enterprise-Tier1,Connected TV,LinkedIn Ads,Leads,Middle,2025,2025-Q4,2025-12,688.88,9834,3362,59,1,811.75,0
2025-12-29,LI-Content-Whitepaper,Desktop,LinkedIn Ads,Leads,Middle,2025,2025-Q4,2025-12,1630.5,34340,12239,262,4,1760.89,0
2025-12-29,LI-Content-Whitepaper,Mobile,LinkedIn Ads,Leads,Middle,2025,2025-Q4,2025-12,2050.93,44669,19505,359,5,2137.08,0
2025-12-29,LI-Content-Whitepaper,Tablet,LinkedIn Ads,Leads,Middle,2025,2025-Q4,2025-12,393.93,8720,3985,60,0,0,0
2025-12-29,LI-Content-Whitepaper,Connected TV,LinkedIn Ads,Leads,Middle,2025,2025-Q4,2025-12,295.12,4561,2257,30,0,0,0
2025-12-29,TT-Spark-Creator-UGC,Desktop,TikTok Ads,Awareness,Top,2025,2025-Q4,2025-12,1992.06,317262,114417,3265,35,2604.28,105481
2025-12-29,TT-Spark-Creator-UGC,Mobile,TikTok Ads,Awareness,Top,2025,2025-Q4,2025-12,2105.56,344692,135053,4353,38,2746.15,109516
2025-12-29,TT-Spark-Creator-UGC,Tablet,TikTok Ads,Awareness,Top,2025,2025-Q4,2025-12,481.64,80211,35541,880,7,492.52,23995
2025-12-29,TT-Spark-Creator-UGC,Connected TV,TikTok Ads,Awareness,Top,2025,2025-Q4,2025-12,424.67,53693,20309,560,6,418.22,15898
2025-12-29,DV360-Display-Retarget,Desktop,Programmatic,Conversions,Middle,2025,2025-Q4,2025-12,2786.2,556525,276837,2768,59,8344.66,0
2025-12-29,DV360-Display-Retarget,Mobile,Programmatic,Conversions,Middle,2025,2025-Q4,2025-12,2884.12,548486,290878,2505,43,6420.54,0
2025-12-29,DV360-Display-Retarget,Tablet,Programmatic,Conversions,Middle,2025,2025-Q4,2025-12,569.02,100117,44175,455,8,1273.88,0
2025-12-29,DV360-Display-Retarget,Connected TV,Programmatic,Conversions,Middle,2025,2025-Q4,2025-12,414.13,55931,19237,290,4,561.76,0
2025-12-29,DV360-CTV-Reach,Desktop,Programmatic,Awareness,Top,2025,2025-Q4,2025-12,2636.28,121576,43529,385,2,1710.49,39100
2025-12-29,DV360-CTV-Reach,Mobile,Programmatic,Awareness,Top,2025,2025-Q4,2025-12,3329.02,159008,70025,515,3,2486.85,49517
2025-12-29,DV360-CTV-Reach,Tablet,Programmatic,Awareness,Top,2025,2025-Q4,2025-12,750.41,36139,16465,103,0,0,10810
2025-12-29,DV360-CTV-Reach,Connected TV,Programmatic,Awareness,Top,2025,2025-Q4,2025-12,564.72,19115,9331,53,0,0,6403
