Month,Source,Segment,Stage,Source Type,Stage Order,Year,Quarter,Month Label,Cycle Days,Records,Pipeline Value,Won Value,Visitors,Leads,MQLs,SQLs,Opportunities,Customers,Cycle Pool
2024-01-01,Paid Search,Enterprise,Visitors,Paid,1,2024,2024-Q1,2024-01,0,9753,0,0,9753,0,0,0,0,0,0
2024-01-01,Paid Search,Enterprise,Leads,Paid,2,2024,2024-Q1,2024-01,0,1057,0,0,0,1057,0,0,0,0,0
2024-01-01,Paid Search,Enterprise,MQL,Paid,3,2024,2024-Q1,2024-01,0,439,0,0,0,0,439,0,0,0,0
2024-01-01,Paid Search,Enterprise,SQL,Paid,4,2024,2024-Q1,2024-01,89.46,244,0,0,0,0,0,244,0,0,0
2024-01-01,Paid Search,Enterprise,Opportunity,Paid,5,2024,2024-Q1,2024-01,89.46,145,4239867,0,0,0,0,0,145,0,0
2024-01-01,Paid Search,Enterprise,Customer,Paid,6,2024,2024-Q1,2024-01,89.46,63,1829074,1829074,0,0,0,0,0,63,5635.98
2024-01-01,Paid Search,Mid-Market,Visitors,Paid,1,2024,2024-Q1,2024-01,0,14834,0,0,14834,0,0,0,0,0,0
2024-01-01,Paid Search,Mid-Market,Leads,Paid,2,2024,2024-Q1,2024-01,0,1592,0,0,0,1592,0,0,0,0,0
2024-01-01,Paid Search,Mid-Market,MQL,Paid,3,2024,2024-Q1,2024-01,0,669,0,0,0,0,669,0,0,0,0
2024-01-01,Paid Search,Mid-Market,SQL,Paid,4,2024,2024-Q1,2024-01,48.38,364,0,0,0,0,0,364,0,0,0
2024-01-01,Paid Search,Mid-Market,Opportunity,Paid,5,2024,2024-Q1,2024-01,48.38,225,2068766,0,0,0,0,0,225,0,0
2024-01-01,Paid Search,Mid-Market,Customer,Paid,6,2024,2024-Q1,2024-01,48.38,80,735496,735496,0,0,0,0,0,80,3870.4
2024-01-01,Paid Search,SMB,Visitors,Paid,1,2024,2024-Q1,2024-01,0,18978,0,0,18978,0,0,0,0,0,0
2024-01-01,Paid Search,SMB,Leads,Paid,2,2024,2024-Q1,2024-01,0,2009,0,0,0,2009,0,0,0,0,0
2024-01-01,Paid Search,SMB,MQL,Paid,3,2024,2024-Q1,2024-01,0,853,0,0,0,0,853,0,0,0,0
2024-01-01,Paid Search,SMB,SQL,Paid,4,2024,2024-Q1,2024-01,20.56,454,0,0,0,0,0,454,0,0,0
2024-01-01,Paid Search,SMB,Opportunity,Paid,5,2024,2024-Q1,2024-01,20.56,281,859872,0,0,0,0,0,281,0,0
2024-01-01,Paid Search,SMB,Customer,Paid,6,2024,2024-Q1,2024-01,20.56,91,278120,278120,0,0,0,0,0,91,1870.96
2024-01-01,Paid Social,Enterprise,Visitors,Paid,1,2024,2024-Q1,2024-01,0,11483,0,0,11483,0,0,0,0,0,0
2024-01-01,Paid Social,Enterprise,Leads,Paid,2,2024,2024-Q1,2024-01,0,825,0,0,0,825,0,0,0,0,0
2024-01-01,Paid Social,Enterprise,MQL,Paid,3,2024,2024-Q1,2024-01,0,350,0,0,0,0,350,0,0,0,0
2024-01-01,Paid Social,Enterprise,SQL,Paid,4,2024,2024-Q1,2024-01,84.64,197,0,0,0,0,0,197,0,0,0
2024-01-01,Paid Social,Enterprise,Opportunity,Paid,5,2024,2024-Q1,2024-01,84.64,118,3352909,0,0,0,0,0,118,0,0
2024-01-01,Paid Social,Enterprise,Customer,Paid,6,2024,2024-Q1,2024-01,84.64,55,1549940,1549940,0,0,0,0,0,55,4655.2
2024-01-01,Paid Social,Mid-Market,Visitors,Paid,1,2024,2024-Q1,2024-01,0,18375,0,0,18375,0,0,0,0,0,0
2024-01-01,Paid Social,Mid-Market,Leads,Paid,2,2024,2024-Q1,2024-01,0,1325,0,0,0,1325,0,0,0,0,0
2024-01-01,Paid Social,Mid-Market,MQL,Paid,3,2024,2024-Q1,2024-01,0,582,0,0,0,0,582,0,0,0,0
2024-01-01,Paid Social,Mid-Market,SQL,Paid,4,2024,2024-Q1,2024-01,45.24,326,0,0,0,0,0,326,0,0,0
2024-01-01,Paid Social,Mid-Market,Opportunity,Paid,5,2024,2024-Q1,2024-01,45.24,208,2006610,0,0,0,0,0,208,0,0
2024-01-01,Paid Social,Mid-Market,Customer,Paid,6,2024,2024-Q1,2024-01,45.24,74,717123,717123,0,0,0,0,0,74,3347.76
2024-01-01,Paid Social,SMB,Visitors,Paid,1,2024,2024-Q1,2024-01,0,23525,0,0,23525,0,0,0,0,0,0
2024-01-01,Paid Social,SMB,Leads,Paid,2,2024,2024-Q1,2024-01,0,1736,0,0,0,1736,0,0,0,0,0
2024-01-01,Paid Social,SMB,MQL,Paid,3,2024,2024-Q1,2024-01,0,747,0,0,0,0,747,0,0,0,0
2024-01-01,Paid Social,SMB,SQL,Paid,4,2024,2024-Q1,2024-01,21.5,412,0,0,0,0,0,412,0,0,0
2024-01-01,Paid Social,SMB,Opportunity,Paid,5,2024,2024-Q1,2024-01,21.5,255,815468,0,0,0,0,0,255,0,0
2024-01-01,Paid Social,SMB,Customer,Paid,6,2024,2024-Q1,2024-01,21.5,87,278465,278465,0,0,0,0,0,87,1870.5
2024-01-01,Organic Search,Enterprise,Visitors,Inbound,1,2024,2024-Q1,2024-01,0,15356,0,0,15356,0,0,0,0,0,0
2024-01-01,Organic Search,Enterprise,Leads,Inbound,2,2024,2024-Q1,2024-01,0,1759,0,0,0,1759,0,0,0,0,0
2024-01-01,Organic Search,Enterprise,MQL,Inbound,3,2024,2024-Q1,2024-01,0,747,0,0,0,0,747,0,0,0,0
2024-01-01,Organic Search,Enterprise,SQL,Inbound,4,2024,2024-Q1,2024-01,91.17,400,0,0,0,0,0,400,0,0,0
2024-01-01,Organic Search,Enterprise,Opportunity,Inbound,5,2024,2024-Q1,2024-01,91.17,250,7166108,0,0,0,0,0,250,0,0
2024-01-01,Organic Search,Enterprise,Customer,Inbound,6,2024,2024-Q1,2024-01,91.17,108,3101357,3101357,0,0,0,0,0,108,9846.36
2024-01-01,Organic Search,Mid-Market,Visitors,Inbound,1,2024,2024-Q1,2024-01,0,22828,0,0,22828,0,0,0,0,0,0
2024-01-01,Organic Search,Mid-Market,Leads,Inbound,2,2024,2024-Q1,2024-01,0,2635,0,0,0,2635,0,0,0,0,0
2024-01-01,Organic Search,Mid-Market,MQL,Inbound,3,2024,2024-Q1,2024-01,0,1096,0,0,0,0,1096,0,0,0,0
2024-01-01,Organic Search,Mid-Market,SQL,Inbound,4,2024,2024-Q1,2024-01,45.81,598,0,0,0,0,0,598,0,0,0
2024-01-01,Organic Search,Mid-Market,Opportunity,Inbound,5,2024,2024-Q1,2024-01,45.81,365,3305349,0,0,0,0,0,365,0,0
2024-01-01,Organic Search,Mid-Market,Customer,Inbound,6,2024,2024-Q1,2024-01,45.81,132,1197979,1197979,0,0,0,0,0,132,6046.92
2024-01-01,Organic Search,SMB,Visitors,Inbound,1,2024,2024-Q1,2024-01,0,30771,0,0,30771,0,0,0,0,0,0
2024-01-01,Organic Search,SMB,Leads,Inbound,2,2024,2024-Q1,2024-01,0,3596,0,0,0,3596,0,0,0,0,0
2024-01-01,Organic Search,SMB,MQL,Inbound,3,2024,2024-Q1,2024-01,0,1484,0,0,0,0,1484,0,0,0,0
2024-01-01,Organic Search,SMB,SQL,Inbound,4,2024,2024-Q1,2024-01,20.63,819,0,0,0,0,0,819,0,0,0
2024-01-01,Organic Search,SMB,Opportunity,Inbound,5,2024,2024-Q1,2024-01,20.63,492,1541536,0,0,0,0,0,492,0,0
2024-01-01,Organic Search,SMB,Customer,Inbound,6,2024,2024-Q1,2024-01,20.63,162,506911,506911,0,0,0,0,0,162,3342.06
2024-01-01,Email,Enterprise,Visitors,Nurture,1,2024,2024-Q1,2024-01,0,4686,0,0,4686,0,0,0,0,0,0
2024-01-01,Email,Enterprise,Leads,Nurture,2,2024,2024-Q1,2024-01,0,607,0,0,0,607,0,0,0,0,0
2024-01-01,Email,Enterprise,MQL,Nurture,3,2024,2024-Q1,2024-01,0,252,0,0,0,0,252,0,0,0,0
2024-01-01,Email,Enterprise,SQL,Nurture,4,2024,2024-Q1,2024-01,86.58,139,0,0,0,0,0,139,0,0,0
2024-01-01,Email,Enterprise,Opportunity,Nurture,5,2024,2024-Q1,2024-01,86.58,89,2635932,0,0,0,0,0,89,0,0
2024-01-01,Email,Enterprise,Customer,Nurture,6,2024,2024-Q1,2024-01,86.58,38,1139929,1139929,0,0,0,0,0,38,3290.04
2024-01-01,Email,Mid-Market,Visitors,Nurture,1,2024,2024-Q1,2024-01,0,7118,0,0,7118,0,0,0,0,0,0
2024-01-01,Email,Mid-Market,Leads,Nurture,2,2024,2024-Q1,2024-01,0,936,0,0,0,936,0,0,0,0,0
2024-01-01,Email,Mid-Market,MQL,Nurture,3,2024,2024-Q1,2024-01,0,374,0,0,0,0,374,0,0,0,0
2024-01-01,Email,Mid-Market,SQL,Nurture,4,2024,2024-Q1,2024-01,46.25,210,0,0,0,0,0,210,0,0,0
2024-01-01,Email,Mid-Market,Opportunity,Nurture,5,2024,2024-Q1,2024-01,46.25,135,1255620,0,0,0,0,0,135,0,0
2024-01-01,Email,Mid-Market,Customer,Nurture,6,2024,2024-Q1,2024-01,46.25,53,490423,490423,0,0,0,0,0,53,2451.25
2024-01-01,Email,SMB,Visitors,Nurture,1,2024,2024-Q1,2024-01,0,8686,0,0,8686,0,0,0,0,0,0
2024-01-01,Email,SMB,Leads,Nurture,2,2024,2024-Q1,2024-01,0,1129,0,0,0,1129,0,0,0,0,0
2024-01-01,Email,SMB,MQL,Nurture,3,2024,2024-Q1,2024-01,0,469,0,0,0,0,469,0,0,0,0
2024-01-01,Email,SMB,SQL,Nurture,4,2024,2024-Q1,2024-01,21.51,268,0,0,0,0,0,268,0,0,0
2024-01-01,Email,SMB,Opportunity,Nurture,5,2024,2024-Q1,2024-01,21.51,164,494694,0,0,0,0,0,164,0,0
2024-01-01,Email,SMB,Customer,Nurture,6,2024,2024-Q1,2024-01,21.51,57,171748,171748,0,0,0,0,0,57,1226.07
2024-01-01,Webinar,Enterprise,Visitors,Nurture,1,2024,2024-Q1,2024-01,0,1802,0,0,1802,0,0,0,0,0,0
2024-01-01,Webinar,Enterprise,Leads,Nurture,2,2024,2024-Q1,2024-01,0,282,0,0,0,282,0,0,0,0,0
2024-01-01,Webinar,Enterprise,MQL,Nurture,3,2024,2024-Q1,2024-01,0,115,0,0,0,0,115,0,0,0,0
2024-01-01,Webinar,Enterprise,SQL,Nurture,4,2024,2024-Q1,2024-01,87.66,64,0,0,0,0,0,64,0,0,0
2024-01-01,Webinar,Enterprise,Opportunity,Nurture,5,2024,2024-Q1,2024-01,87.66,37,1039851,0,0,0,0,0,37,0,0
2024-01-01,Webinar,Enterprise,Customer,Nurture,6,2024,2024-Q1,2024-01,87.66,23,635353,635353,0,0,0,0,0,23,2016.18
2024-01-01,Webinar,Mid-Market,Visitors,Nurture,1,2024,2024-Q1,2024-01,0,2913,0,0,2913,0,0,0,0,0,0
2024-01-01,Webinar,Mid-Market,Leads,Nurture,2,2024,2024-Q1,2024-01,0,453,0,0,0,453,0,0,0,0,0
2024-01-01,Webinar,Mid-Market,MQL,Nurture,3,2024,2024-Q1,2024-01,0,186,0,0,0,0,186,0,0,0,0
2024-01-01,Webinar,Mid-Market,SQL,Nurture,4,2024,2024-Q1,2024-01,45.09,103,0,0,0,0,0,103,0,0,0
2024-01-01,Webinar,Mid-Market,Opportunity,Nurture,5,2024,2024-Q1,2024-01,45.09,61,569536,0,0,0,0,0,61,0,0
2024-01-01,Webinar,Mid-Market,Customer,Nurture,6,2024,2024-Q1,2024-01,45.09,24,221706,221706,0,0,0,0,0,24,1082.16
2024-01-01,Webinar,SMB,Visitors,Nurture,1,2024,2024-Q1,2024-01,0,3911,0,0,3911,0,0,0,0,0,0
2024-01-01,Webinar,SMB,Leads,Nurture,2,2024,2024-Q1,2024-01,0,605,0,0,0,605,0,0,0,0,0
2024-01-01,Webinar,SMB,MQL,Nurture,3,2024,2024-Q1,2024-01,0,257,0,0,0,0,257,0,0,0,0
2024-01-01,Webinar,SMB,SQL,Nurture,4,2024,2024-Q1,2024-01,20.76,138,0,0,0,0,0,138,0,0,0
2024-01-01,Webinar,SMB,Opportunity,Nurture,5,2024,2024-Q1,2024-01,20.76,87,280955,0,0,0,0,0,87,0,0
2024-01-01,Webinar,SMB,Customer,Nurture,6,2024,2024-Q1,2024-01,20.76,27,86861,86861,0,0,0,0,0,27,560.52
2024-01-01,Partner,Enterprise,Visitors,Partner,1,2024,2024-Q1,2024-01,0,3168,0,0,3168,0,0,0,0,0,0
2024-01-01,Partner,Enterprise,Leads,Partner,2,2024,2024-Q1,2024-01,0,312,0,0,0,312,0,0,0,0,0
2024-01-01,Partner,Enterprise,MQL,Partner,3,2024,2024-Q1,2024-01,0,132,0,0,0,0,132,0,0,0,0
2024-01-01,Partner,Enterprise,SQL,Partner,4,2024,2024-Q1,2024-01,88.28,72,0,0,0,0,0,72,0,0,0
2024-01-01,Partner,Enterprise,Opportunity,Partner,5,2024,2024-Q1,2024-01,88.28,47,1378258,0,0,0,0,0,47,0,0
2024-01-01,Partner,Enterprise,Customer,Partner,6,2024,2024-Q1,2024-01,88.28,23,656185,656185,0,0,0,0,0,23,2030.44
2024-01-01,Partner,Mid-Market,Visitors,Partner,1,2024,2024-Q1,2024-01,0,4733,0,0,4733,0,0,0,0,0,0
2024-01-01,Partner,Mid-Market,Leads,Partner,2,2024,2024-Q1,2024-01,0,464,0,0,0,464,0,0,0,0,0
2024-01-01,Partner,Mid-Market,MQL,Partner,3,2024,2024-Q1,2024-01,0,202,0,0,0,0,202,0,0,0,0
2024-01-01,Partner,Mid-Market,SQL,Partner,4,2024,2024-Q1,2024-01,47.14,111,0,0,0,0,0,111,0,0,0
2024-01-01,Partner,Mid-Market,Opportunity,Partner,5,2024,2024-Q1,2024-01,47.14,67,608352,0,0,0,0,0,67,0,0
2024-01-01,Partner,Mid-Market,Customer,Partner,6,2024,2024-Q1,2024-01,47.14,25,226262,226262,0,0,0,0,0,25,1178.5
2024-01-01,Partner,SMB,Visitors,Partner,1,2024,2024-Q1,2024-01,0,6217,0,0,6217,0,0,0,0,0,0
2024-01-01,Partner,SMB,Leads,Partner,2,2024,2024-Q1,2024-01,0,625,0,0,0,625,0,0,0,0,0
2024-01-01,Partner,SMB,MQL,Partner,3,2024,2024-Q1,2024-01,0,270,0,0,0,0,270,0,0,0,0
2024-01-01,Partner,SMB,SQL,Partner,4,2024,2024-Q1,2024-01,21.3,149,0,0,0,0,0,149,0,0,0
2024-01-01,Partner,SMB,Opportunity,Partner,5,2024,2024-Q1,2024-01,21.3,93,288550,0,0,0,0,0,93,0,0
2024-01-01,Partner,SMB,Customer,Partner,6,2024,2024-Q1,2024-01,21.3,28,86644,86644,0,0,0,0,0,28,596.4
2024-01-01,Direct,Enterprise,Visitors,Inbound,1,2024,2024-Q1,2024-01,0,7324,0,0,7324,0,0,0,0,0,0
2024-01-01,Direct,Enterprise,Leads,Inbound,2,2024,2024-Q1,2024-01,0,661,0,0,0,661,0,0,0,0,0
2024-01-01,Direct,Enterprise,MQL,Inbound,3,2024,2024-Q1,2024-01,0,281,0,0,0,0,281,0,0,0,0
2024-01-01,Direct,Enterprise,SQL,Inbound,4,2024,2024-Q1,2024-01,87.72,151,0,0,0,0,0,151,0,0,0
2024-01-01,Direct,Enterprise,Opportunity,Inbound,5,2024,2024-Q1,2024-01,87.72,95,2739850,0,0,0,0,0,95,0,0
2024-01-01,Direct,Enterprise,Customer,Inbound,6,2024,2024-Q1,2024-01,87.72,42,1207873,1207873,0,0,0,0,0,42,3684.24
2024-01-01,Direct,Mid-Market,Visitors,Inbound,1,2024,2024-Q1,2024-01,0,11532,0,0,11532,0,0,0,0,0,0
2024-01-01,Direct,Mid-Market,Leads,Inbound,2,2024,2024-Q1,2024-01,0,1046,0,0,0,1046,0,0,0,0,0
2024-01-01,Direct,Mid-Market,MQL,Inbound,3,2024,2024-Q1,2024-01,0,439,0,0,0,0,439,0,0,0,0
2024-01-01,Direct,Mid-Market,SQL,Inbound,4,2024,2024-Q1,2024-01,44.62,235,0,0,0,0,0,235,0,0,0
2024-01-01,Direct,Mid-Market,Opportunity,Inbound,5,2024,2024-Q1,2024-01,44.62,140,1323599,0,0,0,0,0,140,0,0
2024-01-01,Direct,Mid-Market,Customer,Inbound,6,2024,2024-Q1,2024-01,44.62,53,500343,500343,0,0,0,0,0,53,2364.86
2024-01-01,Direct,SMB,Visitors,Inbound,1,2024,2024-Q1,2024-01,0,14465,0,0,14465,0,0,0,0,0,0
2024-01-01,Direct,SMB,Leads,Inbound,2,2024,2024-Q1,2024-01,0,1337,0,0,0,1337,0,0,0,0,0
2024-01-01,Direct,SMB,MQL,Inbound,3,2024,2024-Q1,2024-01,0,561,0,0,0,0,561,0,0,0,0
2024-01-01,Direct,SMB,SQL,Inbound,4,2024,2024-Q1,2024-01,21.56,307,0,0,0,0,0,307,0,0,0
2024-01-01,Direct,SMB,Opportunity,Inbound,5,2024,2024-Q1,2024-01,21.56,188,590493,0,0,0,0,0,188,0,0
2024-01-01,Direct,SMB,Customer,Inbound,6,2024,2024-Q1,2024-01,21.56,61,191571,191571,0,0,0,0,0,61,1315.16
2024-02-01,Paid Search,Enterprise,Visitors,Paid,1,2024,2024-Q1,2024-02,0,9482,0,0,9482,0,0,0,0,0,0
2024-02-01,Paid Search,Enterprise,Leads,Paid,2,2024,2024-Q1,2024-02,0,1021,0,0,0,1021,0,0,0,0,0
2024-02-01,Paid Search,Enterprise,MQL,Paid,3,2024,2024-Q1,2024-02,0,424,0,0,0,0,424,0,0,0,0
2024-02-01,Paid Search,Enterprise,SQL,Paid,4,2024,2024-Q1,2024-02,88.64,233,0,0,0,0,0,233,0,0,0
2024-02-01,Paid Search,Enterprise,Opportunity,Paid,5,2024,2024-Q1,2024-02,88.64,139,3886991,0,0,0,0,0,139,0,0
2024-02-01,Paid Search,Enterprise,Customer,Paid,6,2024,2024-Q1,2024-02,88.64,60,1673013,1673013,0,0,0,0,0,60,5318.4
2024-02-01,Paid Search,Mid-Market,Visitors,Paid,1,2024,2024-Q1,2024-02,0,15117,0,0,15117,0,0,0,0,0,0
2024-02-01,Paid Search,Mid-Market,Leads,Paid,2,2024,2024-Q1,2024-02,0,1638,0,0,0,1638,0,0,0,0,0
2024-02-01,Paid Search,Mid-Market,MQL,Paid,3,2024,2024-Q1,2024-02,0,663,0,0,0,0,663,0,0,0,0
2024-02-01,Paid Search,Mid-Market,SQL,Paid,4,2024,2024-Q1,2024-02,45.31,360,0,0,0,0,0,360,0,0,0
2024-02-01,Paid Search,Mid-Market,Opportunity,Paid,5,2024,2024-Q1,2024-02,45.31,215,2019777,0,0,0,0,0,215,0,0
2024-02-01,Paid Search,Mid-Market,Customer,Paid,6,2024,2024-Q1,2024-02,45.31,77,724791,724791,0,0,0,0,0,77,3488.87
2024-02-01,Paid Search,SMB,Visitors,Paid,1,2024,2024-Q1,2024-02,0,20234,0,0,20234,0,0,0,0,0,0
2024-02-01,Paid Search,SMB,Leads,Paid,2,2024,2024-Q1,2024-02,0,2151,0,0,0,2151,0,0,0,0,0
2024-02-01,Paid Search,SMB,MQL,Paid,3,2024,2024-Q1,2024-02,0,892,0,0,0,0,892,0,0,0,0
2024-02-01,Paid Search,SMB,SQL,Paid,4,2024,2024-Q1,2024-02,20.64,477,0,0,0,0,0,477,0,0,0
2024-02-01,Paid Search,SMB,Opportunity,Paid,5,2024,2024-Q1,2024-02,20.64,291,942937,0,0,0,0,0,291,0,0
2024-02-01,Paid Search,SMB,Customer,Paid,6,2024,2024-Q1,2024-02,20.64,99,320322,320322,0,0,0,0,0,99,2043.36
2024-02-01,Paid Social,Enterprise,Visitors,Paid,1,2024,2024-Q1,2024-02,0,11956,0,0,11956,0,0,0,0,0,0
2024-02-01,Paid Social,Enterprise,Leads,Paid,2,2024,2024-Q1,2024-02,0,917,0,0,0,917,0,0,0,0,0
2024-02-01,Paid Social,Enterprise,MQL,Paid,3,2024,2024-Q1,2024-02,0,389,0,0,0,0,389,0,0,0,0
2024-02-01,Paid Social,Enterprise,SQL,Paid,4,2024,2024-Q1,2024-02,87.55,220,0,0,0,0,0,220,0,0,0
2024-02-01,Paid Social,Enterprise,Opportunity,Paid,5,2024,2024-Q1,2024-02,87.55,135,3885665,0,0,0,0,0,135,0,0
2024-02-01,Paid Social,Enterprise,Customer,Paid,6,2024,2024-Q1,2024-02,87.55,59,1696313,1696313,0,0,0,0,0,59,5165.45
2024-02-01,Paid Social,Mid-Market,Visitors,Paid,1,2024,2024-Q1,2024-02,0,17644,0,0,17644,0,0,0,0,0,0
2024-02-01,Paid Social,Mid-Market,Leads,Paid,2,2024,2024-Q1,2024-02,0,1334,0,0,0,1334,0,0,0,0,0
2024-02-01,Paid Social,Mid-Market,MQL,Paid,3,2024,2024-Q1,2024-02,0,553,0,0,0,0,553,0,0,0,0
2024-02-01,Paid Social,Mid-Market,SQL,Paid,4,2024,2024-Q1,2024-02,48.05,311,0,0,0,0,0,311,0,0,0
2024-02-01,Paid Social,Mid-Market,Opportunity,Paid,5,2024,2024-Q1,2024-02,48.05,190,1745766,0,0,0,0,0,190,0,0
2024-02-01,Paid Social,Mid-Market,Customer,Paid,6,2024,2024-Q1,2024-02,48.05,68,628223,628223,0,0,0,0,0,68,3267.4
2024-02-01,Paid Social,SMB,Visitors,Paid,1,2024,2024-Q1,2024-02,0,23233,0,0,23233,0,0,0,0,0,0
2024-02-01,Paid Social,SMB,Leads,Paid,2,2024,2024-Q1,2024-02,0,1728,0,0,0,1728,0,0,0,0,0
2024-02-01,Paid Social,SMB,MQL,Paid,3,2024,2024-Q1,2024-02,0,736,0,0,0,0,736,0,0,0,0
2024-02-01,Paid Social,SMB,SQL,Paid,4,2024,2024-Q1,2024-02,21.53,407,0,0,0,0,0,407,0,0,0
2024-02-01,Paid Social,SMB,Opportunity,Paid,5,2024,2024-Q1,2024-02,21.53,253,787003,0,0,0,0,0,253,0,0
2024-02-01,Paid Social,SMB,Customer,Paid,6,2024,2024-Q1,2024-02,21.53,87,270192,270192,0,0,0,0,0,87,1873.11
2024-02-01,Organic Search,Enterprise,Visitors,Inbound,1,2024,2024-Q1,2024-02,0,15500,0,0,15500,0,0,0,0,0,0
2024-02-01,Organic Search,Enterprise,Leads,Inbound,2,2024,2024-Q1,2024-02,0,1787,0,0,0,1787,0,0,0,0,0
2024-02-01,Organic Search,Enterprise,MQL,Inbound,3,2024,2024-Q1,2024-02,0,748,0,0,0,0,748,0,0,0,0
2024-02-01,Organic Search,Enterprise,SQL,Inbound,4,2024,2024-Q1,2024-02,86.72,403,0,0,0,0,0,403,0,0,0
2024-02-01,Organic Search,Enterprise,Opportunity,Inbound,5,2024,2024-Q1,2024-02,86.72,245,7118434,0,0,0,0,0,245,0,0
2024-02-01,Organic Search,Enterprise,Customer,Inbound,6,2024,2024-Q1,2024-02,86.72,108,3140272,3140272,0,0,0,0,0,108,9365.76
2024-02-01,Organic Search,Mid-Market,Visitors,Inbound,1,2024,2024-Q1,2024-02,0,24206,0,0,24206,0,0,0,0,0,0
2024-02-01,Organic Search,Mid-Market,Leads,Inbound,2,2024,2024-Q1,2024-02,0,2735,0,0,0,2735,0,0,0,0,0
2024-02-01,Organic Search,Mid-Market,MQL,Inbound,3,2024,2024-Q1,2024-02,0,1148,0,0,0,0,1148,0,0,0,0
2024-02-01,Organic Search,Mid-Market,SQL,Inbound,4,2024,2024-Q1,2024-02,44.44,609,0,0,0,0,0,609,0,0,0
2024-02-01,Organic Search,Mid-Market,Opportunity,Inbound,5,2024,2024-Q1,2024-02,44.44,382,3621573,0,0,0,0,0,382,0,0
2024-02-01,Organic Search,Mid-Market,Customer,Inbound,6,2024,2024-Q1,2024-02,44.44,136,1282782,1282782,0,0,0,0,0,136,6043.84
2024-02-01,Organic Search,SMB,Visitors,Inbound,1,2024,2024-Q1,2024-02,0,30366,0,0,30366,0,0,0,0,0,0
2024-02-01,Organic Search,SMB,Leads,Inbound,2,2024,2024-Q1,2024-02,0,3453,0,0,0,3453,0,0,0,0,0
2024-02-01,Organic Search,SMB,MQL,Inbound,3,2024,2024-Q1,2024-02,0,1423,0,0,0,0,1423,0,0,0,0
2024-02-01,Organic Search,SMB,SQL,Inbound,4,2024,2024-Q1,2024-02,21.39,760,0,0,0,0,0,760,0,0,0
2024-02-01,Organic Search,SMB,Opportunity,Inbound,5,2024,2024-Q1,2024-02,21.39,488,1535612,0,0,0,0,0,488,0,0
2024-02-01,Organic Search,SMB,Customer,Inbound,6,2024,2024-Q1,2024-02,21.39,162,508780,508780,0,0,0,0,0,162,3465.18
2024-02-01,Email,Enterprise,Visitors,Nurture,1,2024,2024-Q1,2024-02,0,4471,0,0,4471,0,0,0,0,0,0
2024-02-01,Email,Enterprise,Leads,Nurture,2,2024,2024-Q1,2024-02,0,589,0,0,0,589,0,0,0,0,0
2024-02-01,Email,Enterprise,MQL,Nurture,3,2024,2024-Q1,2024-02,0,255,0,0,0,0,255,0,0,0,0
2024-02-01,Email,Enterprise,SQL,Nurture,4,2024,2024-Q1,2024-02,90.43,139,0,0,0,0,0,139,0,0,0
2024-02-01,Email,Enterprise,Opportunity,Nurture,5,2024,2024-Q1,2024-02,90.43,86,2429581,0,0,0,0,0,86,0,0
2024-02-01,Email,Enterprise,Customer,Nurture,6,2024,2024-Q1,2024-02,90.43,40,1129301,1129301,0,0,0,0,0,40,3617.2
2024-02-01,Email,Mid-Market,Visitors,Nurture,1,2024,2024-Q1,2024-02,0,7045,0,0,7045,0,0,0,0,0,0
2024-02-01,Email,Mid-Market,Leads,Nurture,2,2024,2024-Q1,2024-02,0,919,0,0,0,919,0,0,0,0,0
2024-02-01,Email,Mid-Market,MQL,Nurture,3,2024,2024-Q1,2024-02,0,399,0,0,0,0,399,0,0,0,0
2024-02-01,Email,Mid-Market,SQL,Nurture,4,2024,2024-Q1,2024-02,47.3,213,0,0,0,0,0,213,0,0,0
2024-02-01,Email,Mid-Market,Opportunity,Nurture,5,2024,2024-Q1,2024-02,47.3,132,1213254,0,0,0,0,0,132,0,0
2024-02-01,Email,Mid-Market,Customer,Nurture,6,2024,2024-Q1,2024-02,47.3,51,465765,465765,0,0,0,0,0,51,2412.3
2024-02-01,Email,SMB,Visitors,Nurture,1,2024,2024-Q1,2024-02,0,9255,0,0,9255,0,0,0,0,0,0
2024-02-01,Email,SMB,Leads,Nurture,2,2024,2024-Q1,2024-02,0,1226,0,0,0,1226,0,0,0,0,0
2024-02-01,Email,SMB,MQL,Nurture,3,2024,2024-Q1,2024-02,0,519,0,0,0,0,519,0,0,0,0
2024-02-01,Email,SMB,SQL,Nurture,4,2024,2024-Q1,2024-02,20.1,289,0,0,0,0,0,289,0,0,0
2024-02-01,Email,SMB,Opportunity,Nurture,5,2024,2024-Q1,2024-02,20.1,179,562570,0,0,0,0,0,179,0,0
2024-02-01,Email,SMB,Customer,Nurture,6,2024,2024-Q1,2024-02,20.1,59,184971,184971,0,0,0,0,0,59,1185.9
2024-02-01,Webinar,Enterprise,Visitors,Nurture,1,2024,2024-Q1,2024-02,0,1926,0,0,1926,0,0,0,0,0,0
2024-02-01,Webinar,Enterprise,Leads,Nurture,2,2024,2024-Q1,2024-02,0,300,0,0,0,300,0,0,0,0,0
2024-02-01,Webinar,Enterprise,MQL,Nurture,3,2024,2024-Q1,2024-02,0,125,0,0,0,0,125,0,0,0,0
2024-02-01,Webinar,Enterprise,SQL,Nurture,4,2024,2024-Q1,2024-02,85.04,66,0,0,0,0,0,66,0,0,0
2024-02-01,Webinar,Enterprise,Opportunity,Nurture,5,2024,2024-Q1,2024-02,85.04,41,1205325,0,0,0,0,0,41,0,0
2024-02-01,Webinar,Enterprise,Customer,Nurture,6,2024,2024-Q1,2024-02,85.04,20,581521,581521,0,0,0,0,0,20,1700.8
2024-02-01,Webinar,Mid-Market,Visitors,Nurture,1,2024,2024-Q1,2024-02,0,2943,0,0,2943,0,0,0,0,0,0
2024-02-01,Webinar,Mid-Market,Leads,Nurture,2,2024,2024-Q1,2024-02,0,465,0,0,0,465,0,0,0,0,0
2024-02-01,Webinar,Mid-Market,MQL,Nurture,3,2024,2024-Q1,2024-02,0,190,0,0,0,0,190,0,0,0,0
2024-02-01,Webinar,Mid-Market,SQL,Nurture,4,2024,2024-Q1,2024-02,46.86,102,0,0,0,0,0,102,0,0,0
2024-02-01,Webinar,Mid-Market,Opportunity,Nurture,5,2024,2024-Q1,2024-02,46.86,61,581966,0,0,0,0,0,61,0,0
2024-02-01,Webinar,Mid-Market,Customer,Nurture,6,2024,2024-Q1,2024-02,46.86,24,227510,227510,0,0,0,0,0,24,1124.64
2024-02-01,Webinar,SMB,Visitors,Nurture,1,2024,2024-Q1,2024-02,0,3743,0,0,3743,0,0,0,0,0,0
2024-02-01,Webinar,SMB,Leads,Nurture,2,2024,2024-Q1,2024-02,0,579,0,0,0,579,0,0,0,0,0
2024-02-01,Webinar,SMB,MQL,Nurture,3,2024,2024-Q1,2024-02,0,238,0,0,0,0,238,0,0,0,0
2024-02-01,Webinar,SMB,SQL,Nurture,4,2024,2024-Q1,2024-02,21.95,127,0,0,0,0,0,127,0,0,0
2024-02-01,Webinar,SMB,Opportunity,Nurture,5,2024,2024-Q1,2024-02,21.95,76,238778,0,0,0,0,0,76,0,0
2024-02-01,Webinar,SMB,Customer,Nurture,6,2024,2024-Q1,2024-02,21.95,25,79289,79289,0,0,0,0,0,25,548.75
2024-02-01,Partner,Enterprise,Visitors,Partner,1,2024,2024-Q1,2024-02,0,3116,0,0,3116,0,0,0,0,0,0
2024-02-01,Partner,Enterprise,Leads,Partner,2,2024,2024-Q1,2024-02,0,326,0,0,0,326,0,0,0,0,0
2024-02-01,Partner,Enterprise,MQL,Partner,3,2024,2024-Q1,2024-02,0,138,0,0,0,0,138,0,0,0,0
2024-02-01,Partner,Enterprise,SQL,Partner,4,2024,2024-Q1,2024-02,90.53,77,0,0,0,0,0,77,0,0,0
2024-02-01,Partner,Enterprise,Opportunity,Partner,5,2024,2024-Q1,2024-02,90.53,49,1362778,0,0,0,0,0,49,0,0
2024-02-01,Partner,Enterprise,Customer,Partner,6,2024,2024-Q1,2024-02,90.53,21,580395,580395,0,0,0,0,0,21,1901.13
2024-02-01,Partner,Mid-Market,Visitors,Partner,1,2024,2024-Q1,2024-02,0,4872,0,0,4872,0,0,0,0,0,0
2024-02-01,Partner,Mid-Market,Leads,Partner,2,2024,2024-Q1,2024-02,0,508,0,0,0,508,0,0,0,0,0
2024-02-01,Partner,Mid-Market,MQL,Partner,3,2024,2024-Q1,2024-02,0,210,0,0,0,0,210,0,0,0,0
2024-02-01,Partner,Mid-Market,SQL,Partner,4,2024,2024-Q1,2024-02,44.58,119,0,0,0,0,0,119,0,0,0
2024-02-01,Partner,Mid-Market,Opportunity,Partner,5,2024,2024-Q1,2024-02,44.58,72,666667,0,0,0,0,0,72,0,0
2024-02-01,Partner,Mid-Market,Customer,Partner,6,2024,2024-Q1,2024-02,44.58,26,241335,241335,0,0,0,0,0,26,1159.08
2024-02-01,Partner,SMB,Visitors,Partner,1,2024,2024-Q1,2024-02,0,6593,0,0,6593,0,0,0,0,0,0
2024-02-01,Partner,SMB,Leads,Partner,2,2024,2024-Q1,2024-02,0,682,0,0,0,682,0,0,0,0,0
2024-02-01,Partner,SMB,MQL,Partner,3,2024,2024-Q1,2024-02,0,289,0,0,0,0,289,0,0,0,0
2024-02-01,Partner,SMB,SQL,Partner,4,2024,2024-Q1,2024-02,21.09,156,0,0,0,0,0,156,0,0,0
2024-02-01,Partner,SMB,Opportunity,Partner,5,2024,2024-Q1,2024-02,21.09,99,317227,0,0,0,0,0,99,0,0
2024-02-01,Partner,SMB,Customer,Partner,6,2024,2024-Q1,2024-02,21.09,32,103803,103803,0,0,0,0,0,32,674.88
2024-02-01,Direct,Enterprise,Visitors,Inbound,1,2024,2024-Q1,2024-02,0,7383,0,0,7383,0,0,0,0,0,0
2024-02-01,Direct,Enterprise,Leads,Inbound,2,2024,2024-Q1,2024-02,0,668,0,0,0,668,0,0,0,0,0
2024-02-01,Direct,Enterprise,MQL,Inbound,3,2024,2024-Q1,2024-02,0,278,0,0,0,0,278,0,0,0,0
2024-02-01,Direct,Enterprise,SQL,Inbound,4,2024,2024-Q1,2024-02,89.44,152,0,0,0,0,0,152,0,0,0
2024-02-01,Direct,Enterprise,Opportunity,Inbound,5,2024,2024-Q1,2024-02,89.44,92,2728652,0,0,0,0,0,92,0,0
2024-02-01,Direct,Enterprise,Customer,Inbound,6,2024,2024-Q1,2024-02,89.44,44,1303014,1303014,0,0,0,0,0,44,3935.36
2024-02-01,Direct,Mid-Market,Visitors,Inbound,1,2024,2024-Q1,2024-02,0,11261,0,0,11261,0,0,0,0,0,0
2024-02-01,Direct,Mid-Market,Leads,Inbound,2,2024,2024-Q1,2024-02,0,1009,0,0,0,1009,0,0,0,0,0
2024-02-01,Direct,Mid-Market,MQL,Inbound,3,2024,2024-Q1,2024-02,0,429,0,0,0,0,429,0,0,0,0
2024-02-01,Direct,Mid-Market,SQL,Inbound,4,2024,2024-Q1,2024-02,47.45,228,0,0,0,0,0,228,0,0,0
2024-02-01,Direct,Mid-Market,Opportunity,Inbound,5,2024,2024-Q1,2024-02,47.45,138,1275134,0,0,0,0,0,138,0,0
2024-02-01,Direct,Mid-Market,Customer,Inbound,6,2024,2024-Q1,2024-02,47.45,53,488496,488496,0,0,0,0,0,53,2514.85
2024-02-01,Direct,SMB,Visitors,Inbound,1,2024,2024-Q1,2024-02,0,14347,0,0,14347,0,0,0,0,0,0
2024-02-01,Direct,SMB,Leads,Inbound,2,2024,2024-Q1,2024-02,0,1273,0,0,0,1273,0,0,0,0,0
2024-02-01,Direct,SMB,MQL,Inbound,3,2024,2024-Q1,2024-02,0,535,0,0,0,0,535,0,0,0,0
2024-02-01,Direct,SMB,SQL,Inbound,4,2024,2024-Q1,2024-02,20.53,280,0,0,0,0,0,280,0,0,0
2024-02-01,Direct,SMB,Opportunity,Inbound,5,2024,2024-Q1,2024-02,20.53,179,548798,0,0,0,0,0,179,0,0
2024-02-01,Direct,SMB,Customer,Inbound,6,2024,2024-Q1,2024-02,20.53,59,181057,181057,0,0,0,0,0,59,1211.27
2024-03-01,Paid Search,Enterprise,Visitors,Paid,1,2024,2024-Q1,2024-03,0,11268,0,0,11268,0,0,0,0,0,0
2024-03-01,Paid Search,Enterprise,Leads,Paid,2,2024,2024-Q1,2024-03,0,1172,0,0,0,1172,0,0,0,0,0
2024-03-01,Paid Search,Enterprise,MQL,Paid,3,2024,2024-Q1,2024-03,0,486,0,0,0,0,486,0,0,0,0
2024-03-01,Paid Search,Enterprise,SQL,Paid,4,2024,2024-Q1,2024-03,85.77,257,0,0,0,0,0,257,0,0,0
2024-03-01,Paid Search,Enterprise,Opportunity,Paid,5,2024,2024-Q1,2024-03,85.77,162,4693393,0,0,0,0,0,162,0,0
2024-03-01,Paid Search,Enterprise,Customer,Paid,6,2024,2024-Q1,2024-03,85.77,70,2024030,2024030,0,0,0,0,0,70,6003.9
2024-03-01,Paid Search,Mid-Market,Visitors,Paid,1,2024,2024-Q1,2024-03,0,17732,0,0,17732,0,0,0,0,0,0
2024-03-01,Paid Search,Mid-Market,Leads,Paid,2,2024,2024-Q1,2024-03,0,1879,0,0,0,1879,0,0,0,0,0
2024-03-01,Paid Search,Mid-Market,MQL,Paid,3,2024,2024-Q1,2024-03,0,802,0,0,0,0,802,0,0,0,0
2024-03-01,Paid Search,Mid-Market,SQL,Paid,4,2024,2024-Q1,2024-03,46.69,427,0,0,0,0,0,427,0,0,0
2024-03-01,Paid Search,Mid-Market,Opportunity,Paid,5,2024,2024-Q1,2024-03,46.69,275,2647728,0,0,0,0,0,275,0,0
2024-03-01,Paid Search,Mid-Market,Customer,Paid,6,2024,2024-Q1,2024-03,46.69,98,944783,944783,0,0,0,0,0,98,4575.62
2024-03-01,Paid Search,SMB,Visitors,Paid,1,2024,2024-Q1,2024-03,0,21804,0,0,21804,0,0,0,0,0,0
2024-03-01,Paid Search,SMB,Leads,Paid,2,2024,2024-Q1,2024-03,0,2332,0,0,0,2332,0,0,0,0,0
2024-03-01,Paid Search,SMB,MQL,Paid,3,2024,2024-Q1,2024-03,0,958,0,0,0,0,958,0,0,0,0
2024-03-01,Paid Search,SMB,SQL,Paid,4,2024,2024-Q1,2024-03,21.32,532,0,0,0,0,0,532,0,0,0
2024-03-01,Paid Search,SMB,Opportunity,Paid,5,2024,2024-Q1,2024-03,21.32,337,1042463,0,0,0,0,0,337,0,0
2024-03-01,Paid Search,SMB,Customer,Paid,6,2024,2024-Q1,2024-03,21.32,113,350736,350736,0,0,0,0,0,113,2409.16
2024-03-01,Paid Social,Enterprise,Visitors,Paid,1,2024,2024-Q1,2024-03,0,13253,0,0,13253,0,0,0,0,0,0
2024-03-01,Paid Social,Enterprise,Leads,Paid,2,2024,2024-Q1,2024-03,0,973,0,0,0,973,0,0,0,0,0
2024-03-01,Paid Social,Enterprise,MQL,Paid,3,2024,2024-Q1,2024-03,0,414,0,0,0,0,414,0,0,0,0
2024-03-01,Paid Social,Enterprise,SQL,Paid,4,2024,2024-Q1,2024-03,89.7,225,0,0,0,0,0,225,0,0,0
2024-03-01,Paid Social,Enterprise,Opportunity,Paid,5,2024,2024-Q1,2024-03,89.7,139,3900772,0,0,0,0,0,139,0,0
2024-03-01,Paid Social,Enterprise,Customer,Paid,6,2024,2024-Q1,2024-03,89.7,59,1649330,1649330,0,0,0,0,0,59,5292.3
2024-03-01,Paid Social,Mid-Market,Visitors,Paid,1,2024,2024-Q1,2024-03,0,20519,0,0,20519,0,0,0,0,0,0
2024-03-01,Paid Social,Mid-Market,Leads,Paid,2,2024,2024-Q1,2024-03,0,1537,0,0,0,1537,0,0,0,0,0
2024-03-01,Paid Social,Mid-Market,MQL,Paid,3,2024,2024-Q1,2024-03,0,648,0,0,0,0,648,0,0,0,0
2024-03-01,Paid Social,Mid-Market,SQL,Paid,4,2024,2024-Q1,2024-03,44.05,358,0,0,0,0,0,358,0,0,0
2024-03-01,Paid Social,Mid-Market,Opportunity,Paid,5,2024,2024-Q1,2024-03,44.05,221,2056074,0,0,0,0,0,221,0,0
2024-03-01,Paid Social,Mid-Market,Customer,Paid,6,2024,2024-Q1,2024-03,44.05,78,727222,727222,0,0,0,0,0,78,3435.9
2024-03-01,Paid Social,SMB,Visitors,Paid,1,2024,2024-Q1,2024-03,0,27310,0,0,27310,0,0,0,0,0,0
2024-03-01,Paid Social,SMB,Leads,Paid,2,2024,2024-Q1,2024-03,0,2035,0,0,0,2035,0,0,0,0,0
2024-03-01,Paid Social,SMB,MQL,Paid,3,2024,2024-Q1,2024-03,0,842,0,0,0,0,842,0,0,0,0
2024-03-01,Paid Social,SMB,SQL,Paid,4,2024,2024-Q1,2024-03,20.9,463,0,0,0,0,0,463,0,0,0
2024-03-01,Paid Social,SMB,Opportunity,Paid,5,2024,2024-Q1,2024-03,20.9,279,900131,0,0,0,0,0,279,0,0
2024-03-01,Paid Social,SMB,Customer,Paid,6,2024,2024-Q1,2024-03,20.9,94,302070,302070,0,0,0,0,0,94,1964.6
2024-03-01,Organic Search,Enterprise,Visitors,Inbound,1,2024,2024-Q1,2024-03,0,17973,0,0,17973,0,0,0,0,0,0
2024-03-01,Organic Search,Enterprise,Leads,Inbound,2,2024,2024-Q1,2024-03,0,2081,0,0,0,2081,0,0,0,0,0
2024-03-01,Organic Search,Enterprise,MQL,Inbound,3,2024,2024-Q1,2024-03,0,837,0,0,0,0,837,0,0,0,0
2024-03-01,Organic Search,Enterprise,SQL,Inbound,4,2024,2024-Q1,2024-03,89.13,466,0,0,0,0,0,466,0,0,0
2024-03-01,Organic Search,Enterprise,Opportunity,Inbound,5,2024,2024-Q1,2024-03,89.13,296,8772268,0,0,0,0,0,296,0,0
2024-03-01,Organic Search,Enterprise,Customer,Inbound,6,2024,2024-Q1,2024-03,89.13,132,3919194,3919194,0,0,0,0,0,132,11765.16
2024-03-01,Organic Search,Mid-Market,Visitors,Inbound,1,2024,2024-Q1,2024-03,0,26404,0,0,26404,0,0,0,0,0,0
2024-03-01,Organic Search,Mid-Market,Leads,Inbound,2,2024,2024-Q1,2024-03,0,2999,0,0,0,2999,0,0,0,0,0
2024-03-01,Organic Search,Mid-Market,MQL,Inbound,3,2024,2024-Q1,2024-03,0,1224,0,0,0,0,1224,0,0,0,0
2024-03-01,Organic Search,Mid-Market,SQL,Inbound,4,2024,2024-Q1,2024-03,46.72,704,0,0,0,0,0,704,0,0,0
2024-03-01,Organic Search,Mid-Market,Opportunity,Inbound,5,2024,2024-Q1,2024-03,46.72,435,3943706,0,0,0,0,0,435,0,0
2024-03-01,Organic Search,Mid-Market,Customer,Inbound,6,2024,2024-Q1,2024-03,46.72,160,1452648,1452648,0,0,0,0,0,160,7475.2
2024-03-01,Organic Search,SMB,Visitors,Inbound,1,2024,2024-Q1,2024-03,0,34223,0,0,34223,0,0,0,0,0,0
2024-03-01,Organic Search,SMB,Leads,Inbound,2,2024,2024-Q1,2024-03,0,3850,0,0,0,3850,0,0,0,0,0
2024-03-01,Organic Search,SMB,MQL,Inbound,3,2024,2024-Q1,2024-03,0,1630,0,0,0,0,1630,0,0,0,0
2024-03-01,Organic Search,SMB,SQL,Inbound,4,2024,2024-Q1,2024-03,20.77,925,0,0,0,0,0,925,0,0,0
2024-03-01,Organic Search,SMB,Opportunity,Inbound,5,2024,2024-Q1,2024-03,20.77,568,1728146,0,0,0,0,0,568,0,0
2024-03-01,Organic Search,SMB,Customer,Inbound,6,2024,2024-Q1,2024-03,20.77,191,581632,581632,0,0,0,0,0,191,3967.07
2024-03-01,Email,Enterprise,Visitors,Nurture,1,2024,2024-Q1,2024-03,0,5238,0,0,5238,0,0,0,0,0,0
2024-03-01,Email,Enterprise,Leads,Nurture,2,2024,2024-Q1,2024-03,0,697,0,0,0,697,0,0,0,0,0
2024-03-01,Email,Enterprise,MQL,Nurture,3,2024,2024-Q1,2024-03,0,289,0,0,0,0,289,0,0,0,0
2024-03-01,Email,Enterprise,SQL,Nurture,4,2024,2024-Q1,2024-03,85.73,161,0,0,0,0,0,161,0,0,0
2024-03-01,Email,Enterprise,Opportunity,Nurture,5,2024,2024-Q1,2024-03,85.73,96,2740659,0,0,0,0,0,96,0,0
2024-03-01,Email,Enterprise,Customer,Nurture,6,2024,2024-Q1,2024-03,85.73,45,1283765,1283765,0,0,0,0,0,45,3857.85
2024-03-01,Email,Mid-Market,Visitors,Nurture,1,2024,2024-Q1,2024-03,0,8390,0,0,8390,0,0,0,0,0,0
2024-03-01,Email,Mid-Market,Leads,Nurture,2,2024,2024-Q1,2024-03,0,1108,0,0,0,1108,0,0,0,0,0
2024-03-01,Email,Mid-Market,MQL,Nurture,3,2024,2024-Q1,2024-03,0,468,0,0,0,0,468,0,0,0,0
2024-03-01,Email,Mid-Market,SQL,Nurture,4,2024,2024-Q1,2024-03,45.69,253,0,0,0,0,0,253,0,0,0
2024-03-01,Email,Mid-Market,Opportunity,Nurture,5,2024,2024-Q1,2024-03,45.69,157,1502433,0,0,0,0,0,157,0,0
2024-03-01,Email,Mid-Market,Customer,Nurture,6,2024,2024-Q1,2024-03,45.69,57,541546,541546,0,0,0,0,0,57,2604.33
2024-03-01,Email,SMB,Visitors,Nurture,1,2024,2024-Q1,2024-03,0,10667,0,0,10667,0,0,0,0,0,0
2024-03-01,Email,SMB,Leads,Nurture,2,2024,2024-Q1,2024-03,0,1389,0,0,0,1389,0,0,0,0,0
2024-03-01,Email,SMB,MQL,Nurture,3,2024,2024-Q1,2024-03,0,595,0,0,0,0,595,0,0,0,0
2024-03-01,Email,SMB,SQL,Nurture,4,2024,2024-Q1,2024-03,21.03,321,0,0,0,0,0,321,0,0,0
2024-03-01,Email,SMB,Opportunity,Nurture,5,2024,2024-Q1,2024-03,21.03,199,614233,0,0,0,0,0,199,0,0
2024-03-01,Email,SMB,Customer,Nurture,6,2024,2024-Q1,2024-03,21.03,66,203325,203325,0,0,0,0,0,66,1387.98
2024-03-01,Webinar,Enterprise,Visitors,Nurture,1,2024,2024-Q1,2024-03,0,2091,0,0,2091,0,0,0,0,0,0
2024-03-01,Webinar,Enterprise,Leads,Nurture,2,2024,2024-Q1,2024-03,0,314,0,0,0,314,0,0,0,0,0
2024-03-01,Webinar,Enterprise,MQL,Nurture,3,2024,2024-Q1,2024-03,0,132,0,0,0,0,132,0,0,0,0
2024-03-01,Webinar,Enterprise,SQL,Nurture,4,2024,2024-Q1,2024-03,89.42,70,0,0,0,0,0,70,0,0,0
2024-03-01,Webinar,Enterprise,Opportunity,Nurture,5,2024,2024-Q1,2024-03,89.42,48,1330321,0,0,0,0,0,48,0,0
2024-03-01,Webinar,Enterprise,Customer,Nurture,6,2024,2024-Q1,2024-03,89.42,21,571079,571079,0,0,0,0,0,21,1877.82
2024-03-01,Webinar,Mid-Market,Visitors,Nurture,1,2024,2024-Q1,2024-03,0,3260,0,0,3260,0,0,0,0,0,0
2024-03-01,Webinar,Mid-Market,Leads,Nurture,2,2024,2024-Q1,2024-03,0,490,0,0,0,490,0,0,0,0,0
2024-03-01,Webinar,Mid-Market,MQL,Nurture,3,2024,2024-Q1,2024-03,0,205,0,0,0,0,205,0,0,0,0
2024-03-01,Webinar,Mid-Market,SQL,Nurture,4,2024,2024-Q1,2024-03,46.25,112,0,0,0,0,0,112,0,0,0
2024-03-01,Webinar,Mid-Market,Opportunity,Nurture,5,2024,2024-Q1,2024-03,46.25,70,635741,0,0,0,0,0,70,0,0
2024-03-01,Webinar,Mid-Market,Customer,Nurture,6,2024,2024-Q1,2024-03,46.25,26,235786,235786,0,0,0,0,0,26,1202.5
2024-03-01,Webinar,SMB,Visitors,Nurture,1,2024,2024-Q1,2024-03,0,4396,0,0,4396,0,0,0,0,0,0
2024-03-01,Webinar,SMB,Leads,Nurture,2,2024,2024-Q1,2024-03,0,683,0,0,0,683,0,0,0,0,0
2024-03-01,Webinar,SMB,MQL,Nurture,3,2024,2024-Q1,2024-03,0,282,0,0,0,0,282,0,0,0,0
2024-03-01,Webinar,SMB,SQL,Nurture,4,2024,2024-Q1,2024-03,20.27,154,0,0,0,0,0,154,0,0,0
2024-03-01,Webinar,SMB,Opportunity,Nurture,5,2024,2024-Q1,2024-03,20.27,98,309634,0,0,0,0,0,98,0,0
2024-03-01,Webinar,SMB,Customer,Nurture,6,2024,2024-Q1,2024-03,20.27,30,94756,94756,0,0,0,0,0,30,608.1
2024-03-01,Partner,Enterprise,Visitors,Partner,1,2024,2024-Q1,2024-03,0,3756,0,0,3756,0,0,0,0,0,0
2024-03-01,Partner,Enterprise,Leads,Partner,2,2024,2024-Q1,2024-03,0,384,0,0,0,384,0,0,0,0,0
2024-03-01,Partner,Enterprise,MQL,Partner,3,2024,2024-Q1,2024-03,0,162,0,0,0,0,162,0,0,0,0
2024-03-01,Partner,Enterprise,SQL,Partner,4,2024,2024-Q1,2024-03,87.43,89,0,0,0,0,0,89,0,0,0
2024-03-01,Partner,Enterprise,Opportunity,Partner,5,2024,2024-Q1,2024-03,87.43,52,1520211,0,0,0,0,0,52,0,0
2024-03-01,Partner,Enterprise,Customer,Partner,6,2024,2024-Q1,2024-03,87.43,23,669070,669070,0,0,0,0,0,23,2010.89
2024-03-01,Partner,Mid-Market,Visitors,Partner,1,2024,2024-Q1,2024-03,0,5745,0,0,5745,0,0,0,0,0,0
2024-03-01,Partner,Mid-Market,Leads,Partner,2,2024,2024-Q1,2024-03,0,587,0,0,0,587,0,0,0,0,0
2024-03-01,Partner,Mid-Market,MQL,Partner,3,2024,2024-Q1,2024-03,0,245,0,0,0,0,245,0,0,0,0
2024-03-01,Partner,Mid-Market,SQL,Partner,4,2024,2024-Q1,2024-03,46.08,134,0,0,0,0,0,134,0,0,0
2024-03-01,Partner,Mid-Market,Opportunity,Partner,5,2024,2024-Q1,2024-03,46.08,83,772753,0,0,0,0,0,83,0,0
2024-03-01,Partner,Mid-Market,Customer,Partner,6,2024,2024-Q1,2024-03,46.08,28,256724,256724,0,0,0,0,0,28,1290.24
2024-03-01,Partner,SMB,Visitors,Partner,1,2024,2024-Q1,2024-03,0,7043,0,0,7043,0,0,0,0,0,0
2024-03-01,Partner,SMB,Leads,Partner,2,2024,2024-Q1,2024-03,0,731,0,0,0,731,0,0,0,0,0
2024-03-01,Partner,SMB,MQL,Partner,3,2024,2024-Q1,2024-03,0,303,0,0,0,0,303,0,0,0,0
2024-03-01,Partner,SMB,SQL,Partner,4,2024,2024-Q1,2024-03,21.72,169,0,0,0,0,0,169,0,0,0
2024-03-01,Partner,SMB,Opportunity,Partner,5,2024,2024-Q1,2024-03,21.72,108,331609,0,0,0,0,0,108,0,0
2024-03-01,Partner,SMB,Customer,Partner,6,2024,2024-Q1,2024-03,21.72,33,102261,102261,0,0,0,0,0,33,716.76
2024-03-01,Direct,Enterprise,Visitors,Inbound,1,2024,2024-Q1,2024-03,0,8190,0,0,8190,0,0,0,0,0,0
2024-03-01,Direct,Enterprise,Leads,Inbound,2,2024,2024-Q1,2024-03,0,752,0,0,0,752,0,0,0,0,0
2024-03-01,Direct,Enterprise,MQL,Inbound,3,2024,2024-Q1,2024-03,0,303,0,0,0,0,303,0,0,0,0
2024-03-01,Direct,Enterprise,SQL,Inbound,4,2024,2024-Q1,2024-03,89.94,167,0,0,0,0,0,167,0,0,0
2024-03-01,Direct,Enterprise,Opportunity,Inbound,5,2024,2024-Q1,2024-03,89.94,109,3060860,0,0,0,0,0,109,0,0
2024-03-01,Direct,Enterprise,Customer,Inbound,6,2024,2024-Q1,2024-03,89.94,49,1365625,1365625,0,0,0,0,0,49,4407.06
2024-03-01,Direct,Mid-Market,Visitors,Inbound,1,2024,2024-Q1,2024-03,0,12983,0,0,12983,0,0,0,0,0,0
2024-03-01,Direct,Mid-Market,Leads,Inbound,2,2024,2024-Q1,2024-03,0,1173,0,0,0,1173,0,0,0,0,0
2024-03-01,Direct,Mid-Market,MQL,Inbound,3,2024,2024-Q1,2024-03,0,475,0,0,0,0,475,0,0,0,0
2024-03-01,Direct,Mid-Market,SQL,Inbound,4,2024,2024-Q1,2024-03,44.18,274,0,0,0,0,0,274,0,0,0
2024-03-01,Direct,Mid-Market,Opportunity,Inbound,5,2024,2024-Q1,2024-03,44.18,168,1578754,0,0,0,0,0,168,0,0
2024-03-01,Direct,Mid-Market,Customer,Inbound,6,2024,2024-Q1,2024-03,44.18,59,554467,554467,0,0,0,0,0,59,2606.62
2024-03-01,Direct,SMB,Visitors,Inbound,1,2024,2024-Q1,2024-03,0,16988,0,0,16988,0,0,0,0,0,0
2024-03-01,Direct,SMB,Leads,Inbound,2,2024,2024-Q1,2024-03,0,1513,0,0,0,1513,0,0,0,0,0
2024-03-01,Direct,SMB,MQL,Inbound,3,2024,2024-Q1,2024-03,0,629,0,0,0,0,629,0,0,0,0
2024-03-01,Direct,SMB,SQL,Inbound,4,2024,2024-Q1,2024-03,20.62,351,0,0,0,0,0,351,0,0,0
2024-03-01,Direct,SMB,Opportunity,Inbound,5,2024,2024-Q1,2024-03,20.62,220,698567,0,0,0,0,0,220,0,0
2024-03-01,Direct,SMB,Customer,Inbound,6,2024,2024-Q1,2024-03,20.62,72,228193,228193,0,0,0,0,0,72,1484.64
2024-04-01,Paid Search,Enterprise,Visitors,Paid,1,2024,2024-Q2,2024-04,0,12004,0,0,12004,0,0,0,0,0,0
2024-04-01,Paid Search,Enterprise,Leads,Paid,2,2024,2024-Q2,2024-04,0,1344,0,0,0,1344,0,0,0,0,0
2024-04-01,Paid Search,Enterprise,MQL,Paid,3,2024,2024-Q2,2024-04,0,568,0,0,0,0,568,0,0,0,0
2024-04-01,Paid Search,Enterprise,SQL,Paid,4,2024,2024-Q2,2024-04,90.23,324,0,0,0,0,0,324,0,0,0
2024-04-01,Paid Search,Enterprise,Opportunity,Paid,5,2024,2024-Q2,2024-04,90.23,197,5530651,0,0,0,0,0,197,0,0
2024-04-01,Paid Search,Enterprise,Customer,Paid,6,2024,2024-Q2,2024-04,90.23,87,2443421,2443421,0,0,0,0,0,87,7850.01
2024-04-01,Paid Search,Mid-Market,Visitors,Paid,1,2024,2024-Q2,2024-04,0,18542,0,0,18542,0,0,0,0,0,0
2024-04-01,Paid Search,Mid-Market,Leads,Paid,2,2024,2024-Q2,2024-04,0,2042,0,0,0,2042,0,0,0,0,0
2024-04-01,Paid Search,Mid-Market,MQL,Paid,3,2024,2024-Q2,2024-04,0,864,0,0,0,0,864,0,0,0,0
2024-04-01,Paid Search,Mid-Market,SQL,Paid,4,2024,2024-Q2,2024-04,46.54,482,0,0,0,0,0,482,0,0,0
2024-04-01,Paid Search,Mid-Market,Opportunity,Paid,5,2024,2024-Q2,2024-04,46.54,294,2716695,0,0,0,0,0,294,0,0
2024-04-01,Paid Search,Mid-Market,Customer,Paid,6,2024,2024-Q2,2024-04,46.54,106,981508,981508,0,0,0,0,0,106,4933.24
2024-04-01,Paid Search,SMB,Visitors,Paid,1,2024,2024-Q2,2024-04,0,24794,0,0,24794,0,0,0,0,0,0
2024-04-01,Paid Search,SMB,Leads,Paid,2,2024,2024-Q2,2024-04,0,2713,0,0,0,2713,0,0,0,0,0
2024-04-01,Paid Search,SMB,MQL,Paid,3,2024,2024-Q2,2024-04,0,1176,0,0,0,0,1176,0,0,0,0
2024-04-01,Paid Search,SMB,SQL,Paid,4,2024,2024-Q2,2024-04,20.61,644,0,0,0,0,0,644,0,0,0
2024-04-01,Paid Search,SMB,Opportunity,Paid,5,2024,2024-Q2,2024-04,20.61,406,1278269,0,0,0,0,0,406,0,0
2024-04-01,Paid Search,SMB,Customer,Paid,6,2024,2024-Q2,2024-04,20.61,139,438695,438695,0,0,0,0,0,139,2864.79
2024-04-01,Paid Social,Enterprise,Visitors,Paid,1,2024,2024-Q2,2024-04,0,15219,0,0,15219,0,0,0,0,0,0
2024-04-01,Paid Social,Enterprise,Leads,Paid,2,2024,2024-Q2,2024-04,0,1116,0,0,0,1116,0,0,0,0,0
2024-04-01,Paid Social,Enterprise,MQL,Paid,3,2024,2024-Q2,2024-04,0,472,0,0,0,0,472,0,0,0,0
2024-04-01,Paid Social,Enterprise,SQL,Paid,4,2024,2024-Q2,2024-04,85.98,257,0,0,0,0,0,257,0,0,0
2024-04-01,Paid Social,Enterprise,Opportunity,Paid,5,2024,2024-Q2,2024-04,85.98,158,4674936,0,0,0,0,0,158,0,0
2024-04-01,Paid Social,Enterprise,Customer,Paid,6,2024,2024-Q2,2024-04,85.98,67,1991225,1991225,0,0,0,0,0,67,5760.66
2024-04-01,Paid Social,Mid-Market,Visitors,Paid,1,2024,2024-Q2,2024-04,0,22617,0,0,22617,0,0,0,0,0,0
2024-04-01,Paid Social,Mid-Market,Leads,Paid,2,2024,2024-Q2,2024-04,0,1646,0,0,0,1646,0,0,0,0,0
2024-04-01,Paid Social,Mid-Market,MQL,Paid,3,2024,2024-Q2,2024-04,0,692,0,0,0,0,692,0,0,0,0
2024-04-01,Paid Social,Mid-Market,SQL,Paid,4,2024,2024-Q2,2024-04,46.62,369,0,0,0,0,0,369,0,0,0
2024-04-01,Paid Social,Mid-Market,Opportunity,Paid,5,2024,2024-Q2,2024-04,46.62,224,2091315,0,0,0,0,0,224,0,0
2024-04-01,Paid Social,Mid-Market,Customer,Paid,6,2024,2024-Q2,2024-04,46.62,79,743526,743526,0,0,0,0,0,79,3682.98
2024-04-01,Paid Social,SMB,Visitors,Paid,1,2024,2024-Q2,2024-04,0,28704,0,0,28704,0,0,0,0,0,0
2024-04-01,Paid Social,SMB,Leads,Paid,2,2024,2024-Q2,2024-04,0,2124,0,0,0,2124,0,0,0,0,0
2024-04-01,Paid Social,SMB,MQL,Paid,3,2024,2024-Q2,2024-04,0,882,0,0,0,0,882,0,0,0,0
2024-04-01,Paid Social,SMB,SQL,Paid,4,2024,2024-Q2,2024-04,21.64,477,0,0,0,0,0,477,0,0,0
2024-04-01,Paid Social,SMB,Opportunity,Paid,5,2024,2024-Q2,2024-04,21.64,287,871098,0,0,0,0,0,287,0,0
2024-04-01,Paid Social,SMB,Customer,Paid,6,2024,2024-Q2,2024-04,21.64,95,288662,288662,0,0,0,0,0,95,2055.8
2024-04-01,Organic Search,Enterprise,Visitors,Inbound,1,2024,2024-Q2,2024-04,0,18887,0,0,18887,0,0,0,0,0,0
2024-04-01,Organic Search,Enterprise,Leads,Inbound,2,2024,2024-Q2,2024-04,0,2120,0,0,0,2120,0,0,0,0,0
2024-04-01,Organic Search,Enterprise,MQL,Inbound,3,2024,2024-Q2,2024-04,0,923,0,0,0,0,923,0,0,0,0
2024-04-01,Organic Search,Enterprise,SQL,Inbound,4,2024,2024-Q2,2024-04,90.54,507,0,0,0,0,0,507,0,0,0
2024-04-01,Organic Search,Enterprise,Opportunity,Inbound,5,2024,2024-Q2,2024-04,90.54,324,9160486,0,0,0,0,0,324,0,0
2024-04-01,Organic Search,Enterprise,Customer,Inbound,6,2024,2024-Q2,2024-04,90.54,140,3947581,3947581,0,0,0,0,0,140,12675.6
2024-04-01,Organic Search,Mid-Market,Visitors,Inbound,1,2024,2024-Q2,2024-04,0,29826,0,0,29826,0,0,0,0,0,0
2024-04-01,Organic Search,Mid-Market,Leads,Inbound,2,2024,2024-Q2,2024-04,0,3452,0,0,0,3452,0,0,0,0,0
2024-04-01,Organic Search,Mid-Market,MQL,Inbound,3,2024,2024-Q2,2024-04,0,1484,0,0,0,0,1484,0,0,0,0
2024-04-01,Organic Search,Mid-Market,SQL,Inbound,4,2024,2024-Q2,2024-04,44.28,811,0,0,0,0,0,811,0,0,0
2024-04-01,Organic Search,Mid-Market,Opportunity,Inbound,5,2024,2024-Q2,2024-04,44.28,504,4639432,0,0,0,0,0,504,0,0
2024-04-01,Organic Search,Mid-Market,Customer,Inbound,6,2024,2024-Q2,2024-04,44.28,181,1662196,1662196,0,0,0,0,0,181,8014.68
2024-04-01,Organic Search,SMB,Visitors,Inbound,1,2024,2024-Q2,2024-04,0,39270,0,0,39270,0,0,0,0,0,0
2024-04-01,Organic Search,SMB,Leads,Inbound,2,2024,2024-Q2,2024-04,0,4671,0,0,0,4671,0,0,0,0,0
2024-04-01,Organic Search,SMB,MQL,Inbound,3,2024,2024-Q2,2024-04,0,1975,0,0,0,0,1975,0,0,0,0
2024-04-01,Organic Search,SMB,SQL,Inbound,4,2024,2024-Q2,2024-04,20.57,1103,0,0,0,0,0,1103,0,0,0
2024-04-01,Organic Search,SMB,Opportunity,Inbound,5,2024,2024-Q2,2024-04,20.57,687,2216357,0,0,0,0,0,687,0,0
2024-04-01,Organic Search,SMB,Customer,Inbound,6,2024,2024-Q2,2024-04,20.57,234,757817,757817,0,0,0,0,0,234,4813.38
2024-04-01,Email,Enterprise,Visitors,Nurture,1,2024,2024-Q2,2024-04,0,5834,0,0,5834,0,0,0,0,0,0
2024-04-01,Email,Enterprise,Leads,Nurture,2,2024,2024-Q2,2024-04,0,765,0,0,0,765,0,0,0,0,0
2024-04-01,Email,Enterprise,MQL,Nurture,3,2024,2024-Q2,2024-04,0,320,0,0,0,0,320,0,0,0,0
2024-04-01,Email,Enterprise,SQL,Nurture,4,2024,2024-Q2,2024-04,87.76,173,0,0,0,0,0,173,0,0,0
2024-04-01,Email,Enterprise,Opportunity,Nurture,5,2024,2024-Q2,2024-04,87.76,110,3184324,0,0,0,0,0,110,0,0
2024-04-01,Email,Enterprise,Customer,Nurture,6,2024,2024-Q2,2024-04,87.76,49,1413816,1413816,0,0,0,0,0,49,4300.24
2024-04-01,Email,Mid-Market,Visitors,Nurture,1,2024,2024-Q2,2024-04,0,8753,0,0,8753,0,0,0,0,0,0
2024-04-01,Email,Mid-Market,Leads,Nurture,2,2024,2024-Q2,2024-04,0,1151,0,0,0,1151,0,0,0,0,0
2024-04-01,Email,Mid-Market,MQL,Nurture,3,2024,2024-Q2,2024-04,0,471,0,0,0,0,471,0,0,0,0
2024-04-01,Email,Mid-Market,SQL,Nurture,4,2024,2024-Q2,2024-04,47.43,262,0,0,0,0,0,262,0,0,0
2024-04-01,Email,Mid-Market,Opportunity,Nurture,5,2024,2024-Q2,2024-04,47.43,155,1436903,0,0,0,0,0,155,0,0
2024-04-01,Email,Mid-Market,Customer,Nurture,6,2024,2024-Q2,2024-04,47.43,57,526475,526475,0,0,0,0,0,57,2703.51
2024-04-01,Email,SMB,Visitors,Nurture,1,2024,2024-Q2,2024-04,0,11534,0,0,11534,0,0,0,0,0,0
2024-04-01,Email,SMB,Leads,Nurture,2,2024,2024-Q2,2024-04,0,1505,0,0,0,1505,0,0,0,0,0
2024-04-01,Email,SMB,MQL,Nurture,3,2024,2024-Q2,2024-04,0,625,0,0,0,0,625,0,0,0,0
2024-04-01,Email,SMB,SQL,Nurture,4,2024,2024-Q2,2024-04,20.61,337,0,0,0,0,0,337,0,0,0
2024-04-01,Email,SMB,Opportunity,Nurture,5,2024,2024-Q2,2024-04,20.61,202,629995,0,0,0,0,0,202,0,0
2024-04-01,Email,SMB,Customer,Nurture,6,2024,2024-Q2,2024-04,20.61,69,214591,214591,0,0,0,0,0,69,1422.09
2024-04-01,Webinar,Enterprise,Visitors,Nurture,1,2024,2024-Q2,2024-04,0,2373,0,0,2373,0,0,0,0,0,0
2024-04-01,Webinar,Enterprise,Leads,Nurture,2,2024,2024-Q2,2024-04,0,381,0,0,0,381,0,0,0,0,0
2024-04-01,Webinar,Enterprise,MQL,Nurture,3,2024,2024-Q2,2024-04,0,162,0,0,0,0,162,0,0,0,0
2024-04-01,Webinar,Enterprise,SQL,Nurture,4,2024,2024-Q2,2024-04,84.75,89,0,0,0,0,0,89,0,0,0
2024-04-01,Webinar,Enterprise,Opportunity,Nurture,5,2024,2024-Q2,2024-04,84.75,56,1595254,0,0,0,0,0,56,0,0
2024-04-01,Webinar,Enterprise,Customer,Nurture,6,2024,2024-Q2,2024-04,84.75,25,711858,711858,0,0,0,0,0,25,2118.75
2024-04-01,Webinar,Mid-Market,Visitors,Nurture,1,2024,2024-Q2,2024-04,0,3744,0,0,3744,0,0,0,0,0,0
2024-04-01,Webinar,Mid-Market,Leads,Nurture,2,2024,2024-Q2,2024-04,0,596,0,0,0,596,0,0,0,0,0
2024-04-01,Webinar,Mid-Market,MQL,Nurture,3,2024,2024-Q2,2024-04,0,251,0,0,0,0,251,0,0,0,0
2024-04-01,Webinar,Mid-Market,SQL,Nurture,4,2024,2024-Q2,2024-04,45.09,140,0,0,0,0,0,140,0,0,0
2024-04-01,Webinar,Mid-Market,Opportunity,Nurture,5,2024,2024-Q2,2024-04,45.09,86,820583,0,0,0,0,0,86,0,0
2024-04-01,Webinar,Mid-Market,Customer,Nurture,6,2024,2024-Q2,2024-04,45.09,29,275717,275717,0,0,0,0,0,29,1307.61
2024-04-01,Webinar,SMB,Visitors,Nurture,1,2024,2024-Q2,2024-04,0,4815,0,0,4815,0,0,0,0,0,0
2024-04-01,Webinar,SMB,Leads,Nurture,2,2024,2024-Q2,2024-04,0,745,0,0,0,745,0,0,0,0,0
2024-04-01,Webinar,SMB,MQL,Nurture,3,2024,2024-Q2,2024-04,0,321,0,0,0,0,321,0,0,0,0
2024-04-01,Webinar,SMB,SQL,Nurture,4,2024,2024-Q2,2024-04,21.7,178,0,0,0,0,0,178,0,0,0
2024-04-01,Webinar,SMB,Opportunity,Nurture,5,2024,2024-Q2,2024-04,21.7,112,360472,0,0,0,0,0,112,0,0
2024-04-01,Webinar,SMB,Customer,Nurture,6,2024,2024-Q2,2024-04,21.7,38,122738,122738,0,0,0,0,0,38,824.6
2024-04-01,Partner,Enterprise,Visitors,Partner,1,2024,2024-Q2,2024-04,0,3990,0,0,3990,0,0,0,0,0,0
2024-04-01,Partner,Enterprise,Leads,Partner,2,2024,2024-Q2,2024-04,0,406,0,0,0,406,0,0,0,0,0
2024-04-01,Partner,Enterprise,MQL,Partner,3,2024,2024-Q2,2024-04,0,167,0,0,0,0,167,0,0,0,0
2024-04-01,Partner,Enterprise,SQL,Partner,4,2024,2024-Q2,2024-04,92.0,92,0,0,0,0,0,92,0,0,0
2024-04-01,Partner,Enterprise,Opportunity,Partner,5,2024,2024-Q2,2024-04,92.0,55,1590463,0,0,0,0,0,55,0,0
2024-04-01,Partner,Enterprise,Customer,Partner,6,2024,2024-Q2,2024-04,92.0,23,662892,662892,0,0,0,0,0,23,2116.0
2024-04-01,Partner,Mid-Market,Visitors,Partner,1,2024,2024-Q2,2024-04,0,6096,0,0,6096,0,0,0,0,0,0
2024-04-01,Partner,Mid-Market,Leads,Partner,2,2024,2024-Q2,2024-04,0,605,0,0,0,605,0,0,0,0,0
2024-04-01,Partner,Mid-Market,MQL,Partner,3,2024,2024-Q2,2024-04,0,259,0,0,0,0,259,0,0,0,0
2024-04-01,Partner,Mid-Market,SQL,Partner,4,2024,2024-Q2,2024-04,45.17,141,0,0,0,0,0,141,0,0,0
2024-04-01,Partner,Mid-Market,Opportunity,Partner,5,2024,2024-Q2,2024-04,45.17,82,757774,0,0,0,0,0,82,0,0
2024-04-01,Partner,Mid-Market,Customer,Partner,6,2024,2024-Q2,2024-04,45.17,28,256686,256686,0,0,0,0,0,28,1264.76
2024-04-01,Partner,SMB,Visitors,Partner,1,2024,2024-Q2,2024-04,0,8058,0,0,8058,0,0,0,0,0,0
2024-04-01,Partner,SMB,Leads,Partner,2,2024,2024-Q2,2024-04,0,807,0,0,0,807,0,0,0,0,0
2024-04-01,Partner,SMB,MQL,Partner,3,2024,2024-Q2,2024-04,0,340,0,0,0,0,340,0,0,0,0
2024-04-01,Partner,SMB,SQL,Partner,4,2024,2024-Q2,2024-04,20.34,183,0,0,0,0,0,183,0,0,0
2024-04-01,Partner,SMB,Opportunity,Partner,5,2024,2024-Q2,2024-04,20.34,111,347304,0,0,0,0,0,111,0,0
2024-04-01,Partner,SMB,Customer,Partner,6,2024,2024-Q2,2024-04,20.34,36,113593,113593,0,0,0,0,0,36,732.24
2024-04-01,Direct,Enterprise,Visitors,Inbound,1,2024,2024-Q2,2024-04,0,9406,0,0,9406,0,0,0,0,0,0
2024-04-01,Direct,Enterprise,Leads,Inbound,2,2024,2024-Q2,2024-04,0,826,0,0,0,826,0,0,0,0,0
2024-04-01,Direct,Enterprise,MQL,Inbound,3,2024,2024-Q2,2024-04,0,360,0,0,0,0,360,0,0,0,0
2024-04-01,Direct,Enterprise,SQL,Inbound,4,2024,2024-Q2,2024-04,86.29,197,0,0,0,0,0,197,0,0,0
2024-04-01,Direct,Enterprise,Opportunity,Inbound,5,2024,2024-Q2,2024-04,86.29,122,3621106,0,0,0,0,0,122,0,0
2024-04-01,Direct,Enterprise,Customer,Inbound,6,2024,2024-Q2,2024-04,86.29,55,1627959,1627959,0,0,0,0,0,55,4745.95
2024-04-01,Direct,Mid-Market,Visitors,Inbound,1,2024,2024-Q2,2024-04,0,14511,0,0,14511,0,0,0,0,0,0
2024-04-01,Direct,Mid-Market,Leads,Inbound,2,2024,2024-Q2,2024-04,0,1304,0,0,0,1304,0,0,0,0,0
2024-04-01,Direct,Mid-Market,MQL,Inbound,3,2024,2024-Q2,2024-04,0,567,0,0,0,0,567,0,0,0,0
2024-04-01,Direct,Mid-Market,SQL,Inbound,4,2024,2024-Q2,2024-04,46.78,308,0,0,0,0,0,308,0,0,0
2024-04-01,Direct,Mid-Market,Opportunity,Inbound,5,2024,2024-Q2,2024-04,46.78,194,1855805,0,0,0,0,0,194,0,0
2024-04-01,Direct,Mid-Market,Customer,Inbound,6,2024,2024-Q2,2024-04,46.78,68,652880,652880,0,0,0,0,0,68,3181.04
2024-04-01,Direct,SMB,Visitors,Inbound,1,2024,2024-Q2,2024-04,0,17779,0,0,17779,0,0,0,0,0,0
2024-04-01,Direct,SMB,Leads,Inbound,2,2024,2024-Q2,2024-04,0,1650,0,0,0,1650,0,0,0,0,0
2024-04-01,Direct,SMB,MQL,Inbound,3,2024,2024-Q2,2024-04,0,705,0,0,0,0,705,0,0,0,0
2024-04-01,Direct,SMB,SQL,Inbound,4,2024,2024-Q2,2024-04,21.37,392,0,0,0,0,0,392,0,0,0
2024-04-01,Direct,SMB,Opportunity,Inbound,5,2024,2024-Q2,2024-04,21.37,241,719986,0,0,0,0,0,241,0,0
2024-04-01,Direct,SMB,Customer,Inbound,6,2024,2024-Q2,2024-04,21.37,81,241416,241416,0,0,0,0,0,81,1730.97
2024-05-01,Paid Search,Enterprise,Visitors,Paid,1,2024,2024-Q2,2024-05,0,13696,0,0,13696,0,0,0,0,0,0
2024-05-01,Paid Search,Enterprise,Leads,Paid,2,2024,2024-Q2,2024-05,0,1479,0,0,0,1479,0,0,0,0,0
2024-05-01,Paid Search,Enterprise,MQL,Paid,3,2024,2024-Q2,2024-05,0,625,0,0,0,0,625,0,0,0,0
2024-05-01,Paid Search,Enterprise,SQL,Paid,4,2024,2024-Q2,2024-05,84.19,343,0,0,0,0,0,343,0,0,0
2024-05-01,Paid Search,Enterprise,Opportunity,Paid,5,2024,2024-Q2,2024-05,84.19,213,6092894,0,0,0,0,0,213,0,0
2024-05-01,Paid Search,Enterprise,Customer,Paid,6,2024,2024-Q2,2024-05,84.19,93,2665900,2665900,0,0,0,0,0,93,7829.67
2024-05-01,Paid Search,Mid-Market,Visitors,Paid,1,2024,2024-Q2,2024-05,0,21816,0,0,21816,0,0,0,0,0,0
2024-05-01,Paid Search,Mid-Market,Leads,Paid,2,2024,2024-Q2,2024-05,0,2409,0,0,0,2409,0,0,0,0,0
2024-05-01,Paid Search,Mid-Market,MQL,Paid,3,2024,2024-Q2,2024-05,0,1013,0,0,0,0,1013,0,0,0,0
2024-05-01,Paid Search,Mid-Market,SQL,Paid,4,2024,2024-Q2,2024-05,45.62,565,0,0,0,0,0,565,0,0,0
2024-05-01,Paid Search,Mid-Market,Opportunity,Paid,5,2024,2024-Q2,2024-05,45.62,346,3327147,0,0,0,0,0,346,0,0
2024-05-01,Paid Search,Mid-Market,Customer,Paid,6,2024,2024-Q2,2024-05,45.62,125,1199058,1199058,0,0,0,0,0,125,5702.5
2024-05-01,Paid Search,SMB,Visitors,Paid,1,2024,2024-Q2,2024-05,0,27505,0,0,27505,0,0,0,0,0,0
2024-05-01,Paid Search,SMB,Leads,Paid,2,2024,2024-Q2,2024-05,0,2989,0,0,0,2989,0,0,0,0,0
2024-05-01,Paid Search,SMB,MQL,Paid,3,2024,2024-Q2,2024-05,0,1244,0,0,0,0,1244,0,0,0,0
2024-05-01,Paid Search,SMB,SQL,Paid,4,2024,2024-Q2,2024-05,21.68,682,0,0,0,0,0,682,0,0,0
2024-05-01,Paid Search,SMB,Opportunity,Paid,5,2024,2024-Q2,2024-05,21.68,415,1313775,0,0,0,0,0,415,0,0
2024-05-01,Paid Search,SMB,Customer,Paid,6,2024,2024-Q2,2024-05,21.68,140,442515,442515,0,0,0,0,0,140,3035.2
2024-05-01,Paid Social,Enterprise,Visitors,Paid,1,2024,2024-Q2,2024-05,0,16387,0,0,16387,0,0,0,0,0,0
2024-05-01,Paid Social,Enterprise,Leads,Paid,2,2024,2024-Q2,2024-05,0,1207,0,0,0,1207,0,0,0,0,0
2024-05-01,Paid Social,Enterprise,MQL,Paid,3,2024,2024-Q2,2024-05,0,494,0,0,0,0,494,0,0,0,0
2024-05-01,Paid Social,Enterprise,SQL,Paid,4,2024,2024-Q2,2024-05,91.9,271,0,0,0,0,0,271,0,0,0
2024-05-01,Paid Social,Enterprise,Opportunity,Paid,5,2024,2024-Q2,2024-05,91.9,158,4593015,0,0,0,0,0,158,0,0
2024-05-01,Paid Social,Enterprise,Customer,Paid,6,2024,2024-Q2,2024-05,91.9,71,2064260,2064260,0,0,0,0,0,71,6524.9
2024-05-01,Paid Social,Mid-Market,Visitors,Paid,1,2024,2024-Q2,2024-05,0,24727,0,0,24727,0,0,0,0,0,0
2024-05-01,Paid Social,Mid-Market,Leads,Paid,2,2024,2024-Q2,2024-05,0,1796,0,0,0,1796,0,0,0,0,0
2024-05-01,Paid Social,Mid-Market,MQL,Paid,3,2024,2024-Q2,2024-05,0,752,0,0,0,0,752,0,0,0,0
2024-05-01,Paid Social,Mid-Market,SQL,Paid,4,2024,2024-Q2,2024-05,44.71,406,0,0,0,0,0,406,0,0,0
2024-05-01,Paid Social,Mid-Market,Opportunity,Paid,5,2024,2024-Q2,2024-05,44.71,242,2187468,0,0,0,0,0,242,0,0
2024-05-01,Paid Social,Mid-Market,Customer,Paid,6,2024,2024-Q2,2024-05,44.71,91,823604,823604,0,0,0,0,0,91,4068.61
2024-05-01,Paid Social,SMB,Visitors,Paid,1,2024,2024-Q2,2024-05,0,32833,0,0,32833,0,0,0,0,0,0
2024-05-01,Paid Social,SMB,Leads,Paid,2,2024,2024-Q2,2024-05,0,2357,0,0,0,2357,0,0,0,0,0
2024-05-01,Paid Social,SMB,MQL,Paid,3,2024,2024-Q2,2024-05,0,983,0,0,0,0,983,0,0,0,0
2024-05-01,Paid Social,SMB,SQL,Paid,4,2024,2024-Q2,2024-05,20.53,517,0,0,0,0,0,517,0,0,0
2024-05-01,Paid Social,SMB,Opportunity,Paid,5,2024,2024-Q2,2024-05,20.53,326,1029453,0,0,0,0,0,326,0,0
2024-05-01,Paid Social,SMB,Customer,Paid,6,2024,2024-Q2,2024-05,20.53,110,347727,347727,0,0,0,0,0,110,2258.3
2024-05-01,Organic Search,Enterprise,Visitors,Inbound,1,2024,2024-Q2,2024-05,0,21960,0,0,21960,0,0,0,0,0,0
2024-05-01,Organic Search,Enterprise,Leads,Inbound,2,2024,2024-Q2,2024-05,0,2571,0,0,0,2571,0,0,0,0,0
2024-05-01,Organic Search,Enterprise,MQL,Inbound,3,2024,2024-Q2,2024-05,0,1084,0,0,0,0,1084,0,0,0,0
2024-05-01,Organic Search,Enterprise,SQL,Inbound,4,2024,2024-Q2,2024-05,85.89,599,0,0,0,0,0,599,0,0,0
2024-05-01,Organic Search,Enterprise,Opportunity,Inbound,5,2024,2024-Q2,2024-05,85.89,362,10702107,0,0,0,0,0,362,0,0
2024-05-01,Organic Search,Enterprise,Customer,Inbound,6,2024,2024-Q2,2024-05,85.89,160,4720606,4720606,0,0,0,0,0,160,13742.4
2024-05-01,Organic Search,Mid-Market,Visitors,Inbound,1,2024,2024-Q2,2024-05,0,33664,0,0,33664,0,0,0,0,0,0
2024-05-01,Organic Search,Mid-Market,Leads,Inbound,2,2024,2024-Q2,2024-05,0,3911,0,0,0,3911,0,0,0,0,0
2024-05-01,Organic Search,Mid-Market,MQL,Inbound,3,2024,2024-Q2,2024-05,0,1678,0,0,0,0,1678,0,0,0,0
2024-05-01,Organic Search,Mid-Market,SQL,Inbound,4,2024,2024-Q2,2024-05,47.5,915,0,0,0,0,0,915,0,0,0
2024-05-01,Organic Search,Mid-Market,Opportunity,Inbound,5,2024,2024-Q2,2024-05,47.5,575,5423005,0,0,0,0,0,575,0,0
2024-05-01,Organic Search,Mid-Market,Customer,Inbound,6,2024,2024-Q2,2024-05,47.5,204,1921789,1921789,0,0,0,0,0,204,9690.0
2024-05-01,Organic Search,SMB,Visitors,Inbound,1,2024,2024-Q2,2024-05,0,41475,0,0,41475,0,0,0,0,0,0
2024-05-01,Organic Search,SMB,Leads,Inbound,2,2024,2024-Q2,2024-05,0,4778,0,0,0,4778,0,0,0,0,0
2024-05-01,Organic Search,SMB,MQL,Inbound,3,2024,2024-Q2,2024-05,0,2033,0,0,0,0,2033,0,0,0,0
2024-05-01,Organic Search,SMB,SQL,Inbound,4,2024,2024-Q2,2024-05,21.41,1097,0,0,0,0,0,1097,0,0,0
2024-05-01,Organic Search,SMB,Opportunity,Inbound,5,2024,2024-Q2,2024-05,21.41,681,2067311,0,0,0,0,0,681,0,0
2024-05-01,Organic Search,SMB,Customer,Inbound,6,2024,2024-Q2,2024-05,21.41,224,678995,678995,0,0,0,0,0,224,4795.84
2024-05-01,Email,Enterprise,Visitors,Nurture,1,2024,2024-Q2,2024-05,0,6299,0,0,6299,0,0,0,0,0,0
2024-05-01,Email,Enterprise,Leads,Nurture,2,2024,2024-Q2,2024-05,0,803,0,0,0,803,0,0,0,0,0
2024-05-01,Email,Enterprise,MQL,Nurture,3,2024,2024-Q2,2024-05,0,338,0,0,0,0,338,0,0,0,0
2024-05-01,Email,Enterprise,SQL,Nurture,4,2024,2024-Q2,2024-05,86.98,179,0,0,0,0,0,179,0,0,0
2024-05-01,Email,Enterprise,Opportunity,Nurture,5,2024,2024-Q2,2024-05,86.98,117,3266919,0,0,0,0,0,117,0,0
2024-05-01,Email,Enterprise,Customer,Nurture,6,2024,2024-Q2,2024-05,86.98,53,1472234,1472234,0,0,0,0,0,53,4609.94
2024-05-01,Email,Mid-Market,Visitors,Nurture,1,2024,2024-Q2,2024-05,0,10028,0,0,10028,0,0,0,0,0,0
2024-05-01,Email,Mid-Market,Leads,Nurture,2,2024,2024-Q2,2024-05,0,1304,0,0,0,1304,0,0,0,0,0
2024-05-01,Email,Mid-Market,MQL,Nurture,3,2024,2024-Q2,2024-05,0,542,0,0,0,0,542,0,0,0,0
2024-05-01,Email,Mid-Market,SQL,Nurture,4,2024,2024-Q2,2024-05,44.98,291,0,0,0,0,0,291,0,0,0
2024-05-01,Email,Mid-Market,Opportunity,Nurture,5,2024,2024-Q2,2024-05,44.98,184,1735504,0,0,0,0,0,184,0,0
2024-05-01,Email,Mid-Market,Customer,Nurture,6,2024,2024-Q2,2024-05,44.98,67,632596,632596,0,0,0,0,0,67,3013.66
2024-05-01,Email,SMB,Visitors,Nurture,1,2024,2024-Q2,2024-05,0,13433,0,0,13433,0,0,0,0,0,0
2024-05-01,Email,SMB,Leads,Nurture,2,2024,2024-Q2,2024-05,0,1749,0,0,0,1749,0,0,0,0,0
2024-05-01,Email,SMB,MQL,Nurture,3,2024,2024-Q2,2024-05,0,714,0,0,0,0,714,0,0,0,0
2024-05-01,Email,SMB,SQL,Nurture,4,2024,2024-Q2,2024-05,20.93,397,0,0,0,0,0,397,0,0,0
2024-05-01,Email,SMB,Opportunity,Nurture,5,2024,2024-Q2,2024-05,20.93,251,820627,0,0,0,0,0,251,0,0
2024-05-01,Email,SMB,Customer,Nurture,6,2024,2024-Q2,2024-05,20.93,82,267782,267782,0,0,0,0,0,82,1716.26
2024-05-01,Webinar,Enterprise,Visitors,Nurture,1,2024,2024-Q2,2024-05,0,2731,0,0,2731,0,0,0,0,0,0
2024-05-01,Webinar,Enterprise,Leads,Nurture,2,2024,2024-Q2,2024-05,0,419,0,0,0,419,0,0,0,0,0
2024-05-01,Webinar,Enterprise,MQL,Nurture,3,2024,2024-Q2,2024-05,0,177,0,0,0,0,177,0,0,0,0
2024-05-01,Webinar,Enterprise,SQL,Nurture,4,2024,2024-Q2,2024-05,89.25,99,0,0,0,0,0,99,0,0,0
2024-05-01,Webinar,Enterprise,Opportunity,Nurture,5,2024,2024-Q2,2024-05,89.25,59,1693989,0,0,0,0,0,59,0,0
2024-05-01,Webinar,Enterprise,Customer,Nurture,6,2024,2024-Q2,2024-05,89.25,25,721472,721472,0,0,0,0,0,25,2231.25
2024-05-01,Webinar,Mid-Market,Visitors,Nurture,1,2024,2024-Q2,2024-05,0,3950,0,0,3950,0,0,0,0,0,0
2024-05-01,Webinar,Mid-Market,Leads,Nurture,2,2024,2024-Q2,2024-05,0,625,0,0,0,625,0,0,0,0,0
2024-05-01,Webinar,Mid-Market,MQL,Nurture,3,2024,2024-Q2,2024-05,0,263,0,0,0,0,263,0,0,0,0
2024-05-01,Webinar,Mid-Market,SQL,Nurture,4,2024,2024-Q2,2024-05,47.65,147,0,0,0,0,0,147,0,0,0
2024-05-01,Webinar,Mid-Market,Opportunity,Nurture,5,2024,2024-Q2,2024-05,47.65,87,788988,0,0,0,0,0,87,0,0
2024-05-01,Webinar,Mid-Market,Customer,Nurture,6,2024,2024-Q2,2024-05,47.65,31,282606,282606,0,0,0,0,0,31,1477.15
2024-05-01,Webinar,SMB,Visitors,Nurture,1,2024,2024-Q2,2024-05,0,5259,0,0,5259,0,0,0,0,0,0
2024-05-01,Webinar,SMB,Leads,Nurture,2,2024,2024-Q2,2024-05,0,827,0,0,0,827,0,0,0,0,0
2024-05-01,Webinar,SMB,MQL,Nurture,3,2024,2024-Q2,2024-05,0,342,0,0,0,0,342,0,0,0,0
2024-05-01,Webinar,SMB,SQL,Nurture,4,2024,2024-Q2,2024-05,21.14,189,0,0,0,0,0,189,0,0,0
2024-05-01,Webinar,SMB,Opportunity,Nurture,5,2024,2024-Q2,2024-05,21.14,114,352517,0,0,0,0,0,114,0,0
2024-05-01,Webinar,SMB,Customer,Nurture,6,2024,2024-Q2,2024-05,21.14,39,120825,120825,0,0,0,0,0,39,824.46
2024-05-01,Partner,Enterprise,Visitors,Partner,1,2024,2024-Q2,2024-05,0,4505,0,0,4505,0,0,0,0,0,0
2024-05-01,Partner,Enterprise,Leads,Partner,2,2024,2024-Q2,2024-05,0,457,0,0,0,457,0,0,0,0,0
2024-05-01,Partner,Enterprise,MQL,Partner,3,2024,2024-Q2,2024-05,0,188,0,0,0,0,188,0,0,0,0
2024-05-01,Partner,Enterprise,SQL,Partner,4,2024,2024-Q2,2024-05,87.27,100,0,0,0,0,0,100,0,0,0
2024-05-01,Partner,Enterprise,Opportunity,Partner,5,2024,2024-Q2,2024-05,87.27,57,1664259,0,0,0,0,0,57,0,0
2024-05-01,Partner,Enterprise,Customer,Partner,6,2024,2024-Q2,2024-05,87.27,26,758357,758357,0,0,0,0,0,26,2269.02
2024-05-01,Partner,Mid-Market,Visitors,Partner,1,2024,2024-Q2,2024-05,0,7192,0,0,7192,0,0,0,0,0,0
2024-05-01,Partner,Mid-Market,Leads,Partner,2,2024,2024-Q2,2024-05,0,724,0,0,0,724,0,0,0,0,0
2024-05-01,Partner,Mid-Market,MQL,Partner,3,2024,2024-Q2,2024-05,0,296,0,0,0,0,296,0,0,0,0
2024-05-01,Partner,Mid-Market,SQL,Partner,4,2024,2024-Q2,2024-05,45.13,163,0,0,0,0,0,163,0,0,0
2024-05-01,Partner,Mid-Market,Opportunity,Partner,5,2024,2024-Q2,2024-05,45.13,94,911027,0,0,0,0,0,94,0,0
2024-05-01,Partner,Mid-Market,Customer,Partner,6,2024,2024-Q2,2024-05,45.13,36,349477,349477,0,0,0,0,0,36,1624.68
2024-05-01,Partner,SMB,Visitors,Partner,1,2024,2024-Q2,2024-05,0,8700,0,0,8700,0,0,0,0,0,0
2024-05-01,Partner,SMB,Leads,Partner,2,2024,2024-Q2,2024-05,0,863,0,0,0,863,0,0,0,0,0
2024-05-01,Partner,SMB,MQL,Partner,3,2024,2024-Q2,2024-05,0,365,0,0,0,0,365,0,0,0,0
2024-05-01,Partner,SMB,SQL,Partner,4,2024,2024-Q2,2024-05,21.4,191,0,0,0,0,0,191,0,0,0
2024-05-01,Partner,SMB,Opportunity,Partner,5,2024,2024-Q2,2024-05,21.4,121,377034,0,0,0,0,0,121,0,0
2024-05-01,Partner,SMB,Customer,Partner,6,2024,2024-Q2,2024-05,21.4,42,132324,132324,0,0,0,0,0,42,898.8
2024-05-01,Direct,Enterprise,Visitors,Inbound,1,2024,2024-Q2,2024-05,0,9920,0,0,9920,0,0,0,0,0,0
2024-05-01,Direct,Enterprise,Leads,Inbound,2,2024,2024-Q2,2024-05,0,924,0,0,0,924,0,0,0,0,0
2024-05-01,Direct,Enterprise,MQL,Inbound,3,2024,2024-Q2,2024-05,0,387,0,0,0,0,387,0,0,0,0
2024-05-01,Direct,Enterprise,SQL,Inbound,4,2024,2024-Q2,2024-05,89.54,213,0,0,0,0,0,213,0,0,0
2024-05-01,Direct,Enterprise,Opportunity,Inbound,5,2024,2024-Q2,2024-05,89.54,130,3676120,0,0,0,0,0,130,0,0
2024-05-01,Direct,Enterprise,Customer,Inbound,6,2024,2024-Q2,2024-05,89.54,60,1689312,1689312,0,0,0,0,0,60,5372.4
2024-05-01,Direct,Mid-Market,Visitors,Inbound,1,2024,2024-Q2,2024-05,0,15518,0,0,15518,0,0,0,0,0,0
2024-05-01,Direct,Mid-Market,Leads,Inbound,2,2024,2024-Q2,2024-05,0,1435,0,0,0,1435,0,0,0,0,0
2024-05-01,Direct,Mid-Market,MQL,Inbound,3,2024,2024-Q2,2024-05,0,612,0,0,0,0,612,0,0,0,0
2024-05-01,Direct,Mid-Market,SQL,Inbound,4,2024,2024-Q2,2024-05,46.32,332,0,0,0,0,0,332,0,0,0
2024-05-01,Direct,Mid-Market,Opportunity,Inbound,5,2024,2024-Q2,2024-05,46.32,204,1864307,0,0,0,0,0,204,0,0
2024-05-01,Direct,Mid-Market,Customer,Inbound,6,2024,2024-Q2,2024-05,46.32,72,660241,660241,0,0,0,0,0,72,3335.04
2024-05-01,Direct,SMB,Visitors,Inbound,1,2024,2024-Q2,2024-05,0,20941,0,0,20941,0,0,0,0,0,0
2024-05-01,Direct,SMB,Leads,Inbound,2,2024,2024-Q2,2024-05,0,1904,0,0,0,1904,0,0,0,0,0
2024-05-01,Direct,SMB,MQL,Inbound,3,2024,2024-Q2,2024-05,0,816,0,0,0,0,816,0,0,0,0
2024-05-01,Direct,SMB,SQL,Inbound,4,2024,2024-Q2,2024-05,20.3,439,0,0,0,0,0,439,0,0,0
2024-05-01,Direct,SMB,Opportunity,Inbound,5,2024,2024-Q2,2024-05,20.3,272,844330,0,0,0,0,0,272,0,0
2024-05-01,Direct,SMB,Customer,Inbound,6,2024,2024-Q2,2024-05,20.3,86,266822,266822,0,0,0,0,0,86,1745.8
2024-06-01,Paid Search,Enterprise,Visitors,Paid,1,2024,2024-Q2,2024-06,0,13531,0,0,13531,0,0,0,0,0,0
2024-06-01,Paid Search,Enterprise,Leads,Paid,2,2024,2024-Q2,2024-06,0,1454,0,0,0,1454,0,0,0,0,0
2024-06-01,Paid Search,Enterprise,MQL,Paid,3,2024,2024-Q2,2024-06,0,620,0,0,0,0,620,0,0,0,0
2024-06-01,Paid Search,Enterprise,SQL,Paid,4,2024,2024-Q2,2024-06,89.02,332,0,0,0,0,0,332,0,0,0
2024-06-01,Paid Search,Enterprise,Opportunity,Paid,5,2024,2024-Q2,2024-06,89.02,208,6051548,0,0,0,0,0,208,0,0
2024-06-01,Paid Search,Enterprise,Customer,Paid,6,2024,2024-Q2,2024-06,89.02,90,2626599,2626599,0,0,0,0,0,90,8011.8
2024-06-01,Paid Search,Mid-Market,Visitors,Paid,1,2024,2024-Q2,2024-06,0,19109,0,0,19109,0,0,0,0,0,0
2024-06-01,Paid Search,Mid-Market,Leads,Paid,2,2024,2024-Q2,2024-06,0,2028,0,0,0,2028,0,0,0,0,0
2024-06-01,Paid Search,Mid-Market,MQL,Paid,3,2024,2024-Q2,2024-06,0,864,0,0,0,0,864,0,0,0,0
2024-06-01,Paid Search,Mid-Market,SQL,Paid,4,2024,2024-Q2,2024-06,47.32,463,0,0,0,0,0,463,0,0,0
2024-06-01,Paid Search,Mid-Market,Opportunity,Paid,5,2024,2024-Q2,2024-06,47.32,285,2577253,0,0,0,0,0,285,0,0
2024-06-01,Paid Search,Mid-Market,Customer,Paid,6,2024,2024-Q2,2024-06,47.32,100,900189,900189,0,0,0,0,0,100,4732.0
2024-06-01,Paid Search,SMB,Visitors,Paid,1,2024,2024-Q2,2024-06,0,25735,0,0,25735,0,0,0,0,0,0
2024-06-01,Paid Search,SMB,Leads,Paid,2,2024,2024-Q2,2024-06,0,2807,0,0,0,2807,0,0,0,0,0
2024-06-01,Paid Search,SMB,MQL,Paid,3,2024,2024-Q2,2024-06,0,1165,0,0,0,0,1165,0,0,0,0
2024-06-01,Paid Search,SMB,SQL,Paid,4,2024,2024-Q2,2024-06,21.26,643,0,0,0,0,0,643,0,0,0
2024-06-01,Paid Search,SMB,Opportunity,Paid,5,2024,2024-Q2,2024-06,21.26,392,1220445,0,0,0,0,0,392,0,0
2024-06-01,Paid Search,SMB,Customer,Paid,6,2024,2024-Q2,2024-06,21.26,132,410611,410611,0,0,0,0,0,132,2806.32
2024-06-01,Paid Social,Enterprise,Visitors,Paid,1,2024,2024-Q2,2024-06,0,15615,0,0,15615,0,0,0,0,0,0
2024-06-01,Paid Social,Enterprise,Leads,Paid,2,2024,2024-Q2,2024-06,0,1144,0,0,0,1144,0,0,0,0,0
2024-06-01,Paid Social,Enterprise,MQL,Paid,3,2024,2024-Q2,2024-06,0,503,0,0,0,0,503,0,0,0,0
2024-06-01,Paid Social,Enterprise,SQL,Paid,4,2024,2024-Q2,2024-06,86.24,275,0,0,0,0,0,275,0,0,0
2024-06-01,Paid Social,Enterprise,Opportunity,Paid,5,2024,2024-Q2,2024-06,86.24,172,4962202,0,0,0,0,0,172,0,0
2024-06-01,Paid Social,Enterprise,Customer,Paid,6,2024,2024-Q2,2024-06,86.24,75,2167807,2167807,0,0,0,0,0,75,6468.0
2024-06-01,Paid Social,Mid-Market,Visitors,Paid,1,2024,2024-Q2,2024-06,0,24642,0,0,24642,0,0,0,0,0,0
2024-06-01,Paid Social,Mid-Market,Leads,Paid,2,2024,2024-Q2,2024-06,0,1864,0,0,0,1864,0,0,0,0,0
2024-06-01,Paid Social,Mid-Market,MQL,Paid,3,2024,2024-Q2,2024-06,0,776,0,0,0,0,776,0,0,0,0
2024-06-01,Paid Social,Mid-Market,SQL,Paid,4,2024,2024-Q2,2024-06,45.74,435,0,0,0,0,0,435,0,0,0
2024-06-01,Paid Social,Mid-Market,Opportunity,Paid,5,2024,2024-Q2,2024-06,45.74,269,2531163,0,0,0,0,0,269,0,0
2024-06-01,Paid Social,Mid-Market,Customer,Paid,6,2024,2024-Q2,2024-06,45.74,97,913597,913597,0,0,0,0,0,97,4436.78
2024-06-01,Paid Social,SMB,Visitors,Paid,1,2024,2024-Q2,2024-06,0,30918,0,0,30918,0,0,0,0,0,0
2024-06-01,Paid Social,SMB,Leads,Paid,2,2024,2024-Q2,2024-06,0,2383,0,0,0,2383,0,0,0,0,0
2024-06-01,Paid Social,SMB,MQL,Paid,3,2024,2024-Q2,2024-06,0,1010,0,0,0,0,1010,0,0,0,0
2024-06-01,Paid Social,SMB,SQL,Paid,4,2024,2024-Q2,2024-06,21.3,577,0,0,0,0,0,577,0,0,0
2024-06-01,Paid Social,SMB,Opportunity,Paid,5,2024,2024-Q2,2024-06,21.3,353,1100947,0,0,0,0,0,353,0,0
2024-06-01,Paid Social,SMB,Customer,Paid,6,2024,2024-Q2,2024-06,21.3,124,385583,385583,0,0,0,0,0,124,2641.2
2024-06-01,Organic Search,Enterprise,Visitors,Inbound,1,2024,2024-Q2,2024-06,0,19678,0,0,19678,0,0,0,0,0,0
2024-06-01,Organic Search,Enterprise,Leads,Inbound,2,2024,2024-Q2,2024-06,0,2327,0,0,0,2327,0,0,0,0,0
2024-06-01,Organic Search,Enterprise,MQL,Inbound,3,2024,2024-Q2,2024-06,0,956,0,0,0,0,956,0,0,0,0
2024-06-01,Organic Search,Enterprise,SQL,Inbound,4,2024,2024-Q2,2024-06,91.78,536,0,0,0,0,0,536,0,0,0
2024-06-01,Organic Search,Enterprise,Opportunity,Inbound,5,2024,2024-Q2,2024-06,91.78,323,8993512,0,0,0,0,0,323,0,0
2024-06-01,Organic Search,Enterprise,Customer,Inbound,6,2024,2024-Q2,2024-06,91.78,142,3960353,3960353,0,0,0,0,0,142,13032.76
2024-06-01,Organic Search,Mid-Market,Visitors,Inbound,1,2024,2024-Q2,2024-06,0,31526,0,0,31526,0,0,0,0,0,0
2024-06-01,Organic Search,Mid-Market,Leads,Inbound,2,2024,2024-Q2,2024-06,0,3709,0,0,0,3709,0,0,0,0,0
2024-06-01,Organic Search,Mid-Market,MQL,Inbound,3,2024,2024-Q2,2024-06,0,1516,0,0,0,0,1516,0,0,0,0
2024-06-01,Organic Search,Mid-Market,SQL,Inbound,4,2024,2024-Q2,2024-06,46.59,831,0,0,0,0,0,831,0,0,0
2024-06-01,Organic Search,Mid-Market,Opportunity,Inbound,5,2024,2024-Q2,2024-06,46.59,503,4642120,0,0,0,0,0,503,0,0
2024-06-01,Organic Search,Mid-Market,Customer,Inbound,6,2024,2024-Q2,2024-06,46.59,180,1671500,1671500,0,0,0,0,0,180,8386.2
2024-06-01,Organic Search,SMB,Visitors,Inbound,1,2024,2024-Q2,2024-06,0,41793,0,0,41793,0,0,0,0,0,0
2024-06-01,Organic Search,SMB,Leads,Inbound,2,2024,2024-Q2,2024-06,0,4819,0,0,0,4819,0,0,0,0,0
2024-06-01,Organic Search,SMB,MQL,Inbound,3,2024,2024-Q2,2024-06,0,2037,0,0,0,0,2037,0,0,0,0
2024-06-01,Organic Search,SMB,SQL,Inbound,4,2024,2024-Q2,2024-06,19.94,1107,0,0,0,0,0,1107,0,0,0
2024-06-01,Organic Search,SMB,Opportunity,Inbound,5,2024,2024-Q2,2024-06,19.94,684,2185953,0,0,0,0,0,684,0,0
2024-06-01,Organic Search,SMB,Customer,Inbound,6,2024,2024-Q2,2024-06,19.94,224,716904,716904,0,0,0,0,0,224,4466.56
2024-06-01,Email,Enterprise,Visitors,Nurture,1,2024,2024-Q2,2024-06,0,6217,0,0,6217,0,0,0,0,0,0
2024-06-01,Email,Enterprise,Leads,Nurture,2,2024,2024-Q2,2024-06,0,797,0,0,0,797,0,0,0,0,0
2024-06-01,Email,Enterprise,MQL,Nurture,3,2024,2024-Q2,2024-06,0,330,0,0,0,0,330,0,0,0,0
2024-06-01,Email,Enterprise,SQL,Nurture,4,2024,2024-Q2,2024-06,86.07,190,0,0,0,0,0,190,0,0,0
2024-06-01,Email,Enterprise,Opportunity,Nurture,5,2024,2024-Q2,2024-06,86.07,116,3365300,0,0,0,0,0,116,0,0
2024-06-01,Email,Enterprise,Customer,Nurture,6,2024,2024-Q2,2024-06,86.07,53,1527977,1527977,0,0,0,0,0,53,4561.71
2024-06-01,Email,Mid-Market,Visitors,Nurture,1,2024,2024-Q2,2024-06,0,9555,0,0,9555,0,0,0,0,0,0
2024-06-01,Email,Mid-Market,Leads,Nurture,2,2024,2024-Q2,2024-06,0,1205,0,0,0,1205,0,0,0,0,0
2024-06-01,Email,Mid-Market,MQL,Nurture,3,2024,2024-Q2,2024-06,0,509,0,0,0,0,509,0,0,0,0
2024-06-01,Email,Mid-Market,SQL,Nurture,4,2024,2024-Q2,2024-06,46.67,287,0,0,0,0,0,287,0,0,0
2024-06-01,Email,Mid-Market,Opportunity,Nurture,5,2024,2024-Q2,2024-06,46.67,175,1641768,0,0,0,0,0,175,0,0
2024-06-01,Email,Mid-Market,Customer,Nurture,6,2024,2024-Q2,2024-06,46.67,62,583410,583410,0,0,0,0,0,62,2893.54
2024-06-01,Email,SMB,Visitors,Nurture,1,2024,2024-Q2,2024-06,0,12192,0,0,12192,0,0,0,0,0,0
2024-06-01,Email,SMB,Leads,Nurture,2,2024,2024-Q2,2024-06,0,1551,0,0,0,1551,0,0,0,0,0
2024-06-01,Email,SMB,MQL,Nurture,3,2024,2024-Q2,2024-06,0,677,0,0,0,0,677,0,0,0,0
2024-06-01,Email,SMB,SQL,Nurture,4,2024,2024-Q2,2024-06,21.72,373,0,0,0,0,0,373,0,0,0
2024-06-01,Email,SMB,Opportunity,Nurture,5,2024,2024-Q2,2024-06,21.72,239,738052,0,0,0,0,0,239,0,0
2024-06-01,Email,SMB,Customer,Nurture,6,2024,2024-Q2,2024-06,21.72,77,237409,237409,0,0,0,0,0,77,1672.44
2024-06-01,Webinar,Enterprise,Visitors,Nurture,1,2024,2024-Q2,2024-06,0,2509,0,0,2509,0,0,0,0,0,0
2024-06-01,Webinar,Enterprise,Leads,Nurture,2,2024,2024-Q2,2024-06,0,386,0,0,0,386,0,0,0,0,0
2024-06-01,Webinar,Enterprise,MQL,Nurture,3,2024,2024-Q2,2024-06,0,165,0,0,0,0,165,0,0,0,0
2024-06-01,Webinar,Enterprise,SQL,Nurture,4,2024,2024-Q2,2024-06,90.63,91,0,0,0,0,0,91,0,0,0
2024-06-01,Webinar,Enterprise,Opportunity,Nurture,5,2024,2024-Q2,2024-06,90.63,53,1502937,0,0,0,0,0,53,0,0
2024-06-01,Webinar,Enterprise,Customer,Nurture,6,2024,2024-Q2,2024-06,90.63,23,651638,651638,0,0,0,0,0,23,2084.49
2024-06-01,Webinar,Mid-Market,Visitors,Nurture,1,2024,2024-Q2,2024-06,0,3930,0,0,3930,0,0,0,0,0,0
2024-06-01,Webinar,Mid-Market,Leads,Nurture,2,2024,2024-Q2,2024-06,0,595,0,0,0,595,0,0,0,0,0
2024-06-01,Webinar,Mid-Market,MQL,Nurture,3,2024,2024-Q2,2024-06,0,252,0,0,0,0,252,0,0,0,0
2024-06-01,Webinar,Mid-Market,SQL,Nurture,4,2024,2024-Q2,2024-06,43.69,137,0,0,0,0,0,137,0,0,0
2024-06-01,Webinar,Mid-Market,Opportunity,Nurture,5,2024,2024-Q2,2024-06,43.69,81,755255,0,0,0,0,0,81,0,0
2024-06-01,Webinar,Mid-Market,Customer,Nurture,6,2024,2024-Q2,2024-06,43.69,28,259341,259341,0,0,0,0,0,28,1223.32
2024-06-01,Webinar,SMB,Visitors,Nurture,1,2024,2024-Q2,2024-06,0,5166,0,0,5166,0,0,0,0,0,0
2024-06-01,Webinar,SMB,Leads,Nurture,2,2024,2024-Q2,2024-06,0,804,0,0,0,804,0,0,0,0,0
2024-06-01,Webinar,SMB,MQL,Nurture,3,2024,2024-Q2,2024-06,0,334,0,0,0,0,334,0,0,0,0
2024-06-01,Webinar,SMB,SQL,Nurture,4,2024,2024-Q2,2024-06,21.0,183,0,0,0,0,0,183,0,0,0
2024-06-01,Webinar,SMB,Opportunity,Nurture,5,2024,2024-Q2,2024-06,21.0,113,368564,0,0,0,0,0,113,0,0
2024-06-01,Webinar,SMB,Customer,Nurture,6,2024,2024-Q2,2024-06,21.0,40,130594,130594,0,0,0,0,0,40,840.0
2024-06-01,Partner,Enterprise,Visitors,Partner,1,2024,2024-Q2,2024-06,0,4291,0,0,4291,0,0,0,0,0,0
2024-06-01,Partner,Enterprise,Leads,Partner,2,2024,2024-Q2,2024-06,0,430,0,0,0,430,0,0,0,0,0
2024-06-01,Partner,Enterprise,MQL,Partner,3,2024,2024-Q2,2024-06,0,191,0,0,0,0,191,0,0,0,0
2024-06-01,Partner,Enterprise,SQL,Partner,4,2024,2024-Q2,2024-06,89.32,105,0,0,0,0,0,105,0,0,0
2024-06-01,Partner,Enterprise,Opportunity,Partner,5,2024,2024-Q2,2024-06,89.32,64,1896923,0,0,0,0,0,64,0,0
2024-06-01,Partner,Enterprise,Customer,Partner,6,2024,2024-Q2,2024-06,89.32,30,899890,899890,0,0,0,0,0,30,2679.6
2024-06-01,Partner,Mid-Market,Visitors,Partner,1,2024,2024-Q2,2024-06,0,6435,0,0,6435,0,0,0,0,0,0
2024-06-01,Partner,Mid-Market,Leads,Partner,2,2024,2024-Q2,2024-06,0,662,0,0,0,662,0,0,0,0,0
2024-06-01,Partner,Mid-Market,MQL,Partner,3,2024,2024-Q2,2024-06,0,280,0,0,0,0,280,0,0,0,0
2024-06-01,Partner,Mid-Market,SQL,Partner,4,2024,2024-Q2,2024-06,47.48,155,0,0,0,0,0,155,0,0,0
2024-06-01,Partner,Mid-Market,Opportunity,Partner,5,2024,2024-Q2,2024-06,47.48,94,861346,0,0,0,0,0,94,0,0
2024-06-01,Partner,Mid-Market,Customer,Partner,6,2024,2024-Q2,2024-06,47.48,35,325458,325458,0,0,0,0,0,35,1661.8
2024-06-01,Partner,SMB,Visitors,Partner,1,2024,2024-Q2,2024-06,0,8444,0,0,8444,0,0,0,0,0,0
2024-06-01,Partner,SMB,Leads,Partner,2,2024,2024-Q2,2024-06,0,886,0,0,0,886,0,0,0,0,0
2024-06-01,Partner,SMB,MQL,Partner,3,2024,2024-Q2,2024-06,0,371,0,0,0,0,371,0,0,0,0
2024-06-01,Partner,SMB,SQL,Partner,4,2024,2024-Q2,2024-06,20.28,208,0,0,0,0,0,208,0,0,0
2024-06-01,Partner,SMB,Opportunity,Partner,5,2024,2024-Q2,2024-06,20.28,132,403093,0,0,0,0,0,132,0,0
2024-06-01,Partner,SMB,Customer,Partner,6,2024,2024-Q2,2024-06,20.28,46,140793,140793,0,0,0,0,0,46,932.88
2024-06-01,Direct,Enterprise,Visitors,Inbound,1,2024,2024-Q2,2024-06,0,9725,0,0,9725,0,0,0,0,0,0
2024-06-01,Direct,Enterprise,Leads,Inbound,2,2024,2024-Q2,2024-06,0,897,0,0,0,897,0,0,0,0,0
2024-06-01,Direct,Enterprise,MQL,Inbound,3,2024,2024-Q2,2024-06,0,382,0,0,0,0,382,0,0,0,0
2024-06-01,Direct,Enterprise,SQL,Inbound,4,2024,2024-Q2,2024-06,85.08,207,0,0,0,0,0,207,0,0,0
2024-06-01,Direct,Enterprise,Opportunity,Inbound,5,2024,2024-Q2,2024-06,85.08,126,3632851,0,0,0,0,0,126,0,0
2024-06-01,Direct,Enterprise,Customer,Inbound,6,2024,2024-Q2,2024-06,85.08,55,1587231,1587231,0,0,0,0,0,55,4679.4
2024-06-01,Direct,Mid-Market,Visitors,Inbound,1,2024,2024-Q2,2024-06,0,15616,0,0,15616,0,0,0,0,0,0
2024-06-01,Direct,Mid-Market,Leads,Inbound,2,2024,2024-Q2,2024-06,0,1439,0,0,0,1439,0,0,0,0,0
2024-06-01,Direct,Mid-Market,MQL,Inbound,3,2024,2024-Q2,2024-06,0,594,0,0,0,0,594,0,0,0,0
2024-06-01,Direct,Mid-Market,SQL,Inbound,4,2024,2024-Q2,2024-06,45.9,326,0,0,0,0,0,326,0,0,0
2024-06-01,Direct,Mid-Market,Opportunity,Inbound,5,2024,2024-Q2,2024-06,45.9,195,1856208,0,0,0,0,0,195,0,0
2024-06-01,Direct,Mid-Market,Customer,Inbound,6,2024,2024-Q2,2024-06,45.9,72,685725,685725,0,0,0,0,0,72,3304.8
2024-06-01,Direct,SMB,Visitors,Inbound,1,2024,2024-Q2,2024-06,0,20039,0,0,20039,0,0,0,0,0,0
2024-06-01,Direct,SMB,Leads,Inbound,2,2024,2024-Q2,2024-06,0,1826,0,0,0,1826,0,0,0,0,0
2024-06-01,Direct,SMB,MQL,Inbound,3,2024,2024-Q2,2024-06,0,760,0,0,0,0,760,0,0,0,0
2024-06-01,Direct,SMB,SQL,Inbound,4,2024,2024-Q2,2024-06,21.37,411,0,0,0,0,0,411,0,0,0
2024-06-01,Direct,SMB,Opportunity,Inbound,5,2024,2024-Q2,2024-06,21.37,250,773282,0,0,0,0,0,250,0,0
2024-06-01,Direct,SMB,Customer,Inbound,6,2024,2024-Q2,2024-06,21.37,83,256484,256484,0,0,0,0,0,83,1773.71
2024-07-01,Paid Search,Enterprise,Visitors,Paid,1,2024,2024-Q3,2024-07,0,13786,0,0,13786,0,0,0,0,0,0
2024-07-01,Paid Search,Enterprise,Leads,Paid,2,2024,2024-Q3,2024-07,0,1482,0,0,0,1482,0,0,0,0,0
2024-07-01,Paid Search,Enterprise,MQL,Paid,3,2024,2024-Q3,2024-07,0,613,0,0,0,0,613,0,0,0,0
2024-07-01,Paid Search,Enterprise,SQL,Paid,4,2024,2024-Q3,2024-07,88.28,331,0,0,0,0,0,331,0,0,0
2024-07-01,Paid Search,Enterprise,Opportunity,Paid,5,2024,2024-Q3,2024-07,88.28,199,5723111,0,0,0,0,0,199,0,0
2024-07-01,Paid Search,Enterprise,Customer,Paid,6,2024,2024-Q3,2024-07,88.28,90,2584364,2584364,0,0,0,0,0,90,7945.2
2024-07-01,Paid Search,Mid-Market,Visitors,Paid,1,2024,2024-Q3,2024-07,0,21649,0,0,21649,0,0,0,0,0,0
2024-07-01,Paid Search,Mid-Market,Leads,Paid,2,2024,2024-Q3,2024-07,0,2305,0,0,0,2305,0,0,0,0,0
2024-07-01,Paid Search,Mid-Market,MQL,Paid,3,2024,2024-Q3,2024-07,0,975,0,0,0,0,975,0,0,0,0
2024-07-01,Paid Search,Mid-Market,SQL,Paid,4,2024,2024-Q3,2024-07,44.17,518,0,0,0,0,0,518,0,0,0
2024-07-01,Paid Search,Mid-Market,Opportunity,Paid,5,2024,2024-Q3,2024-07,44.17,322,2990810,0,0,0,0,0,322,0,0
2024-07-01,Paid Search,Mid-Market,Customer,Paid,6,2024,2024-Q3,2024-07,44.17,120,1110226,1110226,0,0,0,0,0,120,5300.4
2024-07-01,Paid Search,SMB,Visitors,Paid,1,2024,2024-Q3,2024-07,0,28449,0,0,28449,0,0,0,0,0,0
2024-07-01,Paid Search,SMB,Leads,Paid,2,2024,2024-Q3,2024-07,0,2996,0,0,0,2996,0,0,0,0,0
2024-07-01,Paid Search,SMB,MQL,Paid,3,2024,2024-Q3,2024-07,0,1253,0,0,0,0,1253,0,0,0,0
2024-07-01,Paid Search,SMB,SQL,Paid,4,2024,2024-Q3,2024-07,20.96,653,0,0,0,0,0,653,0,0,0
2024-07-01,Paid Search,SMB,Opportunity,Paid,5,2024,2024-Q3,2024-07,20.96,415,1331590,0,0,0,0,0,415,0,0
2024-07-01,Paid Search,SMB,Customer,Paid,6,2024,2024-Q3,2024-07,20.96,142,455585,455585,0,0,0,0,0,142,2976.32
2024-07-01,Paid Social,Enterprise,Visitors,Paid,1,2024,2024-Q3,2024-07,0,16885,0,0,16885,0,0,0,0,0,0
2024-07-01,Paid Social,Enterprise,Leads,Paid,2,2024,2024-Q3,2024-07,0,1271,0,0,0,1271,0,0,0,0,0
2024-07-01,Paid Social,Enterprise,MQL,Paid,3,2024,2024-Q3,2024-07,0,538,0,0,0,0,538,0,0,0,0
2024-07-01,Paid Social,Enterprise,SQL,Paid,4,2024,2024-Q3,2024-07,90.55,295,0,0,0,0,0,295,0,0,0
2024-07-01,Paid Social,Enterprise,Opportunity,Paid,5,2024,2024-Q3,2024-07,90.55,185,5416926,0,0,0,0,0,185,0,0
2024-07-01,Paid Social,Enterprise,Customer,Paid,6,2024,2024-Q3,2024-07,90.55,78,2272922,2272922,0,0,0,0,0,78,7062.9
2024-07-01,Paid Social,Mid-Market,Visitors,Paid,1,2024,2024-Q3,2024-07,0,25219,0,0,25219,0,0,0,0,0,0
2024-07-01,Paid Social,Mid-Market,Leads,Paid,2,2024,2024-Q3,2024-07,0,1865,0,0,0,1865,0,0,0,0,0
2024-07-01,Paid Social,Mid-Market,MQL,Paid,3,2024,2024-Q3,2024-07,0,802,0,0,0,0,802,0,0,0,0
2024-07-01,Paid Social,Mid-Market,SQL,Paid,4,2024,2024-Q3,2024-07,47.71,438,0,0,0,0,0,438,0,0,0
2024-07-01,Paid Social,Mid-Market,Opportunity,Paid,5,2024,2024-Q3,2024-07,47.71,276,2473221,0,0,0,0,0,276,0,0
2024-07-01,Paid Social,Mid-Market,Customer,Paid,6,2024,2024-Q3,2024-07,47.71,99,882048,882048,0,0,0,0,0,99,4723.29
2024-07-01,Paid Social,SMB,Visitors,Paid,1,2024,2024-Q3,2024-07,0,32766,0,0,32766,0,0,0,0,0,0
2024-07-01,Paid Social,SMB,Leads,Paid,2,2024,2024-Q3,2024-07,0,2425,0,0,0,2425,0,0,0,0,0
2024-07-01,Paid Social,SMB,MQL,Paid,3,2024,2024-Q3,2024-07,0,1033,0,0,0,0,1033,0,0,0,0
2024-07-01,Paid Social,SMB,SQL,Paid,4,2024,2024-Q3,2024-07,20.43,565,0,0,0,0,0,565,0,0,0
2024-07-01,Paid Social,SMB,Opportunity,Paid,5,2024,2024-Q3,2024-07,20.43,349,1080568,0,0,0,0,0,349,0,0
2024-07-01,Paid Social,SMB,Customer,Paid,6,2024,2024-Q3,2024-07,20.43,115,355560,355560,0,0,0,0,0,115,2349.45
2024-07-01,Organic Search,Enterprise,Visitors,Inbound,1,2024,2024-Q3,2024-07,0,22022,0,0,22022,0,0,0,0,0,0
2024-07-01,Organic Search,Enterprise,Leads,Inbound,2,2024,2024-Q3,2024-07,0,2494,0,0,0,2494,0,0,0,0,0
2024-07-01,Organic Search,Enterprise,MQL,Inbound,3,2024,2024-Q3,2024-07,0,1041,0,0,0,0,1041,0,0,0,0
2024-07-01,Organic Search,Enterprise,SQL,Inbound,4,2024,2024-Q3,2024-07,83.12,550,0,0,0,0,0,550,0,0,0
2024-07-01,Organic Search,Enterprise,Opportunity,Inbound,5,2024,2024-Q3,2024-07,83.12,335,9582225,0,0,0,0,0,335,0,0
2024-07-01,Organic Search,Enterprise,Customer,Inbound,6,2024,2024-Q3,2024-07,83.12,141,4027725,4027725,0,0,0,0,0,141,11719.92
2024-07-01,Organic Search,Mid-Market,Visitors,Inbound,1,2024,2024-Q3,2024-07,0,35159,0,0,35159,0,0,0,0,0,0
2024-07-01,Organic Search,Mid-Market,Leads,Inbound,2,2024,2024-Q3,2024-07,0,4059,0,0,0,4059,0,0,0,0,0
2024-07-01,Organic Search,Mid-Market,MQL,Inbound,3,2024,2024-Q3,2024-07,0,1674,0,0,0,0,1674,0,0,0,0
2024-07-01,Organic Search,Mid-Market,SQL,Inbound,4,2024,2024-Q3,2024-07,45.69,918,0,0,0,0,0,918,0,0,0
2024-07-01,Organic Search,Mid-Market,Opportunity,Inbound,5,2024,2024-Q3,2024-07,45.69,554,5393040,0,0,0,0,0,554,0,0
2024-07-01,Organic Search,Mid-Market,Customer,Inbound,6,2024,2024-Q3,2024-07,45.69,196,1902614,1902614,0,0,0,0,0,196,8955.24
2024-07-01,Organic Search,SMB,Visitors,Inbound,1,2024,2024-Q3,2024-07,0,44606,0,0,44606,0,0,0,0,0,0
2024-07-01,Organic Search,SMB,Leads,Inbound,2,2024,2024-Q3,2024-07,0,5155,0,0,0,5155,0,0,0,0,0
2024-07-01,Organic Search,SMB,MQL,Inbound,3,2024,2024-Q3,2024-07,0,2100,0,0,0,0,2100,0,0,0,0
2024-07-01,Organic Search,SMB,SQL,Inbound,4,2024,2024-Q3,2024-07,21.37,1140,0,0,0,0,0,1140,0,0,0
2024-07-01,Organic Search,SMB,Opportunity,Inbound,5,2024,2024-Q3,2024-07,21.37,681,2169462,0,0,0,0,0,681,0,0
2024-07-01,Organic Search,SMB,Customer,Inbound,6,2024,2024-Q3,2024-07,21.37,232,738019,738019,0,0,0,0,0,232,4957.84
2024-07-01,Email,Enterprise,Visitors,Nurture,1,2024,2024-Q3,2024-07,0,6522,0,0,6522,0,0,0,0,0,0
2024-07-01,Email,Enterprise,Leads,Nurture,2,2024,2024-Q3,2024-07,0,860,0,0,0,860,0,0,0,0,0
2024-07-01,Email,Enterprise,MQL,Nurture,3,2024,2024-Q3,2024-07,0,367,0,0,0,0,367,0,0,0,0
2024-07-01,Email,Enterprise,SQL,Nurture,4,2024,2024-Q3,2024-07,90.84,202,0,0,0,0,0,202,0,0,0
2024-07-01,Email,Enterprise,Opportunity,Nurture,5,2024,2024-Q3,2024-07,90.84,125,3480265,0,0,0,0,0,125,0,0
2024-07-01,Email,Enterprise,Customer,Nurture,6,2024,2024-Q3,2024-07,90.84,55,1523588,1523588,0,0,0,0,0,55,4996.2
2024-07-01,Email,Mid-Market,Visitors,Nurture,1,2024,2024-Q3,2024-07,0,9989,0,0,9989,0,0,0,0,0,0
2024-07-01,Email,Mid-Market,Leads,Nurture,2,2024,2024-Q3,2024-07,0,1340,0,0,0,1340,0,0,0,0,0
2024-07-01,Email,Mid-Market,MQL,Nurture,3,2024,2024-Q3,2024-07,0,570,0,0,0,0,570,0,0,0,0
2024-07-01,Email,Mid-Market,SQL,Nurture,4,2024,2024-Q3,2024-07,45.51,317,0,0,0,0,0,317,0,0,0
2024-07-01,Email,Mid-Market,Opportunity,Nurture,5,2024,2024-Q3,2024-07,45.51,198,1811927,0,0,0,0,0,198,0,0
2024-07-01,Email,Mid-Market,Customer,Nurture,6,2024,2024-Q3,2024-07,45.51,68,620442,620442,0,0,0,0,0,68,3094.68
2024-07-01,Email,SMB,Visitors,Nurture,1,2024,2024-Q3,2024-07,0,13467,0,0,13467,0,0,0,0,0,0
2024-07-01,Email,SMB,Leads,Nurture,2,2024,2024-Q3,2024-07,0,1789,0,0,0,1789,0,0,0,0,0
2024-07-01,Email,SMB,MQL,Nurture,3,2024,2024-Q3,2024-07,0,751,0,0,0,0,751,0,0,0,0
2024-07-01,Email,SMB,SQL,Nurture,4,2024,2024-Q3,2024-07,20.61,416,0,0,0,0,0,416,0,0,0
2024-07-01,Email,SMB,Opportunity,Nurture,5,2024,2024-Q3,2024-07,20.61,251,796781,0,0,0,0,0,251,0,0
2024-07-01,Email,SMB,Customer,Nurture,6,2024,2024-Q3,2024-07,20.61,84,266561,266561,0,0,0,0,0,84,1731.24
2024-07-01,Webinar,Enterprise,Visitors,Nurture,1,2024,2024-Q3,2024-07,0,2804,0,0,2804,0,0,0,0,0,0
2024-07-01,Webinar,Enterprise,Leads,Nurture,2,2024,2024-Q3,2024-07,0,435,0,0,0,435,0,0,0,0,0
2024-07-01,Webinar,Enterprise,MQL,Nurture,3,2024,2024-Q3,2024-07,0,175,0,0,0,0,175,0,0,0,0
2024-07-01,Webinar,Enterprise,SQL,Nurture,4,2024,2024-Q3,2024-07,87.43,97,0,0,0,0,0,97,0,0,0
2024-07-01,Webinar,Enterprise,Opportunity,Nurture,5,2024,2024-Q3,2024-07,87.43,56,1674488,0,0,0,0,0,56,0,0
2024-07-01,Webinar,Enterprise,Customer,Nurture,6,2024,2024-Q3,2024-07,87.43,24,715271,715271,0,0,0,0,0,24,2098.32
2024-07-01,Webinar,Mid-Market,Visitors,Nurture,1,2024,2024-Q3,2024-07,0,4240,0,0,4240,0,0,0,0,0,0
2024-07-01,Webinar,Mid-Market,Leads,Nurture,2,2024,2024-Q3,2024-07,0,653,0,0,0,653,0,0,0,0,0
2024-07-01,Webinar,Mid-Market,MQL,Nurture,3,2024,2024-Q3,2024-07,0,274,0,0,0,0,274,0,0,0,0
2024-07-01,Webinar,Mid-Market,SQL,Nurture,4,2024,2024-Q3,2024-07,46.82,145,0,0,0,0,0,145,0,0,0
2024-07-01,Webinar,Mid-Market,Opportunity,Nurture,5,2024,2024-Q3,2024-07,46.82,90,855534,0,0,0,0,0,90,0,0
2024-07-01,Webinar,Mid-Market,Customer,Nurture,6,2024,2024-Q3,2024-07,46.82,31,291262,291262,0,0,0,0,0,31,1451.42
2024-07-01,Webinar,SMB,Visitors,Nurture,1,2024,2024-Q3,2024-07,0,5222,0,0,5222,0,0,0,0,0,0
2024-07-01,Webinar,SMB,Leads,Nurture,2,2024,2024-Q3,2024-07,0,787,0,0,0,787,0,0,0,0,0
2024-07-01,Webinar,SMB,MQL,Nurture,3,2024,2024-Q3,2024-07,0,330,0,0,0,0,330,0,0,0,0
2024-07-01,Webinar,SMB,SQL,Nurture,4,2024,2024-Q3,2024-07,21.49,177,0,0,0,0,0,177,0,0,0
2024-07-01,Webinar,SMB,Opportunity,Nurture,5,2024,2024-Q3,2024-07,21.49,113,339102,0,0,0,0,0,113,0,0
2024-07-01,Webinar,SMB,Customer,Nurture,6,2024,2024-Q3,2024-07,21.49,37,112888,112888,0,0,0,0,0,37,795.13
2024-07-01,Partner,Enterprise,Visitors,Partner,1,2024,2024-Q3,2024-07,0,4491,0,0,4491,0,0,0,0,0,0
2024-07-01,Partner,Enterprise,Leads,Partner,2,2024,2024-Q3,2024-07,0,466,0,0,0,466,0,0,0,0,0
2024-07-01,Partner,Enterprise,MQL,Partner,3,2024,2024-Q3,2024-07,0,196,0,0,0,0,196,0,0,0,0
2024-07-01,Partner,Enterprise,SQL,Partner,4,2024,2024-Q3,2024-07,88.52,111,0,0,0,0,0,111,0,0,0
2024-07-01,Partner,Enterprise,Opportunity,Partner,5,2024,2024-Q3,2024-07,88.52,65,1854445,0,0,0,0,0,65,0,0
2024-07-01,Partner,Enterprise,Customer,Partner,6,2024,2024-Q3,2024-07,88.52,30,855201,855201,0,0,0,0,0,30,2655.6
2024-07-01,Partner,Mid-Market,Visitors,Partner,1,2024,2024-Q3,2024-07,0,7202,0,0,7202,0,0,0,0,0,0
2024-07-01,Partner,Mid-Market,Leads,Partner,2,2024,2024-Q3,2024-07,0,747,0,0,0,747,0,0,0,0,0
2024-07-01,Partner,Mid-Market,MQL,Partner,3,2024,2024-Q3,2024-07,0,318,0,0,0,0,318,0,0,0,0
2024-07-01,Partner,Mid-Market,SQL,Partner,4,2024,2024-Q3,2024-07,45.04,175,0,0,0,0,0,175,0,0,0
2024-07-01,Partner,Mid-Market,Opportunity,Partner,5,2024,2024-Q3,2024-07,45.04,111,1046718,0,0,0,0,0,111,0,0
2024-07-01,Partner,Mid-Market,Customer,Partner,6,2024,2024-Q3,2024-07,45.04,43,407114,407114,0,0,0,0,0,43,1936.72
2024-07-01,Partner,SMB,Visitors,Partner,1,2024,2024-Q3,2024-07,0,9355,0,0,9355,0,0,0,0,0,0
2024-07-01,Partner,SMB,Leads,Partner,2,2024,2024-Q3,2024-07,0,949,0,0,0,949,0,0,0,0,0
2024-07-01,Partner,SMB,MQL,Partner,3,2024,2024-Q3,2024-07,0,403,0,0,0,0,403,0,0,0,0
2024-07-01,Partner,SMB,SQL,Partner,4,2024,2024-Q3,2024-07,20.68,218,0,0,0,0,0,218,0,0,0
2024-07-01,Partner,SMB,Opportunity,Partner,5,2024,2024-Q3,2024-07,20.68,136,423683,0,0,0,0,0,136,0,0
2024-07-01,Partner,SMB,Customer,Partner,6,2024,2024-Q3,2024-07,20.68,50,156296,156296,0,0,0,0,0,50,1034.0
2024-07-01,Direct,Enterprise,Visitors,Inbound,1,2024,2024-Q3,2024-07,0,10539,0,0,10539,0,0,0,0,0,0
2024-07-01,Direct,Enterprise,Leads,Inbound,2,2024,2024-Q3,2024-07,0,943,0,0,0,943,0,0,0,0,0
2024-07-01,Direct,Enterprise,MQL,Inbound,3,2024,2024-Q3,2024-07,0,399,0,0,0,0,399,0,0,0,0
2024-07-01,Direct,Enterprise,SQL,Inbound,4,2024,2024-Q3,2024-07,87.95,212,0,0,0,0,0,212,0,0,0
2024-07-01,Direct,Enterprise,Opportunity,Inbound,5,2024,2024-Q3,2024-07,87.95,131,3791290,0,0,0,0,0,131,0,0
2024-07-01,Direct,Enterprise,Customer,Inbound,6,2024,2024-Q3,2024-07,87.95,57,1654384,1654384,0,0,0,0,0,57,5013.15
2024-07-01,Direct,Mid-Market,Visitors,Inbound,1,2024,2024-Q3,2024-07,0,15572,0,0,15572,0,0,0,0,0,0
2024-07-01,Direct,Mid-Market,Leads,Inbound,2,2024,2024-Q3,2024-07,0,1413,0,0,0,1413,0,0,0,0,0
2024-07-01,Direct,Mid-Market,MQL,Inbound,3,2024,2024-Q3,2024-07,0,589,0,0,0,0,589,0,0,0,0
2024-07-01,Direct,Mid-Market,SQL,Inbound,4,2024,2024-Q3,2024-07,47.09,318,0,0,0,0,0,318,0,0,0
2024-07-01,Direct,Mid-Market,Opportunity,Inbound,5,2024,2024-Q3,2024-07,47.09,191,1720895,0,0,0,0,0,191,0,0
2024-07-01,Direct,Mid-Market,Customer,Inbound,6,2024,2024-Q3,2024-07,47.09,66,593743,593743,0,0,0,0,0,66,3107.94
2024-07-01,Direct,SMB,Visitors,Inbound,1,2024,2024-Q3,2024-07,0,20905,0,0,20905,0,0,0,0,0,0
2024-07-01,Direct,SMB,Leads,Inbound,2,2024,2024-Q3,2024-07,0,1914,0,0,0,1914,0,0,0,0,0
2024-07-01,Direct,SMB,MQL,Inbound,3,2024,2024-Q3,2024-07,0,783,0,0,0,0,783,0,0,0,0
2024-07-01,Direct,SMB,SQL,Inbound,4,2024,2024-Q3,2024-07,20.83,426,0,0,0,0,0,426,0,0,0
2024-07-01,Direct,SMB,Opportunity,Inbound,5,2024,2024-Q3,2024-07,20.83,254,792506,0,0,0,0,0,254,0,0
2024-07-01,Direct,SMB,Customer,Inbound,6,2024,2024-Q3,2024-07,20.83,85,265946,265946,0,0,0,0,0,85,1770.55
2024-08-01,Paid Search,Enterprise,Visitors,Paid,1,2024,2024-Q3,2024-08,0,13717,0,0,13717,0,0,0,0,0,0
2024-08-01,Paid Search,Enterprise,Leads,Paid,2,2024,2024-Q3,2024-08,0,1475,0,0,0,1475,0,0,0,0,0
2024-08-01,Paid Search,Enterprise,MQL,Paid,3,2024,2024-Q3,2024-08,0,599,0,0,0,0,599,0,0,0,0
2024-08-01,Paid Search,Enterprise,SQL,Paid,4,2024,2024-Q3,2024-08,87.48,329,0,0,0,0,0,329,0,0,0
2024-08-01,Paid Search,Enterprise,Opportunity,Paid,5,2024,2024-Q3,2024-08,87.48,209,6276089,0,0,0,0,0,209,0,0
2024-08-01,Paid Search,Enterprise,Customer,Paid,6,2024,2024-Q3,2024-08,87.48,92,2759138,2759138,0,0,0,0,0,92,8048.16
2024-08-01,Paid Search,Mid-Market,Visitors,Paid,1,2024,2024-Q3,2024-08,0,19672,0,0,19672,0,0,0,0,0,0
2024-08-01,Paid Search,Mid-Market,Leads,Paid,2,2024,2024-Q3,2024-08,0,2088,0,0,0,2088,0,0,0,0,0
2024-08-01,Paid Search,Mid-Market,MQL,Paid,3,2024,2024-Q3,2024-08,0,842,0,0,0,0,842,0,0,0,0
2024-08-01,Paid Search,Mid-Market,SQL,Paid,4,2024,2024-Q3,2024-08,46.84,480,0,0,0,0,0,480,0,0,0
2024-08-01,Paid Search,Mid-Market,Opportunity,Paid,5,2024,2024-Q3,2024-08,46.84,301,2735855,0,0,0,0,0,301,0,0
2024-08-01,Paid Search,Mid-Market,Customer,Paid,6,2024,2024-Q3,2024-08,46.84,110,998774,998774,0,0,0,0,0,110,5152.4
2024-08-01,Paid Search,SMB,Visitors,Paid,1,2024,2024-Q3,2024-08,0,25230,0,0,25230,0,0,0,0,0,0
2024-08-01,Paid Search,SMB,Leads,Paid,2,2024,2024-Q3,2024-08,0,2634,0,0,0,2634,0,0,0,0,0
2024-08-01,Paid Search,SMB,MQL,Paid,3,2024,2024-Q3,2024-08,0,1102,0,0,0,0,1102,0,0,0,0
2024-08-01,Paid Search,SMB,SQL,Paid,4,2024,2024-Q3,2024-08,21.5,624,0,0,0,0,0,624,0,0,0
2024-08-01,Paid Search,SMB,Opportunity,Paid,5,2024,2024-Q3,2024-08,21.5,379,1150282,0,0,0,0,0,379,0,0
2024-08-01,Paid Search,SMB,Customer,Paid,6,2024,2024-Q3,2024-08,21.5,131,398852,398852,0,0,0,0,0,131,2816.5
2024-08-01,Paid Social,Enterprise,Visitors,Paid,1,2024,2024-Q3,2024-08,0,15433,0,0,15433,0,0,0,0,0,0
2024-08-01,Paid Social,Enterprise,Leads,Paid,2,2024,2024-Q3,2024-08,0,1163,0,0,0,1163,0,0,0,0,0
2024-08-01,Paid Social,Enterprise,MQL,Paid,3,2024,2024-Q3,2024-08,0,485,0,0,0,0,485,0,0,0,0
2024-08-01,Paid Social,Enterprise,SQL,Paid,4,2024,2024-Q3,2024-08,87.14,267,0,0,0,0,0,267,0,0,0
2024-08-01,Paid Social,Enterprise,Opportunity,Paid,5,2024,2024-Q3,2024-08,87.14,161,4528257,0,0,0,0,0,161,0,0
2024-08-01,Paid Social,Enterprise,Customer,Paid,6,2024,2024-Q3,2024-08,87.14,66,1852228,1852228,0,0,0,0,0,66,5751.24
2024-08-01,Paid Social,Mid-Market,Visitors,Paid,1,2024,2024-Q3,2024-08,0,24733,0,0,24733,0,0,0,0,0,0
2024-08-01,Paid Social,Mid-Market,Leads,Paid,2,2024,2024-Q3,2024-08,0,1839,0,0,0,1839,0,0,0,0,0
2024-08-01,Paid Social,Mid-Market,MQL,Paid,3,2024,2024-Q3,2024-08,0,770,0,0,0,0,770,0,0,0,0
2024-08-01,Paid Social,Mid-Market,SQL,Paid,4,2024,2024-Q3,2024-08,45.06,419,0,0,0,0,0,419,0,0,0
2024-08-01,Paid Social,Mid-Market,Opportunity,Paid,5,2024,2024-Q3,2024-08,45.06,258,2436654,0,0,0,0,0,258,0,0
2024-08-01,Paid Social,Mid-Market,Customer,Paid,6,2024,2024-Q3,2024-08,45.06,91,857880,857880,0,0,0,0,0,91,4100.46
2024-08-01,Paid Social,SMB,Visitors,Paid,1,2024,2024-Q3,2024-08,0,32008,0,0,32008,0,0,0,0,0,0
2024-08-01,Paid Social,SMB,Leads,Paid,2,2024,2024-Q3,2024-08,0,2359,0,0,0,2359,0,0,0,0,0
2024-08-01,Paid Social,SMB,MQL,Paid,3,2024,2024-Q3,2024-08,0,1006,0,0,0,0,1006,0,0,0,0
2024-08-01,Paid Social,SMB,SQL,Paid,4,2024,2024-Q3,2024-08,20.74,548,0,0,0,0,0,548,0,0,0
2024-08-01,Paid Social,SMB,Opportunity,Paid,5,2024,2024-Q3,2024-08,20.74,338,1082086,0,0,0,0,0,338,0,0
2024-08-01,Paid Social,SMB,Customer,Paid,6,2024,2024-Q3,2024-08,20.74,111,356382,356382,0,0,0,0,0,111,2302.14
2024-08-01,Organic Search,Enterprise,Visitors,Inbound,1,2024,2024-Q3,2024-08,0,20022,0,0,20022,0,0,0,0,0,0
2024-08-01,Organic Search,Enterprise,Leads,Inbound,2,2024,2024-Q3,2024-08,0,2253,0,0,0,2253,0,0,0,0,0
2024-08-01,Organic Search,Enterprise,MQL,Inbound,3,2024,2024-Q3,2024-08,0,949,0,0,0,0,949,0,0,0,0
2024-08-01,Organic Search,Enterprise,SQL,Inbound,4,2024,2024-Q3,2024-08,89.65,537,0,0,0,0,0,537,0,0,0
2024-08-01,Organic Search,Enterprise,Opportunity,Inbound,5,2024,2024-Q3,2024-08,89.65,330,9433294,0,0,0,0,0,330,0,0
2024-08-01,Organic Search,Enterprise,Customer,Inbound,6,2024,2024-Q3,2024-08,89.65,146,4167180,4167180,0,0,0,0,0,146,13088.9
2024-08-01,Organic Search,Mid-Market,Visitors,Inbound,1,2024,2024-Q3,2024-08,0,30811,0,0,30811,0,0,0,0,0,0
2024-08-01,Organic Search,Mid-Market,Leads,Inbound,2,2024,2024-Q3,2024-08,0,3460,0,0,0,3460,0,0,0,0,0
2024-08-01,Organic Search,Mid-Market,MQL,Inbound,3,2024,2024-Q3,2024-08,0,1503,0,0,0,0,1503,0,0,0,0
2024-08-01,Organic Search,Mid-Market,SQL,Inbound,4,2024,2024-Q3,2024-08,47.12,820,0,0,0,0,0,820,0,0,0
2024-08-01,Organic Search,Mid-Market,Opportunity,Inbound,5,2024,2024-Q3,2024-08,47.12,518,4703819,0,0,0,0,0,518,0,0
2024-08-01,Organic Search,Mid-Market,Customer,Inbound,6,2024,2024-Q3,2024-08,47.12,188,1704728,1704728,0,0,0,0,0,188,8858.56
2024-08-01,Organic Search,SMB,Visitors,Inbound,1,2024,2024-Q3,2024-08,0,41646,0,0,41646,0,0,0,0,0,0
2024-08-01,Organic Search,SMB,Leads,Inbound,2,2024,2024-Q3,2024-08,0,4766,0,0,0,4766,0,0,0,0,0
2024-08-01,Organic Search,SMB,MQL,Inbound,3,2024,2024-Q3,2024-08,0,2045,0,0,0,0,2045,0,0,0,0
2024-08-01,Organic Search,SMB,SQL,Inbound,4,2024,2024-Q3,2024-08,20.55,1134,0,0,0,0,0,1134,0,0,0
2024-08-01,Organic Search,SMB,Opportunity,Inbound,5,2024,2024-Q3,2024-08,20.55,709,2213783,0,0,0,0,0,709,0,0
2024-08-01,Organic Search,SMB,Customer,Inbound,6,2024,2024-Q3,2024-08,20.55,234,729092,729092,0,0,0,0,0,234,4808.7
2024-08-01,Email,Enterprise,Visitors,Nurture,1,2024,2024-Q3,2024-08,0,6317,0,0,6317,0,0,0,0,0,0
2024-08-01,Email,Enterprise,Leads,Nurture,2,2024,2024-Q3,2024-08,0,827,0,0,0,827,0,0,0,0,0
2024-08-01,Email,Enterprise,MQL,Nurture,3,2024,2024-Q3,2024-08,0,353,0,0,0,0,353,0,0,0,0
2024-08-01,Email,Enterprise,SQL,Nurture,4,2024,2024-Q3,2024-08,84.83,194,0,0,0,0,0,194,0,0,0
2024-08-01,Email,Enterprise,Opportunity,Nurture,5,2024,2024-Q3,2024-08,84.83,118,3422156,0,0,0,0,0,118,0,0
2024-08-01,Email,Enterprise,Customer,Nurture,6,2024,2024-Q3,2024-08,84.83,53,1540477,1540477,0,0,0,0,0,53,4495.99
2024-08-01,Email,Mid-Market,Visitors,Nurture,1,2024,2024-Q3,2024-08,0,9772,0,0,9772,0,0,0,0,0,0
2024-08-01,Email,Mid-Market,Leads,Nurture,2,2024,2024-Q3,2024-08,0,1278,0,0,0,1278,0,0,0,0,0
2024-08-01,Email,Mid-Market,MQL,Nurture,3,2024,2024-Q3,2024-08,0,540,0,0,0,0,540,0,0,0,0
2024-08-01,Email,Mid-Market,SQL,Nurture,4,2024,2024-Q3,2024-08,45.96,292,0,0,0,0,0,292,0,0,0
2024-08-01,Email,Mid-Market,Opportunity,Nurture,5,2024,2024-Q3,2024-08,45.96,177,1673536,0,0,0,0,0,177,0,0
2024-08-01,Email,Mid-Market,Customer,Nurture,6,2024,2024-Q3,2024-08,45.96,62,587847,587847,0,0,0,0,0,62,2849.52
2024-08-01,Email,SMB,Visitors,Nurture,1,2024,2024-Q3,2024-08,0,12301,0,0,12301,0,0,0,0,0,0
2024-08-01,Email,SMB,Leads,Nurture,2,2024,2024-Q3,2024-08,0,1644,0,0,0,1644,0,0,0,0,0
2024-08-01,Email,SMB,MQL,Nurture,3,2024,2024-Q3,2024-08,0,679,0,0,0,0,679,0,0,0,0
2024-08-01,Email,SMB,SQL,Nurture,4,2024,2024-Q3,2024-08,21.77,379,0,0,0,0,0,379,0,0,0
2024-08-01,Email,SMB,Opportunity,Nurture,5,2024,2024-Q3,2024-08,21.77,232,724824,0,0,0,0,0,232,0,0
2024-08-01,Email,SMB,Customer,Nurture,6,2024,2024-Q3,2024-08,21.77,78,244101,244101,0,0,0,0,0,78,1698.06
2024-08-01,Webinar,Enterprise,Visitors,Nurture,1,2024,2024-Q3,2024-08,0,2504,0,0,2504,0,0,0,0,0,0
2024-08-01,Webinar,Enterprise,Leads,Nurture,2,2024,2024-Q3,2024-08,0,387,0,0,0,387,0,0,0,0,0
2024-08-01,Webinar,Enterprise,MQL,Nurture,3,2024,2024-Q3,2024-08,0,157,0,0,0,0,157,0,0,0,0
2024-08-01,Webinar,Enterprise,SQL,Nurture,4,2024,2024-Q3,2024-08,92.78,84,0,0,0,0,0,84,0,0,0
2024-08-01,Webinar,Enterprise,Opportunity,Nurture,5,2024,2024-Q3,2024-08,92.78,56,1588411,0,0,0,0,0,56,0,0
2024-08-01,Webinar,Enterprise,Customer,Nurture,6,2024,2024-Q3,2024-08,92.78,22,619288,619288,0,0,0,0,0,22,2041.16
2024-08-01,Webinar,Mid-Market,Visitors,Nurture,1,2024,2024-Q3,2024-08,0,3907,0,0,3907,0,0,0,0,0,0
2024-08-01,Webinar,Mid-Market,Leads,Nurture,2,2024,2024-Q3,2024-08,0,597,0,0,0,597,0,0,0,0,0
2024-08-01,Webinar,Mid-Market,MQL,Nurture,3,2024,2024-Q3,2024-08,0,242,0,0,0,0,242,0,0,0,0
2024-08-01,Webinar,Mid-Market,SQL,Nurture,4,2024,2024-Q3,2024-08,44.18,133,0,0,0,0,0,133,0,0,0
2024-08-01,Webinar,Mid-Market,Opportunity,Nurture,5,2024,2024-Q3,2024-08,44.18,87,798206,0,0,0,0,0,87,0,0
2024-08-01,Webinar,Mid-Market,Customer,Nurture,6,2024,2024-Q3,2024-08,44.18,31,285895,285895,0,0,0,0,0,31,1369.58
2024-08-01,Webinar,SMB,Visitors,Nurture,1,2024,2024-Q3,2024-08,0,5109,0,0,5109,0,0,0,0,0,0
2024-08-01,Webinar,SMB,Leads,Nurture,2,2024,2024-Q3,2024-08,0,780,0,0,0,780,0,0,0,0,0
2024-08-01,Webinar,SMB,MQL,Nurture,3,2024,2024-Q3,2024-08,0,319,0,0,0,0,319,0,0,0,0
2024-08-01,Webinar,SMB,SQL,Nurture,4,2024,2024-Q3,2024-08,20.34,184,0,0,0,0,0,184,0,0,0
2024-08-01,Webinar,SMB,Opportunity,Nurture,5,2024,2024-Q3,2024-08,20.34,110,351686,0,0,0,0,0,110,0,0
2024-08-01,Webinar,SMB,Customer,Nurture,6,2024,2024-Q3,2024-08,20.34,41,131480,131480,0,0,0,0,0,41,833.94
2024-08-01,Partner,Enterprise,Visitors,Partner,1,2024,2024-Q3,2024-08,0,4338,0,0,4338,0,0,0,0,0,0
2024-08-01,Partner,Enterprise,Leads,Partner,2,2024,2024-Q3,2024-08,0,449,0,0,0,449,0,0,0,0,0
2024-08-01,Partner,Enterprise,MQL,Partner,3,2024,2024-Q3,2024-08,0,190,0,0,0,0,190,0,0,0,0
2024-08-01,Partner,Enterprise,SQL,Partner,4,2024,2024-Q3,2024-08,86.53,106,0,0,0,0,0,106,0,0,0
2024-08-01,Partner,Enterprise,Opportunity,Partner,5,2024,2024-Q3,2024-08,86.53,64,1890113,0,0,0,0,0,64,0,0
2024-08-01,Partner,Enterprise,Customer,Partner,6,2024,2024-Q3,2024-08,86.53,28,825977,825977,0,0,0,0,0,28,2422.84
2024-08-01,Partner,Mid-Market,Visitors,Partner,1,2024,2024-Q3,2024-08,0,6542,0,0,6542,0,0,0,0,0,0
2024-08-01,Partner,Mid-Market,Leads,Partner,2,2024,2024-Q3,2024-08,0,676,0,0,0,676,0,0,0,0,0
2024-08-01,Partner,Mid-Market,MQL,Partner,3,2024,2024-Q3,2024-08,0,282,0,0,0,0,282,0,0,0,0
2024-08-01,Partner,Mid-Market,SQL,Partner,4,2024,2024-Q3,2024-08,47.71,152,0,0,0,0,0,152,0,0,0
2024-08-01,Partner,Mid-Market,Opportunity,Partner,5,2024,2024-Q3,2024-08,47.71,95,889397,0,0,0,0,0,95,0,0
2024-08-01,Partner,Mid-Market,Customer,Partner,6,2024,2024-Q3,2024-08,47.71,33,309418,309418,0,0,0,0,0,33,1574.43
2024-08-01,Partner,SMB,Visitors,Partner,1,2024,2024-Q3,2024-08,0,8410,0,0,8410,0,0,0,0,0,0
2024-08-01,Partner,SMB,Leads,Partner,2,2024,2024-Q3,2024-08,0,856,0,0,0,856,0,0,0,0,0
2024-08-01,Partner,SMB,MQL,Partner,3,2024,2024-Q3,2024-08,0,363,0,0,0,0,363,0,0,0,0
2024-08-01,Partner,SMB,SQL,Partner,4,2024,2024-Q3,2024-08,21.28,199,0,0,0,0,0,199,0,0,0
2024-08-01,Partner,SMB,Opportunity,Partner,5,2024,2024-Q3,2024-08,21.28,121,361915,0,0,0,0,0,121,0,0
2024-08-01,Partner,SMB,Customer,Partner,6,2024,2024-Q3,2024-08,21.28,44,131777,131777,0,0,0,0,0,44,936.32
2024-08-01,Direct,Enterprise,Visitors,Inbound,1,2024,2024-Q3,2024-08,0,9666,0,0,9666,0,0,0,0,0,0
2024-08-01,Direct,Enterprise,Leads,Inbound,2,2024,2024-Q3,2024-08,0,872,0,0,0,872,0,0,0,0,0
2024-08-01,Direct,Enterprise,MQL,Inbound,3,2024,2024-Q3,2024-08,0,358,0,0,0,0,358,0,0,0,0
2024-08-01,Direct,Enterprise,SQL,Inbound,4,2024,2024-Q3,2024-08,84.55,205,0,0,0,0,0,205,0,0,0
2024-08-01,Direct,Enterprise,Opportunity,Inbound,5,2024,2024-Q3,2024-08,84.55,124,3503812,0,0,0,0,0,124,0,0
2024-08-01,Direct,Enterprise,Customer,Inbound,6,2024,2024-Q3,2024-08,84.55,55,1551284,1551284,0,0,0,0,0,55,4650.25
2024-08-01,Direct,Mid-Market,Visitors,Inbound,1,2024,2024-Q3,2024-08,0,15329,0,0,15329,0,0,0,0,0,0
2024-08-01,Direct,Mid-Market,Leads,Inbound,2,2024,2024-Q3,2024-08,0,1351,0,0,0,1351,0,0,0,0,0
2024-08-01,Direct,Mid-Market,MQL,Inbound,3,2024,2024-Q3,2024-08,0,581,0,0,0,0,581,0,0,0,0
2024-08-01,Direct,Mid-Market,SQL,Inbound,4,2024,2024-Q3,2024-08,44.57,315,0,0,0,0,0,315,0,0,0
2024-08-01,Direct,Mid-Market,Opportunity,Inbound,5,2024,2024-Q3,2024-08,44.57,199,1874893,0,0,0,0,0,199,0,0
2024-08-01,Direct,Mid-Market,Customer,Inbound,6,2024,2024-Q3,2024-08,44.57,71,670109,670109,0,0,0,0,0,71,3164.47
2024-08-01,Direct,SMB,Visitors,Inbound,1,2024,2024-Q3,2024-08,0,20350,0,0,20350,0,0,0,0,0,0
2024-08-01,Direct,SMB,Leads,Inbound,2,2024,2024-Q3,2024-08,0,1814,0,0,0,1814,0,0,0,0,0
2024-08-01,Direct,SMB,MQL,Inbound,3,2024,2024-Q3,2024-08,0,800,0,0,0,0,800,0,0,0,0
2024-08-01,Direct,SMB,SQL,Inbound,4,2024,2024-Q3,2024-08,21.14,435,0,0,0,0,0,435,0,0,0
2024-08-01,Direct,SMB,Opportunity,Inbound,5,2024,2024-Q3,2024-08,21.14,277,910568,0,0,0,0,0,277,0,0
2024-08-01,Direct,SMB,Customer,Inbound,6,2024,2024-Q3,2024-08,21.14,94,309999,309999,0,0,0,0,0,94,1987.16
2024-09-01,Paid Search,Enterprise,Visitors,Paid,1,2024,2024-Q3,2024-09,0,11368,0,0,11368,0,0,0,0,0,0
2024-09-01,Paid Search,Enterprise,Leads,Paid,2,2024,2024-Q3,2024-09,0,1184,0,0,0,1184,0,0,0,0,0
2024-09-01,Paid Search,Enterprise,MQL,Paid,3,2024,2024-Q3,2024-09,0,516,0,0,0,0,516,0,0,0,0
2024-09-01,Paid Search,Enterprise,SQL,Paid,4,2024,2024-Q3,2024-09,92.38,284,0,0,0,0,0,284,0,0,0
2024-09-01,Paid Search,Enterprise,Opportunity,Paid,5,2024,2024-Q3,2024-09,92.38,179,5065156,0,0,0,0,0,179,0,0
2024-09-01,Paid Search,Enterprise,Customer,Paid,6,2024,2024-Q3,2024-09,92.38,76,2150903,2150903,0,0,0,0,0,76,7020.88
2024-09-01,Paid Search,Mid-Market,Visitors,Paid,1,2024,2024-Q3,2024-09,0,18291,0,0,18291,0,0,0,0,0,0
2024-09-01,Paid Search,Mid-Market,Leads,Paid,2,2024,2024-Q3,2024-09,0,1952,0,0,0,1952,0,0,0,0,0
2024-09-01,Paid Search,Mid-Market,MQL,Paid,3,2024,2024-Q3,2024-09,0,841,0,0,0,0,841,0,0,0,0
2024-09-01,Paid Search,Mid-Market,SQL,Paid,4,2024,2024-Q3,2024-09,45.12,454,0,0,0,0,0,454,0,0,0
2024-09-01,Paid Search,Mid-Market,Opportunity,Paid,5,2024,2024-Q3,2024-09,45.12,288,2623804,0,0,0,0,0,288,0,0
2024-09-01,Paid Search,Mid-Market,Customer,Paid,6,2024,2024-Q3,2024-09,45.12,102,925009,925009,0,0,0,0,0,102,4602.24
2024-09-01,Paid Search,SMB,Visitors,Paid,1,2024,2024-Q3,2024-09,0,23758,0,0,23758,0,0,0,0,0,0
2024-09-01,Paid Search,SMB,Leads,Paid,2,2024,2024-Q3,2024-09,0,2606,0,0,0,2606,0,0,0,0,0
2024-09-01,Paid Search,SMB,MQL,Paid,3,2024,2024-Q3,2024-09,0,1102,0,0,0,0,1102,0,0,0,0
2024-09-01,Paid Search,SMB,SQL,Paid,4,2024,2024-Q3,2024-09,20.31,615,0,0,0,0,0,615,0,0,0
2024-09-01,Paid Search,SMB,Opportunity,Paid,5,2024,2024-Q3,2024-09,20.31,378,1208099,0,0,0,0,0,378,0,0
2024-09-01,Paid Search,SMB,Customer,Paid,6,2024,2024-Q3,2024-09,20.31,130,415663,415663,0,0,0,0,0,130,2640.3
2024-09-01,Paid Social,Enterprise,Visitors,Paid,1,2024,2024-Q3,2024-09,0,14379,0,0,14379,0,0,0,0,0,0
2024-09-01,Paid Social,Enterprise,Leads,Paid,2,2024,2024-Q3,2024-09,0,1063,0,0,0,1063,0,0,0,0,0
2024-09-01,Paid Social,Enterprise,MQL,Paid,3,2024,2024-Q3,2024-09,0,444,0,0,0,0,444,0,0,0,0
2024-09-01,Paid Social,Enterprise,SQL,Paid,4,2024,2024-Q3,2024-09,87.9,242,0,0,0,0,0,242,0,0,0
2024-09-01,Paid Social,Enterprise,Opportunity,Paid,5,2024,2024-Q3,2024-09,87.9,145,4224909,0,0,0,0,0,145,0,0
2024-09-01,Paid Social,Enterprise,Customer,Paid,6,2024,2024-Q3,2024-09,87.9,60,1757578,1757578,0,0,0,0,0,60,5274.0
2024-09-01,Paid Social,Mid-Market,Visitors,Paid,1,2024,2024-Q3,2024-09,0,21762,0,0,21762,0,0,0,0,0,0
2024-09-01,Paid Social,Mid-Market,Leads,Paid,2,2024,2024-Q3,2024-09,0,1638,0,0,0,1638,0,0,0,0,0
2024-09-01,Paid Social,Mid-Market,MQL,Paid,3,2024,2024-Q3,2024-09,0,674,0,0,0,0,674,0,0,0,0
2024-09-01,Paid Social,Mid-Market,SQL,Paid,4,2024,2024-Q3,2024-09,47.5,372,0,0,0,0,0,372,0,0,0
2024-09-01,Paid Social,Mid-Market,Opportunity,Paid,5,2024,2024-Q3,2024-09,47.5,222,2106106,0,0,0,0,0,222,0,0
2024-09-01,Paid Social,Mid-Market,Customer,Paid,6,2024,2024-Q3,2024-09,47.5,80,758843,758843,0,0,0,0,0,80,3800.0
2024-09-01,Paid Social,SMB,Visitors,Paid,1,2024,2024-Q3,2024-09,0,27845,0,0,27845,0,0,0,0,0,0
2024-09-01,Paid Social,SMB,Leads,Paid,2,2024,2024-Q3,2024-09,0,2055,0,0,0,2055,0,0,0,0,0
2024-09-01,Paid Social,SMB,MQL,Paid,3,2024,2024-Q3,2024-09,0,849,0,0,0,0,849,0,0,0,0
2024-09-01,Paid Social,SMB,SQL,Paid,4,2024,2024-Q3,2024-09,20.7,462,0,0,0,0,0,462,0,0,0
2024-09-01,Paid Social,SMB,Opportunity,Paid,5,2024,2024-Q3,2024-09,20.7,276,854015,0,0,0,0,0,276,0,0
2024-09-01,Paid Social,SMB,Customer,Paid,6,2024,2024-Q3,2024-09,20.7,95,294303,294303,0,0,0,0,0,95,1966.5
2024-09-01,Organic Search,Enterprise,Visitors,Inbound,1,2024,2024-Q3,2024-09,0,18416,0,0,18416,0,0,0,0,0,0
2024-09-01,Organic Search,Enterprise,Leads,Inbound,2,2024,2024-Q3,2024-09,0,2179,0,0,0,2179,0,0,0,0,0
2024-09-01,Organic Search,Enterprise,MQL,Inbound,3,2024,2024-Q3,2024-09,0,929,0,0,0,0,929,0,0,0,0
2024-09-01,Organic Search,Enterprise,SQL,Inbound,4,2024,2024-Q3,2024-09,84.88,516,0,0,0,0,0,516,0,0,0
2024-09-01,Organic Search,Enterprise,Opportunity,Inbound,5,2024,2024-Q3,2024-09,84.88,320,8941939,0,0,0,0,0,320,0,0
2024-09-01,Organic Search,Enterprise,Customer,Inbound,6,2024,2024-Q3,2024-09,84.88,143,3988280,3988280,0,0,0,0,0,143,12137.84
2024-09-01,Organic Search,Mid-Market,Visitors,Inbound,1,2024,2024-Q3,2024-09,0,29367,0,0,29367,0,0,0,0,0,0
2024-09-01,Organic Search,Mid-Market,Leads,Inbound,2,2024,2024-Q3,2024-09,0,3485,0,0,0,3485,0,0,0,0,0
2024-09-01,Organic Search,Mid-Market,MQL,Inbound,3,2024,2024-Q3,2024-09,0,1457,0,0,0,0,1457,0,0,0,0
2024-09-01,Organic Search,Mid-Market,SQL,Inbound,4,2024,2024-Q3,2024-09,44.51,817,0,0,0,0,0,817,0,0,0
2024-09-01,Organic Search,Mid-Market,Opportunity,Inbound,5,2024,2024-Q3,2024-09,44.51,500,4710295,0,0,0,0,0,500,0,0
2024-09-01,Organic Search,Mid-Market,Customer,Inbound,6,2024,2024-Q3,2024-09,44.51,183,1722352,1722352,0,0,0,0,0,183,8145.33
2024-09-01,Organic Search,SMB,Visitors,Inbound,1,2024,2024-Q3,2024-09,0,38525,0,0,38525,0,0,0,0,0,0
2024-09-01,Organic Search,SMB,Leads,Inbound,2,2024,2024-Q3,2024-09,0,4496,0,0,0,4496,0,0,0,0,0
2024-09-01,Organic Search,SMB,MQL,Inbound,3,2024,2024-Q3,2024-09,0,1904,0,0,0,0,1904,0,0,0,0
2024-09-01,Organic Search,SMB,SQL,Inbound,4,2024,2024-Q3,2024-09,21.44,1057,0,0,0,0,0,1057,0,0,0
2024-09-01,Organic Search,SMB,Opportunity,Inbound,5,2024,2024-Q3,2024-09,21.44,654,2132784,0,0,0,0,0,654,0,0
2024-09-01,Organic Search,SMB,Customer,Inbound,6,2024,2024-Q3,2024-09,21.44,218,709649,709649,0,0,0,0,0,218,4673.92
2024-09-01,Email,Enterprise,Visitors,Nurture,1,2024,2024-Q3,2024-09,0,5729,0,0,5729,0,0,0,0,0,0
2024-09-01,Email,Enterprise,Leads,Nurture,2,2024,2024-Q3,2024-09,0,751,0,0,0,751,0,0,0,0,0
2024-09-01,Email,Enterprise,MQL,Nurture,3,2024,2024-Q3,2024-09,0,311,0,0,0,0,311,0,0,0,0
2024-09-01,Email,Enterprise,SQL,Nurture,4,2024,2024-Q3,2024-09,90.9,169,0,0,0,0,0,169,0,0,0
2024-09-01,Email,Enterprise,Opportunity,Nurture,5,2024,2024-Q3,2024-09,90.9,101,2923849,0,0,0,0,0,101,0,0
2024-09-01,Email,Enterprise,Customer,Nurture,6,2024,2024-Q3,2024-09,90.9,47,1363111,1363111,0,0,0,0,0,47,4272.3
2024-09-01,Email,Mid-Market,Visitors,Nurture,1,2024,2024-Q3,2024-09,0,8366,0,0,8366,0,0,0,0,0,0
2024-09-01,Email,Mid-Market,Leads,Nurture,2,2024,2024-Q3,2024-09,0,1078,0,0,0,1078,0,0,0,0,0
2024-09-01,Email,Mid-Market,MQL,Nurture,3,2024,2024-Q3,2024-09,0,459,0,0,0,0,459,0,0,0,0
2024-09-01,Email,Mid-Market,SQL,Nurture,4,2024,2024-Q3,2024-09,46.13,248,0,0,0,0,0,248,0,0,0
2024-09-01,Email,Mid-Market,Opportunity,Nurture,5,2024,2024-Q3,2024-09,46.13,151,1357456,0,0,0,0,0,151,0,0
2024-09-01,Email,Mid-Market,Customer,Nurture,6,2024,2024-Q3,2024-09,46.13,54,480353,480353,0,0,0,0,0,54,2491.02
2024-09-01,Email,SMB,Visitors,Nurture,1,2024,2024-Q3,2024-09,0,11036,0,0,11036,0,0,0,0,0,0
2024-09-01,Email,SMB,Leads,Nurture,2,2024,2024-Q3,2024-09,0,1409,0,0,0,1409,0,0,0,0,0
2024-09-01,Email,SMB,MQL,Nurture,3,2024,2024-Q3,2024-09,0,588,0,0,0,0,588,0,0,0,0
2024-09-01,Email,SMB,SQL,Nurture,4,2024,2024-Q3,2024-09,20.66,317,0,0,0,0,0,317,0,0,0
2024-09-01,Email,SMB,Opportunity,Nurture,5,2024,2024-Q3,2024-09,20.66,192,601396,0,0,0,0,0,192,0,0
2024-09-01,Email,SMB,Customer,Nurture,6,2024,2024-Q3,2024-09,20.66,59,184771,184771,0,0,0,0,0,59,1218.94
2024-09-01,Webinar,Enterprise,Visitors,Nurture,1,2024,2024-Q3,2024-09,0,2302,0,0,2302,0,0,0,0,0,0
2024-09-01,Webinar,Enterprise,Leads,Nurture,2,2024,2024-Q3,2024-09,0,340,0,0,0,340,0,0,0,0,0
2024-09-01,Webinar,Enterprise,MQL,Nurture,3,2024,2024-Q3,2024-09,0,147,0,0,0,0,147,0,0,0,0
2024-09-01,Webinar,Enterprise,SQL,Nurture,4,2024,2024-Q3,2024-09,85.19,82,0,0,0,0,0,82,0,0,0
2024-09-01,Webinar,Enterprise,Opportunity,Nurture,5,2024,2024-Q3,2024-09,85.19,53,1549970,0,0,0,0,0,53,0,0
2024-09-01,Webinar,Enterprise,Customer,Nurture,6,2024,2024-Q3,2024-09,85.19,22,646675,646675,0,0,0,0,0,22,1874.18
2024-09-01,Webinar,Mid-Market,Visitors,Nurture,1,2024,2024-Q3,2024-09,0,3646,0,0,3646,0,0,0,0,0,0
2024-09-01,Webinar,Mid-Market,Leads,Nurture,2,2024,2024-Q3,2024-09,0,553,0,0,0,553,0,0,0,0,0
2024-09-01,Webinar,Mid-Market,MQL,Nurture,3,2024,2024-Q3,2024-09,0,239,0,0,0,0,239,0,0,0,0
2024-09-01,Webinar,Mid-Market,SQL,Nurture,4,2024,2024-Q3,2024-09,46.85,132,0,0,0,0,0,132,0,0,0
2024-09-01,Webinar,Mid-Market,Opportunity,Nurture,5,2024,2024-Q3,2024-09,46.85,83,797983,0,0,0,0,0,83,0,0
2024-09-01,Webinar,Mid-Market,Customer,Nurture,6,2024,2024-Q3,2024-09,46.85,28,268683,268683,0,0,0,0,0,28,1311.8
2024-09-01,Webinar,SMB,Visitors,Nurture,1,2024,2024-Q3,2024-09,0,4474,0,0,4474,0,0,0,0,0,0
2024-09-01,Webinar,SMB,Leads,Nurture,2,2024,2024-Q3,2024-09,0,699,0,0,0,699,0,0,0,0,0
2024-09-01,Webinar,SMB,MQL,Nurture,3,2024,2024-Q3,2024-09,0,297,0,0,0,0,297,0,0,0,0
2024-09-01,Webinar,SMB,SQL,Nurture,4,2024,2024-Q3,2024-09,21.4,165,0,0,0,0,0,165,0,0,0
2024-09-01,Webinar,SMB,Opportunity,Nurture,5,2024,2024-Q3,2024-09,21.4,100,300731,0,0,0,0,0,100,0,0
2024-09-01,Webinar,SMB,Customer,Nurture,6,2024,2024-Q3,2024-09,21.4,35,104671,104671,0,0,0,0,0,35,749.0
2024-09-01,Partner,Enterprise,Visitors,Partner,1,2024,2024-Q3,2024-09,0,3693,0,0,3693,0,0,0,0,0,0
2024-09-01,Partner,Enterprise,Leads,Partner,2,2024,2024-Q3,2024-09,0,367,0,0,0,367,0,0,0,0,0
2024-09-01,Partner,Enterprise,MQL,Partner,3,2024,2024-Q3,2024-09,0,156,0,0,0,0,156,0,0,0,0
2024-09-01,Partner,Enterprise,SQL,Partner,4,2024,2024-Q3,2024-09,89.75,84,0,0,0,0,0,84,0,0,0
2024-09-01,Partner,Enterprise,Opportunity,Partner,5,2024,2024-Q3,2024-09,89.75,55,1524591,0,0,0,0,0,55,0,0
2024-09-01,Partner,Enterprise,Customer,Partner,6,2024,2024-Q3,2024-09,89.75,22,606478,606478,0,0,0,0,0,22,1974.5
2024-09-01,Partner,Mid-Market,Visitors,Partner,1,2024,2024-Q3,2024-09,0,5922,0,0,5922,0,0,0,0,0,0
2024-09-01,Partner,Mid-Market,Leads,Partner,2,2024,2024-Q3,2024-09,0,605,0,0,0,605,0,0,0,0,0
2024-09-01,Partner,Mid-Market,MQL,Partner,3,2024,2024-Q3,2024-09,0,248,0,0,0,0,248,0,0,0,0
2024-09-01,Partner,Mid-Market,SQL,Partner,4,2024,2024-Q3,2024-09,45.28,138,0,0,0,0,0,138,0,0,0
2024-09-01,Partner,Mid-Market,Opportunity,Partner,5,2024,2024-Q3,2024-09,45.28,84,768573,0,0,0,0,0,84,0,0
2024-09-01,Partner,Mid-Market,Customer,Partner,6,2024,2024-Q3,2024-09,45.28,30,274660,274660,0,0,0,0,0,30,1358.4
2024-09-01,Partner,SMB,Visitors,Partner,1,2024,2024-Q3,2024-09,0,8007,0,0,8007,0,0,0,0,0,0
2024-09-01,Partner,SMB,Leads,Partner,2,2024,2024-Q3,2024-09,0,817,0,0,0,817,0,0,0,0,0
2024-09-01,Partner,SMB,MQL,Partner,3,2024,2024-Q3,2024-09,0,332,0,0,0,0,332,0,0,0,0
2024-09-01,Partner,SMB,SQL,Partner,4,2024,2024-Q3,2024-09,20.39,182,0,0,0,0,0,182,0,0,0
2024-09-01,Partner,SMB,Opportunity,Partner,5,2024,2024-Q3,2024-09,20.39,105,339774,0,0,0,0,0,105,0,0
2024-09-01,Partner,SMB,Customer,Partner,6,2024,2024-Q3,2024-09,20.39,39,126790,126790,0,0,0,0,0,39,795.21
2024-09-01,Direct,Enterprise,Visitors,Inbound,1,2024,2024-Q3,2024-09,0,9107,0,0,9107,0,0,0,0,0,0
2024-09-01,Direct,Enterprise,Leads,Inbound,2,2024,2024-Q3,2024-09,0,839,0,0,0,839,0,0,0,0,0
2024-09-01,Direct,Enterprise,MQL,Inbound,3,2024,2024-Q3,2024-09,0,358,0,0,0,0,358,0,0,0,0
2024-09-01,Direct,Enterprise,SQL,Inbound,4,2024,2024-Q3,2024-09,88.2,200,0,0,0,0,0,200,0,0,0
2024-09-01,Direct,Enterprise,Opportunity,Inbound,5,2024,2024-Q3,2024-09,88.2,124,3658058,0,0,0,0,0,124,0,0
2024-09-01,Direct,Enterprise,Customer,Inbound,6,2024,2024-Q3,2024-09,88.2,54,1580519,1580519,0,0,0,0,0,54,4762.8
2024-09-01,Direct,Mid-Market,Visitors,Inbound,1,2024,2024-Q3,2024-09,0,13223,0,0,13223,0,0,0,0,0,0
2024-09-01,Direct,Mid-Market,Leads,Inbound,2,2024,2024-Q3,2024-09,0,1253,0,0,0,1253,0,0,0,0,0
2024-09-01,Direct,Mid-Market,MQL,Inbound,3,2024,2024-Q3,2024-09,0,529,0,0,0,0,529,0,0,0,0
2024-09-01,Direct,Mid-Market,SQL,Inbound,4,2024,2024-Q3,2024-09,46.89,302,0,0,0,0,0,302,0,0,0
2024-09-01,Direct,Mid-Market,Opportunity,Inbound,5,2024,2024-Q3,2024-09,46.89,184,1677443,0,0,0,0,0,184,0,0
2024-09-01,Direct,Mid-Market,Customer,Inbound,6,2024,2024-Q3,2024-09,46.89,65,598058,598058,0,0,0,0,0,65,3047.85
2024-09-01,Direct,SMB,Visitors,Inbound,1,2024,2024-Q3,2024-09,0,17377,0,0,17377,0,0,0,0,0,0
2024-09-01,Direct,SMB,Leads,Inbound,2,2024,2024-Q3,2024-09,0,1631,0,0,0,1631,0,0,0,0,0
2024-09-01,Direct,SMB,MQL,Inbound,3,2024,2024-Q3,2024-09,0,686,0,0,0,0,686,0,0,0,0
2024-09-01,Direct,SMB,SQL,Inbound,4,2024,2024-Q3,2024-09,21.47,378,0,0,0,0,0,378,0,0,0
2024-09-01,Direct,SMB,Opportunity,Inbound,5,2024,2024-Q3,2024-09,21.47,230,710451,0,0,0,0,0,230,0,0
2024-09-01,Direct,SMB,Customer,Inbound,6,2024,2024-Q3,2024-09,21.47,80,247699,247699,0,0,0,0,0,80,1717.6
2024-10-01,Paid Search,Enterprise,Visitors,Paid,1,2024,2024-Q4,2024-10,0,11833,0,0,11833,0,0,0,0,0,0
2024-10-01,Paid Search,Enterprise,Leads,Paid,2,2024,2024-Q4,2024-10,0,1300,0,0,0,1300,0,0,0,0,0
2024-10-01,Paid Search,Enterprise,MQL,Paid,3,2024,2024-Q4,2024-10,0,538,0,0,0,0,538,0,0,0,0
2024-10-01,Paid Search,Enterprise,SQL,Paid,4,2024,2024-Q4,2024-10,86.12,297,0,0,0,0,0,297,0,0,0
2024-10-01,Paid Search,Enterprise,Opportunity,Paid,5,2024,2024-Q4,2024-10,86.12,183,5336511,0,0,0,0,0,183,0,0
2024-10-01,Paid Search,Enterprise,Customer,Paid,6,2024,2024-Q4,2024-10,86.12,79,2304120,2304120,0,0,0,0,0,79,6803.48
2024-10-01,Paid Search,Mid-Market,Visitors,Paid,1,2024,2024-Q4,2024-10,0,18520,0,0,18520,0,0,0,0,0,0
2024-10-01,Paid Search,Mid-Market,Leads,Paid,2,2024,2024-Q4,2024-10,0,2017,0,0,0,2017,0,0,0,0,0
2024-10-01,Paid Search,Mid-Market,MQL,Paid,3,2024,2024-Q4,2024-10,0,855,0,0,0,0,855,0,0,0,0
2024-10-01,Paid Search,Mid-Market,SQL,Paid,4,2024,2024-Q4,2024-10,46.14,467,0,0,0,0,0,467,0,0,0
2024-10-01,Paid Search,Mid-Market,Opportunity,Paid,5,2024,2024-Q4,2024-10,46.14,294,2761455,0,0,0,0,0,294,0,0
2024-10-01,Paid Search,Mid-Market,Customer,Paid,6,2024,2024-Q4,2024-10,46.14,103,967973,967973,0,0,0,0,0,103,4752.42
2024-10-01,Paid Search,SMB,Visitors,Paid,1,2024,2024-Q4,2024-10,0,22405,0,0,22405,0,0,0,0,0,0
2024-10-01,Paid Search,SMB,Leads,Paid,2,2024,2024-Q4,2024-10,0,2397,0,0,0,2397,0,0,0,0,0
2024-10-01,Paid Search,SMB,MQL,Paid,3,2024,2024-Q4,2024-10,0,1026,0,0,0,0,1026,0,0,0,0
2024-10-01,Paid Search,SMB,SQL,Paid,4,2024,2024-Q4,2024-10,21.75,552,0,0,0,0,0,552,0,0,0
2024-10-01,Paid Search,SMB,Opportunity,Paid,5,2024,2024-Q4,2024-10,21.75,341,1053160,0,0,0,0,0,341,0,0
2024-10-01,Paid Search,SMB,Customer,Paid,6,2024,2024-Q4,2024-10,21.75,113,349185,349185,0,0,0,0,0,113,2457.75
2024-10-01,Paid Social,Enterprise,Visitors,Paid,1,2024,2024-Q4,2024-10,0,13324,0,0,13324,0,0,0,0,0,0
2024-10-01,Paid Social,Enterprise,Leads,Paid,2,2024,2024-Q4,2024-10,0,956,0,0,0,956,0,0,0,0,0
2024-10-01,Paid Social,Enterprise,MQL,Paid,3,2024,2024-Q4,2024-10,0,402,0,0,0,0,402,0,0,0,0
2024-10-01,Paid Social,Enterprise,SQL,Paid,4,2024,2024-Q4,2024-10,88.63,213,0,0,0,0,0,213,0,0,0
2024-10-01,Paid Social,Enterprise,Opportunity,Paid,5,2024,2024-Q4,2024-10,88.63,132,3672968,0,0,0,0,0,132,0,0
2024-10-01,Paid Social,Enterprise,Customer,Paid,6,2024,2024-Q4,2024-10,88.63,57,1585404,1585404,0,0,0,0,0,57,5051.91
2024-10-01,Paid Social,Mid-Market,Visitors,Paid,1,2024,2024-Q4,2024-10,0,21370,0,0,21370,0,0,0,0,0,0
2024-10-01,Paid Social,Mid-Market,Leads,Paid,2,2024,2024-Q4,2024-10,0,1552,0,0,0,1552,0,0,0,0,0
2024-10-01,Paid Social,Mid-Market,MQL,Paid,3,2024,2024-Q4,2024-10,0,644,0,0,0,0,644,0,0,0,0
2024-10-01,Paid Social,Mid-Market,SQL,Paid,4,2024,2024-Q4,2024-10,45.72,342,0,0,0,0,0,342,0,0,0
2024-10-01,Paid Social,Mid-Market,Opportunity,Paid,5,2024,2024-Q4,2024-10,45.72,220,2052919,0,0,0,0,0,220,0,0
2024-10-01,Paid Social,Mid-Market,Customer,Paid,6,2024,2024-Q4,2024-10,45.72,79,735964,735964,0,0,0,0,0,79,3611.88
2024-10-01,Paid Social,SMB,Visitors,Paid,1,2024,2024-Q4,2024-10,0,28647,0,0,28647,0,0,0,0,0,0
2024-10-01,Paid Social,SMB,Leads,Paid,2,2024,2024-Q4,2024-10,0,2105,0,0,0,2105,0,0,0,0,0
2024-10-01,Paid Social,SMB,MQL,Paid,3,2024,2024-Q4,2024-10,0,864,0,0,0,0,864,0,0,0,0
2024-10-01,Paid Social,SMB,SQL,Paid,4,2024,2024-Q4,2024-10,20.31,478,0,0,0,0,0,478,0,0,0
2024-10-01,Paid Social,SMB,Opportunity,Paid,5,2024,2024-Q4,2024-10,20.31,303,972713,0,0,0,0,0,303,0,0
2024-10-01,Paid Social,SMB,Customer,Paid,6,2024,2024-Q4,2024-10,20.31,100,320660,320660,0,0,0,0,0,100,2031.0
2024-10-01,Organic Search,Enterprise,Visitors,Inbound,1,2024,2024-Q4,2024-10,0,19183,0,0,19183,0,0,0,0,0,0
2024-10-01,Organic Search,Enterprise,Leads,Inbound,2,2024,2024-Q4,2024-10,0,2205,0,0,0,2205,0,0,0,0,0
2024-10-01,Organic Search,Enterprise,MQL,Inbound,3,2024,2024-Q4,2024-10,0,937,0,0,0,0,937,0,0,0,0
2024-10-01,Organic Search,Enterprise,SQL,Inbound,4,2024,2024-Q4,2024-10,87.83,512,0,0,0,0,0,512,0,0,0
2024-10-01,Organic Search,Enterprise,Opportunity,Inbound,5,2024,2024-Q4,2024-10,87.83,315,9176454,0,0,0,0,0,315,0,0
2024-10-01,Organic Search,Enterprise,Customer,Inbound,6,2024,2024-Q4,2024-10,87.83,135,3936095,3936095,0,0,0,0,0,135,11857.05
2024-10-01,Organic Search,Mid-Market,Visitors,Inbound,1,2024,2024-Q4,2024-10,0,27750,0,0,27750,0,0,0,0,0,0
2024-10-01,Organic Search,Mid-Market,Leads,Inbound,2,2024,2024-Q4,2024-10,0,3219,0,0,0,3219,0,0,0,0,0
2024-10-01,Organic Search,Mid-Market,MQL,Inbound,3,2024,2024-Q4,2024-10,0,1355,0,0,0,0,1355,0,0,0,0
2024-10-01,Organic Search,Mid-Market,SQL,Inbound,4,2024,2024-Q4,2024-10,47.65,745,0,0,0,0,0,745,0,0,0
2024-10-01,Organic Search,Mid-Market,Opportunity,Inbound,5,2024,2024-Q4,2024-10,47.65,459,4236821,0,0,0,0,0,459,0,0
2024-10-01,Organic Search,Mid-Market,Customer,Inbound,6,2024,2024-Q4,2024-10,47.65,162,1493260,1493260,0,0,0,0,0,162,7719.3
2024-10-01,Organic Search,SMB,Visitors,Inbound,1,2024,2024-Q4,2024-10,0,35550,0,0,35550,0,0,0,0,0,0
2024-10-01,Organic Search,SMB,Leads,Inbound,2,2024,2024-Q4,2024-10,0,4181,0,0,0,4181,0,0,0,0,0
2024-10-01,Organic Search,SMB,MQL,Inbound,3,2024,2024-Q4,2024-10,0,1734,0,0,0,0,1734,0,0,0,0
2024-10-01,Organic Search,SMB,SQL,Inbound,4,2024,2024-Q4,2024-10,21.53,961,0,0,0,0,0,961,0,0,0
2024-10-01,Organic Search,SMB,Opportunity,Inbound,5,2024,2024-Q4,2024-10,21.53,583,1765796,0,0,0,0,0,583,0,0
2024-10-01,Organic Search,SMB,Customer,Inbound,6,2024,2024-Q4,2024-10,21.53,195,589661,589661,0,0,0,0,0,195,4198.35
2024-10-01,Email,Enterprise,Visitors,Nurture,1,2024,2024-Q4,2024-10,0,5446,0,0,5446,0,0,0,0,0,0
2024-10-01,Email,Enterprise,Leads,Nurture,2,2024,2024-Q4,2024-10,0,719,0,0,0,719,0,0,0,0,0
2024-10-01,Email,Enterprise,MQL,Nurture,3,2024,2024-Q4,2024-10,0,295,0,0,0,0,295,0,0,0,0
2024-10-01,Email,Enterprise,SQL,Nurture,4,2024,2024-Q4,2024-10,88.69,163,0,0,0,0,0,163,0,0,0
2024-10-01,Email,Enterprise,Opportunity,Nurture,5,2024,2024-Q4,2024-10,88.69,101,2905475,0,0,0,0,0,101,0,0
2024-10-01,Email,Enterprise,Customer,Nurture,6,2024,2024-Q4,2024-10,88.69,48,1382145,1382145,0,0,0,0,0,48,4257.12
2024-10-01,Email,Mid-Market,Visitors,Nurture,1,2024,2024-Q4,2024-10,0,8660,0,0,8660,0,0,0,0,0,0
2024-10-01,Email,Mid-Market,Leads,Nurture,2,2024,2024-Q4,2024-10,0,1120,0,0,0,1120,0,0,0,0,0
2024-10-01,Email,Mid-Market,MQL,Nurture,3,2024,2024-Q4,2024-10,0,456,0,0,0,0,456,0,0,0,0
2024-10-01,Email,Mid-Market,SQL,Nurture,4,2024,2024-Q4,2024-10,44.51,262,0,0,0,0,0,262,0,0,0
2024-10-01,Email,Mid-Market,Opportunity,Nurture,5,2024,2024-Q4,2024-10,44.51,158,1504130,0,0,0,0,0,158,0,0
2024-10-01,Email,Mid-Market,Customer,Nurture,6,2024,2024-Q4,2024-10,44.51,59,559550,559550,0,0,0,0,0,59,2626.09
2024-10-01,Email,SMB,Visitors,Nurture,1,2024,2024-Q4,2024-10,0,10921,0,0,10921,0,0,0,0,0,0
2024-10-01,Email,SMB,Leads,Nurture,2,2024,2024-Q4,2024-10,0,1405,0,0,0,1405,0,0,0,0,0
2024-10-01,Email,SMB,MQL,Nurture,3,2024,2024-Q4,2024-10,0,589,0,0,0,0,589,0,0,0,0
2024-10-01,Email,SMB,SQL,Nurture,4,2024,2024-Q4,2024-10,21.11,332,0,0,0,0,0,332,0,0,0
2024-10-01,Email,SMB,Opportunity,Nurture,5,2024,2024-Q4,2024-10,21.11,202,637191,0,0,0,0,0,202,0,0
2024-10-01,Email,SMB,Customer,Nurture,6,2024,2024-Q4,2024-10,21.11,67,210478,210478,0,0,0,0,0,67,1414.37
2024-10-01,Webinar,Enterprise,Visitors,Nurture,1,2024,2024-Q4,2024-10,0,2231,0,0,2231,0,0,0,0,0,0
2024-10-01,Webinar,Enterprise,Leads,Nurture,2,2024,2024-Q4,2024-10,0,356,0,0,0,356,0,0,0,0,0
2024-10-01,Webinar,Enterprise,MQL,Nurture,3,2024,2024-Q4,2024-10,0,150,0,0,0,0,150,0,0,0,0
2024-10-01,Webinar,Enterprise,SQL,Nurture,4,2024,2024-Q4,2024-10,91.19,84,0,0,0,0,0,84,0,0,0
2024-10-01,Webinar,Enterprise,Opportunity,Nurture,5,2024,2024-Q4,2024-10,91.19,52,1493128,0,0,0,0,0,52,0,0
2024-10-01,Webinar,Enterprise,Customer,Nurture,6,2024,2024-Q4,2024-10,91.19,24,686068,686068,0,0,0,0,0,24,2188.56
2024-10-01,Webinar,Mid-Market,Visitors,Nurture,1,2024,2024-Q4,2024-10,0,3379,0,0,3379,0,0,0,0,0,0
2024-10-01,Webinar,Mid-Market,Leads,Nurture,2,2024,2024-Q4,2024-10,0,526,0,0,0,526,0,0,0,0,0
2024-10-01,Webinar,Mid-Market,MQL,Nurture,3,2024,2024-Q4,2024-10,0,224,0,0,0,0,224,0,0,0,0
2024-10-01,Webinar,Mid-Market,SQL,Nurture,4,2024,2024-Q4,2024-10,47.92,120,0,0,0,0,0,120,0,0,0
2024-10-01,Webinar,Mid-Market,Opportunity,Nurture,5,2024,2024-Q4,2024-10,47.92,74,667855,0,0,0,0,0,74,0,0
2024-10-01,Webinar,Mid-Market,Customer,Nurture,6,2024,2024-Q4,2024-10,47.92,27,242369,242369,0,0,0,0,0,27,1293.84
2024-10-01,Webinar,SMB,Visitors,Nurture,1,2024,2024-Q4,2024-10,0,4481,0,0,4481,0,0,0,0,0,0
2024-10-01,Webinar,SMB,Leads,Nurture,2,2024,2024-Q4,2024-10,0,692,0,0,0,692,0,0,0,0,0
2024-10-01,Webinar,SMB,MQL,Nurture,3,2024,2024-Q4,2024-10,0,295,0,0,0,0,295,0,0,0,0
2024-10-01,Webinar,SMB,SQL,Nurture,4,2024,2024-Q4,2024-10,19.96,161,0,0,0,0,0,161,0,0,0
2024-10-01,Webinar,SMB,Opportunity,Nurture,5,2024,2024-Q4,2024-10,19.96,100,308118,0,0,0,0,0,100,0,0
2024-10-01,Webinar,SMB,Customer,Nurture,6,2024,2024-Q4,2024-10,19.96,32,99387,99387,0,0,0,0,0,32,638.72
2024-10-01,Partner,Enterprise,Visitors,Partner,1,2024,2024-Q4,2024-10,0,3822,0,0,3822,0,0,0,0,0,0
2024-10-01,Partner,Enterprise,Leads,Partner,2,2024,2024-Q4,2024-10,0,386,0,0,0,386,0,0,0,0,0
2024-10-01,Partner,Enterprise,MQL,Partner,3,2024,2024-Q4,2024-10,0,159,0,0,0,0,159,0,0,0,0
2024-10-01,Partner,Enterprise,SQL,Partner,4,2024,2024-Q4,2024-10,83.53,86,0,0,0,0,0,86,0,0,0
2024-10-01,Partner,Enterprise,Opportunity,Partner,5,2024,2024-Q4,2024-10,83.53,52,1509037,0,0,0,0,0,52,0,0
2024-10-01,Partner,Enterprise,Customer,Partner,6,2024,2024-Q4,2024-10,83.53,24,690764,690764,0,0,0,0,0,24,2004.72
2024-10-01,Partner,Mid-Market,Visitors,Partner,1,2024,2024-Q4,2024-10,0,5899,0,0,5899,0,0,0,0,0,0
2024-10-01,Partner,Mid-Market,Leads,Partner,2,2024,2024-Q4,2024-10,0,587,0,0,0,587,0,0,0,0,0
2024-10-01,Partner,Mid-Market,MQL,Partner,3,2024,2024-Q4,2024-10,0,241,0,0,0,0,241,0,0,0,0
2024-10-01,Partner,Mid-Market,SQL,Partner,4,2024,2024-Q4,2024-10,46.14,127,0,0,0,0,0,127,0,0,0
2024-10-01,Partner,Mid-Market,Opportunity,Partner,5,2024,2024-Q4,2024-10,46.14,82,778803,0,0,0,0,0,82,0,0
2024-10-01,Partner,Mid-Market,Customer,Partner,6,2024,2024-Q4,2024-10,46.14,29,275884,275884,0,0,0,0,0,29,1338.06
2024-10-01,Partner,SMB,Visitors,Partner,1,2024,2024-Q4,2024-10,0,7586,0,0,7586,0,0,0,0,0,0
2024-10-01,Partner,SMB,Leads,Partner,2,2024,2024-Q4,2024-10,0,765,0,0,0,765,0,0,0,0,0
2024-10-01,Partner,SMB,MQL,Partner,3,2024,2024-Q4,2024-10,0,312,0,0,0,0,312,0,0,0,0
2024-10-01,Partner,SMB,SQL,Partner,4,2024,2024-Q4,2024-10,21.8,170,0,0,0,0,0,170,0,0,0
2024-10-01,Partner,SMB,Opportunity,Partner,5,2024,2024-Q4,2024-10,21.8,114,360595,0,0,0,0,0,114,0,0
2024-10-01,Partner,SMB,Customer,Partner,6,2024,2024-Q4,2024-10,21.8,37,117714,117714,0,0,0,0,0,37,806.6
2024-10-01,Direct,Enterprise,Visitors,Inbound,1,2024,2024-Q4,2024-10,0,8481,0,0,8481,0,0,0,0,0,0
2024-10-01,Direct,Enterprise,Leads,Inbound,2,2024,2024-Q4,2024-10,0,776,0,0,0,776,0,0,0,0,0
2024-10-01,Direct,Enterprise,MQL,Inbound,3,2024,2024-Q4,2024-10,0,334,0,0,0,0,334,0,0,0,0
2024-10-01,Direct,Enterprise,SQL,Inbound,4,2024,2024-Q4,2024-10,91.71,183,0,0,0,0,0,183,0,0,0
2024-10-01,Direct,Enterprise,Opportunity,Inbound,5,2024,2024-Q4,2024-10,91.71,113,3152270,0,0,0,0,0,113,0,0
2024-10-01,Direct,Enterprise,Customer,Inbound,6,2024,2024-Q4,2024-10,91.71,53,1472943,1472943,0,0,0,0,0,53,4860.63
2024-10-01,Direct,Mid-Market,Visitors,Inbound,1,2024,2024-Q4,2024-10,0,13412,0,0,13412,0,0,0,0,0,0
2024-10-01,Direct,Mid-Market,Leads,Inbound,2,2024,2024-Q4,2024-10,0,1226,0,0,0,1226,0,0,0,0,0
2024-10-01,Direct,Mid-Market,MQL,Inbound,3,2024,2024-Q4,2024-10,0,522,0,0,0,0,522,0,0,0,0
2024-10-01,Direct,Mid-Market,SQL,Inbound,4,2024,2024-Q4,2024-10,44.36,281,0,0,0,0,0,281,0,0,0
2024-10-01,Direct,Mid-Market,Opportunity,Inbound,5,2024,2024-Q4,2024-10,44.36,173,1599866,0,0,0,0,0,173,0,0
2024-10-01,Direct,Mid-Market,Customer,Inbound,6,2024,2024-Q4,2024-10,44.36,63,584129,584129,0,0,0,0,0,63,2794.68
2024-10-01,Direct,SMB,Visitors,Inbound,1,2024,2024-Q4,2024-10,0,17960,0,0,17960,0,0,0,0,0,0
2024-10-01,Direct,SMB,Leads,Inbound,2,2024,2024-Q4,2024-10,0,1677,0,0,0,1677,0,0,0,0,0
2024-10-01,Direct,SMB,MQL,Inbound,3,2024,2024-Q4,2024-10,0,708,0,0,0,0,708,0,0,0,0
2024-10-01,Direct,SMB,SQL,Inbound,4,2024,2024-Q4,2024-10,20.71,390,0,0,0,0,0,390,0,0,0
2024-10-01,Direct,SMB,Opportunity,Inbound,5,2024,2024-Q4,2024-10,20.71,240,776430,0,0,0,0,0,240,0,0
2024-10-01,Direct,SMB,Customer,Inbound,6,2024,2024-Q4,2024-10,20.71,83,269239,269239,0,0,0,0,0,83,1718.93
2024-11-01,Paid Search,Enterprise,Visitors,Paid,1,2024,2024-Q4,2024-11,0,10064,0,0,10064,0,0,0,0,0,0
2024-11-01,Paid Search,Enterprise,Leads,Paid,2,2024,2024-Q4,2024-11,0,1096,0,0,0,1096,0,0,0,0,0
2024-11-01,Paid Search,Enterprise,MQL,Paid,3,2024,2024-Q4,2024-11,0,453,0,0,0,0,453,0,0,0,0
2024-11-01,Paid Search,Enterprise,SQL,Paid,4,2024,2024-Q4,2024-11,90.69,251,0,0,0,0,0,251,0,0,0
2024-11-01,Paid Search,Enterprise,Opportunity,Paid,5,2024,2024-Q4,2024-11,90.69,153,4373654,0,0,0,0,0,153,0,0
2024-11-01,Paid Search,Enterprise,Customer,Paid,6,2024,2024-Q4,2024-11,90.69,66,1878475,1878475,0,0,0,0,0,66,5985.54
2024-11-01,Paid Search,Mid-Market,Visitors,Paid,1,2024,2024-Q4,2024-11,0,15680,0,0,15680,0,0,0,0,0,0
2024-11-01,Paid Search,Mid-Market,Leads,Paid,2,2024,2024-Q4,2024-11,0,1707,0,0,0,1707,0,0,0,0,0
2024-11-01,Paid Search,Mid-Market,MQL,Paid,3,2024,2024-Q4,2024-11,0,700,0,0,0,0,700,0,0,0,0
2024-11-01,Paid Search,Mid-Market,SQL,Paid,4,2024,2024-Q4,2024-11,47.55,387,0,0,0,0,0,387,0,0,0
2024-11-01,Paid Search,Mid-Market,Opportunity,Paid,5,2024,2024-Q4,2024-11,47.55,231,2108355,0,0,0,0,0,231,0,0
2024-11-01,Paid Search,Mid-Market,Customer,Paid,6,2024,2024-Q4,2024-11,47.55,82,752738,752738,0,0,0,0,0,82,3899.1
2024-11-01,Paid Search,SMB,Visitors,Paid,1,2024,2024-Q4,2024-11,0,20601,0,0,20601,0,0,0,0,0,0
2024-11-01,Paid Search,SMB,Leads,Paid,2,2024,2024-Q4,2024-11,0,2221,0,0,0,2221,0,0,0,0,0
2024-11-01,Paid Search,SMB,MQL,Paid,3,2024,2024-Q4,2024-11,0,929,0,0,0,0,929,0,0,0,0
2024-11-01,Paid Search,SMB,SQL,Paid,4,2024,2024-Q4,2024-11,19.67,507,0,0,0,0,0,507,0,0,0
2024-11-01,Paid Search,SMB,Opportunity,Paid,5,2024,2024-Q4,2024-11,19.67,308,963279,0,0,0,0,0,308,0,0
2024-11-01,Paid Search,SMB,Customer,Paid,6,2024,2024-Q4,2024-11,19.67,102,319984,319984,0,0,0,0,0,102,2006.34
2024-11-01,Paid Social,Enterprise,Visitors,Paid,1,2024,2024-Q4,2024-11,0,12425,0,0,12425,0,0,0,0,0,0
2024-11-01,Paid Social,Enterprise,Leads,Paid,2,2024,2024-Q4,2024-11,0,934,0,0,0,934,0,0,0,0,0
2024-11-01,Paid Social,Enterprise,MQL,Paid,3,2024,2024-Q4,2024-11,0,381,0,0,0,0,381,0,0,0,0
2024-11-01,Paid Social,Enterprise,SQL,Paid,4,2024,2024-Q4,2024-11,84.98,218,0,0,0,0,0,218,0,0,0
2024-11-01,Paid Social,Enterprise,Opportunity,Paid,5,2024,2024-Q4,2024-11,84.98,133,3854814,0,0,0,0,0,133,0,0
2024-11-01,Paid Social,Enterprise,Customer,Paid,6,2024,2024-Q4,2024-11,84.98,59,1697969,1697969,0,0,0,0,0,59,5013.82
2024-11-01,Paid Social,Mid-Market,Visitors,Paid,1,2024,2024-Q4,2024-11,0,19619,0,0,19619,0,0,0,0,0,0
2024-11-01,Paid Social,Mid-Market,Leads,Paid,2,2024,2024-Q4,2024-11,0,1435,0,0,0,1435,0,0,0,0,0
2024-11-01,Paid Social,Mid-Market,MQL,Paid,3,2024,2024-Q4,2024-11,0,607,0,0,0,0,607,0,0,0,0
2024-11-01,Paid Social,Mid-Market,SQL,Paid,4,2024,2024-Q4,2024-11,46.1,340,0,0,0,0,0,340,0,0,0
2024-11-01,Paid Social,Mid-Market,Opportunity,Paid,5,2024,2024-Q4,2024-11,46.1,207,1998117,0,0,0,0,0,207,0,0
2024-11-01,Paid Social,Mid-Market,Customer,Paid,6,2024,2024-Q4,2024-11,46.1,76,730930,730930,0,0,0,0,0,76,3503.6
2024-11-01,Paid Social,SMB,Visitors,Paid,1,2024,2024-Q4,2024-11,0,24498,0,0,24498,0,0,0,0,0,0
2024-11-01,Paid Social,SMB,Leads,Paid,2,2024,2024-Q4,2024-11,0,1744,0,0,0,1744,0,0,0,0,0
2024-11-01,Paid Social,SMB,MQL,Paid,3,2024,2024-Q4,2024-11,0,759,0,0,0,0,759,0,0,0,0
2024-11-01,Paid Social,SMB,SQL,Paid,4,2024,2024-Q4,2024-11,21.7,416,0,0,0,0,0,416,0,0,0
2024-11-01,Paid Social,SMB,Opportunity,Paid,5,2024,2024-Q4,2024-11,21.7,262,807792,0,0,0,0,0,262,0,0
2024-11-01,Paid Social,SMB,Customer,Paid,6,2024,2024-Q4,2024-11,21.7,91,280123,280123,0,0,0,0,0,91,1974.7
2024-11-01,Organic Search,Enterprise,Visitors,Inbound,1,2024,2024-Q4,2024-11,0,15974,0,0,15974,0,0,0,0,0,0
2024-11-01,Organic Search,Enterprise,Leads,Inbound,2,2024,2024-Q4,2024-11,0,1831,0,0,0,1831,0,0,0,0,0
2024-11-01,Organic Search,Enterprise,MQL,Inbound,3,2024,2024-Q4,2024-11,0,774,0,0,0,0,774,0,0,0,0
2024-11-01,Organic Search,Enterprise,SQL,Inbound,4,2024,2024-Q4,2024-11,89.54,423,0,0,0,0,0,423,0,0,0
2024-11-01,Organic Search,Enterprise,Opportunity,Inbound,5,2024,2024-Q4,2024-11,89.54,256,7147130,0,0,0,0,0,256,0,0
2024-11-01,Organic Search,Enterprise,Customer,Inbound,6,2024,2024-Q4,2024-11,89.54,111,3092386,3092386,0,0,0,0,0,111,9938.94
2024-11-01,Organic Search,Mid-Market,Visitors,Inbound,1,2024,2024-Q4,2024-11,0,24988,0,0,24988,0,0,0,0,0,0
2024-11-01,Organic Search,Mid-Market,Leads,Inbound,2,2024,2024-Q4,2024-11,0,2827,0,0,0,2827,0,0,0,0,0
2024-11-01,Organic Search,Mid-Market,MQL,Inbound,3,2024,2024-Q4,2024-11,0,1199,0,0,0,0,1199,0,0,0,0
2024-11-01,Organic Search,Mid-Market,SQL,Inbound,4,2024,2024-Q4,2024-11,43.76,638,0,0,0,0,0,638,0,0,0
2024-11-01,Organic Search,Mid-Market,Opportunity,Inbound,5,2024,2024-Q4,2024-11,43.76,391,3575989,0,0,0,0,0,391,0,0
2024-11-01,Organic Search,Mid-Market,Customer,Inbound,6,2024,2024-Q4,2024-11,43.76,138,1261867,1261867,0,0,0,0,0,138,6038.88
2024-11-01,Organic Search,SMB,Visitors,Inbound,1,2024,2024-Q4,2024-11,0,33365,0,0,33365,0,0,0,0,0,0
2024-11-01,Organic Search,SMB,Leads,Inbound,2,2024,2024-Q4,2024-11,0,3837,0,0,0,3837,0,0,0,0,0
2024-11-01,Organic Search,SMB,MQL,Inbound,3,2024,2024-Q4,2024-11,0,1605,0,0,0,0,1605,0,0,0,0
2024-11-01,Organic Search,SMB,SQL,Inbound,4,2024,2024-Q4,2024-11,20.68,865,0,0,0,0,0,865,0,0,0
2024-11-01,Organic Search,SMB,Opportunity,Inbound,5,2024,2024-Q4,2024-11,20.68,525,1689362,0,0,0,0,0,525,0,0
2024-11-01,Organic Search,SMB,Customer,Inbound,6,2024,2024-Q4,2024-11,20.68,171,550042,550042,0,0,0,0,0,171,3536.28
2024-11-01,Email,Enterprise,Visitors,Nurture,1,2024,2024-Q4,2024-11,0,5064,0,0,5064,0,0,0,0,0,0
2024-11-01,Email,Enterprise,Leads,Nurture,2,2024,2024-Q4,2024-11,0,641,0,0,0,641,0,0,0,0,0
2024-11-01,Email,Enterprise,MQL,Nurture,3,2024,2024-Q4,2024-11,0,281,0,0,0,0,281,0,0,0,0
2024-11-01,Email,Enterprise,SQL,Nurture,4,2024,2024-Q4,2024-11,87.99,157,0,0,0,0,0,157,0,0,0
2024-11-01,Email,Enterprise,Opportunity,Nurture,5,2024,2024-Q4,2024-11,87.99,102,3039851,0,0,0,0,0,102,0,0
2024-11-01,Email,Enterprise,Customer,Nurture,6,2024,2024-Q4,2024-11,87.99,46,1371784,1371784,0,0,0,0,0,46,4047.54
2024-11-01,Email,Mid-Market,Visitors,Nurture,1,2024,2024-Q4,2024-11,0,7351,0,0,7351,0,0,0,0,0,0
2024-11-01,Email,Mid-Market,Leads,Nurture,2,2024,2024-Q4,2024-11,0,960,0,0,0,960,0,0,0,0,0
2024-11-01,Email,Mid-Market,MQL,Nurture,3,2024,2024-Q4,2024-11,0,414,0,0,0,0,414,0,0,0,0
2024-11-01,Email,Mid-Market,SQL,Nurture,4,2024,2024-Q4,2024-11,46.78,227,0,0,0,0,0,227,0,0,0
2024-11-01,Email,Mid-Market,Opportunity,Nurture,5,2024,2024-Q4,2024-11,46.78,144,1321956,0,0,0,0,0,144,0,0
2024-11-01,Email,Mid-Market,Customer,Nurture,6,2024,2024-Q4,2024-11,46.78,53,485232,485232,0,0,0,0,0,53,2479.34
2024-11-01,Email,SMB,Visitors,Nurture,1,2024,2024-Q4,2024-11,0,9443,0,0,9443,0,0,0,0,0,0
2024-11-01,Email,SMB,Leads,Nurture,2,2024,2024-Q4,2024-11,0,1267,0,0,0,1267,0,0,0,0,0
2024-11-01,Email,SMB,MQL,Nurture,3,2024,2024-Q4,2024-11,0,538,0,0,0,0,538,0,0,0,0
2024-11-01,Email,SMB,SQL,Nurture,4,2024,2024-Q4,2024-11,21.07,304,0,0,0,0,0,304,0,0,0
2024-11-01,Email,SMB,Opportunity,Nurture,5,2024,2024-Q4,2024-11,21.07,190,580552,0,0,0,0,0,190,0,0
2024-11-01,Email,SMB,Customer,Nurture,6,2024,2024-Q4,2024-11,21.07,60,183362,183362,0,0,0,0,0,60,1264.2
2024-11-01,Webinar,Enterprise,Visitors,Nurture,1,2024,2024-Q4,2024-11,0,1961,0,0,1961,0,0,0,0,0,0
2024-11-01,Webinar,Enterprise,Leads,Nurture,2,2024,2024-Q4,2024-11,0,305,0,0,0,305,0,0,0,0,0
2024-11-01,Webinar,Enterprise,MQL,Nurture,3,2024,2024-Q4,2024-11,0,127,0,0,0,0,127,0,0,0,0
2024-11-01,Webinar,Enterprise,SQL,Nurture,4,2024,2024-Q4,2024-11,84.97,72,0,0,0,0,0,72,0,0,0
2024-11-01,Webinar,Enterprise,Opportunity,Nurture,5,2024,2024-Q4,2024-11,84.97,45,1288928,0,0,0,0,0,45,0,0
2024-11-01,Webinar,Enterprise,Customer,Nurture,6,2024,2024-Q4,2024-11,84.97,21,592435,592435,0,0,0,0,0,21,1784.37
2024-11-01,Webinar,Mid-Market,Visitors,Nurture,1,2024,2024-Q4,2024-11,0,3151,0,0,3151,0,0,0,0,0,0
2024-11-01,Webinar,Mid-Market,Leads,Nurture,2,2024,2024-Q4,2024-11,0,494,0,0,0,494,0,0,0,0,0
2024-11-01,Webinar,Mid-Market,MQL,Nurture,3,2024,2024-Q4,2024-11,0,202,0,0,0,0,202,0,0,0,0
2024-11-01,Webinar,Mid-Market,SQL,Nurture,4,2024,2024-Q4,2024-11,45.33,111,0,0,0,0,0,111,0,0,0
2024-11-01,Webinar,Mid-Market,Opportunity,Nurture,5,2024,2024-Q4,2024-11,45.33,65,620566,0,0,0,0,0,65,0,0
2024-11-01,Webinar,Mid-Market,Customer,Nurture,6,2024,2024-Q4,2024-11,45.33,24,228112,228112,0,0,0,0,0,24,1087.92
2024-11-01,Webinar,SMB,Visitors,Nurture,1,2024,2024-Q4,2024-11,0,4110,0,0,4110,0,0,0,0,0,0
2024-11-01,Webinar,SMB,Leads,Nurture,2,2024,2024-Q4,2024-11,0,635,0,0,0,635,0,0,0,0,0
2024-11-01,Webinar,SMB,MQL,Nurture,3,2024,2024-Q4,2024-11,0,262,0,0,0,0,262,0,0,0,0
2024-11-01,Webinar,SMB,SQL,Nurture,4,2024,2024-Q4,2024-11,21.11,146,0,0,0,0,0,146,0,0,0
2024-11-01,Webinar,SMB,Opportunity,Nurture,5,2024,2024-Q4,2024-11,21.11,88,277301,0,0,0,0,0,88,0,0
2024-11-01,Webinar,SMB,Customer,Nurture,6,2024,2024-Q4,2024-11,21.11,27,84716,84716,0,0,0,0,0,27,569.97
2024-11-01,Partner,Enterprise,Visitors,Partner,1,2024,2024-Q4,2024-11,0,3272,0,0,3272,0,0,0,0,0,0
2024-11-01,Partner,Enterprise,Leads,Partner,2,2024,2024-Q4,2024-11,0,331,0,0,0,331,0,0,0,0,0
2024-11-01,Partner,Enterprise,MQL,Partner,3,2024,2024-Q4,2024-11,0,132,0,0,0,0,132,0,0,0,0
2024-11-01,Partner,Enterprise,SQL,Partner,4,2024,2024-Q4,2024-11,89.53,75,0,0,0,0,0,75,0,0,0
2024-11-01,Partner,Enterprise,Opportunity,Partner,5,2024,2024-Q4,2024-11,89.53,49,1386667,0,0,0,0,0,49,0,0
2024-11-01,Partner,Enterprise,Customer,Partner,6,2024,2024-Q4,2024-11,89.53,21,575464,575464,0,0,0,0,0,21,1880.13
2024-11-01,Partner,Mid-Market,Visitors,Partner,1,2024,2024-Q4,2024-11,0,5051,0,0,5051,0,0,0,0,0,0
2024-11-01,Partner,Mid-Market,Leads,Partner,2,2024,2024-Q4,2024-11,0,507,0,0,0,507,0,0,0,0,0
2024-11-01,Partner,Mid-Market,MQL,Partner,3,2024,2024-Q4,2024-11,0,213,0,0,0,0,213,0,0,0,0
2024-11-01,Partner,Mid-Market,SQL,Partner,4,2024,2024-Q4,2024-11,46.18,120,0,0,0,0,0,120,0,0,0
2024-11-01,Partner,Mid-Market,Opportunity,Partner,5,2024,2024-Q4,2024-11,46.18,73,655647,0,0,0,0,0,73,0,0
2024-11-01,Partner,Mid-Market,Customer,Partner,6,2024,2024-Q4,2024-11,46.18,27,240695,240695,0,0,0,0,0,27,1246.86
2024-11-01,Partner,SMB,Visitors,Partner,1,2024,2024-Q4,2024-11,0,6863,0,0,6863,0,0,0,0,0,0
2024-11-01,Partner,SMB,Leads,Partner,2,2024,2024-Q4,2024-11,0,667,0,0,0,667,0,0,0,0,0
2024-11-01,Partner,SMB,MQL,Partner,3,2024,2024-Q4,2024-11,0,291,0,0,0,0,291,0,0,0,0
2024-11-01,Partner,SMB,SQL,Partner,4,2024,2024-Q4,2024-11,20.39,164,0,0,0,0,0,164,0,0,0
2024-11-01,Partner,SMB,Opportunity,Partner,5,2024,2024-Q4,2024-11,20.39,97,306794,0,0,0,0,0,97,0,0
2024-11-01,Partner,SMB,Customer,Partner,6,2024,2024-Q4,2024-11,20.39,33,104249,104249,0,0,0,0,0,33,672.87
2024-11-01,Direct,Enterprise,Visitors,Inbound,1,2024,2024-Q4,2024-11,0,7912,0,0,7912,0,0,0,0,0,0
2024-11-01,Direct,Enterprise,Leads,Inbound,2,2024,2024-Q4,2024-11,0,726,0,0,0,726,0,0,0,0,0
2024-11-01,Direct,Enterprise,MQL,Inbound,3,2024,2024-Q4,2024-11,0,304,0,0,0,0,304,0,0,0,0
2024-11-01,Direct,Enterprise,SQL,Inbound,4,2024,2024-Q4,2024-11,86.75,165,0,0,0,0,0,165,0,0,0
2024-11-01,Direct,Enterprise,Opportunity,Inbound,5,2024,2024-Q4,2024-11,86.75,100,2927751,0,0,0,0,0,100,0,0
2024-11-01,Direct,Enterprise,Customer,Inbound,6,2024,2024-Q4,2024-11,86.75,44,1298063,1298063,0,0,0,0,0,44,3817.0
2024-11-01,Direct,Mid-Market,Visitors,Inbound,1,2024,2024-Q4,2024-11,0,12326,0,0,12326,0,0,0,0,0,0
2024-11-01,Direct,Mid-Market,Leads,Inbound,2,2024,2024-Q4,2024-11,0,1119,0,0,0,1119,0,0,0,0,0
2024-11-01,Direct,Mid-Market,MQL,Inbound,3,2024,2024-Q4,2024-11,0,478,0,0,0,0,478,0,0,0,0
2024-11-01,Direct,Mid-Market,SQL,Inbound,4,2024,2024-Q4,2024-11,45.49,261,0,0,0,0,0,261,0,0,0
2024-11-01,Direct,Mid-Market,Opportunity,Inbound,5,2024,2024-Q4,2024-11,45.49,160,1528812,0,0,0,0,0,160,0,0
2024-11-01,Direct,Mid-Market,Customer,Inbound,6,2024,2024-Q4,2024-11,45.49,58,550966,550966,0,0,0,0,0,58,2638.42
2024-11-01,Direct,SMB,Visitors,Inbound,1,2024,2024-Q4,2024-11,0,15028,0,0,15028,0,0,0,0,0,0
2024-11-01,Direct,SMB,Leads,Inbound,2,2024,2024-Q4,2024-11,0,1349,0,0,0,1349,0,0,0,0,0
2024-11-01,Direct,SMB,MQL,Inbound,3,2024,2024-Q4,2024-11,0,567,0,0,0,0,567,0,0,0,0
2024-11-01,Direct,SMB,SQL,Inbound,4,2024,2024-Q4,2024-11,21.77,302,0,0,0,0,0,302,0,0,0
2024-11-01,Direct,SMB,Opportunity,Inbound,5,2024,2024-Q4,2024-11,21.77,186,572878,0,0,0,0,0,186,0,0
2024-11-01,Direct,SMB,Customer,Inbound,6,2024,2024-Q4,2024-11,21.77,60,184858,184858,0,0,0,0,0,60,1306.2
2024-12-01,Paid Search,Enterprise,Visitors,Paid,1,2024,2024-Q4,2024-12,0,10515,0,0,10515,0,0,0,0,0,0
2024-12-01,Paid Search,Enterprise,Leads,Paid,2,2024,2024-Q4,2024-12,0,1112,0,0,0,1112,0,0,0,0,0
2024-12-01,Paid Search,Enterprise,MQL,Paid,3,2024,2024-Q4,2024-12,0,461,0,0,0,0,461,0,0,0,0
2024-12-01,Paid Search,Enterprise,SQL,Paid,4,2024,2024-Q4,2024-12,85.96,247,0,0,0,0,0,247,0,0,0
2024-12-01,Paid Search,Enterprise,Opportunity,Paid,5,2024,2024-Q4,2024-12,85.96,153,4325643,0,0,0,0,0,153,0,0
2024-12-01,Paid Search,Enterprise,Customer,Paid,6,2024,2024-Q4,2024-12,85.96,62,1765708,1765708,0,0,0,0,0,62,5329.52
2024-12-01,Paid Search,Mid-Market,Visitors,Paid,1,2024,2024-Q4,2024-12,0,16792,0,0,16792,0,0,0,0,0,0
2024-12-01,Paid Search,Mid-Market,Leads,Paid,2,2024,2024-Q4,2024-12,0,1799,0,0,0,1799,0,0,0,0,0
2024-12-01,Paid Search,Mid-Market,MQL,Paid,3,2024,2024-Q4,2024-12,0,745,0,0,0,0,745,0,0,0,0
2024-12-01,Paid Search,Mid-Market,SQL,Paid,4,2024,2024-Q4,2024-12,45.07,407,0,0,0,0,0,407,0,0,0
2024-12-01,Paid Search,Mid-Market,Opportunity,Paid,5,2024,2024-Q4,2024-12,45.07,253,2436858,0,0,0,0,0,253,0,0
2024-12-01,Paid Search,Mid-Market,Customer,Paid,6,2024,2024-Q4,2024-12,45.07,90,866661,866661,0,0,0,0,0,90,4056.3
2024-12-01,Paid Search,SMB,Visitors,Paid,1,2024,2024-Q4,2024-12,0,21523,0,0,21523,0,0,0,0,0,0
2024-12-01,Paid Search,SMB,Leads,Paid,2,2024,2024-Q4,2024-12,0,2319,0,0,0,2319,0,0,0,0,0
2024-12-01,Paid Search,SMB,MQL,Paid,3,2024,2024-Q4,2024-12,0,938,0,0,0,0,938,0,0,0,0
2024-12-01,Paid Search,SMB,SQL,Paid,4,2024,2024-Q4,2024-12,21.08,526,0,0,0,0,0,526,0,0,0
2024-12-01,Paid Search,SMB,Opportunity,Paid,5,2024,2024-Q4,2024-12,21.08,324,1036793,0,0,0,0,0,324,0,0
2024-12-01,Paid Search,SMB,Customer,Paid,6,2024,2024-Q4,2024-12,21.08,108,346094,346094,0,0,0,0,0,108,2276.64
2024-12-01,Paid Social,Enterprise,Visitors,Paid,1,2024,2024-Q4,2024-12,0,12582,0,0,12582,0,0,0,0,0,0
2024-12-01,Paid Social,Enterprise,Leads,Paid,2,2024,2024-Q4,2024-12,0,930,0,0,0,930,0,0,0,0,0
2024-12-01,Paid Social,Enterprise,MQL,Paid,3,2024,2024-Q4,2024-12,0,400,0,0,0,0,400,0,0,0,0
2024-12-01,Paid Social,Enterprise,SQL,Paid,4,2024,2024-Q4,2024-12,89.42,218,0,0,0,0,0,218,0,0,0
2024-12-01,Paid Social,Enterprise,Opportunity,Paid,5,2024,2024-Q4,2024-12,89.42,138,3846523,0,0,0,0,0,138,0,0
2024-12-01,Paid Social,Enterprise,Customer,Paid,6,2024,2024-Q4,2024-12,89.42,59,1648172,1648172,0,0,0,0,0,59,5275.78
2024-12-01,Paid Social,Mid-Market,Visitors,Paid,1,2024,2024-Q4,2024-12,0,19098,0,0,19098,0,0,0,0,0,0
2024-12-01,Paid Social,Mid-Market,Leads,Paid,2,2024,2024-Q4,2024-12,0,1450,0,0,0,1450,0,0,0,0,0
2024-12-01,Paid Social,Mid-Market,MQL,Paid,3,2024,2024-Q4,2024-12,0,612,0,0,0,0,612,0,0,0,0
2024-12-01,Paid Social,Mid-Market,SQL,Paid,4,2024,2024-Q4,2024-12,46.37,344,0,0,0,0,0,344,0,0,0
2024-12-01,Paid Social,Mid-Market,Opportunity,Paid,5,2024,2024-Q4,2024-12,46.37,210,1897680,0,0,0,0,0,210,0,0
2024-12-01,Paid Social,Mid-Market,Customer,Paid,6,2024,2024-Q4,2024-12,46.37,76,687542,687542,0,0,0,0,0,76,3524.12
2024-12-01,Paid Social,SMB,Visitors,Paid,1,2024,2024-Q4,2024-12,0,25709,0,0,25709,0,0,0,0,0,0
2024-12-01,Paid Social,SMB,Leads,Paid,2,2024,2024-Q4,2024-12,0,1942,0,0,0,1942,0,0,0,0,0
2024-12-01,Paid Social,SMB,MQL,Paid,3,2024,2024-Q4,2024-12,0,806,0,0,0,0,806,0,0,0,0
2024-12-01,Paid Social,SMB,SQL,Paid,4,2024,2024-Q4,2024-12,20.67,443,0,0,0,0,0,443,0,0,0
2024-12-01,Paid Social,SMB,Opportunity,Paid,5,2024,2024-Q4,2024-12,20.67,270,852652,0,0,0,0,0,270,0,0
2024-12-01,Paid Social,SMB,Customer,Paid,6,2024,2024-Q4,2024-12,20.67,92,290058,290058,0,0,0,0,0,92,1901.64
2024-12-01,Organic Search,Enterprise,Visitors,Inbound,1,2024,2024-Q4,2024-12,0,17167,0,0,17167,0,0,0,0,0,0
2024-12-01,Organic Search,Enterprise,Leads,Inbound,2,2024,2024-Q4,2024-12,0,1966,0,0,0,1966,0,0,0,0,0
2024-12-01,Organic Search,Enterprise,MQL,Inbound,3,2024,2024-Q4,2024-12,0,802,0,0,0,0,802,0,0,0,0
2024-12-01,Organic Search,Enterprise,SQL,Inbound,4,2024,2024-Q4,2024-12,86.25,441,0,0,0,0,0,441,0,0,0
2024-12-01,Organic Search,Enterprise,Opportunity,Inbound,5,2024,2024-Q4,2024-12,86.25,261,7701547,0,0,0,0,0,261,0,0
2024-12-01,Organic Search,Enterprise,Customer,Inbound,6,2024,2024-Q4,2024-12,86.25,116,3414589,3414589,0,0,0,0,0,116,10005.0
2024-12-01,Organic Search,Mid-Market,Visitors,Inbound,1,2024,2024-Q4,2024-12,0,25948,0,0,25948,0,0,0,0,0,0
2024-12-01,Organic Search,Mid-Market,Leads,Inbound,2,2024,2024-Q4,2024-12,0,2953,0,0,0,2953,0,0,0,0,0
2024-12-01,Organic Search,Mid-Market,MQL,Inbound,3,2024,2024-Q4,2024-12,0,1223,0,0,0,0,1223,0,0,0,0
2024-12-01,Organic Search,Mid-Market,SQL,Inbound,4,2024,2024-Q4,2024-12,46.2,658,0,0,0,0,0,658,0,0,0
2024-12-01,Organic Search,Mid-Market,Opportunity,Inbound,5,2024,2024-Q4,2024-12,46.2,400,3741230,0,0,0,0,0,400,0,0
2024-12-01,Organic Search,Mid-Market,Customer,Inbound,6,2024,2024-Q4,2024-12,46.2,149,1394843,1394843,0,0,0,0,0,149,6883.8
2024-12-01,Organic Search,SMB,Visitors,Inbound,1,2024,2024-Q4,2024-12,0,32502,0,0,32502,0,0,0,0,0,0
2024-12-01,Organic Search,SMB,Leads,Inbound,2,2024,2024-Q4,2024-12,0,3644,0,0,0,3644,0,0,0,0,0
2024-12-01,Organic Search,SMB,MQL,Inbound,3,2024,2024-Q4,2024-12,0,1530,0,0,0,0,1530,0,0,0,0
2024-12-01,Organic Search,SMB,SQL,Inbound,4,2024,2024-Q4,2024-12,22.17,812,0,0,0,0,0,812,0,0,0
2024-12-01,Organic Search,SMB,Opportunity,Inbound,5,2024,2024-Q4,2024-12,22.17,509,1572128,0,0,0,0,0,509,0,0
2024-12-01,Organic Search,SMB,Customer,Inbound,6,2024,2024-Q4,2024-12,22.17,175,539913,539913,0,0,0,0,0,175,3879.75
2024-12-01,Email,Enterprise,Visitors,Nurture,1,2024,2024-Q4,2024-12,0,4833,0,0,4833,0,0,0,0,0,0
2024-12-01,Email,Enterprise,Leads,Nurture,2,2024,2024-Q4,2024-12,0,648,0,0,0,648,0,0,0,0,0
2024-12-01,Email,Enterprise,MQL,Nurture,3,2024,2024-Q4,2024-12,0,269,0,0,0,0,269,0,0,0,0
2024-12-01,Email,Enterprise,SQL,Nurture,4,2024,2024-Q4,2024-12,90.17,150,0,0,0,0,0,150,0,0,0
2024-12-01,Email,Enterprise,Opportunity,Nurture,5,2024,2024-Q4,2024-12,90.17,96,2723144,0,0,0,0,0,96,0,0
2024-12-01,Email,Enterprise,Customer,Nurture,6,2024,2024-Q4,2024-12,90.17,41,1176561,1176561,0,0,0,0,0,41,3696.97
2024-12-01,Email,Mid-Market,Visitors,Nurture,1,2024,2024-Q4,2024-12,0,7777,0,0,7777,0,0,0,0,0,0
2024-12-01,Email,Mid-Market,Leads,Nurture,2,2024,2024-Q4,2024-12,0,1036,0,0,0,1036,0,0,0,0,0
2024-12-01,Email,Mid-Market,MQL,Nurture,3,2024,2024-Q4,2024-12,0,442,0,0,0,0,442,0,0,0,0
2024-12-01,Email,Mid-Market,SQL,Nurture,4,2024,2024-Q4,2024-12,45.78,246,0,0,0,0,0,246,0,0,0
2024-12-01,Email,Mid-Market,Opportunity,Nurture,5,2024,2024-Q4,2024-12,45.78,151,1408275,0,0,0,0,0,151,0,0
2024-12-01,Email,Mid-Market,Customer,Nurture,6,2024,2024-Q4,2024-12,45.78,53,491624,491624,0,0,0,0,0,53,2426.34
2024-12-01,Email,SMB,Visitors,Nurture,1,2024,2024-Q4,2024-12,0,10310,0,0,10310,0,0,0,0,0,0
2024-12-01,Email,SMB,Leads,Nurture,2,2024,2024-Q4,2024-12,0,1354,0,0,0,1354,0,0,0,0,0
2024-12-01,Email,SMB,MQL,Nurture,3,2024,2024-Q4,2024-12,0,574,0,0,0,0,574,0,0,0,0
2024-12-01,Email,SMB,SQL,Nurture,4,2024,2024-Q4,2024-12,20.34,312,0,0,0,0,0,312,0,0,0
2024-12-01,Email,SMB,Opportunity,Nurture,5,2024,2024-Q4,2024-12,20.34,196,615083,0,0,0,0,0,196,0,0
2024-12-01,Email,SMB,Customer,Nurture,6,2024,2024-Q4,2024-12,20.34,63,197069,197069,0,0,0,0,0,63,1281.42
2024-12-01,Webinar,Enterprise,Visitors,Nurture,1,2024,2024-Q4,2024-12,0,2052,0,0,2052,0,0,0,0,0,0
2024-12-01,Webinar,Enterprise,Leads,Nurture,2,2024,2024-Q4,2024-12,0,312,0,0,0,312,0,0,0,0,0
2024-12-01,Webinar,Enterprise,MQL,Nurture,3,2024,2024-Q4,2024-12,0,135,0,0,0,0,135,0,0,0,0
2024-12-01,Webinar,Enterprise,SQL,Nurture,4,2024,2024-Q4,2024-12,88.19,67,0,0,0,0,0,67,0,0,0
2024-12-01,Webinar,Enterprise,Opportunity,Nurture,5,2024,2024-Q4,2024-12,88.19,47,1367972,0,0,0,0,0,47,0,0
2024-12-01,Webinar,Enterprise,Customer,Nurture,6,2024,2024-Q4,2024-12,88.19,20,586730,586730,0,0,0,0,0,20,1763.8
2024-12-01,Webinar,Mid-Market,Visitors,Nurture,1,2024,2024-Q4,2024-12,0,3107,0,0,3107,0,0,0,0,0,0
2024-12-01,Webinar,Mid-Market,Leads,Nurture,2,2024,2024-Q4,2024-12,0,478,0,0,0,478,0,0,0,0,0
2024-12-01,Webinar,Mid-Market,MQL,Nurture,3,2024,2024-Q4,2024-12,0,195,0,0,0,0,195,0,0,0,0
2024-12-01,Webinar,Mid-Market,SQL,Nurture,4,2024,2024-Q4,2024-12,47.71,105,0,0,0,0,0,105,0,0,0
2024-12-01,Webinar,Mid-Market,Opportunity,Nurture,5,2024,2024-Q4,2024-12,47.71,64,587311,0,0,0,0,0,64,0,0
2024-12-01,Webinar,Mid-Market,Customer,Nurture,6,2024,2024-Q4,2024-12,47.71,24,219345,219345,0,0,0,0,0,24,1145.04
2024-12-01,Webinar,SMB,Visitors,Nurture,1,2024,2024-Q4,2024-12,0,4052,0,0,4052,0,0,0,0,0,0
2024-12-01,Webinar,SMB,Leads,Nurture,2,2024,2024-Q4,2024-12,0,630,0,0,0,630,0,0,0,0,0
2024-12-01,Webinar,SMB,MQL,Nurture,3,2024,2024-Q4,2024-12,0,256,0,0,0,0,256,0,0,0,0
2024-12-01,Webinar,SMB,SQL,Nurture,4,2024,2024-Q4,2024-12,20.88,143,0,0,0,0,0,143,0,0,0
2024-12-01,Webinar,SMB,Opportunity,Nurture,5,2024,2024-Q4,2024-12,20.88,88,274707,0,0,0,0,0,88,0,0
2024-12-01,Webinar,SMB,Customer,Nurture,6,2024,2024-Q4,2024-12,20.88,30,93504,93504,0,0,0,0,0,30,626.4
2024-12-01,Partner,Enterprise,Visitors,Partner,1,2024,2024-Q4,2024-12,0,3504,0,0,3504,0,0,0,0,0,0
2024-12-01,Partner,Enterprise,Leads,Partner,2,2024,2024-Q4,2024-12,0,352,0,0,0,352,0,0,0,0,0
2024-12-01,Partner,Enterprise,MQL,Partner,3,2024,2024-Q4,2024-12,0,153,0,0,0,0,153,0,0,0,0
2024-12-01,Partner,Enterprise,SQL,Partner,4,2024,2024-Q4,2024-12,85.97,82,0,0,0,0,0,82,0,0,0
2024-12-01,Partner,Enterprise,Opportunity,Partner,5,2024,2024-Q4,2024-12,85.97,54,1515316,0,0,0,0,0,54,0,0
2024-12-01,Partner,Enterprise,Customer,Partner,6,2024,2024-Q4,2024-12,85.97,22,617908,617908,0,0,0,0,0,22,1891.34
2024-12-01,Partner,Mid-Market,Visitors,Partner,1,2024,2024-Q4,2024-12,0,5427,0,0,5427,0,0,0,0,0,0
2024-12-01,Partner,Mid-Market,Leads,Partner,2,2024,2024-Q4,2024-12,0,560,0,0,0,560,0,0,0,0,0
2024-12-01,Partner,Mid-Market,MQL,Partner,3,2024,2024-Q4,2024-12,0,238,0,0,0,0,238,0,0,0,0
2024-12-01,Partner,Mid-Market,SQL,Partner,4,2024,2024-Q4,2024-12,44.57,131,0,0,0,0,0,131,0,0,0
2024-12-01,Partner,Mid-Market,Opportunity,Partner,5,2024,2024-Q4,2024-12,44.57,81,771728,0,0,0,0,0,81,0,0
2024-12-01,Partner,Mid-Market,Customer,Partner,6,2024,2024-Q4,2024-12,44.57,30,286322,286322,0,0,0,0,0,30,1337.1
2024-12-01,Partner,SMB,Visitors,Partner,1,2024,2024-Q4,2024-12,0,7049,0,0,7049,0,0,0,0,0,0
2024-12-01,Partner,SMB,Leads,Partner,2,2024,2024-Q4,2024-12,0,740,0,0,0,740,0,0,0,0,0
2024-12-01,Partner,SMB,MQL,Partner,3,2024,2024-Q4,2024-12,0,306,0,0,0,0,306,0,0,0,0
2024-12-01,Partner,SMB,SQL,Partner,4,2024,2024-Q4,2024-12,21.48,173,0,0,0,0,0,173,0,0,0
2024-12-01,Partner,SMB,Opportunity,Partner,5,2024,2024-Q4,2024-12,21.48,105,341306,0,0,0,0,0,105,0,0
2024-12-01,Partner,SMB,Customer,Partner,6,2024,2024-Q4,2024-12,21.48,38,125192,125192,0,0,0,0,0,38,816.24
2024-12-01,Direct,Enterprise,Visitors,Inbound,1,2024,2024-Q4,2024-12,0,7921,0,0,7921,0,0,0,0,0,0
2024-12-01,Direct,Enterprise,Leads,Inbound,2,2024,2024-Q4,2024-12,0,730,0,0,0,730,0,0,0,0,0
2024-12-01,Direct,Enterprise,MQL,Inbound,3,2024,2024-Q4,2024-12,0,301,0,0,0,0,301,0,0,0,0
2024-12-01,Direct,Enterprise,SQL,Inbound,4,2024,2024-Q4,2024-12,91.31,164,0,0,0,0,0,164,0,0,0
2024-12-01,Direct,Enterprise,Opportunity,Inbound,5,2024,2024-Q4,2024-12,91.31,99,2885423,0,0,0,0,0,99,0,0
2024-12-01,Direct,Enterprise,Customer,Inbound,6,2024,2024-Q4,2024-12,91.31,45,1296892,1296892,0,0,0,0,0,45,4108.95
2024-12-01,Direct,Mid-Market,Visitors,Inbound,1,2024,2024-Q4,2024-12,0,12148,0,0,12148,0,0,0,0,0,0
2024-12-01,Direct,Mid-Market,Leads,Inbound,2,2024,2024-Q4,2024-12,0,1107,0,0,0,1107,0,0,0,0,0
2024-12-01,Direct,Mid-Market,MQL,Inbound,3,2024,2024-Q4,2024-12,0,451,0,0,0,0,451,0,0,0,0
2024-12-01,Direct,Mid-Market,SQL,Inbound,4,2024,2024-Q4,2024-12,45.76,245,0,0,0,0,0,245,0,0,0
2024-12-01,Direct,Mid-Market,Opportunity,Inbound,5,2024,2024-Q4,2024-12,45.76,148,1361325,0,0,0,0,0,148,0,0
2024-12-01,Direct,Mid-Market,Customer,Inbound,6,2024,2024-Q4,2024-12,45.76,57,521285,521285,0,0,0,0,0,57,2608.32
2024-12-01,Direct,SMB,Visitors,Inbound,1,2024,2024-Q4,2024-12,0,15940,0,0,15940,0,0,0,0,0,0
2024-12-01,Direct,SMB,Leads,Inbound,2,2024,2024-Q4,2024-12,0,1439,0,0,0,1439,0,0,0,0,0
2024-12-01,Direct,SMB,MQL,Inbound,3,2024,2024-Q4,2024-12,0,609,0,0,0,0,609,0,0,0,0
2024-12-01,Direct,SMB,SQL,Inbound,4,2024,2024-Q4,2024-12,20.33,323,0,0,0,0,0,323,0,0,0
2024-12-01,Direct,SMB,Opportunity,Inbound,5,2024,2024-Q4,2024-12,20.33,198,623542,0,0,0,0,0,198,0,0
2024-12-01,Direct,SMB,Customer,Inbound,6,2024,2024-Q4,2024-12,20.33,68,213906,213906,0,0,0,0,0,68,1382.44
2025-01-01,Paid Search,Enterprise,Visitors,Paid,1,2025,2025-Q1,2025-01,0,11181,0,0,11181,0,0,0,0,0,0
2025-01-01,Paid Search,Enterprise,Leads,Paid,2,2025,2025-Q1,2025-01,0,1179,0,0,0,1179,0,0,0,0,0
2025-01-01,Paid Search,Enterprise,MQL,Paid,3,2025,2025-Q1,2025-01,0,490,0,0,0,0,490,0,0,0,0
2025-01-01,Paid Search,Enterprise,SQL,Paid,4,2025,2025-Q1,2025-01,88.46,278,0,0,0,0,0,278,0,0,0
2025-01-01,Paid Search,Enterprise,Opportunity,Paid,5,2025,2025-Q1,2025-01,88.46,172,4987376,0,0,0,0,0,172,0,0
2025-01-01,Paid Search,Enterprise,Customer,Paid,6,2025,2025-Q1,2025-01,88.46,76,2212620,2212620,0,0,0,0,0,76,6722.96
2025-01-01,Paid Search,Mid-Market,Visitors,Paid,1,2025,2025-Q1,2025-01,0,17193,0,0,17193,0,0,0,0,0,0
2025-01-01,Paid Search,Mid-Market,Leads,Paid,2,2025,2025-Q1,2025-01,0,1796,0,0,0,1796,0,0,0,0,0
2025-01-01,Paid Search,Mid-Market,MQL,Paid,3,2025,2025-Q1,2025-01,0,768,0,0,0,0,768,0,0,0,0
2025-01-01,Paid Search,Mid-Market,SQL,Paid,4,2025,2025-Q1,2025-01,48.6,427,0,0,0,0,0,427,0,0,0
2025-01-01,Paid Search,Mid-Market,Opportunity,Paid,5,2025,2025-Q1,2025-01,48.6,268,2465183,0,0,0,0,0,268,0,0
2025-01-01,Paid Search,Mid-Market,Customer,Paid,6,2025,2025-Q1,2025-01,48.6,97,892410,892410,0,0,0,0,0,97,4714.2
2025-01-01,Paid Search,SMB,Visitors,Paid,1,2025,2025-Q1,2025-01,0,22161,0,0,22161,0,0,0,0,0,0
2025-01-01,Paid Search,SMB,Leads,Paid,2,2025,2025-Q1,2025-01,0,2349,0,0,0,2349,0,0,0,0,0
2025-01-01,Paid Search,SMB,MQL,Paid,3,2025,2025-Q1,2025-01,0,1022,0,0,0,0,1022,0,0,0,0
2025-01-01,Paid Search,SMB,SQL,Paid,4,2025,2025-Q1,2025-01,20.61,563,0,0,0,0,0,563,0,0,0
2025-01-01,Paid Search,SMB,Opportunity,Paid,5,2025,2025-Q1,2025-01,20.61,358,1092771,0,0,0,0,0,358,0,0
2025-01-01,Paid Search,SMB,Customer,Paid,6,2025,2025-Q1,2025-01,20.61,118,359228,359228,0,0,0,0,0,118,2431.98
2025-01-01,Paid Social,Enterprise,Visitors,Paid,1,2025,2025-Q1,2025-01,0,13716,0,0,13716,0,0,0,0,0,0
2025-01-01,Paid Social,Enterprise,Leads,Paid,2,2025,2025-Q1,2025-01,0,1018,0,0,0,1018,0,0,0,0,0
2025-01-01,Paid Social,Enterprise,MQL,Paid,3,2025,2025-Q1,2025-01,0,439,0,0,0,0,439,0,0,0,0
2025-01-01,Paid Social,Enterprise,SQL,Paid,4,2025,2025-Q1,2025-01,85.06,234,0,0,0,0,0,234,0,0,0
2025-01-01,Paid Social,Enterprise,Opportunity,Paid,5,2025,2025-Q1,2025-01,85.06,149,4239109,0,0,0,0,0,149,0,0
2025-01-01,Paid Social,Enterprise,Customer,Paid,6,2025,2025-Q1,2025-01,85.06,65,1843466,1843466,0,0,0,0,0,65,5528.9
2025-01-01,Paid Social,Mid-Market,Visitors,Paid,1,2025,2025-Q1,2025-01,0,21322,0,0,21322,0,0,0,0,0,0
2025-01-01,Paid Social,Mid-Market,Leads,Paid,2,2025,2025-Q1,2025-01,0,1563,0,0,0,1563,0,0,0,0,0
2025-01-01,Paid Social,Mid-Market,MQL,Paid,3,2025,2025-Q1,2025-01,0,660,0,0,0,0,660,0,0,0,0
2025-01-01,Paid Social,Mid-Market,SQL,Paid,4,2025,2025-Q1,2025-01,45.34,354,0,0,0,0,0,354,0,0,0
2025-01-01,Paid Social,Mid-Market,Opportunity,Paid,5,2025,2025-Q1,2025-01,45.34,218,2070750,0,0,0,0,0,218,0,0
2025-01-01,Paid Social,Mid-Market,Customer,Paid,6,2025,2025-Q1,2025-01,45.34,74,704266,704266,0,0,0,0,0,74,3355.16
2025-01-01,Paid Social,SMB,Visitors,Paid,1,2025,2025-Q1,2025-01,0,27329,0,0,27329,0,0,0,0,0,0
2025-01-01,Paid Social,SMB,Leads,Paid,2,2025,2025-Q1,2025-01,0,2041,0,0,0,2041,0,0,0,0,0
2025-01-01,Paid Social,SMB,MQL,Paid,3,2025,2025-Q1,2025-01,0,849,0,0,0,0,849,0,0,0,0
2025-01-01,Paid Social,SMB,SQL,Paid,4,2025,2025-Q1,2025-01,21.49,472,0,0,0,0,0,472,0,0,0
2025-01-01,Paid Social,SMB,Opportunity,Paid,5,2025,2025-Q1,2025-01,21.49,287,908530,0,0,0,0,0,287,0,0
2025-01-01,Paid Social,SMB,Customer,Paid,6,2025,2025-Q1,2025-01,21.49,94,296977,296977,0,0,0,0,0,94,2020.06
2025-01-01,Organic Search,Enterprise,Visitors,Inbound,1,2025,2025-Q1,2025-01,0,17683,0,0,17683,0,0,0,0,0,0
2025-01-01,Organic Search,Enterprise,Leads,Inbound,2,2025,2025-Q1,2025-01,0,2025,0,0,0,2025,0,0,0,0,0
2025-01-01,Organic Search,Enterprise,MQL,Inbound,3,2025,2025-Q1,2025-01,0,842,0,0,0,0,842,0,0,0,0
2025-01-01,Organic Search,Enterprise,SQL,Inbound,4,2025,2025-Q1,2025-01,92.78,452,0,0,0,0,0,452,0,0,0
2025-01-01,Organic Search,Enterprise,Opportunity,Inbound,5,2025,2025-Q1,2025-01,92.78,287,8315475,0,0,0,0,0,287,0,0
2025-01-01,Organic Search,Enterprise,Customer,Inbound,6,2025,2025-Q1,2025-01,92.78,124,3587661,3587661,0,0,0,0,0,124,11504.72
2025-01-01,Organic Search,Mid-Market,Visitors,Inbound,1,2025,2025-Q1,2025-01,0,26886,0,0,26886,0,0,0,0,0,0
2025-01-01,Organic Search,Mid-Market,Leads,Inbound,2,2025,2025-Q1,2025-01,0,3072,0,0,0,3072,0,0,0,0,0
2025-01-01,Organic Search,Mid-Market,MQL,Inbound,3,2025,2025-Q1,2025-01,0,1237,0,0,0,0,1237,0,0,0,0
2025-01-01,Organic Search,Mid-Market,SQL,Inbound,4,2025,2025-Q1,2025-01,45.78,693,0,0,0,0,0,693,0,0,0
2025-01-01,Organic Search,Mid-Market,Opportunity,Inbound,5,2025,2025-Q1,2025-01,45.78,433,3933656,0,0,0,0,0,433,0,0
2025-01-01,Organic Search,Mid-Market,Customer,Inbound,6,2025,2025-Q1,2025-01,45.78,157,1425835,1425835,0,0,0,0,0,157,7187.46
2025-01-01,Organic Search,SMB,Visitors,Inbound,1,2025,2025-Q1,2025-01,0,35464,0,0,35464,0,0,0,0,0,0
2025-01-01,Organic Search,SMB,Leads,Inbound,2,2025,2025-Q1,2025-01,0,4096,0,0,0,4096,0,0,0,0,0
2025-01-01,Organic Search,SMB,MQL,Inbound,3,2025,2025-Q1,2025-01,0,1668,0,0,0,0,1668,0,0,0,0
2025-01-01,Organic Search,SMB,SQL,Inbound,4,2025,2025-Q1,2025-01,20.06,956,0,0,0,0,0,956,0,0,0
2025-01-01,Organic Search,SMB,Opportunity,Inbound,5,2025,2025-Q1,2025-01,20.06,590,1858794,0,0,0,0,0,590,0,0
2025-01-01,Organic Search,SMB,Customer,Inbound,6,2025,2025-Q1,2025-01,20.06,200,629295,629295,0,0,0,0,0,200,4012.0
2025-01-01,Email,Enterprise,Visitors,Nurture,1,2025,2025-Q1,2025-01,0,5476,0,0,5476,0,0,0,0,0,0
2025-01-01,Email,Enterprise,Leads,Nurture,2,2025,2025-Q1,2025-01,0,732,0,0,0,732,0,0,0,0,0
2025-01-01,Email,Enterprise,MQL,Nurture,3,2025,2025-Q1,2025-01,0,306,0,0,0,0,306,0,0,0,0
2025-01-01,Email,Enterprise,SQL,Nurture,4,2025,2025-Q1,2025-01,86.76,171,0,0,0,0,0,171,0,0,0
2025-01-01,Email,Enterprise,Opportunity,Nurture,5,2025,2025-Q1,2025-01,86.76,108,3198763,0,0,0,0,0,108,0,0
2025-01-01,Email,Enterprise,Customer,Nurture,6,2025,2025-Q1,2025-01,86.76,47,1392319,1392319,0,0,0,0,0,47,4077.72
2025-01-01,Email,Mid-Market,Visitors,Nurture,1,2025,2025-Q1,2025-01,0,8329,0,0,8329,0,0,0,0,0,0
2025-01-01,Email,Mid-Market,Leads,Nurture,2,2025,2025-Q1,2025-01,0,1108,0,0,0,1108,0,0,0,0,0
2025-01-01,Email,Mid-Market,MQL,Nurture,3,2025,2025-Q1,2025-01,0,456,0,0,0,0,456,0,0,0,0
2025-01-01,Email,Mid-Market,SQL,Nurture,4,2025,2025-Q1,2025-01,47.09,249,0,0,0,0,0,249,0,0,0
2025-01-01,Email,Mid-Market,Opportunity,Nurture,5,2025,2025-Q1,2025-01,47.09,152,1444571,0,0,0,0,0,152,0,0
2025-01-01,Email,Mid-Market,Customer,Nurture,6,2025,2025-Q1,2025-01,47.09,55,516379,516379,0,0,0,0,0,55,2589.95
2025-01-01,Email,SMB,Visitors,Nurture,1,2025,2025-Q1,2025-01,0,10344,0,0,10344,0,0,0,0,0,0
2025-01-01,Email,SMB,Leads,Nurture,2,2025,2025-Q1,2025-01,0,1358,0,0,0,1358,0,0,0,0,0
2025-01-01,Email,SMB,MQL,Nurture,3,2025,2025-Q1,2025-01,0,574,0,0,0,0,574,0,0,0,0
2025-01-01,Email,SMB,SQL,Nurture,4,2025,2025-Q1,2025-01,21.28,309,0,0,0,0,0,309,0,0,0
2025-01-01,Email,SMB,Opportunity,Nurture,5,2025,2025-Q1,2025-01,21.28,192,588736,0,0,0,0,0,192,0,0
2025-01-01,Email,SMB,Customer,Nurture,6,2025,2025-Q1,2025-01,21.28,62,189668,189668,0,0,0,0,0,62,1319.36
2025-01-01,Webinar,Enterprise,Visitors,Nurture,1,2025,2025-Q1,2025-01,0,2104,0,0,2104,0,0,0,0,0,0
2025-01-01,Webinar,Enterprise,Leads,Nurture,2,2025,2025-Q1,2025-01,0,319,0,0,0,319,0,0,0,0,0
2025-01-01,Webinar,Enterprise,MQL,Nurture,3,2025,2025-Q1,2025-01,0,134,0,0,0,0,134,0,0,0,0
2025-01-01,Webinar,Enterprise,SQL,Nurture,4,2025,2025-Q1,2025-01,86.2,75,0,0,0,0,0,75,0,0,0
2025-01-01,Webinar,Enterprise,Opportunity,Nurture,5,2025,2025-Q1,2025-01,86.2,49,1352943,0,0,0,0,0,49,0,0
2025-01-01,Webinar,Enterprise,Customer,Nurture,6,2025,2025-Q1,2025-01,86.2,23,624312,624312,0,0,0,0,0,23,1982.6
2025-01-01,Webinar,Mid-Market,Visitors,Nurture,1,2025,2025-Q1,2025-01,0,3376,0,0,3376,0,0,0,0,0,0
2025-01-01,Webinar,Mid-Market,Leads,Nurture,2,2025,2025-Q1,2025-01,0,508,0,0,0,508,0,0,0,0,0
2025-01-01,Webinar,Mid-Market,MQL,Nurture,3,2025,2025-Q1,2025-01,0,219,0,0,0,0,219,0,0,0,0
2025-01-01,Webinar,Mid-Market,SQL,Nurture,4,2025,2025-Q1,2025-01,44.69,122,0,0,0,0,0,122,0,0,0
2025-01-01,Webinar,Mid-Market,Opportunity,Nurture,5,2025,2025-Q1,2025-01,44.69,73,675933,0,0,0,0,0,73,0,0
2025-01-01,Webinar,Mid-Market,Customer,Nurture,6,2025,2025-Q1,2025-01,44.69,27,251318,251318,0,0,0,0,0,27,1206.63
2025-01-01,Webinar,SMB,Visitors,Nurture,1,2025,2025-Q1,2025-01,0,4568,0,0,4568,0,0,0,0,0,0
2025-01-01,Webinar,SMB,Leads,Nurture,2,2025,2025-Q1,2025-01,0,685,0,0,0,685,0,0,0,0,0
2025-01-01,Webinar,SMB,MQL,Nurture,3,2025,2025-Q1,2025-01,0,299,0,0,0,0,299,0,0,0,0
2025-01-01,Webinar,SMB,SQL,Nurture,4,2025,2025-Q1,2025-01,20.75,167,0,0,0,0,0,167,0,0,0
2025-01-01,Webinar,SMB,Opportunity,Nurture,5,2025,2025-Q1,2025-01,20.75,106,346960,0,0,0,0,0,106,0,0
2025-01-01,Webinar,SMB,Customer,Nurture,6,2025,2025-Q1,2025-01,20.75,36,118547,118547,0,0,0,0,0,36,747.0
2025-01-01,Partner,Enterprise,Visitors,Partner,1,2025,2025-Q1,2025-01,0,3787,0,0,3787,0,0,0,0,0,0
2025-01-01,Partner,Enterprise,Leads,Partner,2,2025,2025-Q1,2025-01,0,384,0,0,0,384,0,0,0,0,0
2025-01-01,Partner,Enterprise,MQL,Partner,3,2025,2025-Q1,2025-01,0,163,0,0,0,0,163,0,0,0,0
2025-01-01,Partner,Enterprise,SQL,Partner,4,2025,2025-Q1,2025-01,90.12,90,0,0,0,0,0,90,0,0,0
2025-01-01,Partner,Enterprise,Opportunity,Partner,5,2025,2025-Q1,2025-01,90.12,57,1671388,0,0,0,0,0,57,0,0
2025-01-01,Partner,Enterprise,Customer,Partner,6,2025,2025-Q1,2025-01,90.12,24,698935,698935,0,0,0,0,0,24,2162.88
2025-01-01,Partner,Mid-Market,Visitors,Partner,1,2025,2025-Q1,2025-01,0,5550,0,0,5550,0,0,0,0,0,0
2025-01-01,Partner,Mid-Market,Leads,Partner,2,2025,2025-Q1,2025-01,0,557,0,0,0,557,0,0,0,0,0
2025-01-01,Partner,Mid-Market,MQL,Partner,3,2025,2025-Q1,2025-01,0,241,0,0,0,0,241,0,0,0,0
2025-01-01,Partner,Mid-Market,SQL,Partner,4,2025,2025-Q1,2025-01,47.12,129,0,0,0,0,0,129,0,0,0
2025-01-01,Partner,Mid-Market,Opportunity,Partner,5,2025,2025-Q1,2025-01,47.12,79,720251,0,0,0,0,0,79,0,0
2025-01-01,Partner,Mid-Market,Customer,Partner,6,2025,2025-Q1,2025-01,47.12,28,256807,256807,0,0,0,0,0,28,1319.36
2025-01-01,Partner,SMB,Visitors,Partner,1,2025,2025-Q1,2025-01,0,7296,0,0,7296,0,0,0,0,0,0
2025-01-01,Partner,SMB,Leads,Partner,2,2025,2025-Q1,2025-01,0,746,0,0,0,746,0,0,0,0,0
2025-01-01,Partner,SMB,MQL,Partner,3,2025,2025-Q1,2025-01,0,312,0,0,0,0,312,0,0,0,0
2025-01-01,Partner,SMB,SQL,Partner,4,2025,2025-Q1,2025-01,21.01,170,0,0,0,0,0,170,0,0,0
2025-01-01,Partner,SMB,Opportunity,Partner,5,2025,2025-Q1,2025-01,21.01,104,320732,0,0,0,0,0,104,0,0
2025-01-01,Partner,SMB,Customer,Partner,6,2025,2025-Q1,2025-01,21.01,33,102014,102014,0,0,0,0,0,33,693.33
2025-01-01,Direct,Enterprise,Visitors,Inbound,1,2025,2025-Q1,2025-01,0,8458,0,0,8458,0,0,0,0,0,0
2025-01-01,Direct,Enterprise,Leads,Inbound,2,2025,2025-Q1,2025-01,0,755,0,0,0,755,0,0,0,0,0
2025-01-01,Direct,Enterprise,MQL,Inbound,3,2025,2025-Q1,2025-01,0,321,0,0,0,0,321,0,0,0,0
2025-01-01,Direct,Enterprise,SQL,Inbound,4,2025,2025-Q1,2025-01,86.49,172,0,0,0,0,0,172,0,0,0
2025-01-01,Direct,Enterprise,Opportunity,Inbound,5,2025,2025-Q1,2025-01,86.49,108,3136563,0,0,0,0,0,108,0,0
2025-01-01,Direct,Enterprise,Customer,Inbound,6,2025,2025-Q1,2025-01,86.49,49,1420302,1420302,0,0,0,0,0,49,4238.01
2025-01-01,Direct,Mid-Market,Visitors,Inbound,1,2025,2025-Q1,2025-01,0,13710,0,0,13710,0,0,0,0,0,0
2025-01-01,Direct,Mid-Market,Leads,Inbound,2,2025,2025-Q1,2025-01,0,1242,0,0,0,1242,0,0,0,0,0
2025-01-01,Direct,Mid-Market,MQL,Inbound,3,2025,2025-Q1,2025-01,0,517,0,0,0,0,517,0,0,0,0
2025-01-01,Direct,Mid-Market,SQL,Inbound,4,2025,2025-Q1,2025-01,45.46,284,0,0,0,0,0,284,0,0,0
2025-01-01,Direct,Mid-Market,Opportunity,Inbound,5,2025,2025-Q1,2025-01,45.46,178,1716268,0,0,0,0,0,178,0,0
2025-01-01,Direct,Mid-Market,Customer,Inbound,6,2025,2025-Q1,2025-01,45.46,65,627051,627051,0,0,0,0,0,65,2954.9
2025-01-01,Direct,SMB,Visitors,Inbound,1,2025,2025-Q1,2025-01,0,16703,0,0,16703,0,0,0,0,0,0
2025-01-01,Direct,SMB,Leads,Inbound,2,2025,2025-Q1,2025-01,0,1526,0,0,0,1526,0,0,0,0,0
2025-01-01,Direct,SMB,MQL,Inbound,3,2025,2025-Q1,2025-01,0,616,0,0,0,0,616,0,0,0,0
2025-01-01,Direct,SMB,SQL,Inbound,4,2025,2025-Q1,2025-01,21.26,351,0,0,0,0,0,351,0,0,0
2025-01-01,Direct,SMB,Opportunity,Inbound,5,2025,2025-Q1,2025-01,21.26,219,676582,0,0,0,0,0,219,0,0
2025-01-01,Direct,SMB,Customer,Inbound,6,2025,2025-Q1,2025-01,21.26,74,228146,228146,0,0,0,0,0,74,1573.24
2025-02-01,Paid Search,Enterprise,Visitors,Paid,1,2025,2025-Q1,2025-02,0,10710,0,0,10710,0,0,0,0,0,0
2025-02-01,Paid Search,Enterprise,Leads,Paid,2,2025,2025-Q1,2025-02,0,1173,0,0,0,1173,0,0,0,0,0
2025-02-01,Paid Search,Enterprise,MQL,Paid,3,2025,2025-Q1,2025-02,0,498,0,0,0,0,498,0,0,0,0
2025-02-01,Paid Search,Enterprise,SQL,Paid,4,2025,2025-Q1,2025-02,87.68,275,0,0,0,0,0,275,0,0,0
2025-02-01,Paid Search,Enterprise,Opportunity,Paid,5,2025,2025-Q1,2025-02,87.68,172,4784323,0,0,0,0,0,172,0,0
2025-02-01,Paid Search,Enterprise,Customer,Paid,6,2025,2025-Q1,2025-02,87.68,76,2110685,2110685,0,0,0,0,0,76,6663.68
2025-02-01,Paid Search,Mid-Market,Visitors,Paid,1,2025,2025-Q1,2025-02,0,16950,0,0,16950,0,0,0,0,0,0
2025-02-01,Paid Search,Mid-Market,Leads,Paid,2,2025,2025-Q1,2025-02,0,1903,0,0,0,1903,0,0,0,0,0
2025-02-01,Paid Search,Mid-Market,MQL,Paid,3,2025,2025-Q1,2025-02,0,796,0,0,0,0,796,0,0,0,0
2025-02-01,Paid Search,Mid-Market,SQL,Paid,4,2025,2025-Q1,2025-02,44.1,453,0,0,0,0,0,453,0,0,0
2025-02-01,Paid Search,Mid-Market,Opportunity,Paid,5,2025,2025-Q1,2025-02,44.1,274,2545750,0,0,0,0,0,274,0,0
2025-02-01,Paid Search,Mid-Market,Customer,Paid,6,2025,2025-Q1,2025-02,44.1,101,935603,935603,0,0,0,0,0,101,4454.1
2025-02-01,Paid Search,SMB,Visitors,Paid,1,2025,2025-Q1,2025-02,0,22289,0,0,22289,0,0,0,0,0,0
2025-02-01,Paid Search,SMB,Leads,Paid,2,2025,2025-Q1,2025-02,0,2440,0,0,0,2440,0,0,0,0,0
2025-02-01,Paid Search,SMB,MQL,Paid,3,2025,2025-Q1,2025-02,0,1024,0,0,0,0,1024,0,0,0,0
2025-02-01,Paid Search,SMB,SQL,Paid,4,2025,2025-Q1,2025-02,21.03,570,0,0,0,0,0,570,0,0,0
2025-02-01,Paid Search,SMB,Opportunity,Paid,5,2025,2025-Q1,2025-02,21.03,351,1118034,0,0,0,0,0,351,0,0
2025-02-01,Paid Search,SMB,Customer,Paid,6,2025,2025-Q1,2025-02,21.03,115,366432,366432,0,0,0,0,0,115,2418.45
2025-02-01,Paid Social,Enterprise,Visitors,Paid,1,2025,2025-Q1,2025-02,0,13555,0,0,13555,0,0,0,0,0,0
2025-02-01,Paid Social,Enterprise,Leads,Paid,2,2025,2025-Q1,2025-02,0,1010,0,0,0,1010,0,0,0,0,0
2025-02-01,Paid Social,Enterprise,MQL,Paid,3,2025,2025-Q1,2025-02,0,412,0,0,0,0,412,0,0,0,0
2025-02-01,Paid Social,Enterprise,SQL,Paid,4,2025,2025-Q1,2025-02,87.61,225,0,0,0,0,0,225,0,0,0
2025-02-01,Paid Social,Enterprise,Opportunity,Paid,5,2025,2025-Q1,2025-02,87.61,136,3978756,0,0,0,0,0,136,0,0
2025-02-01,Paid Social,Enterprise,Customer,Paid,6,2025,2025-Q1,2025-02,87.61,60,1759201,1759201,0,0,0,0,0,60,5256.6
2025-02-01,Paid Social,Mid-Market,Visitors,Paid,1,2025,2025-Q1,2025-02,0,19534,0,0,19534,0,0,0,0,0,0
2025-02-01,Paid Social,Mid-Market,Leads,Paid,2,2025,2025-Q1,2025-02,0,1425,0,0,0,1425,0,0,0,0,0
2025-02-01,Paid Social,Mid-Market,MQL,Paid,3,2025,2025-Q1,2025-02,0,603,0,0,0,0,603,0,0,0,0
2025-02-01,Paid Social,Mid-Market,SQL,Paid,4,2025,2025-Q1,2025-02,47.08,321,0,0,0,0,0,321,0,0,0
2025-02-01,Paid Social,Mid-Market,Opportunity,Paid,5,2025,2025-Q1,2025-02,47.08,198,1781037,0,0,0,0,0,198,0,0
2025-02-01,Paid Social,Mid-Market,Customer,Paid,6,2025,2025-Q1,2025-02,47.08,72,650225,650225,0,0,0,0,0,72,3389.76
2025-02-01,Paid Social,SMB,Visitors,Paid,1,2025,2025-Q1,2025-02,0,25602,0,0,25602,0,0,0,0,0,0
2025-02-01,Paid Social,SMB,Leads,Paid,2,2025,2025-Q1,2025-02,0,1845,0,0,0,1845,0,0,0,0,0
2025-02-01,Paid Social,SMB,MQL,Paid,3,2025,2025-Q1,2025-02,0,775,0,0,0,0,775,0,0,0,0
2025-02-01,Paid Social,SMB,SQL,Paid,4,2025,2025-Q1,2025-02,21.33,404,0,0,0,0,0,404,0,0,0
2025-02-01,Paid Social,SMB,Opportunity,Paid,5,2025,2025-Q1,2025-02,21.33,254,788857,0,0,0,0,0,254,0,0
2025-02-01,Paid Social,SMB,Customer,Paid,6,2025,2025-Q1,2025-02,21.33,85,264598,264598,0,0,0,0,0,85,1813.05
2025-02-01,Organic Search,Enterprise,Visitors,Inbound,1,2025,2025-Q1,2025-02,0,17210,0,0,17210,0,0,0,0,0,0
2025-02-01,Organic Search,Enterprise,Leads,Inbound,2,2025,2025-Q1,2025-02,0,2005,0,0,0,2005,0,0,0,0,0
2025-02-01,Organic Search,Enterprise,MQL,Inbound,3,2025,2025-Q1,2025-02,0,850,0,0,0,0,850,0,0,0,0
2025-02-01,Organic Search,Enterprise,SQL,Inbound,4,2025,2025-Q1,2025-02,85.97,477,0,0,0,0,0,477,0,0,0
2025-02-01,Organic Search,Enterprise,Opportunity,Inbound,5,2025,2025-Q1,2025-02,85.97,291,8427549,0,0,0,0,0,291,0,0
2025-02-01,Organic Search,Enterprise,Customer,Inbound,6,2025,2025-Q1,2025-02,85.97,132,3842198,3842198,0,0,0,0,0,132,11348.04
2025-02-01,Organic Search,Mid-Market,Visitors,Inbound,1,2025,2025-Q1,2025-02,0,26745,0,0,26745,0,0,0,0,0,0
2025-02-01,Organic Search,Mid-Market,Leads,Inbound,2,2025,2025-Q1,2025-02,0,3120,0,0,0,3120,0,0,0,0,0
2025-02-01,Organic Search,Mid-Market,MQL,Inbound,3,2025,2025-Q1,2025-02,0,1363,0,0,0,0,1363,0,0,0,0
2025-02-01,Organic Search,Mid-Market,SQL,Inbound,4,2025,2025-Q1,2025-02,45.26,746,0,0,0,0,0,746,0,0,0
2025-02-01,Organic Search,Mid-Market,Opportunity,Inbound,5,2025,2025-Q1,2025-02,45.26,474,4522616,0,0,0,0,0,474,0,0
2025-02-01,Organic Search,Mid-Market,Customer,Inbound,6,2025,2025-Q1,2025-02,45.26,170,1626604,1626604,0,0,0,0,0,170,7694.2
2025-02-01,Organic Search,SMB,Visitors,Inbound,1,2025,2025-Q1,2025-02,0,33766,0,0,33766,0,0,0,0,0,0
2025-02-01,Organic Search,SMB,Leads,Inbound,2,2025,2025-Q1,2025-02,0,3899,0,0,0,3899,0,0,0,0,0
2025-02-01,Organic Search,SMB,MQL,Inbound,3,2025,2025-Q1,2025-02,0,1679,0,0,0,0,1679,0,0,0,0
2025-02-01,Organic Search,SMB,SQL,Inbound,4,2025,2025-Q1,2025-02,21.31,911,0,0,0,0,0,911,0,0,0
2025-02-01,Organic Search,SMB,Opportunity,Inbound,5,2025,2025-Q1,2025-02,21.31,561,1760130,0,0,0,0,0,561,0,0
2025-02-01,Organic Search,SMB,Customer,Inbound,6,2025,2025-Q1,2025-02,21.31,185,582969,582969,0,0,0,0,0,185,3942.35
2025-02-01,Email,Enterprise,Visitors,Nurture,1,2025,2025-Q1,2025-02,0,4917,0,0,4917,0,0,0,0,0,0
2025-02-01,Email,Enterprise,Leads,Nurture,2,2025,2025-Q1,2025-02,0,630,0,0,0,630,0,0,0,0,0
2025-02-01,Email,Enterprise,MQL,Nurture,3,2025,2025-Q1,2025-02,0,265,0,0,0,0,265,0,0,0,0
2025-02-01,Email,Enterprise,SQL,Nurture,4,2025,2025-Q1,2025-02,89.84,141,0,0,0,0,0,141,0,0,0
2025-02-01,Email,Enterprise,Opportunity,Nurture,5,2025,2025-Q1,2025-02,89.84,89,2521502,0,0,0,0,0,89,0,0
2025-02-01,Email,Enterprise,Customer,Nurture,6,2025,2025-Q1,2025-02,89.84,37,1053409,1053409,0,0,0,0,0,37,3324.08
2025-02-01,Email,Mid-Market,Visitors,Nurture,1,2025,2025-Q1,2025-02,0,7809,0,0,7809,0,0,0,0,0,0
2025-02-01,Email,Mid-Market,Leads,Nurture,2,2025,2025-Q1,2025-02,0,1021,0,0,0,1021,0,0,0,0,0
2025-02-01,Email,Mid-Market,MQL,Nurture,3,2025,2025-Q1,2025-02,0,424,0,0,0,0,424,0,0,0,0
2025-02-01,Email,Mid-Market,SQL,Nurture,4,2025,2025-Q1,2025-02,47.69,230,0,0,0,0,0,230,0,0,0
2025-02-01,Email,Mid-Market,Opportunity,Nurture,5,2025,2025-Q1,2025-02,47.69,137,1263813,0,0,0,0,0,137,0,0
2025-02-01,Email,Mid-Market,Customer,Nurture,6,2025,2025-Q1,2025-02,47.69,50,458119,458119,0,0,0,0,0,50,2384.5
2025-02-01,Email,SMB,Visitors,Nurture,1,2025,2025-Q1,2025-02,0,10382,0,0,10382,0,0,0,0,0,0
2025-02-01,Email,SMB,Leads,Nurture,2,2025,2025-Q1,2025-02,0,1369,0,0,0,1369,0,0,0,0,0
2025-02-01,Email,SMB,MQL,Nurture,3,2025,2025-Q1,2025-02,0,551,0,0,0,0,551,0,0,0,0
2025-02-01,Email,SMB,SQL,Nurture,4,2025,2025-Q1,2025-02,20.11,304,0,0,0,0,0,304,0,0,0
2025-02-01,Email,SMB,Opportunity,Nurture,5,2025,2025-Q1,2025-02,20.11,182,570580,0,0,0,0,0,182,0,0
2025-02-01,Email,SMB,Customer,Nurture,6,2025,2025-Q1,2025-02,20.11,60,188314,188314,0,0,0,0,0,60,1206.6
2025-02-01,Webinar,Enterprise,Visitors,Nurture,1,2025,2025-Q1,2025-02,0,2136,0,0,2136,0,0,0,0,0,0
2025-02-01,Webinar,Enterprise,Leads,Nurture,2,2025,2025-Q1,2025-02,0,330,0,0,0,330,0,0,0,0,0
2025-02-01,Webinar,Enterprise,MQL,Nurture,3,2025,2025-Q1,2025-02,0,143,0,0,0,0,143,0,0,0,0
2025-02-01,Webinar,Enterprise,SQL,Nurture,4,2025,2025-Q1,2025-02,86.88,80,0,0,0,0,0,80,0,0,0
2025-02-01,Webinar,Enterprise,Opportunity,Nurture,5,2025,2025-Q1,2025-02,86.88,48,1378690,0,0,0,0,0,48,0,0
2025-02-01,Webinar,Enterprise,Customer,Nurture,6,2025,2025-Q1,2025-02,86.88,21,605929,605929,0,0,0,0,0,21,1824.48
2025-02-01,Webinar,Mid-Market,Visitors,Nurture,1,2025,2025-Q1,2025-02,0,3274,0,0,3274,0,0,0,0,0,0
2025-02-01,Webinar,Mid-Market,Leads,Nurture,2,2025,2025-Q1,2025-02,0,523,0,0,0,523,0,0,0,0,0
2025-02-01,Webinar,Mid-Market,MQL,Nurture,3,2025,2025-Q1,2025-02,0,221,0,0,0,0,221,0,0,0,0
2025-02-01,Webinar,Mid-Market,SQL,Nurture,4,2025,2025-Q1,2025-02,45.87,124,0,0,0,0,0,124,0,0,0
2025-02-01,Webinar,Mid-Market,Opportunity,Nurture,5,2025,2025-Q1,2025-02,45.87,78,733391,0,0,0,0,0,78,0,0
2025-02-01,Webinar,Mid-Market,Customer,Nurture,6,2025,2025-Q1,2025-02,45.87,27,252721,252721,0,0,0,0,0,27,1238.49
2025-02-01,Webinar,SMB,Visitors,Nurture,1,2025,2025-Q1,2025-02,0,4115,0,0,4115,0,0,0,0,0,0
2025-02-01,Webinar,SMB,Leads,Nurture,2,2025,2025-Q1,2025-02,0,658,0,0,0,658,0,0,0,0,0
2025-02-01,Webinar,SMB,MQL,Nurture,3,2025,2025-Q1,2025-02,0,274,0,0,0,0,274,0,0,0,0
2025-02-01,Webinar,SMB,SQL,Nurture,4,2025,2025-Q1,2025-02,21.96,156,0,0,0,0,0,156,0,0,0
2025-02-01,Webinar,SMB,Opportunity,Nurture,5,2025,2025-Q1,2025-02,21.96,90,278142,0,0,0,0,0,90,0,0
2025-02-01,Webinar,SMB,Customer,Nurture,6,2025,2025-Q1,2025-02,21.96,32,99828,99828,0,0,0,0,0,32,702.72
2025-02-01,Partner,Enterprise,Visitors,Partner,1,2025,2025-Q1,2025-02,0,3505,0,0,3505,0,0,0,0,0,0
2025-02-01,Partner,Enterprise,Leads,Partner,2,2025,2025-Q1,2025-02,0,356,0,0,0,356,0,0,0,0,0
2025-02-01,Partner,Enterprise,MQL,Partner,3,2025,2025-Q1,2025-02,0,146,0,0,0,0,146,0,0,0,0
2025-02-01,Partner,Enterprise,SQL,Partner,4,2025,2025-Q1,2025-02,91.27,80,0,0,0,0,0,80,0,0,0
2025-02-01,Partner,Enterprise,Opportunity,Partner,5,2025,2025-Q1,2025-02,91.27,51,1442975,0,0,0,0,0,51,0,0
2025-02-01,Partner,Enterprise,Customer,Partner,6,2025,2025-Q1,2025-02,91.27,21,594274,594274,0,0,0,0,0,21,1916.67
2025-02-01,Partner,Mid-Market,Visitors,Partner,1,2025,2025-Q1,2025-02,0,5583,0,0,5583,0,0,0,0,0,0
2025-02-01,Partner,Mid-Market,Leads,Partner,2,2025,2025-Q1,2025-02,0,565,0,0,0,565,0,0,0,0,0
2025-02-01,Partner,Mid-Market,MQL,Partner,3,2025,2025-Q1,2025-02,0,234,0,0,0,0,234,0,0,0,0
2025-02-01,Partner,Mid-Market,SQL,Partner,4,2025,2025-Q1,2025-02,43.37,126,0,0,0,0,0,126,0,0,0
2025-02-01,Partner,Mid-Market,Opportunity,Partner,5,2025,2025-Q1,2025-02,43.37,74,697794,0,0,0,0,0,74,0,0
2025-02-01,Partner,Mid-Market,Customer,Partner,6,2025,2025-Q1,2025-02,43.37,28,264308,264308,0,0,0,0,0,28,1214.36
2025-02-01,Partner,SMB,Visitors,Partner,1,2025,2025-Q1,2025-02,0,7239,0,0,7239,0,0,0,0,0,0
2025-02-01,Partner,SMB,Leads,Partner,2,2025,2025-Q1,2025-02,0,722,0,0,0,722,0,0,0,0,0
2025-02-01,Partner,SMB,MQL,Partner,3,2025,2025-Q1,2025-02,0,307,0,0,0,0,307,0,0,0,0
2025-02-01,Partner,SMB,SQL,Partner,4,2025,2025-Q1,2025-02,20.7,166,0,0,0,0,0,166,0,0,0
2025-02-01,Partner,SMB,Opportunity,Partner,5,2025,2025-Q1,2025-02,20.7,100,320741,0,0,0,0,0,100,0,0
2025-02-01,Partner,SMB,Customer,Partner,6,2025,2025-Q1,2025-02,20.7,36,115716,115716,0,0,0,0,0,36,745.2
2025-02-01,Direct,Enterprise,Visitors,Inbound,1,2025,2025-Q1,2025-02,0,8389,0,0,8389,0,0,0,0,0,0
2025-02-01,Direct,Enterprise,Leads,Inbound,2,2025,2025-Q1,2025-02,0,793,0,0,0,793,0,0,0,0,0
2025-02-01,Direct,Enterprise,MQL,Inbound,3,2025,2025-Q1,2025-02,0,329,0,0,0,0,329,0,0,0,0
2025-02-01,Direct,Enterprise,SQL,Inbound,4,2025,2025-Q1,2025-02,87.8,184,0,0,0,0,0,184,0,0,0
2025-02-01,Direct,Enterprise,Opportunity,Inbound,5,2025,2025-Q1,2025-02,87.8,110,3242482,0,0,0,0,0,110,0,0
2025-02-01,Direct,Enterprise,Customer,Inbound,6,2025,2025-Q1,2025-02,87.8,49,1433759,1433759,0,0,0,0,0,49,4302.2
2025-02-01,Direct,Mid-Market,Visitors,Inbound,1,2025,2025-Q1,2025-02,0,12470,0,0,12470,0,0,0,0,0,0
2025-02-01,Direct,Mid-Market,Leads,Inbound,2,2025,2025-Q1,2025-02,0,1143,0,0,0,1143,0,0,0,0,0
2025-02-01,Direct,Mid-Market,MQL,Inbound,3,2025,2025-Q1,2025-02,0,491,0,0,0,0,491,0,0,0,0
2025-02-01,Direct,Mid-Market,SQL,Inbound,4,2025,2025-Q1,2025-02,47.17,271,0,0,0,0,0,271,0,0,0
2025-02-01,Direct,Mid-Market,Opportunity,Inbound,5,2025,2025-Q1,2025-02,47.17,169,1555544,0,0,0,0,0,169,0,0
2025-02-01,Direct,Mid-Market,Customer,Inbound,6,2025,2025-Q1,2025-02,47.17,58,533851,533851,0,0,0,0,0,58,2735.86
2025-02-01,Direct,SMB,Visitors,Inbound,1,2025,2025-Q1,2025-02,0,16081,0,0,16081,0,0,0,0,0,0
2025-02-01,Direct,SMB,Leads,Inbound,2,2025,2025-Q1,2025-02,0,1468,0,0,0,1468,0,0,0,0,0
2025-02-01,Direct,SMB,MQL,Inbound,3,2025,2025-Q1,2025-02,0,628,0,0,0,0,628,0,0,0,0
2025-02-01,Direct,SMB,SQL,Inbound,4,2025,2025-Q1,2025-02,20.62,336,0,0,0,0,0,336,0,0,0
2025-02-01,Direct,SMB,Opportunity,Inbound,5,2025,2025-Q1,2025-02,20.62,213,648598,0,0,0,0,0,213,0,0
2025-02-01,Direct,SMB,Customer,Inbound,6,2025,2025-Q1,2025-02,20.62,72,218447,218447,0,0,0,0,0,72,1484.64
2025-03-01,Paid Search,Enterprise,Visitors,Paid,1,2025,2025-Q1,2025-03,0,13131,0,0,13131,0,0,0,0,0,0
2025-03-01,Paid Search,Enterprise,Leads,Paid,2,2025,2025-Q1,2025-03,0,1405,0,0,0,1405,0,0,0,0,0
2025-03-01,Paid Search,Enterprise,MQL,Paid,3,2025,2025-Q1,2025-03,0,601,0,0,0,0,601,0,0,0,0
2025-03-01,Paid Search,Enterprise,SQL,Paid,4,2025,2025-Q1,2025-03,83.86,331,0,0,0,0,0,331,0,0,0
2025-03-01,Paid Search,Enterprise,Opportunity,Paid,5,2025,2025-Q1,2025-03,83.86,205,5931103,0,0,0,0,0,205,0,0
2025-03-01,Paid Search,Enterprise,Customer,Paid,6,2025,2025-Q1,2025-03,83.86,90,2617034,2617034,0,0,0,0,0,90,7547.4
2025-03-01,Paid Search,Mid-Market,Visitors,Paid,1,2025,2025-Q1,2025-03,0,20168,0,0,20168,0,0,0,0,0,0
2025-03-01,Paid Search,Mid-Market,Leads,Paid,2,2025,2025-Q1,2025-03,0,2162,0,0,0,2162,0,0,0,0,0
2025-03-01,Paid Search,Mid-Market,MQL,Paid,3,2025,2025-Q1,2025-03,0,908,0,0,0,0,908,0,0,0,0
2025-03-01,Paid Search,Mid-Market,SQL,Paid,4,2025,2025-Q1,2025-03,46.32,496,0,0,0,0,0,496,0,0,0
2025-03-01,Paid Search,Mid-Market,Opportunity,Paid,5,2025,2025-Q1,2025-03,46.32,304,2864994,0,0,0,0,0,304,0,0
2025-03-01,Paid Search,Mid-Market,Customer,Paid,6,2025,2025-Q1,2025-03,46.32,107,1011546,1011546,0,0,0,0,0,107,4956.24
2025-03-01,Paid Search,SMB,Visitors,Paid,1,2025,2025-Q1,2025-03,0,25520,0,0,25520,0,0,0,0,0,0
2025-03-01,Paid Search,SMB,Leads,Paid,2,2025,2025-Q1,2025-03,0,2826,0,0,0,2826,0,0,0,0,0
2025-03-01,Paid Search,SMB,MQL,Paid,3,2025,2025-Q1,2025-03,0,1170,0,0,0,0,1170,0,0,0,0
2025-03-01,Paid Search,SMB,SQL,Paid,4,2025,2025-Q1,2025-03,21.99,651,0,0,0,0,0,651,0,0,0
2025-03-01,Paid Search,SMB,Opportunity,Paid,5,2025,2025-Q1,2025-03,21.99,395,1232072,0,0,0,0,0,395,0,0
2025-03-01,Paid Search,SMB,Customer,Paid,6,2025,2025-Q1,2025-03,21.99,132,412409,412409,0,0,0,0,0,132,2902.68
2025-03-01,Paid Social,Enterprise,Visitors,Paid,1,2025,2025-Q1,2025-03,0,15274,0,0,15274,0,0,0,0,0,0
2025-03-01,Paid Social,Enterprise,Leads,Paid,2,2025,2025-Q1,2025-03,0,1125,0,0,0,1125,0,0,0,0,0
2025-03-01,Paid Social,Enterprise,MQL,Paid,3,2025,2025-Q1,2025-03,0,462,0,0,0,0,462,0,0,0,0
2025-03-01,Paid Social,Enterprise,SQL,Paid,4,2025,2025-Q1,2025-03,90.62,253,0,0,0,0,0,253,0,0,0
2025-03-01,Paid Social,Enterprise,Opportunity,Paid,5,2025,2025-Q1,2025-03,90.62,164,4687797,0,0,0,0,0,164,0,0
2025-03-01,Paid Social,Enterprise,Customer,Paid,6,2025,2025-Q1,2025-03,90.62,70,2004560,2004560,0,0,0,0,0,70,6343.4
2025-03-01,Paid Social,Mid-Market,Visitors,Paid,1,2025,2025-Q1,2025-03,0,23653,0,0,23653,0,0,0,0,0,0
2025-03-01,Paid Social,Mid-Market,Leads,Paid,2,2025,2025-Q1,2025-03,0,1741,0,0,0,1741,0,0,0,0,0
2025-03-01,Paid Social,Mid-Market,MQL,Paid,3,2025,2025-Q1,2025-03,0,707,0,0,0,0,707,0,0,0,0
2025-03-01,Paid Social,Mid-Market,SQL,Paid,4,2025,2025-Q1,2025-03,43.91,401,0,0,0,0,0,401,0,0,0
2025-03-01,Paid Social,Mid-Market,Opportunity,Paid,5,2025,2025-Q1,2025-03,43.91,249,2299970,0,0,0,0,0,249,0,0
2025-03-01,Paid Social,Mid-Market,Customer,Paid,6,2025,2025-Q1,2025-03,43.91,94,867865,867865,0,0,0,0,0,94,4127.54
2025-03-01,Paid Social,SMB,Visitors,Paid,1,2025,2025-Q1,2025-03,0,31857,0,0,31857,0,0,0,0,0,0
2025-03-01,Paid Social,SMB,Leads,Paid,2,2025,2025-Q1,2025-03,0,2324,0,0,0,2324,0,0,0,0,0
2025-03-01,Paid Social,SMB,MQL,Paid,3,2025,2025-Q1,2025-03,0,961,0,0,0,0,961,0,0,0,0
2025-03-01,Paid Social,SMB,SQL,Paid,4,2025,2025-Q1,2025-03,20.5,545,0,0,0,0,0,545,0,0,0
2025-03-01,Paid Social,SMB,Opportunity,Paid,5,2025,2025-Q1,2025-03,20.5,341,1094405,0,0,0,0,0,341,0,0
2025-03-01,Paid Social,SMB,Customer,Paid,6,2025,2025-Q1,2025-03,20.5,113,361490,361490,0,0,0,0,0,113,2316.5
2025-03-01,Organic Search,Enterprise,Visitors,Inbound,1,2025,2025-Q1,2025-03,0,20721,0,0,20721,0,0,0,0,0,0
2025-03-01,Organic Search,Enterprise,Leads,Inbound,2,2025,2025-Q1,2025-03,0,2450,0,0,0,2450,0,0,0,0,0
2025-03-01,Organic Search,Enterprise,MQL,Inbound,3,2025,2025-Q1,2025-03,0,1032,0,0,0,0,1032,0,0,0,0
2025-03-01,Organic Search,Enterprise,SQL,Inbound,4,2025,2025-Q1,2025-03,88.64,580,0,0,0,0,0,580,0,0,0
2025-03-01,Organic Search,Enterprise,Opportunity,Inbound,5,2025,2025-Q1,2025-03,88.64,353,10605758,0,0,0,0,0,353,0,0
2025-03-01,Organic Search,Enterprise,Customer,Inbound,6,2025,2025-Q1,2025-03,88.64,157,4719450,4719450,0,0,0,0,0,157,13916.48
2025-03-01,Organic Search,Mid-Market,Visitors,Inbound,1,2025,2025-Q1,2025-03,0,31607,0,0,31607,0,0,0,0,0,0
2025-03-01,Organic Search,Mid-Market,Leads,Inbound,2,2025,2025-Q1,2025-03,0,3690,0,0,0,3690,0,0,0,0,0
2025-03-01,Organic Search,Mid-Market,MQL,Inbound,3,2025,2025-Q1,2025-03,0,1534,0,0,0,0,1534,0,0,0,0
2025-03-01,Organic Search,Mid-Market,SQL,Inbound,4,2025,2025-Q1,2025-03,48.19,852,0,0,0,0,0,852,0,0,0
2025-03-01,Organic Search,Mid-Market,Opportunity,Inbound,5,2025,2025-Q1,2025-03,48.19,515,4722723,0,0,0,0,0,515,0,0
2025-03-01,Organic Search,Mid-Market,Customer,Inbound,6,2025,2025-Q1,2025-03,48.19,187,1715542,1715542,0,0,0,0,0,187,9011.53
2025-03-01,Organic Search,SMB,Visitors,Inbound,1,2025,2025-Q1,2025-03,0,39888,0,0,39888,0,0,0,0,0,0
2025-03-01,Organic Search,SMB,Leads,Inbound,2,2025,2025-Q1,2025-03,0,4589,0,0,0,4589,0,0,0,0,0
2025-03-01,Organic Search,SMB,MQL,Inbound,3,2025,2025-Q1,2025-03,0,1954,0,0,0,0,1954,0,0,0,0
2025-03-01,Organic Search,SMB,SQL,Inbound,4,2025,2025-Q1,2025-03,20.65,1065,0,0,0,0,0,1065,0,0,0
2025-03-01,Organic Search,SMB,Opportunity,Inbound,5,2025,2025-Q1,2025-03,20.65,661,2009785,0,0,0,0,0,661,0,0
2025-03-01,Organic Search,SMB,Customer,Inbound,6,2025,2025-Q1,2025-03,20.65,219,664478,664478,0,0,0,0,0,219,4522.35
2025-03-01,Email,Enterprise,Visitors,Nurture,1,2025,2025-Q1,2025-03,0,6042,0,0,6042,0,0,0,0,0,0
2025-03-01,Email,Enterprise,Leads,Nurture,2,2025,2025-Q1,2025-03,0,783,0,0,0,783,0,0,0,0,0
2025-03-01,Email,Enterprise,MQL,Nurture,3,2025,2025-Q1,2025-03,0,328,0,0,0,0,328,0,0,0,0
2025-03-01,Email,Enterprise,SQL,Nurture,4,2025,2025-Q1,2025-03,85.46,179,0,0,0,0,0,179,0,0,0
2025-03-01,Email,Enterprise,Opportunity,Nurture,5,2025,2025-Q1,2025-03,85.46,107,3039348,0,0,0,0,0,107,0,0
2025-03-01,Email,Enterprise,Customer,Nurture,6,2025,2025-Q1,2025-03,85.46,50,1416905,1416905,0,0,0,0,0,50,4273.0
2025-03-01,Email,Mid-Market,Visitors,Nurture,1,2025,2025-Q1,2025-03,0,9603,0,0,9603,0,0,0,0,0,0
2025-03-01,Email,Mid-Market,Leads,Nurture,2,2025,2025-Q1,2025-03,0,1228,0,0,0,1228,0,0,0,0,0
2025-03-01,Email,Mid-Market,MQL,Nurture,3,2025,2025-Q1,2025-03,0,510,0,0,0,0,510,0,0,0,0
2025-03-01,Email,Mid-Market,SQL,Nurture,4,2025,2025-Q1,2025-03,44.69,270,0,0,0,0,0,270,0,0,0
2025-03-01,Email,Mid-Market,Opportunity,Nurture,5,2025,2025-Q1,2025-03,44.69,167,1588343,0,0,0,0,0,167,0,0
2025-03-01,Email,Mid-Market,Customer,Nurture,6,2025,2025-Q1,2025-03,44.69,59,560973,560973,0,0,0,0,0,59,2636.71
2025-03-01,Email,SMB,Visitors,Nurture,1,2025,2025-Q1,2025-03,0,12550,0,0,12550,0,0,0,0,0,0
2025-03-01,Email,SMB,Leads,Nurture,2,2025,2025-Q1,2025-03,0,1623,0,0,0,1623,0,0,0,0,0
2025-03-01,Email,SMB,MQL,Nurture,3,2025,2025-Q1,2025-03,0,665,0,0,0,0,665,0,0,0,0
2025-03-01,Email,SMB,SQL,Nurture,4,2025,2025-Q1,2025-03,21.25,355,0,0,0,0,0,355,0,0,0
2025-03-01,Email,SMB,Opportunity,Nurture,5,2025,2025-Q1,2025-03,21.25,227,738070,0,0,0,0,0,227,0,0
2025-03-01,Email,SMB,Customer,Nurture,6,2025,2025-Q1,2025-03,21.25,74,241534,241534,0,0,0,0,0,74,1572.5
2025-03-01,Webinar,Enterprise,Visitors,Nurture,1,2025,2025-Q1,2025-03,0,2525,0,0,2525,0,0,0,0,0,0
2025-03-01,Webinar,Enterprise,Leads,Nurture,2,2025,2025-Q1,2025-03,0,392,0,0,0,392,0,0,0,0,0
2025-03-01,Webinar,Enterprise,MQL,Nurture,3,2025,2025-Q1,2025-03,0,168,0,0,0,0,168,0,0,0,0
2025-03-01,Webinar,Enterprise,SQL,Nurture,4,2025,2025-Q1,2025-03,90.34,90,0,0,0,0,0,90,0,0,0
2025-03-01,Webinar,Enterprise,Opportunity,Nurture,5,2025,2025-Q1,2025-03,90.34,57,1609947,0,0,0,0,0,57,0,0
2025-03-01,Webinar,Enterprise,Customer,Nurture,6,2025,2025-Q1,2025-03,90.34,23,654329,654329,0,0,0,0,0,23,2077.82
2025-03-01,Webinar,Mid-Market,Visitors,Nurture,1,2025,2025-Q1,2025-03,0,3739,0,0,3739,0,0,0,0,0,0
2025-03-01,Webinar,Mid-Market,Leads,Nurture,2,2025,2025-Q1,2025-03,0,576,0,0,0,576,0,0,0,0,0
2025-03-01,Webinar,Mid-Market,MQL,Nurture,3,2025,2025-Q1,2025-03,0,248,0,0,0,0,248,0,0,0,0
2025-03-01,Webinar,Mid-Market,SQL,Nurture,4,2025,2025-Q1,2025-03,46.0,131,0,0,0,0,0,131,0,0,0
2025-03-01,Webinar,Mid-Market,Opportunity,Nurture,5,2025,2025-Q1,2025-03,46.0,81,734024,0,0,0,0,0,81,0,0
2025-03-01,Webinar,Mid-Market,Customer,Nurture,6,2025,2025-Q1,2025-03,46.0,31,280972,280972,0,0,0,0,0,31,1426.0
2025-03-01,Webinar,SMB,Visitors,Nurture,1,2025,2025-Q1,2025-03,0,5024,0,0,5024,0,0,0,0,0,0
2025-03-01,Webinar,SMB,Leads,Nurture,2,2025,2025-Q1,2025-03,0,785,0,0,0,785,0,0,0,0,0
2025-03-01,Webinar,SMB,MQL,Nurture,3,2025,2025-Q1,2025-03,0,333,0,0,0,0,333,0,0,0,0
2025-03-01,Webinar,SMB,SQL,Nurture,4,2025,2025-Q1,2025-03,20.49,183,0,0,0,0,0,183,0,0,0
2025-03-01,Webinar,SMB,Opportunity,Nurture,5,2025,2025-Q1,2025-03,20.49,110,347792,0,0,0,0,0,110,0,0
2025-03-01,Webinar,SMB,Customer,Nurture,6,2025,2025-Q1,2025-03,20.49,39,123738,123738,0,0,0,0,0,39,799.11
2025-03-01,Partner,Enterprise,Visitors,Partner,1,2025,2025-Q1,2025-03,0,4308,0,0,4308,0,0,0,0,0,0
2025-03-01,Partner,Enterprise,Leads,Partner,2,2025,2025-Q1,2025-03,0,432,0,0,0,432,0,0,0,0,0
2025-03-01,Partner,Enterprise,MQL,Partner,3,2025,2025-Q1,2025-03,0,177,0,0,0,0,177,0,0,0,0
2025-03-01,Partner,Enterprise,SQL,Partner,4,2025,2025-Q1,2025-03,85.52,96,0,0,0,0,0,96,0,0,0
2025-03-01,Partner,Enterprise,Opportunity,Partner,5,2025,2025-Q1,2025-03,85.52,60,1770911,0,0,0,0,0,60,0,0
2025-03-01,Partner,Enterprise,Customer,Partner,6,2025,2025-Q1,2025-03,85.52,25,744367,744367,0,0,0,0,0,25,2138.0
2025-03-01,Partner,Mid-Market,Visitors,Partner,1,2025,2025-Q1,2025-03,0,6712,0,0,6712,0,0,0,0,0,0
2025-03-01,Partner,Mid-Market,Leads,Partner,2,2025,2025-Q1,2025-03,0,678,0,0,0,678,0,0,0,0,0
2025-03-01,Partner,Mid-Market,MQL,Partner,3,2025,2025-Q1,2025-03,0,279,0,0,0,0,279,0,0,0,0
2025-03-01,Partner,Mid-Market,SQL,Partner,4,2025,2025-Q1,2025-03,45.82,154,0,0,0,0,0,154,0,0,0
2025-03-01,Partner,Mid-Market,Opportunity,Partner,5,2025,2025-Q1,2025-03,45.82,98,934696,0,0,0,0,0,98,0,0
2025-03-01,Partner,Mid-Market,Customer,Partner,6,2025,2025-Q1,2025-03,45.82,35,336474,336474,0,0,0,0,0,35,1603.7
2025-03-01,Partner,SMB,Visitors,Partner,1,2025,2025-Q1,2025-03,0,8183,0,0,8183,0,0,0,0,0,0
2025-03-01,Partner,SMB,Leads,Partner,2,2025,2025-Q1,2025-03,0,825,0,0,0,825,0,0,0,0,0
2025-03-01,Partner,SMB,MQL,Partner,3,2025,2025-Q1,2025-03,0,335,0,0,0,0,335,0,0,0,0
2025-03-01,Partner,SMB,SQL,Partner,4,2025,2025-Q1,2025-03,21.71,190,0,0,0,0,0,190,0,0,0
2025-03-01,Partner,SMB,Opportunity,Partner,5,2025,2025-Q1,2025-03,21.71,117,355600,0,0,0,0,0,117,0,0
2025-03-01,Partner,SMB,Customer,Partner,6,2025,2025-Q1,2025-03,21.71,44,134871,134871,0,0,0,0,0,44,955.24
2025-03-01,Direct,Enterprise,Visitors,Inbound,1,2025,2025-Q1,2025-03,0,9385,0,0,9385,0,0,0,0,0,0
2025-03-01,Direct,Enterprise,Leads,Inbound,2,2025,2025-Q1,2025-03,0,869,0,0,0,869,0,0,0,0,0
2025-03-01,Direct,Enterprise,MQL,Inbound,3,2025,2025-Q1,2025-03,0,364,0,0,0,0,364,0,0,0,0
2025-03-01,Direct,Enterprise,SQL,Inbound,4,2025,2025-Q1,2025-03,89.45,203,0,0,0,0,0,203,0,0,0
2025-03-01,Direct,Enterprise,Opportunity,Inbound,5,2025,2025-Q1,2025-03,89.45,124,3495036,0,0,0,0,0,124,0,0
2025-03-01,Direct,Enterprise,Customer,Inbound,6,2025,2025-Q1,2025-03,89.45,53,1486025,1486025,0,0,0,0,0,53,4740.85
2025-03-01,Direct,Mid-Market,Visitors,Inbound,1,2025,2025-Q1,2025-03,0,14968,0,0,14968,0,0,0,0,0,0
2025-03-01,Direct,Mid-Market,Leads,Inbound,2,2025,2025-Q1,2025-03,0,1400,0,0,0,1400,0,0,0,0,0
2025-03-01,Direct,Mid-Market,MQL,Inbound,3,2025,2025-Q1,2025-03,0,579,0,0,0,0,579,0,0,0,0
2025-03-01,Direct,Mid-Market,SQL,Inbound,4,2025,2025-Q1,2025-03,45.53,325,0,0,0,0,0,325,0,0,0
2025-03-01,Direct,Mid-Market,Opportunity,Inbound,5,2025,2025-Q1,2025-03,45.53,196,1822341,0,0,0,0,0,196,0,0
2025-03-01,Direct,Mid-Market,Customer,Inbound,6,2025,2025-Q1,2025-03,45.53,70,649208,649208,0,0,0,0,0,70,3187.1
2025-03-01,Direct,SMB,Visitors,Inbound,1,2025,2025-Q1,2025-03,0,20035,0,0,20035,0,0,0,0,0,0
2025-03-01,Direct,SMB,Leads,Inbound,2,2025,2025-Q1,2025-03,0,1844,0,0,0,1844,0,0,0,0,0
2025-03-01,Direct,SMB,MQL,Inbound,3,2025,2025-Q1,2025-03,0,779,0,0,0,0,779,0,0,0,0
2025-03-01,Direct,SMB,SQL,Inbound,4,2025,2025-Q1,2025-03,20.51,426,0,0,0,0,0,426,0,0,0
2025-03-01,Direct,SMB,Opportunity,Inbound,5,2025,2025-Q1,2025-03,20.51,261,823208,0,0,0,0,0,261,0,0
2025-03-01,Direct,SMB,Customer,Inbound,6,2025,2025-Q1,2025-03,20.51,85,269734,269734,0,0,0,0,0,85,1743.35
2025-04-01,Paid Search,Enterprise,Visitors,Paid,1,2025,2025-Q2,2025-04,0,14321,0,0,14321,0,0,0,0,0,0
2025-04-01,Paid Search,Enterprise,Leads,Paid,2,2025,2025-Q2,2025-04,0,1530,0,0,0,1530,0,0,0,0,0
2025-04-01,Paid Search,Enterprise,MQL,Paid,3,2025,2025-Q2,2025-04,0,640,0,0,0,0,640,0,0,0,0
2025-04-01,Paid Search,Enterprise,SQL,Paid,4,2025,2025-Q2,2025-04,89.99,347,0,0,0,0,0,347,0,0,0
2025-04-01,Paid Search,Enterprise,Opportunity,Paid,5,2025,2025-Q2,2025-04,89.99,207,5898698,0,0,0,0,0,207,0,0
2025-04-01,Paid Search,Enterprise,Customer,Paid,6,2025,2025-Q2,2025-04,89.99,91,2572324,2572324,0,0,0,0,0,91,8189.09
2025-04-01,Paid Search,Mid-Market,Visitors,Paid,1,2025,2025-Q2,2025-04,0,21371,0,0,21371,0,0,0,0,0,0
2025-04-01,Paid Search,Mid-Market,Leads,Paid,2,2025,2025-Q2,2025-04,0,2291,0,0,0,2291,0,0,0,0,0
2025-04-01,Paid Search,Mid-Market,MQL,Paid,3,2025,2025-Q2,2025-04,0,968,0,0,0,0,968,0,0,0,0
2025-04-01,Paid Search,Mid-Market,SQL,Paid,4,2025,2025-Q2,2025-04,46.29,518,0,0,0,0,0,518,0,0,0
2025-04-01,Paid Search,Mid-Market,Opportunity,Paid,5,2025,2025-Q2,2025-04,46.29,320,2868527,0,0,0,0,0,320,0,0
2025-04-01,Paid Search,Mid-Market,Customer,Paid,6,2025,2025-Q2,2025-04,46.29,113,1010149,1010149,0,0,0,0,0,113,5230.77
2025-04-01,Paid Search,SMB,Visitors,Paid,1,2025,2025-Q2,2025-04,0,28707,0,0,28707,0,0,0,0,0,0
2025-04-01,Paid Search,SMB,Leads,Paid,2,2025,2025-Q2,2025-04,0,3030,0,0,0,3030,0,0,0,0,0
2025-04-01,Paid Search,SMB,MQL,Paid,3,2025,2025-Q2,2025-04,0,1271,0,0,0,0,1271,0,0,0,0
2025-04-01,Paid Search,SMB,SQL,Paid,4,2025,2025-Q2,2025-04,20.5,678,0,0,0,0,0,678,0,0,0
2025-04-01,Paid Search,SMB,Opportunity,Paid,5,2025,2025-Q2,2025-04,20.5,415,1315669,0,0,0,0,0,415,0,0
2025-04-01,Paid Search,SMB,Customer,Paid,6,2025,2025-Q2,2025-04,20.5,132,417315,417315,0,0,0,0,0,132,2706.0
2025-04-01,Paid Social,Enterprise,Visitors,Paid,1,2025,2025-Q2,2025-04,0,17520,0,0,17520,0,0,0,0,0,0
2025-04-01,Paid Social,Enterprise,Leads,Paid,2,2025,2025-Q2,2025-04,0,1249,0,0,0,1249,0,0,0,0,0
2025-04-01,Paid Social,Enterprise,MQL,Paid,3,2025,2025-Q2,2025-04,0,540,0,0,0,0,540,0,0,0,0
2025-04-01,Paid Social,Enterprise,SQL,Paid,4,2025,2025-Q2,2025-04,86.97,300,0,0,0,0,0,300,0,0,0
2025-04-01,Paid Social,Enterprise,Opportunity,Paid,5,2025,2025-Q2,2025-04,86.97,187,5514623,0,0,0,0,0,187,0,0
2025-04-01,Paid Social,Enterprise,Customer,Paid,6,2025,2025-Q2,2025-04,86.97,80,2359734,2359734,0,0,0,0,0,80,6957.6
2025-04-01,Paid Social,Mid-Market,Visitors,Paid,1,2025,2025-Q2,2025-04,0,26852,0,0,26852,0,0,0,0,0,0
2025-04-01,Paid Social,Mid-Market,Leads,Paid,2,2025,2025-Q2,2025-04,0,1955,0,0,0,1955,0,0,0,0,0
2025-04-01,Paid Social,Mid-Market,MQL,Paid,3,2025,2025-Q2,2025-04,0,850,0,0,0,0,850,0,0,0,0
2025-04-01,Paid Social,Mid-Market,SQL,Paid,4,2025,2025-Q2,2025-04,46.37,469,0,0,0,0,0,469,0,0,0
2025-04-01,Paid Social,Mid-Market,Opportunity,Paid,5,2025,2025-Q2,2025-04,46.37,297,2781233,0,0,0,0,0,297,0,0
2025-04-01,Paid Social,Mid-Market,Customer,Paid,6,2025,2025-Q2,2025-04,46.37,104,973523,973523,0,0,0,0,0,104,4822.48
2025-04-01,Paid Social,SMB,Visitors,Paid,1,2025,2025-Q2,2025-04,0,32783,0,0,32783,0,0,0,0,0,0
2025-04-01,Paid Social,SMB,Leads,Paid,2,2025,2025-Q2,2025-04,0,2446,0,0,0,2446,0,0,0,0,0
2025-04-01,Paid Social,SMB,MQL,Paid,3,2025,2025-Q2,2025-04,0,1049,0,0,0,0,1049,0,0,0,0
2025-04-01,Paid Social,SMB,SQL,Paid,4,2025,2025-Q2,2025-04,21.59,577,0,0,0,0,0,577,0,0,0
2025-04-01,Paid Social,SMB,Opportunity,Paid,5,2025,2025-Q2,2025-04,21.59,362,1117648,0,0,0,0,0,362,0,0
2025-04-01,Paid Social,SMB,Customer,Paid,6,2025,2025-Q2,2025-04,21.59,120,369536,369536,0,0,0,0,0,120,2590.8
2025-04-01,Organic Search,Enterprise,Visitors,Inbound,1,2025,2025-Q2,2025-04,0,21831,0,0,21831,0,0,0,0,0,0
2025-04-01,Organic Search,Enterprise,Leads,Inbound,2,2025,2025-Q2,2025-04,0,2490,0,0,0,2490,0,0,0,0,0
2025-04-01,Organic Search,Enterprise,MQL,Inbound,3,2025,2025-Q2,2025-04,0,1053,0,0,0,0,1053,0,0,0,0
2025-04-01,Organic Search,Enterprise,SQL,Inbound,4,2025,2025-Q2,2025-04,90.06,563,0,0,0,0,0,563,0,0,0
2025-04-01,Organic Search,Enterprise,Opportunity,Inbound,5,2025,2025-Q2,2025-04,90.06,347,9762561,0,0,0,0,0,347,0,0
2025-04-01,Organic Search,Enterprise,Customer,Inbound,6,2025,2025-Q2,2025-04,90.06,147,4141381,4141381,0,0,0,0,0,147,13238.82
2025-04-01,Organic Search,Mid-Market,Visitors,Inbound,1,2025,2025-Q2,2025-04,0,34566,0,0,34566,0,0,0,0,0,0
2025-04-01,Organic Search,Mid-Market,Leads,Inbound,2,2025,2025-Q2,2025-04,0,4040,0,0,0,4040,0,0,0,0,0
2025-04-01,Organic Search,Mid-Market,MQL,Inbound,3,2025,2025-Q2,2025-04,0,1675,0,0,0,0,1675,0,0,0,0
2025-04-01,Organic Search,Mid-Market,SQL,Inbound,4,2025,2025-Q2,2025-04,45.69,923,0,0,0,0,0,923,0,0,0
2025-04-01,Organic Search,Mid-Market,Opportunity,Inbound,5,2025,2025-Q2,2025-04,45.69,560,5241369,0,0,0,0,0,560,0,0
2025-04-01,Organic Search,Mid-Market,Customer,Inbound,6,2025,2025-Q2,2025-04,45.69,202,1890679,1890679,0,0,0,0,0,202,9229.38
2025-04-01,Organic Search,SMB,Visitors,Inbound,1,2025,2025-Q2,2025-04,0,46183,0,0,46183,0,0,0,0,0,0
2025-04-01,Organic Search,SMB,Leads,Inbound,2,2025,2025-Q2,2025-04,0,5342,0,0,0,5342,0,0,0,0,0
2025-04-01,Organic Search,SMB,MQL,Inbound,3,2025,2025-Q2,2025-04,0,2201,0,0,0,0,2201,0,0,0,0
2025-04-01,Organic Search,SMB,SQL,Inbound,4,2025,2025-Q2,2025-04,20.57,1202,0,0,0,0,0,1202,0,0,0
2025-04-01,Organic Search,SMB,Opportunity,Inbound,5,2025,2025-Q2,2025-04,20.57,713,2283922,0,0,0,0,0,713,0,0
2025-04-01,Organic Search,SMB,Customer,Inbound,6,2025,2025-Q2,2025-04,20.57,243,778286,778286,0,0,0,0,0,243,4998.51
2025-04-01,Email,Enterprise,Visitors,Nurture,1,2025,2025-Q2,2025-04,0,6772,0,0,6772,0,0,0,0,0,0
2025-04-01,Email,Enterprise,Leads,Nurture,2,2025,2025-Q2,2025-04,0,902,0,0,0,902,0,0,0,0,0
2025-04-01,Email,Enterprise,MQL,Nurture,3,2025,2025-Q2,2025-04,0,374,0,0,0,0,374,0,0,0,0
2025-04-01,Email,Enterprise,SQL,Nurture,4,2025,2025-Q2,2025-04,87.29,210,0,0,0,0,0,210,0,0,0
2025-04-01,Email,Enterprise,Opportunity,Nurture,5,2025,2025-Q2,2025-04,87.29,124,3559218,0,0,0,0,0,124,0,0
2025-04-01,Email,Enterprise,Customer,Nurture,6,2025,2025-Q2,2025-04,87.29,55,1570770,1570770,0,0,0,0,0,55,4800.95
2025-04-01,Email,Mid-Market,Visitors,Nurture,1,2025,2025-Q2,2025-04,0,10142,0,0,10142,0,0,0,0,0,0
2025-04-01,Email,Mid-Market,Leads,Nurture,2,2025,2025-Q2,2025-04,0,1392,0,0,0,1392,0,0,0,0,0
2025-04-01,Email,Mid-Market,MQL,Nurture,3,2025,2025-Q2,2025-04,0,585,0,0,0,0,585,0,0,0,0
2025-04-01,Email,Mid-Market,SQL,Nurture,4,2025,2025-Q2,2025-04,48.07,329,0,0,0,0,0,329,0,0,0
2025-04-01,Email,Mid-Market,Opportunity,Nurture,5,2025,2025-Q2,2025-04,48.07,202,1851894,0,0,0,0,0,202,0,0
2025-04-01,Email,Mid-Market,Customer,Nurture,6,2025,2025-Q2,2025-04,48.07,75,695002,695002,0,0,0,0,0,75,3605.25
2025-04-01,Email,SMB,Visitors,Nurture,1,2025,2025-Q2,2025-04,0,13280,0,0,13280,0,0,0,0,0,0
2025-04-01,Email,SMB,Leads,Nurture,2,2025,2025-Q2,2025-04,0,1770,0,0,0,1770,0,0,0,0,0
2025-04-01,Email,SMB,MQL,Nurture,3,2025,2025-Q2,2025-04,0,743,0,0,0,0,743,0,0,0,0
2025-04-01,Email,SMB,SQL,Nurture,4,2025,2025-Q2,2025-04,21.2,415,0,0,0,0,0,415,0,0,0
2025-04-01,Email,SMB,Opportunity,Nurture,5,2025,2025-Q2,2025-04,21.2,256,796484,0,0,0,0,0,256,0,0
2025-04-01,Email,SMB,Customer,Nurture,6,2025,2025-Q2,2025-04,21.2,86,268706,268706,0,0,0,0,0,86,1823.2
2025-04-01,Webinar,Enterprise,Visitors,Nurture,1,2025,2025-Q2,2025-04,0,2754,0,0,2754,0,0,0,0,0,0
2025-04-01,Webinar,Enterprise,Leads,Nurture,2,2025,2025-Q2,2025-04,0,431,0,0,0,431,0,0,0,0,0
2025-04-01,Webinar,Enterprise,MQL,Nurture,3,2025,2025-Q2,2025-04,0,179,0,0,0,0,179,0,0,0,0
2025-04-01,Webinar,Enterprise,SQL,Nurture,4,2025,2025-Q2,2025-04,87.44,101,0,0,0,0,0,101,0,0,0
2025-04-01,Webinar,Enterprise,Opportunity,Nurture,5,2025,2025-Q2,2025-04,87.44,56,1603720,0,0,0,0,0,56,0,0
2025-04-01,Webinar,Enterprise,Customer,Nurture,6,2025,2025-Q2,2025-04,87.44,24,687806,687806,0,0,0,0,0,24,2098.56
2025-04-01,Webinar,Mid-Market,Visitors,Nurture,1,2025,2025-Q2,2025-04,0,4333,0,0,4333,0,0,0,0,0,0
2025-04-01,Webinar,Mid-Market,Leads,Nurture,2,2025,2025-Q2,2025-04,0,668,0,0,0,668,0,0,0,0,0
2025-04-01,Webinar,Mid-Market,MQL,Nurture,3,2025,2025-Q2,2025-04,0,280,0,0,0,0,280,0,0,0,0
2025-04-01,Webinar,Mid-Market,SQL,Nurture,4,2025,2025-Q2,2025-04,44.84,155,0,0,0,0,0,155,0,0,0
2025-04-01,Webinar,Mid-Market,Opportunity,Nurture,5,2025,2025-Q2,2025-04,44.84,95,897630,0,0,0,0,0,95,0,0
2025-04-01,Webinar,Mid-Market,Customer,Nurture,6,2025,2025-Q2,2025-04,44.84,34,324223,324223,0,0,0,0,0,34,1524.56
2025-04-01,Webinar,SMB,Visitors,Nurture,1,2025,2025-Q2,2025-04,0,5513,0,0,5513,0,0,0,0,0,0
2025-04-01,Webinar,SMB,Leads,Nurture,2,2025,2025-Q2,2025-04,0,843,0,0,0,843,0,0,0,0,0
2025-04-01,Webinar,SMB,MQL,Nurture,3,2025,2025-Q2,2025-04,0,355,0,0,0,0,355,0,0,0,0
2025-04-01,Webinar,SMB,SQL,Nurture,4,2025,2025-Q2,2025-04,21.24,190,0,0,0,0,0,190,0,0,0
2025-04-01,Webinar,SMB,Opportunity,Nurture,5,2025,2025-Q2,2025-04,21.24,116,368541,0,0,0,0,0,116,0,0
2025-04-01,Webinar,SMB,Customer,Nurture,6,2025,2025-Q2,2025-04,21.24,38,121267,121267,0,0,0,0,0,38,807.12
2025-04-01,Partner,Enterprise,Visitors,Partner,1,2025,2025-Q2,2025-04,0,4620,0,0,4620,0,0,0,0,0,0
2025-04-01,Partner,Enterprise,Leads,Partner,2,2025,2025-Q2,2025-04,0,452,0,0,0,452,0,0,0,0,0
2025-04-01,Partner,Enterprise,MQL,Partner,3,2025,2025-Q2,2025-04,0,193,0,0,0,0,193,0,0,0,0
2025-04-01,Partner,Enterprise,SQL,Partner,4,2025,2025-Q2,2025-04,91.76,109,0,0,0,0,0,109,0,0,0
2025-04-01,Partner,Enterprise,Opportunity,Partner,5,2025,2025-Q2,2025-04,91.76,66,1909982,0,0,0,0,0,66,0,0
2025-04-01,Partner,Enterprise,Customer,Partner,6,2025,2025-Q2,2025-04,91.76,26,751738,751738,0,0,0,0,0,26,2385.76
2025-04-01,Partner,Mid-Market,Visitors,Partner,1,2025,2025-Q2,2025-04,0,7078,0,0,7078,0,0,0,0,0,0
2025-04-01,Partner,Mid-Market,Leads,Partner,2,2025,2025-Q2,2025-04,0,699,0,0,0,699,0,0,0,0,0
2025-04-01,Partner,Mid-Market,MQL,Partner,3,2025,2025-Q2,2025-04,0,304,0,0,0,0,304,0,0,0,0
2025-04-01,Partner,Mid-Market,SQL,Partner,4,2025,2025-Q2,2025-04,47.22,166,0,0,0,0,0,166,0,0,0
2025-04-01,Partner,Mid-Market,Opportunity,Partner,5,2025,2025-Q2,2025-04,47.22,106,960509,0,0,0,0,0,106,0,0
2025-04-01,Partner,Mid-Market,Customer,Partner,6,2025,2025-Q2,2025-04,47.22,40,366990,366990,0,0,0,0,0,40,1888.8
2025-04-01,Partner,SMB,Visitors,Partner,1,2025,2025-Q2,2025-04,0,9267,0,0,9267,0,0,0,0,0,0
2025-04-01,Partner,SMB,Leads,Partner,2,2025,2025-Q2,2025-04,0,941,0,0,0,941,0,0,0,0,0
2025-04-01,Partner,SMB,MQL,Partner,3,2025,2025-Q2,2025-04,0,404,0,0,0,0,404,0,0,0,0
2025-04-01,Partner,SMB,SQL,Partner,4,2025,2025-Q2,2025-04,19.87,222,0,0,0,0,0,222,0,0,0
2025-04-01,Partner,SMB,Opportunity,Partner,5,2025,2025-Q2,2025-04,19.87,139,430499,0,0,0,0,0,139,0,0
2025-04-01,Partner,SMB,Customer,Partner,6,2025,2025-Q2,2025-04,19.87,49,151261,151261,0,0,0,0,0,49,973.63
2025-04-01,Direct,Enterprise,Visitors,Inbound,1,2025,2025-Q2,2025-04,0,10839,0,0,10839,0,0,0,0,0,0
2025-04-01,Direct,Enterprise,Leads,Inbound,2,2025,2025-Q2,2025-04,0,983,0,0,0,983,0,0,0,0,0
2025-04-01,Direct,Enterprise,MQL,Inbound,3,2025,2025-Q2,2025-04,0,412,0,0,0,0,412,0,0,0,0
2025-04-01,Direct,Enterprise,SQL,Inbound,4,2025,2025-Q2,2025-04,85.81,219,0,0,0,0,0,219,0,0,0
2025-04-01,Direct,Enterprise,Opportunity,Inbound,5,2025,2025-Q2,2025-04,85.81,134,3879877,0,0,0,0,0,134,0,0
2025-04-01,Direct,Enterprise,Customer,Inbound,6,2025,2025-Q2,2025-04,85.81,56,1619374,1619374,0,0,0,0,0,56,4805.36
2025-04-01,Direct,Mid-Market,Visitors,Inbound,1,2025,2025-Q2,2025-04,0,16731,0,0,16731,0,0,0,0,0,0
2025-04-01,Direct,Mid-Market,Leads,Inbound,2,2025,2025-Q2,2025-04,0,1538,0,0,0,1538,0,0,0,0,0
2025-04-01,Direct,Mid-Market,MQL,Inbound,3,2025,2025-Q2,2025-04,0,637,0,0,0,0,637,0,0,0,0
2025-04-01,Direct,Mid-Market,SQL,Inbound,4,2025,2025-Q2,2025-04,46.53,348,0,0,0,0,0,348,0,0,0
2025-04-01,Direct,Mid-Market,Opportunity,Inbound,5,2025,2025-Q2,2025-04,46.53,212,2003639,0,0,0,0,0,212,0,0
2025-04-01,Direct,Mid-Market,Customer,Inbound,6,2025,2025-Q2,2025-04,46.53,76,721075,721075,0,0,0,0,0,76,3536.28
2025-04-01,Direct,SMB,Visitors,Inbound,1,2025,2025-Q2,2025-04,0,21247,0,0,21247,0,0,0,0,0,0
2025-04-01,Direct,SMB,Leads,Inbound,2,2025,2025-Q2,2025-04,0,1968,0,0,0,1968,0,0,0,0,0
2025-04-01,Direct,SMB,MQL,Inbound,3,2025,2025-Q2,2025-04,0,805,0,0,0,0,805,0,0,0,0
2025-04-01,Direct,SMB,SQL,Inbound,4,2025,2025-Q2,2025-04,22.01,445,0,0,0,0,0,445,0,0,0
2025-04-01,Direct,SMB,Opportunity,Inbound,5,2025,2025-Q2,2025-04,22.01,269,837315,0,0,0,0,0,269,0,0
2025-04-01,Direct,SMB,Customer,Inbound,6,2025,2025-Q2,2025-04,22.01,90,281210,281210,0,0,0,0,0,90,1980.9
2025-05-01,Paid Search,Enterprise,Visitors,Paid,1,2025,2025-Q2,2025-05,0,15620,0,0,15620,0,0,0,0,0,0
2025-05-01,Paid Search,Enterprise,Leads,Paid,2,2025,2025-Q2,2025-05,0,1681,0,0,0,1681,0,0,0,0,0
2025-05-01,Paid Search,Enterprise,MQL,Paid,3,2025,2025-Q2,2025-05,0,689,0,0,0,0,689,0,0,0,0
2025-05-01,Paid Search,Enterprise,SQL,Paid,4,2025,2025-Q2,2025-05,85.34,379,0,0,0,0,0,379,0,0,0
2025-05-01,Paid Search,Enterprise,Opportunity,Paid,5,2025,2025-Q2,2025-05,85.34,224,6467005,0,0,0,0,0,224,0,0
2025-05-01,Paid Search,Enterprise,Customer,Paid,6,2025,2025-Q2,2025-05,85.34,101,2913716,2913716,0,0,0,0,0,101,8619.34
2025-05-01,Paid Search,Mid-Market,Visitors,Paid,1,2025,2025-Q2,2025-05,0,24291,0,0,24291,0,0,0,0,0,0
2025-05-01,Paid Search,Mid-Market,Leads,Paid,2,2025,2025-Q2,2025-05,0,2593,0,0,0,2593,0,0,0,0,0
2025-05-01,Paid Search,Mid-Market,MQL,Paid,3,2025,2025-Q2,2025-05,0,1063,0,0,0,0,1063,0,0,0,0
2025-05-01,Paid Search,Mid-Market,SQL,Paid,4,2025,2025-Q2,2025-05,44.74,573,0,0,0,0,0,573,0,0,0
2025-05-01,Paid Search,Mid-Market,Opportunity,Paid,5,2025,2025-Q2,2025-05,44.74,341,3218451,0,0,0,0,0,341,0,0
2025-05-01,Paid Search,Mid-Market,Customer,Paid,6,2025,2025-Q2,2025-05,44.74,126,1188234,1188234,0,0,0,0,0,126,5637.24
2025-05-01,Paid Search,SMB,Visitors,Paid,1,2025,2025-Q2,2025-05,0,31146,0,0,31146,0,0,0,0,0,0
2025-05-01,Paid Search,SMB,Leads,Paid,2,2025,2025-Q2,2025-05,0,3307,0,0,0,3307,0,0,0,0,0
2025-05-01,Paid Search,SMB,MQL,Paid,3,2025,2025-Q2,2025-05,0,1390,0,0,0,0,1390,0,0,0,0
2025-05-01,Paid Search,SMB,SQL,Paid,4,2025,2025-Q2,2025-05,21.56,738,0,0,0,0,0,738,0,0,0
2025-05-01,Paid Search,SMB,Opportunity,Paid,5,2025,2025-Q2,2025-05,21.56,454,1447411,0,0,0,0,0,454,0,0
2025-05-01,Paid Search,SMB,Customer,Paid,6,2025,2025-Q2,2025-05,21.56,155,494445,494445,0,0,0,0,0,155,3341.8
2025-05-01,Paid Social,Enterprise,Visitors,Paid,1,2025,2025-Q2,2025-05,0,18459,0,0,18459,0,0,0,0,0,0
2025-05-01,Paid Social,Enterprise,Leads,Paid,2,2025,2025-Q2,2025-05,0,1412,0,0,0,1412,0,0,0,0,0
2025-05-01,Paid Social,Enterprise,MQL,Paid,3,2025,2025-Q2,2025-05,0,587,0,0,0,0,587,0,0,0,0
2025-05-01,Paid Social,Enterprise,SQL,Paid,4,2025,2025-Q2,2025-05,91.87,329,0,0,0,0,0,329,0,0,0
2025-05-01,Paid Social,Enterprise,Opportunity,Paid,5,2025,2025-Q2,2025-05,91.87,203,5908839,0,0,0,0,0,203,0,0
2025-05-01,Paid Social,Enterprise,Customer,Paid,6,2025,2025-Q2,2025-05,91.87,89,2589705,2589705,0,0,0,0,0,89,8176.43
2025-05-01,Paid Social,Mid-Market,Visitors,Paid,1,2025,2025-Q2,2025-05,0,28307,0,0,28307,0,0,0,0,0,0
2025-05-01,Paid Social,Mid-Market,Leads,Paid,2,2025,2025-Q2,2025-05,0,2121,0,0,0,2121,0,0,0,0,0
2025-05-01,Paid Social,Mid-Market,MQL,Paid,3,2025,2025-Q2,2025-05,0,894,0,0,0,0,894,0,0,0,0
2025-05-01,Paid Social,Mid-Market,SQL,Paid,4,2025,2025-Q2,2025-05,46.67,491,0,0,0,0,0,491,0,0,0
2025-05-01,Paid Social,Mid-Market,Opportunity,Paid,5,2025,2025-Q2,2025-05,46.67,304,2771395,0,0,0,0,0,304,0,0
2025-05-01,Paid Social,Mid-Market,Customer,Paid,6,2025,2025-Q2,2025-05,46.67,110,1000941,1000941,0,0,0,0,0,110,5133.7
2025-05-01,Paid Social,SMB,Visitors,Paid,1,2025,2025-Q2,2025-05,0,37234,0,0,37234,0,0,0,0,0,0
2025-05-01,Paid Social,SMB,Leads,Paid,2,2025,2025-Q2,2025-05,0,2772,0,0,0,2772,0,0,0,0,0
2025-05-01,Paid Social,SMB,MQL,Paid,3,2025,2025-Q2,2025-05,0,1198,0,0,0,0,1198,0,0,0,0
2025-05-01,Paid Social,SMB,SQL,Paid,4,2025,2025-Q2,2025-05,20.41,650,0,0,0,0,0,650,0,0,0
2025-05-01,Paid Social,SMB,Opportunity,Paid,5,2025,2025-Q2,2025-05,20.41,405,1263940,0,0,0,0,0,405,0,0
2025-05-01,Paid Social,SMB,Customer,Paid,6,2025,2025-Q2,2025-05,20.41,133,415370,415370,0,0,0,0,0,133,2714.53
2025-05-01,Organic Search,Enterprise,Visitors,Inbound,1,2025,2025-Q2,2025-05,0,24645,0,0,24645,0,0,0,0,0,0
2025-05-01,Organic Search,Enterprise,Leads,Inbound,2,2025,2025-Q2,2025-05,0,2809,0,0,0,2809,0,0,0,0,0
2025-05-01,Organic Search,Enterprise,MQL,Inbound,3,2025,2025-Q2,2025-05,0,1189,0,0,0,0,1189,0,0,0,0
2025-05-01,Organic Search,Enterprise,SQL,Inbound,4,2025,2025-Q2,2025-05,85.63,635,0,0,0,0,0,635,0,0,0
2025-05-01,Organic Search,Enterprise,Opportunity,Inbound,5,2025,2025-Q2,2025-05,85.63,395,11645888,0,0,0,0,0,395,0,0
2025-05-01,Organic Search,Enterprise,Customer,Inbound,6,2025,2025-Q2,2025-05,85.63,179,5262481,5262481,0,0,0,0,0,179,15327.77
2025-05-01,Organic Search,Mid-Market,Visitors,Inbound,1,2025,2025-Q2,2025-05,0,38424,0,0,38424,0,0,0,0,0,0
2025-05-01,Organic Search,Mid-Market,Leads,Inbound,2,2025,2025-Q2,2025-05,0,4292,0,0,0,4292,0,0,0,0,0
2025-05-01,Organic Search,Mid-Market,MQL,Inbound,3,2025,2025-Q2,2025-05,0,1791,0,0,0,0,1791,0,0,0,0
2025-05-01,Organic Search,Mid-Market,SQL,Inbound,4,2025,2025-Q2,2025-05,47.12,951,0,0,0,0,0,951,0,0,0
2025-05-01,Organic Search,Mid-Market,Opportunity,Inbound,5,2025,2025-Q2,2025-05,47.12,609,5861002,0,0,0,0,0,609,0,0
2025-05-01,Organic Search,Mid-Market,Customer,Inbound,6,2025,2025-Q2,2025-05,47.12,218,2094365,2094365,0,0,0,0,0,218,10272.16
2025-05-01,Organic Search,SMB,Visitors,Inbound,1,2025,2025-Q2,2025-05,0,47793,0,0,47793,0,0,0,0,0,0
2025-05-01,Organic Search,SMB,Leads,Inbound,2,2025,2025-Q2,2025-05,0,5487,0,0,0,5487,0,0,0,0,0
2025-05-01,Organic Search,SMB,MQL,Inbound,3,2025,2025-Q2,2025-05,0,2250,0,0,0,0,2250,0,0,0,0
2025-05-01,Organic Search,SMB,SQL,Inbound,4,2025,2025-Q2,2025-05,21.34,1225,0,0,0,0,0,1225,0,0,0
2025-05-01,Organic Search,SMB,Opportunity,Inbound,5,2025,2025-Q2,2025-05,21.34,787,2455084,0,0,0,0,0,787,0,0
2025-05-01,Organic Search,SMB,Customer,Inbound,6,2025,2025-Q2,2025-05,21.34,267,832112,832112,0,0,0,0,0,267,5697.78
2025-05-01,Email,Enterprise,Visitors,Nurture,1,2025,2025-Q2,2025-05,0,7221,0,0,7221,0,0,0,0,0,0
2025-05-01,Email,Enterprise,Leads,Nurture,2,2025,2025-Q2,2025-05,0,951,0,0,0,951,0,0,0,0,0
2025-05-01,Email,Enterprise,MQL,Nurture,3,2025,2025-Q2,2025-05,0,411,0,0,0,0,411,0,0,0,0
2025-05-01,Email,Enterprise,SQL,Nurture,4,2025,2025-Q2,2025-05,89.32,224,0,0,0,0,0,224,0,0,0
2025-05-01,Email,Enterprise,Opportunity,Nurture,5,2025,2025-Q2,2025-05,89.32,138,3813626,0,0,0,0,0,138,0,0
2025-05-01,Email,Enterprise,Customer,Nurture,6,2025,2025-Q2,2025-05,89.32,58,1597241,1597241,0,0,0,0,0,58,5180.56
2025-05-01,Email,Mid-Market,Visitors,Nurture,1,2025,2025-Q2,2025-05,0,11365,0,0,11365,0,0,0,0,0,0
2025-05-01,Email,Mid-Market,Leads,Nurture,2,2025,2025-Q2,2025-05,0,1489,0,0,0,1489,0,0,0,0,0
2025-05-01,Email,Mid-Market,MQL,Nurture,3,2025,2025-Q2,2025-05,0,632,0,0,0,0,632,0,0,0,0
2025-05-01,Email,Mid-Market,SQL,Nurture,4,2025,2025-Q2,2025-05,43.98,344,0,0,0,0,0,344,0,0,0
2025-05-01,Email,Mid-Market,Opportunity,Nurture,5,2025,2025-Q2,2025-05,43.98,216,2011766,0,0,0,0,0,216,0,0
2025-05-01,Email,Mid-Market,Customer,Nurture,6,2025,2025-Q2,2025-05,43.98,75,698585,698585,0,0,0,0,0,75,3298.5
2025-05-01,Email,SMB,Visitors,Nurture,1,2025,2025-Q2,2025-05,0,15080,0,0,15080,0,0,0,0,0,0
2025-05-01,Email,SMB,Leads,Nurture,2,2025,2025-Q2,2025-05,0,2035,0,0,0,2035,0,0,0,0,0
2025-05-01,Email,SMB,MQL,Nurture,3,2025,2025-Q2,2025-05,0,855,0,0,0,0,855,0,0,0,0
2025-05-01,Email,SMB,SQL,Nurture,4,2025,2025-Q2,2025-05,20.93,479,0,0,0,0,0,479,0,0,0
2025-05-01,Email,SMB,Opportunity,Nurture,5,2025,2025-Q2,2025-05,20.93,294,960585,0,0,0,0,0,294,0,0
2025-05-01,Email,SMB,Customer,Nurture,6,2025,2025-Q2,2025-05,20.93,101,328930,328930,0,0,0,0,0,101,2113.93
2025-05-01,Webinar,Enterprise,Visitors,Nurture,1,2025,2025-Q2,2025-05,0,3111,0,0,3111,0,0,0,0,0,0
2025-05-01,Webinar,Enterprise,Leads,Nurture,2,2025,2025-Q2,2025-05,0,483,0,0,0,483,0,0,0,0,0
2025-05-01,Webinar,Enterprise,MQL,Nurture,3,2025,2025-Q2,2025-05,0,199,0,0,0,0,199,0,0,0,0
2025-05-01,Webinar,Enterprise,SQL,Nurture,4,2025,2025-Q2,2025-05,88.76,110,0,0,0,0,0,110,0,0,0
2025-05-01,Webinar,Enterprise,Opportunity,Nurture,5,2025,2025-Q2,2025-05,88.76,66,1981034,0,0,0,0,0,66,0,0
2025-05-01,Webinar,Enterprise,Customer,Nurture,6,2025,2025-Q2,2025-05,88.76,25,750061,750061,0,0,0,0,0,25,2219.0
2025-05-01,Webinar,Mid-Market,Visitors,Nurture,1,2025,2025-Q2,2025-05,0,4592,0,0,4592,0,0,0,0,0,0
2025-05-01,Webinar,Mid-Market,Leads,Nurture,2,2025,2025-Q2,2025-05,0,714,0,0,0,714,0,0,0,0,0
2025-05-01,Webinar,Mid-Market,MQL,Nurture,3,2025,2025-Q2,2025-05,0,291,0,0,0,0,291,0,0,0,0
2025-05-01,Webinar,Mid-Market,SQL,Nurture,4,2025,2025-Q2,2025-05,46.77,160,0,0,0,0,0,160,0,0,0
2025-05-01,Webinar,Mid-Market,Opportunity,Nurture,5,2025,2025-Q2,2025-05,46.77,98,905881,0,0,0,0,0,98,0,0
2025-05-01,Webinar,Mid-Market,Customer,Nurture,6,2025,2025-Q2,2025-05,46.77,37,344407,344407,0,0,0,0,0,37,1730.49
2025-05-01,Webinar,SMB,Visitors,Nurture,1,2025,2025-Q2,2025-05,0,5865,0,0,5865,0,0,0,0,0,0
2025-05-01,Webinar,SMB,Leads,Nurture,2,2025,2025-Q2,2025-05,0,895,0,0,0,895,0,0,0,0,0
2025-05-01,Webinar,SMB,MQL,Nurture,3,2025,2025-Q2,2025-05,0,371,0,0,0,0,371,0,0,0,0
2025-05-01,Webinar,SMB,SQL,Nurture,4,2025,2025-Q2,2025-05,21.02,198,0,0,0,0,0,198,0,0,0
2025-05-01,Webinar,SMB,Opportunity,Nurture,5,2025,2025-Q2,2025-05,21.02,119,365433,0,0,0,0,0,119,0,0
2025-05-01,Webinar,SMB,Customer,Nurture,6,2025,2025-Q2,2025-05,21.02,43,132593,132593,0,0,0,0,0,43,903.86
2025-05-01,Partner,Enterprise,Visitors,Partner,1,2025,2025-Q2,2025-05,0,5062,0,0,5062,0,0,0,0,0,0
2025-05-01,Partner,Enterprise,Leads,Partner,2,2025,2025-Q2,2025-05,0,531,0,0,0,531,0,0,0,0,0
2025-05-01,Partner,Enterprise,MQL,Partner,3,2025,2025-Q2,2025-05,0,223,0,0,0,0,223,0,0,0,0
2025-05-01,Partner,Enterprise,SQL,Partner,4,2025,2025-Q2,2025-05,85.59,126,0,0,0,0,0,126,0,0,0
2025-05-01,Partner,Enterprise,Opportunity,Partner,5,2025,2025-Q2,2025-05,85.59,73,2084377,0,0,0,0,0,73,0,0
2025-05-01,Partner,Enterprise,Customer,Partner,6,2025,2025-Q2,2025-05,85.59,33,942991,942991,0,0,0,0,0,33,2824.47
2025-05-01,Partner,Mid-Market,Visitors,Partner,1,2025,2025-Q2,2025-05,0,8078,0,0,8078,0,0,0,0,0,0
2025-05-01,Partner,Mid-Market,Leads,Partner,2,2025,2025-Q2,2025-05,0,832,0,0,0,832,0,0,0,0,0
2025-05-01,Partner,Mid-Market,MQL,Partner,3,2025,2025-Q2,2025-05,0,342,0,0,0,0,342,0,0,0,0
2025-05-01,Partner,Mid-Market,SQL,Partner,4,2025,2025-Q2,2025-05,45.61,193,0,0,0,0,0,193,0,0,0
2025-05-01,Partner,Mid-Market,Opportunity,Partner,5,2025,2025-Q2,2025-05,45.61,115,1099670,0,0,0,0,0,115,0,0
2025-05-01,Partner,Mid-Market,Customer,Partner,6,2025,2025-Q2,2025-05,45.61,46,439054,439054,0,0,0,0,0,46,2098.06
2025-05-01,Partner,SMB,Visitors,Partner,1,2025,2025-Q2,2025-05,0,10219,0,0,10219,0,0,0,0,0,0
2025-05-01,Partner,SMB,Leads,Partner,2,2025,2025-Q2,2025-05,0,1044,0,0,0,1044,0,0,0,0,0
2025-05-01,Partner,SMB,MQL,Partner,3,2025,2025-Q2,2025-05,0,444,0,0,0,0,444,0,0,0,0
2025-05-01,Partner,SMB,SQL,Partner,4,2025,2025-Q2,2025-05,21.28,243,0,0,0,0,0,243,0,0,0
2025-05-01,Partner,SMB,Opportunity,Partner,5,2025,2025-Q2,2025-05,21.28,152,467990,0,0,0,0,0,152,0,0
2025-05-01,Partner,SMB,Customer,Partner,6,2025,2025-Q2,2025-05,21.28,52,159141,159141,0,0,0,0,0,52,1106.56
2025-05-01,Direct,Enterprise,Visitors,Inbound,1,2025,2025-Q2,2025-05,0,11329,0,0,11329,0,0,0,0,0,0
2025-05-01,Direct,Enterprise,Leads,Inbound,2,2025,2025-Q2,2025-05,0,1026,0,0,0,1026,0,0,0,0,0
2025-05-01,Direct,Enterprise,MQL,Inbound,3,2025,2025-Q2,2025-05,0,429,0,0,0,0,429,0,0,0,0
2025-05-01,Direct,Enterprise,SQL,Inbound,4,2025,2025-Q2,2025-05,89.28,228,0,0,0,0,0,228,0,0,0
2025-05-01,Direct,Enterprise,Opportunity,Inbound,5,2025,2025-Q2,2025-05,89.28,139,3901054,0,0,0,0,0,139,0,0
2025-05-01,Direct,Enterprise,Customer,Inbound,6,2025,2025-Q2,2025-05,89.28,63,1780833,1780833,0,0,0,0,0,63,5624.64
2025-05-01,Direct,Mid-Market,Visitors,Inbound,1,2025,2025-Q2,2025-05,0,17478,0,0,17478,0,0,0,0,0,0
2025-05-01,Direct,Mid-Market,Leads,Inbound,2,2025,2025-Q2,2025-05,0,1561,0,0,0,1561,0,0,0,0,0
2025-05-01,Direct,Mid-Market,MQL,Inbound,3,2025,2025-Q2,2025-05,0,649,0,0,0,0,649,0,0,0,0
2025-05-01,Direct,Mid-Market,SQL,Inbound,4,2025,2025-Q2,2025-05,46.8,345,0,0,0,0,0,345,0,0,0
2025-05-01,Direct,Mid-Market,Opportunity,Inbound,5,2025,2025-Q2,2025-05,46.8,215,1960165,0,0,0,0,0,215,0,0
2025-05-01,Direct,Mid-Market,Customer,Inbound,6,2025,2025-Q2,2025-05,46.8,81,738507,738507,0,0,0,0,0,81,3790.8
2025-05-01,Direct,SMB,Visitors,Inbound,1,2025,2025-Q2,2025-05,0,23732,0,0,23732,0,0,0,0,0,0
2025-05-01,Direct,SMB,Leads,Inbound,2,2025,2025-Q2,2025-05,0,2134,0,0,0,2134,0,0,0,0,0
2025-05-01,Direct,SMB,MQL,Inbound,3,2025,2025-Q2,2025-05,0,881,0,0,0,0,881,0,0,0,0
2025-05-01,Direct,SMB,SQL,Inbound,4,2025,2025-Q2,2025-05,20.18,471,0,0,0,0,0,471,0,0,0
2025-05-01,Direct,SMB,Opportunity,Inbound,5,2025,2025-Q2,2025-05,20.18,303,964267,0,0,0,0,0,303,0,0
2025-05-01,Direct,SMB,Customer,Inbound,6,2025,2025-Q2,2025-05,20.18,102,324591,324591,0,0,0,0,0,102,2058.36
2025-06-01,Paid Search,Enterprise,Visitors,Paid,1,2025,2025-Q2,2025-06,0,15794,0,0,15794,0,0,0,0,0,0
2025-06-01,Paid Search,Enterprise,Leads,Paid,2,2025,2025-Q2,2025-06,0,1648,0,0,0,1648,0,0,0,0,0
2025-06-01,Paid Search,Enterprise,MQL,Paid,3,2025,2025-Q2,2025-06,0,719,0,0,0,0,719,0,0,0,0
2025-06-01,Paid Search,Enterprise,SQL,Paid,4,2025,2025-Q2,2025-06,88.54,390,0,0,0,0,0,390,0,0,0
2025-06-01,Paid Search,Enterprise,Opportunity,Paid,5,2025,2025-Q2,2025-06,88.54,247,7381900,0,0,0,0,0,247,0,0
2025-06-01,Paid Search,Enterprise,Customer,Paid,6,2025,2025-Q2,2025-06,88.54,110,3279212,3279212,0,0,0,0,0,110,9739.4
2025-06-01,Paid Search,Mid-Market,Visitors,Paid,1,2025,2025-Q2,2025-06,0,22707,0,0,22707,0,0,0,0,0,0
2025-06-01,Paid Search,Mid-Market,Leads,Paid,2,2025,2025-Q2,2025-06,0,2447,0,0,0,2447,0,0,0,0,0
2025-06-01,Paid Search,Mid-Market,MQL,Paid,3,2025,2025-Q2,2025-06,0,1038,0,0,0,0,1038,0,0,0,0
2025-06-01,Paid Search,Mid-Market,SQL,Paid,4,2025,2025-Q2,2025-06,47.19,572,0,0,0,0,0,572,0,0,0
2025-06-01,Paid Search,Mid-Market,Opportunity,Paid,5,2025,2025-Q2,2025-06,47.19,363,3262215,0,0,0,0,0,363,0,0
2025-06-01,Paid Search,Mid-Market,Customer,Paid,6,2025,2025-Q2,2025-06,47.19,131,1179412,1179412,0,0,0,0,0,131,6181.89
2025-06-01,Paid Search,SMB,Visitors,Paid,1,2025,2025-Q2,2025-06,0,30359,0,0,30359,0,0,0,0,0,0
2025-06-01,Paid Search,SMB,Leads,Paid,2,2025,2025-Q2,2025-06,0,3354,0,0,0,3354,0,0,0,0,0
2025-06-01,Paid Search,SMB,MQL,Paid,3,2025,2025-Q2,2025-06,0,1402,0,0,0,0,1402,0,0,0,0
2025-06-01,Paid Search,SMB,SQL,Paid,4,2025,2025-Q2,2025-06,20.85,786,0,0,0,0,0,786,0,0,0
2025-06-01,Paid Search,SMB,Opportunity,Paid,5,2025,2025-Q2,2025-06,20.85,486,1497496,0,0,0,0,0,486,0,0
2025-06-01,Paid Search,SMB,Customer,Paid,6,2025,2025-Q2,2025-06,20.85,165,509466,509466,0,0,0,0,0,165,3440.25
2025-06-01,Paid Social,Enterprise,Visitors,Paid,1,2025,2025-Q2,2025-06,0,18290,0,0,18290,0,0,0,0,0,0
2025-06-01,Paid Social,Enterprise,Leads,Paid,2,2025,2025-Q2,2025-06,0,1360,0,0,0,1360,0,0,0,0,0
2025-06-01,Paid Social,Enterprise,MQL,Paid,3,2025,2025-Q2,2025-06,0,571,0,0,0,0,571,0,0,0,0
2025-06-01,Paid Social,Enterprise,SQL,Paid,4,2025,2025-Q2,2025-06,85.76,311,0,0,0,0,0,311,0,0,0
2025-06-01,Paid Social,Enterprise,Opportunity,Paid,5,2025,2025-Q2,2025-06,85.76,194,5562189,0,0,0,0,0,194,0,0
2025-06-01,Paid Social,Enterprise,Customer,Paid,6,2025,2025-Q2,2025-06,85.76,84,2405830,2405830,0,0,0,0,0,84,7203.84
2025-06-01,Paid Social,Mid-Market,Visitors,Paid,1,2025,2025-Q2,2025-06,0,29621,0,0,29621,0,0,0,0,0,0
2025-06-01,Paid Social,Mid-Market,Leads,Paid,2,2025,2025-Q2,2025-06,0,2239,0,0,0,2239,0,0,0,0,0
2025-06-01,Paid Social,Mid-Market,MQL,Paid,3,2025,2025-Q2,2025-06,0,930,0,0,0,0,930,0,0,0,0
2025-06-01,Paid Social,Mid-Market,SQL,Paid,4,2025,2025-Q2,2025-06,45.62,515,0,0,0,0,0,515,0,0,0
2025-06-01,Paid Social,Mid-Market,Opportunity,Paid,5,2025,2025-Q2,2025-06,45.62,312,2948451,0,0,0,0,0,312,0,0
2025-06-01,Paid Social,Mid-Market,Customer,Paid,6,2025,2025-Q2,2025-06,45.62,110,1037744,1037744,0,0,0,0,0,110,5018.2
2025-06-01,Paid Social,SMB,Visitors,Paid,1,2025,2025-Q2,2025-06,0,36761,0,0,36761,0,0,0,0,0,0
2025-06-01,Paid Social,SMB,Leads,Paid,2,2025,2025-Q2,2025-06,0,2731,0,0,0,2731,0,0,0,0,0
2025-06-01,Paid Social,SMB,MQL,Paid,3,2025,2025-Q2,2025-06,0,1125,0,0,0,0,1125,0,0,0,0
2025-06-01,Paid Social,SMB,SQL,Paid,4,2025,2025-Q2,2025-06,21.18,613,0,0,0,0,0,613,0,0,0
2025-06-01,Paid Social,SMB,Opportunity,Paid,5,2025,2025-Q2,2025-06,21.18,373,1176552,0,0,0,0,0,373,0,0
2025-06-01,Paid Social,SMB,Customer,Paid,6,2025,2025-Q2,2025-06,21.18,123,387806,387806,0,0,0,0,0,123,2605.14
2025-06-01,Organic Search,Enterprise,Visitors,Inbound,1,2025,2025-Q2,2025-06,0,23193,0,0,23193,0,0,0,0,0,0
2025-06-01,Organic Search,Enterprise,Leads,Inbound,2,2025,2025-Q2,2025-06,0,2646,0,0,0,2646,0,0,0,0,0
2025-06-01,Organic Search,Enterprise,MQL,Inbound,3,2025,2025-Q2,2025-06,0,1072,0,0,0,0,1072,0,0,0,0
2025-06-01,Organic Search,Enterprise,SQL,Inbound,4,2025,2025-Q2,2025-06,90.32,610,0,0,0,0,0,610,0,0,0
2025-06-01,Organic Search,Enterprise,Opportunity,Inbound,5,2025,2025-Q2,2025-06,90.32,381,10608746,0,0,0,0,0,381,0,0
2025-06-01,Organic Search,Enterprise,Customer,Inbound,6,2025,2025-Q2,2025-06,90.32,167,4641304,4641304,0,0,0,0,0,167,15083.44
2025-06-01,Organic Search,Mid-Market,Visitors,Inbound,1,2025,2025-Q2,2025-06,0,36535,0,0,36535,0,0,0,0,0,0
2025-06-01,Organic Search,Mid-Market,Leads,Inbound,2,2025,2025-Q2,2025-06,0,4095,0,0,0,4095,0,0,0,0,0
2025-06-01,Organic Search,Mid-Market,MQL,Inbound,3,2025,2025-Q2,2025-06,0,1706,0,0,0,0,1706,0,0,0,0
2025-06-01,Organic Search,Mid-Market,SQL,Inbound,4,2025,2025-Q2,2025-06,46.46,968,0,0,0,0,0,968,0,0,0
2025-06-01,Organic Search,Mid-Market,Opportunity,Inbound,5,2025,2025-Q2,2025-06,46.46,595,5455941,0,0,0,0,0,595,0,0
2025-06-01,Organic Search,Mid-Market,Customer,Inbound,6,2025,2025-Q2,2025-06,46.46,217,1991248,1991248,0,0,0,0,0,217,10081.82
2025-06-01,Organic Search,SMB,Visitors,Inbound,1,2025,2025-Q2,2025-06,0,49119,0,0,49119,0,0,0,0,0,0
2025-06-01,Organic Search,SMB,Leads,Inbound,2,2025,2025-Q2,2025-06,0,5433,0,0,0,5433,0,0,0,0,0
2025-06-01,Organic Search,SMB,MQL,Inbound,3,2025,2025-Q2,2025-06,0,2344,0,0,0,0,2344,0,0,0,0
2025-06-01,Organic Search,SMB,SQL,Inbound,4,2025,2025-Q2,2025-06,20.17,1303,0,0,0,0,0,1303,0,0,0
2025-06-01,Organic Search,SMB,Opportunity,Inbound,5,2025,2025-Q2,2025-06,20.17,809,2569253,0,0,0,0,0,809,0,0
2025-06-01,Organic Search,SMB,Customer,Inbound,6,2025,2025-Q2,2025-06,20.17,276,877786,877786,0,0,0,0,0,276,5566.92
2025-06-01,Email,Enterprise,Visitors,Nurture,1,2025,2025-Q2,2025-06,0,7458,0,0,7458,0,0,0,0,0,0
2025-06-01,Email,Enterprise,Leads,Nurture,2,2025,2025-Q2,2025-06,0,991,0,0,0,991,0,0,0,0,0
2025-06-01,Email,Enterprise,MQL,Nurture,3,2025,2025-Q2,2025-06,0,407,0,0,0,0,407,0,0,0,0
2025-06-01,Email,Enterprise,SQL,Nurture,4,2025,2025-Q2,2025-06,85.83,226,0,0,0,0,0,226,0,0,0
2025-06-01,Email,Enterprise,Opportunity,Nurture,5,2025,2025-Q2,2025-06,85.83,137,4011392,0,0,0,0,0,137,0,0
2025-06-01,Email,Enterprise,Customer,Nurture,6,2025,2025-Q2,2025-06,85.83,56,1637491,1637491,0,0,0,0,0,56,4806.48
2025-06-01,Email,Mid-Market,Visitors,Nurture,1,2025,2025-Q2,2025-06,0,11210,0,0,11210,0,0,0,0,0,0
2025-06-01,Email,Mid-Market,Leads,Nurture,2,2025,2025-Q2,2025-06,0,1468,0,0,0,1468,0,0,0,0,0
2025-06-01,Email,Mid-Market,MQL,Nurture,3,2025,2025-Q2,2025-06,0,628,0,0,0,0,628,0,0,0,0
2025-06-01,Email,Mid-Market,SQL,Nurture,4,2025,2025-Q2,2025-06,46.42,339,0,0,0,0,0,339,0,0,0
2025-06-01,Email,Mid-Market,Opportunity,Nurture,5,2025,2025-Q2,2025-06,46.42,209,1962841,0,0,0,0,0,209,0,0
2025-06-01,Email,Mid-Market,Customer,Nurture,6,2025,2025-Q2,2025-06,46.42,73,688183,688183,0,0,0,0,0,73,3388.66
2025-06-01,Email,SMB,Visitors,Nurture,1,2025,2025-Q2,2025-06,0,14144,0,0,14144,0,0,0,0,0,0
2025-06-01,Email,SMB,Leads,Nurture,2,2025,2025-Q2,2025-06,0,1822,0,0,0,1822,0,0,0,0,0
2025-06-01,Email,SMB,MQL,Nurture,3,2025,2025-Q2,2025-06,0,774,0,0,0,0,774,0,0,0,0
2025-06-01,Email,SMB,SQL,Nurture,4,2025,2025-Q2,2025-06,21.61,409,0,0,0,0,0,409,0,0,0
2025-06-01,Email,SMB,Opportunity,Nurture,5,2025,2025-Q2,2025-06,21.61,255,779762,0,0,0,0,0,255,0,0
2025-06-01,Email,SMB,Customer,Nurture,6,2025,2025-Q2,2025-06,21.61,83,254560,254560,0,0,0,0,0,83,1793.63
2025-06-01,Webinar,Enterprise,Visitors,Nurture,1,2025,2025-Q2,2025-06,0,2918,0,0,2918,0,0,0,0,0,0
2025-06-01,Webinar,Enterprise,Leads,Nurture,2,2025,2025-Q2,2025-06,0,438,0,0,0,438,0,0,0,0,0
2025-06-01,Webinar,Enterprise,MQL,Nurture,3,2025,2025-Q2,2025-06,0,187,0,0,0,0,187,0,0,0,0
2025-06-01,Webinar,Enterprise,SQL,Nurture,4,2025,2025-Q2,2025-06,90.15,105,0,0,0,0,0,105,0,0,0
2025-06-01,Webinar,Enterprise,Opportunity,Nurture,5,2025,2025-Q2,2025-06,90.15,63,1784351,0,0,0,0,0,63,0,0
2025-06-01,Webinar,Enterprise,Customer,Nurture,6,2025,2025-Q2,2025-06,90.15,25,696168,696168,0,0,0,0,0,25,2253.75
2025-06-01,Webinar,Mid-Market,Visitors,Nurture,1,2025,2025-Q2,2025-06,0,4611,0,0,4611,0,0,0,0,0,0
2025-06-01,Webinar,Mid-Market,Leads,Nurture,2,2025,2025-Q2,2025-06,0,704,0,0,0,704,0,0,0,0,0
2025-06-01,Webinar,Mid-Market,MQL,Nurture,3,2025,2025-Q2,2025-06,0,307,0,0,0,0,307,0,0,0,0
2025-06-01,Webinar,Mid-Market,SQL,Nurture,4,2025,2025-Q2,2025-06,43.44,168,0,0,0,0,0,168,0,0,0
2025-06-01,Webinar,Mid-Market,Opportunity,Nurture,5,2025,2025-Q2,2025-06,43.44,107,987746,0,0,0,0,0,107,0,0
2025-06-01,Webinar,Mid-Market,Customer,Nurture,6,2025,2025-Q2,2025-06,43.44,40,371893,371893,0,0,0,0,0,40,1737.6
2025-06-01,Webinar,SMB,Visitors,Nurture,1,2025,2025-Q2,2025-06,0,6109,0,0,6109,0,0,0,0,0,0
2025-06-01,Webinar,SMB,Leads,Nurture,2,2025,2025-Q2,2025-06,0,963,0,0,0,963,0,0,0,0,0
2025-06-01,Webinar,SMB,MQL,Nurture,3,2025,2025-Q2,2025-06,0,408,0,0,0,0,408,0,0,0,0
2025-06-01,Webinar,SMB,SQL,Nurture,4,2025,2025-Q2,2025-06,20.6,224,0,0,0,0,0,224,0,0,0
2025-06-01,Webinar,SMB,Opportunity,Nurture,5,2025,2025-Q2,2025-06,20.6,142,450654,0,0,0,0,0,142,0,0
2025-06-01,Webinar,SMB,Customer,Nurture,6,2025,2025-Q2,2025-06,20.6,49,156190,156190,0,0,0,0,0,49,1009.4
2025-06-01,Partner,Enterprise,Visitors,Partner,1,2025,2025-Q2,2025-06,0,5061,0,0,5061,0,0,0,0,0,0
2025-06-01,Partner,Enterprise,Leads,Partner,2,2025,2025-Q2,2025-06,0,507,0,0,0,507,0,0,0,0,0
2025-06-01,Partner,Enterprise,MQL,Partner,3,2025,2025-Q2,2025-06,0,216,0,0,0,0,216,0,0,0,0
2025-06-01,Partner,Enterprise,SQL,Partner,4,2025,2025-Q2,2025-06,88.84,117,0,0,0,0,0,117,0,0,0
2025-06-01,Partner,Enterprise,Opportunity,Partner,5,2025,2025-Q2,2025-06,88.84,69,2022936,0,0,0,0,0,69,0,0
2025-06-01,Partner,Enterprise,Customer,Partner,6,2025,2025-Q2,2025-06,88.84,29,847008,847008,0,0,0,0,0,29,2576.36
2025-06-01,Partner,Mid-Market,Visitors,Partner,1,2025,2025-Q2,2025-06,0,7629,0,0,7629,0,0,0,0,0,0
2025-06-01,Partner,Mid-Market,Leads,Partner,2,2025,2025-Q2,2025-06,0,788,0,0,0,788,0,0,0,0,0
2025-06-01,Partner,Mid-Market,MQL,Partner,3,2025,2025-Q2,2025-06,0,326,0,0,0,0,326,0,0,0,0
2025-06-01,Partner,Mid-Market,SQL,Partner,4,2025,2025-Q2,2025-06,48.12,184,0,0,0,0,0,184,0,0,0
2025-06-01,Partner,Mid-Market,Opportunity,Partner,5,2025,2025-Q2,2025-06,48.12,110,1012525,0,0,0,0,0,110,0,0
2025-06-01,Partner,Mid-Market,Customer,Partner,6,2025,2025-Q2,2025-06,48.12,42,387825,387825,0,0,0,0,0,42,2021.04
2025-06-01,Partner,SMB,Visitors,Partner,1,2025,2025-Q2,2025-06,0,9967,0,0,9967,0,0,0,0,0,0
2025-06-01,Partner,SMB,Leads,Partner,2,2025,2025-Q2,2025-06,0,1026,0,0,0,1026,0,0,0,0,0
2025-06-01,Partner,SMB,MQL,Partner,3,2025,2025-Q2,2025-06,0,422,0,0,0,0,422,0,0,0,0
2025-06-01,Partner,SMB,SQL,Partner,4,2025,2025-Q2,2025-06,20.58,238,0,0,0,0,0,238,0,0,0
2025-06-01,Partner,SMB,Opportunity,Partner,5,2025,2025-Q2,2025-06,20.58,140,424268,0,0,0,0,0,140,0,0
2025-06-01,Partner,SMB,Customer,Partner,6,2025,2025-Q2,2025-06,20.58,48,145607,145607,0,0,0,0,0,48,987.84
2025-06-01,Direct,Enterprise,Visitors,Inbound,1,2025,2025-Q2,2025-06,0,11461,0,0,11461,0,0,0,0,0,0
2025-06-01,Direct,Enterprise,Leads,Inbound,2,2025,2025-Q2,2025-06,0,1042,0,0,0,1042,0,0,0,0,0
2025-06-01,Direct,Enterprise,MQL,Inbound,3,2025,2025-Q2,2025-06,0,415,0,0,0,0,415,0,0,0,0
2025-06-01,Direct,Enterprise,SQL,Inbound,4,2025,2025-Q2,2025-06,84.6,235,0,0,0,0,0,235,0,0,0
2025-06-01,Direct,Enterprise,Opportunity,Inbound,5,2025,2025-Q2,2025-06,84.6,146,4157209,0,0,0,0,0,146,0,0
2025-06-01,Direct,Enterprise,Customer,Inbound,6,2025,2025-Q2,2025-06,84.6,62,1769637,1769637,0,0,0,0,0,62,5245.2
2025-06-01,Direct,Mid-Market,Visitors,Inbound,1,2025,2025-Q2,2025-06,0,18069,0,0,18069,0,0,0,0,0,0
2025-06-01,Direct,Mid-Market,Leads,Inbound,2,2025,2025-Q2,2025-06,0,1618,0,0,0,1618,0,0,0,0,0
2025-06-01,Direct,Mid-Market,MQL,Inbound,3,2025,2025-Q2,2025-06,0,667,0,0,0,0,667,0,0,0,0
2025-06-01,Direct,Mid-Market,SQL,Inbound,4,2025,2025-Q2,2025-06,45.01,382,0,0,0,0,0,382,0,0,0
2025-06-01,Direct,Mid-Market,Opportunity,Inbound,5,2025,2025-Q2,2025-06,45.01,237,2251798,0,0,0,0,0,237,0,0
2025-06-01,Direct,Mid-Market,Customer,Inbound,6,2025,2025-Q2,2025-06,45.01,87,824453,824453,0,0,0,0,0,87,3915.87
2025-06-01,Direct,SMB,Visitors,Inbound,1,2025,2025-Q2,2025-06,0,23399,0,0,23399,0,0,0,0,0,0
2025-06-01,Direct,SMB,Leads,Inbound,2,2025,2025-Q2,2025-06,0,2073,0,0,0,2073,0,0,0,0,0
2025-06-01,Direct,SMB,MQL,Inbound,3,2025,2025-Q2,2025-06,0,877,0,0,0,0,877,0,0,0,0
2025-06-01,Direct,SMB,SQL,Inbound,4,2025,2025-Q2,2025-06,21.61,495,0,0,0,0,0,495,0,0,0
2025-06-01,Direct,SMB,Opportunity,Inbound,5,2025,2025-Q2,2025-06,21.61,302,978338,0,0,0,0,0,302,0,0
2025-06-01,Direct,SMB,Customer,Inbound,6,2025,2025-Q2,2025-06,21.61,101,326962,326962,0,0,0,0,0,101,2182.61
2025-07-01,Paid Search,Enterprise,Visitors,Paid,1,2025,2025-Q3,2025-07,0,15808,0,0,15808,0,0,0,0,0,0
2025-07-01,Paid Search,Enterprise,Leads,Paid,2,2025,2025-Q3,2025-07,0,1741,0,0,0,1741,0,0,0,0,0
2025-07-01,Paid Search,Enterprise,MQL,Paid,3,2025,2025-Q3,2025-07,0,733,0,0,0,0,733,0,0,0,0
2025-07-01,Paid Search,Enterprise,SQL,Paid,4,2025,2025-Q3,2025-07,90.39,412,0,0,0,0,0,412,0,0,0
2025-07-01,Paid Search,Enterprise,Opportunity,Paid,5,2025,2025-Q3,2025-07,90.39,252,7099340,0,0,0,0,0,252,0,0
2025-07-01,Paid Search,Enterprise,Customer,Paid,6,2025,2025-Q3,2025-07,90.39,110,3107592,3107592,0,0,0,0,0,110,9942.9
2025-07-01,Paid Search,Mid-Market,Visitors,Paid,1,2025,2025-Q3,2025-07,0,25264,0,0,25264,0,0,0,0,0,0
2025-07-01,Paid Search,Mid-Market,Leads,Paid,2,2025,2025-Q3,2025-07,0,2758,0,0,0,2758,0,0,0,0,0
2025-07-01,Paid Search,Mid-Market,MQL,Paid,3,2025,2025-Q3,2025-07,0,1186,0,0,0,0,1186,0,0,0,0
2025-07-01,Paid Search,Mid-Market,SQL,Paid,4,2025,2025-Q3,2025-07,43.92,659,0,0,0,0,0,659,0,0,0
2025-07-01,Paid Search,Mid-Market,Opportunity,Paid,5,2025,2025-Q3,2025-07,43.92,407,3767365,0,0,0,0,0,407,0,0
2025-07-01,Paid Search,Mid-Market,Customer,Paid,6,2025,2025-Q3,2025-07,43.92,148,1370695,1370695,0,0,0,0,0,148,6500.16
2025-07-01,Paid Search,SMB,Visitors,Paid,1,2025,2025-Q3,2025-07,0,32888,0,0,32888,0,0,0,0,0,0
2025-07-01,Paid Search,SMB,Leads,Paid,2,2025,2025-Q3,2025-07,0,3530,0,0,0,3530,0,0,0,0,0
2025-07-01,Paid Search,SMB,MQL,Paid,3,2025,2025-Q3,2025-07,0,1514,0,0,0,0,1514,0,0,0,0
2025-07-01,Paid Search,SMB,SQL,Paid,4,2025,2025-Q3,2025-07,20.84,825,0,0,0,0,0,825,0,0,0
2025-07-01,Paid Search,SMB,Opportunity,Paid,5,2025,2025-Q3,2025-07,20.84,517,1679333,0,0,0,0,0,517,0,0
2025-07-01,Paid Search,SMB,Customer,Paid,6,2025,2025-Q3,2025-07,20.84,168,544627,544627,0,0,0,0,0,168,3501.12
2025-07-01,Paid Social,Enterprise,Visitors,Paid,1,2025,2025-Q3,2025-07,0,19464,0,0,19464,0,0,0,0,0,0
2025-07-01,Paid Social,Enterprise,Leads,Paid,2,2025,2025-Q3,2025-07,0,1426,0,0,0,1426,0,0,0,0,0
2025-07-01,Paid Social,Enterprise,MQL,Paid,3,2025,2025-Q3,2025-07,0,606,0,0,0,0,606,0,0,0,0
2025-07-01,Paid Social,Enterprise,SQL,Paid,4,2025,2025-Q3,2025-07,88.64,319,0,0,0,0,0,319,0,0,0
2025-07-01,Paid Social,Enterprise,Opportunity,Paid,5,2025,2025-Q3,2025-07,88.64,198,5802028,0,0,0,0,0,198,0,0
2025-07-01,Paid Social,Enterprise,Customer,Paid,6,2025,2025-Q3,2025-07,88.64,84,2468172,2468172,0,0,0,0,0,84,7445.76
2025-07-01,Paid Social,Mid-Market,Visitors,Paid,1,2025,2025-Q3,2025-07,0,29534,0,0,29534,0,0,0,0,0,0
2025-07-01,Paid Social,Mid-Market,Leads,Paid,2,2025,2025-Q3,2025-07,0,2153,0,0,0,2153,0,0,0,0,0
2025-07-01,Paid Social,Mid-Market,MQL,Paid,3,2025,2025-Q3,2025-07,0,889,0,0,0,0,889,0,0,0,0
2025-07-01,Paid Social,Mid-Market,SQL,Paid,4,2025,2025-Q3,2025-07,48.19,475,0,0,0,0,0,475,0,0,0
2025-07-01,Paid Social,Mid-Market,Opportunity,Paid,5,2025,2025-Q3,2025-07,48.19,290,2683929,0,0,0,0,0,290,0,0
2025-07-01,Paid Social,Mid-Market,Customer,Paid,6,2025,2025-Q3,2025-07,48.19,100,926690,926690,0,0,0,0,0,100,4819.0
2025-07-01,Paid Social,SMB,Visitors,Paid,1,2025,2025-Q3,2025-07,0,38450,0,0,38450,0,0,0,0,0,0
2025-07-01,Paid Social,SMB,Leads,Paid,2,2025,2025-Q3,2025-07,0,2862,0,0,0,2862,0,0,0,0,0
2025-07-01,Paid Social,SMB,MQL,Paid,3,2025,2025-Q3,2025-07,0,1183,0,0,0,0,1183,0,0,0,0
2025-07-01,Paid Social,SMB,SQL,Paid,4,2025,2025-Q3,2025-07,20.37,646,0,0,0,0,0,646,0,0,0
2025-07-01,Paid Social,SMB,Opportunity,Paid,5,2025,2025-Q3,2025-07,20.37,388,1194973,0,0,0,0,0,388,0,0
2025-07-01,Paid Social,SMB,Customer,Paid,6,2025,2025-Q3,2025-07,20.37,128,393601,393601,0,0,0,0,0,128,2607.36
2025-07-01,Organic Search,Enterprise,Visitors,Inbound,1,2025,2025-Q3,2025-07,0,25422,0,0,25422,0,0,0,0,0,0
2025-07-01,Organic Search,Enterprise,Leads,Inbound,2,2025,2025-Q3,2025-07,0,2882,0,0,0,2882,0,0,0,0,0
2025-07-01,Organic Search,Enterprise,MQL,Inbound,3,2025,2025-Q3,2025-07,0,1246,0,0,0,0,1246,0,0,0,0
2025-07-01,Organic Search,Enterprise,SQL,Inbound,4,2025,2025-Q3,2025-07,84.05,679,0,0,0,0,0,679,0,0,0
2025-07-01,Organic Search,Enterprise,Opportunity,Inbound,5,2025,2025-Q3,2025-07,84.05,422,11994994,0,0,0,0,0,422,0,0
2025-07-01,Organic Search,Enterprise,Customer,Inbound,6,2025,2025-Q3,2025-07,84.05,183,5196324,5196324,0,0,0,0,0,183,15381.15
2025-07-01,Organic Search,Mid-Market,Visitors,Inbound,1,2025,2025-Q3,2025-07,0,40689,0,0,40689,0,0,0,0,0,0
2025-07-01,Organic Search,Mid-Market,Leads,Inbound,2,2025,2025-Q3,2025-07,0,4801,0,0,0,4801,0,0,0,0,0
2025-07-01,Organic Search,Mid-Market,MQL,Inbound,3,2025,2025-Q3,2025-07,0,2050,0,0,0,0,2050,0,0,0,0
2025-07-01,Organic Search,Mid-Market,SQL,Inbound,4,2025,2025-Q3,2025-07,45.67,1130,0,0,0,0,0,1130,0,0,0
2025-07-01,Organic Search,Mid-Market,Opportunity,Inbound,5,2025,2025-Q3,2025-07,45.67,701,6710032,0,0,0,0,0,701,0,0
2025-07-01,Organic Search,Mid-Market,Customer,Inbound,6,2025,2025-Q3,2025-07,45.67,255,2445890,2445890,0,0,0,0,0,255,11645.85
2025-07-01,Organic Search,SMB,Visitors,Inbound,1,2025,2025-Q3,2025-07,0,51459,0,0,51459,0,0,0,0,0,0
2025-07-01,Organic Search,SMB,Leads,Inbound,2,2025,2025-Q3,2025-07,0,6100,0,0,0,6100,0,0,0,0,0
2025-07-01,Organic Search,SMB,MQL,Inbound,3,2025,2025-Q3,2025-07,0,2570,0,0,0,0,2570,0,0,0,0
2025-07-01,Organic Search,SMB,SQL,Inbound,4,2025,2025-Q3,2025-07,21.59,1439,0,0,0,0,0,1439,0,0,0
2025-07-01,Organic Search,SMB,Opportunity,Inbound,5,2025,2025-Q3,2025-07,21.59,885,2839237,0,0,0,0,0,885,0,0
2025-07-01,Organic Search,SMB,Customer,Inbound,6,2025,2025-Q3,2025-07,21.59,295,945834,945834,0,0,0,0,0,295,6369.05
2025-07-01,Email,Enterprise,Visitors,Nurture,1,2025,2025-Q3,2025-07,0,7654,0,0,7654,0,0,0,0,0,0
2025-07-01,Email,Enterprise,Leads,Nurture,2,2025,2025-Q3,2025-07,0,1016,0,0,0,1016,0,0,0,0,0
2025-07-01,Email,Enterprise,MQL,Nurture,3,2025,2025-Q3,2025-07,0,415,0,0,0,0,415,0,0,0,0
2025-07-01,Email,Enterprise,SQL,Nurture,4,2025,2025-Q3,2025-07,92.0,232,0,0,0,0,0,232,0,0,0
2025-07-01,Email,Enterprise,Opportunity,Nurture,5,2025,2025-Q3,2025-07,92.0,140,4002692,0,0,0,0,0,140,0,0
2025-07-01,Email,Enterprise,Customer,Nurture,6,2025,2025-Q3,2025-07,92.0,63,1800407,1800407,0,0,0,0,0,63,5796.0
2025-07-01,Email,Mid-Market,Visitors,Nurture,1,2025,2025-Q3,2025-07,0,11548,0,0,11548,0,0,0,0,0,0
2025-07-01,Email,Mid-Market,Leads,Nurture,2,2025,2025-Q3,2025-07,0,1516,0,0,0,1516,0,0,0,0,0
2025-07-01,Email,Mid-Market,MQL,Nurture,3,2025,2025-Q3,2025-07,0,624,0,0,0,0,624,0,0,0,0
2025-07-01,Email,Mid-Market,SQL,Nurture,4,2025,2025-Q3,2025-07,44.63,338,0,0,0,0,0,338,0,0,0
2025-07-01,Email,Mid-Market,Opportunity,Nurture,5,2025,2025-Q3,2025-07,44.63,202,1841071,0,0,0,0,0,202,0,0
2025-07-01,Email,Mid-Market,Customer,Nurture,6,2025,2025-Q3,2025-07,44.63,75,685623,685623,0,0,0,0,0,75,3347.25
2025-07-01,Email,SMB,Visitors,Nurture,1,2025,2025-Q3,2025-07,0,15290,0,0,15290,0,0,0,0,0,0
2025-07-01,Email,SMB,Leads,Nurture,2,2025,2025-Q3,2025-07,0,1995,0,0,0,1995,0,0,0,0,0
2025-07-01,Email,SMB,MQL,Nurture,3,2025,2025-Q3,2025-07,0,836,0,0,0,0,836,0,0,0,0
2025-07-01,Email,SMB,SQL,Nurture,4,2025,2025-Q3,2025-07,20.44,451,0,0,0,0,0,451,0,0,0
2025-07-01,Email,SMB,Opportunity,Nurture,5,2025,2025-Q3,2025-07,20.44,278,881795,0,0,0,0,0,278,0,0
2025-07-01,Email,SMB,Customer,Nurture,6,2025,2025-Q3,2025-07,20.44,96,304529,304529,0,0,0,0,0,96,1962.24
2025-07-01,Webinar,Enterprise,Visitors,Nurture,1,2025,2025-Q3,2025-07,0,3244,0,0,3244,0,0,0,0,0,0
2025-07-01,Webinar,Enterprise,Leads,Nurture,2,2025,2025-Q3,2025-07,0,516,0,0,0,516,0,0,0,0,0
2025-07-01,Webinar,Enterprise,MQL,Nurture,3,2025,2025-Q3,2025-07,0,216,0,0,0,0,216,0,0,0,0
2025-07-01,Webinar,Enterprise,SQL,Nurture,4,2025,2025-Q3,2025-07,85.75,119,0,0,0,0,0,119,0,0,0
2025-07-01,Webinar,Enterprise,Opportunity,Nurture,5,2025,2025-Q3,2025-07,85.75,74,2195099,0,0,0,0,0,74,0,0
2025-07-01,Webinar,Enterprise,Customer,Nurture,6,2025,2025-Q3,2025-07,85.75,32,946019,946019,0,0,0,0,0,32,2744.0
2025-07-01,Webinar,Mid-Market,Visitors,Nurture,1,2025,2025-Q3,2025-07,0,4905,0,0,4905,0,0,0,0,0,0
2025-07-01,Webinar,Mid-Market,Leads,Nurture,2,2025,2025-Q3,2025-07,0,775,0,0,0,775,0,0,0,0,0
2025-07-01,Webinar,Mid-Market,MQL,Nurture,3,2025,2025-Q3,2025-07,0,330,0,0,0,0,330,0,0,0,0
2025-07-01,Webinar,Mid-Market,SQL,Nurture,4,2025,2025-Q3,2025-07,47.31,181,0,0,0,0,0,181,0,0,0
2025-07-01,Webinar,Mid-Market,Opportunity,Nurture,5,2025,2025-Q3,2025-07,47.31,109,1020980,0,0,0,0,0,109,0,0
2025-07-01,Webinar,Mid-Market,Customer,Nurture,6,2025,2025-Q3,2025-07,47.31,41,387295,387295,0,0,0,0,0,41,1939.71
2025-07-01,Webinar,SMB,Visitors,Nurture,1,2025,2025-Q3,2025-07,0,6003,0,0,6003,0,0,0,0,0,0
2025-07-01,Webinar,SMB,Leads,Nurture,2,2025,2025-Q3,2025-07,0,932,0,0,0,932,0,0,0,0,0
2025-07-01,Webinar,SMB,MQL,Nurture,3,2025,2025-Q3,2025-07,0,407,0,0,0,0,407,0,0,0,0
2025-07-01,Webinar,SMB,SQL,Nurture,4,2025,2025-Q3,2025-07,21.37,219,0,0,0,0,0,219,0,0,0
2025-07-01,Webinar,SMB,Opportunity,Nurture,5,2025,2025-Q3,2025-07,21.37,138,417125,0,0,0,0,0,138,0,0
2025-07-01,Webinar,SMB,Customer,Nurture,6,2025,2025-Q3,2025-07,21.37,49,147883,147883,0,0,0,0,0,49,1047.13
2025-07-01,Partner,Enterprise,Visitors,Partner,1,2025,2025-Q3,2025-07,0,5156,0,0,5156,0,0,0,0,0,0
2025-07-01,Partner,Enterprise,Leads,Partner,2,2025,2025-Q3,2025-07,0,519,0,0,0,519,0,0,0,0,0
2025-07-01,Partner,Enterprise,MQL,Partner,3,2025,2025-Q3,2025-07,0,219,0,0,0,0,219,0,0,0,0
2025-07-01,Partner,Enterprise,SQL,Partner,4,2025,2025-Q3,2025-07,88.03,118,0,0,0,0,0,118,0,0,0
2025-07-01,Partner,Enterprise,Opportunity,Partner,5,2025,2025-Q3,2025-07,88.03,70,1961350,0,0,0,0,0,70,0,0
2025-07-01,Partner,Enterprise,Customer,Partner,6,2025,2025-Q3,2025-07,88.03,29,801986,801986,0,0,0,0,0,29,2552.87
2025-07-01,Partner,Mid-Market,Visitors,Partner,1,2025,2025-Q3,2025-07,0,8175,0,0,8175,0,0,0,0,0,0
2025-07-01,Partner,Mid-Market,Leads,Partner,2,2025,2025-Q3,2025-07,0,813,0,0,0,813,0,0,0,0,0
2025-07-01,Partner,Mid-Market,MQL,Partner,3,2025,2025-Q3,2025-07,0,340,0,0,0,0,340,0,0,0,0
2025-07-01,Partner,Mid-Market,SQL,Partner,4,2025,2025-Q3,2025-07,44.78,182,0,0,0,0,0,182,0,0,0
2025-07-01,Partner,Mid-Market,Opportunity,Partner,5,2025,2025-Q3,2025-07,44.78,110,1027709,0,0,0,0,0,110,0,0
2025-07-01,Partner,Mid-Market,Customer,Partner,6,2025,2025-Q3,2025-07,44.78,38,357115,357115,0,0,0,0,0,38,1701.64
2025-07-01,Partner,SMB,Visitors,Partner,1,2025,2025-Q3,2025-07,0,10959,0,0,10959,0,0,0,0,0,0
2025-07-01,Partner,SMB,Leads,Partner,2,2025,2025-Q3,2025-07,0,1112,0,0,0,1112,0,0,0,0,0
2025-07-01,Partner,SMB,MQL,Partner,3,2025,2025-Q3,2025-07,0,461,0,0,0,0,461,0,0,0,0
2025-07-01,Partner,SMB,SQL,Partner,4,2025,2025-Q3,2025-07,20.95,251,0,0,0,0,0,251,0,0,0
2025-07-01,Partner,SMB,Opportunity,Partner,5,2025,2025-Q3,2025-07,20.95,151,497062,0,0,0,0,0,151,0,0
2025-07-01,Partner,SMB,Customer,Partner,6,2025,2025-Q3,2025-07,20.95,51,166572,166572,0,0,0,0,0,51,1068.45
2025-07-01,Direct,Enterprise,Visitors,Inbound,1,2025,2025-Q3,2025-07,0,12317,0,0,12317,0,0,0,0,0,0
2025-07-01,Direct,Enterprise,Leads,Inbound,2,2025,2025-Q3,2025-07,0,1099,0,0,0,1099,0,0,0,0,0
2025-07-01,Direct,Enterprise,MQL,Inbound,3,2025,2025-Q3,2025-07,0,478,0,0,0,0,478,0,0,0,0
2025-07-01,Direct,Enterprise,SQL,Inbound,4,2025,2025-Q3,2025-07,88.88,263,0,0,0,0,0,263,0,0,0
2025-07-01,Direct,Enterprise,Opportunity,Inbound,5,2025,2025-Q3,2025-07,88.88,165,4823822,0,0,0,0,0,165,0,0
2025-07-01,Direct,Enterprise,Customer,Inbound,6,2025,2025-Q3,2025-07,88.88,71,2080475,2080475,0,0,0,0,0,71,6310.48
2025-07-01,Direct,Mid-Market,Visitors,Inbound,1,2025,2025-Q3,2025-07,0,17979,0,0,17979,0,0,0,0,0,0
2025-07-01,Direct,Mid-Market,Leads,Inbound,2,2025,2025-Q3,2025-07,0,1651,0,0,0,1651,0,0,0,0,0
2025-07-01,Direct,Mid-Market,MQL,Inbound,3,2025,2025-Q3,2025-07,0,708,0,0,0,0,708,0,0,0,0
2025-07-01,Direct,Mid-Market,SQL,Inbound,4,2025,2025-Q3,2025-07,47.58,388,0,0,0,0,0,388,0,0,0
2025-07-01,Direct,Mid-Market,Opportunity,Inbound,5,2025,2025-Q3,2025-07,47.58,242,2188112,0,0,0,0,0,242,0,0
2025-07-01,Direct,Mid-Market,Customer,Inbound,6,2025,2025-Q3,2025-07,47.58,84,766272,766272,0,0,0,0,0,84,3996.72
2025-07-01,Direct,SMB,Visitors,Inbound,1,2025,2025-Q3,2025-07,0,23981,0,0,23981,0,0,0,0,0,0
2025-07-01,Direct,SMB,Leads,Inbound,2,2025,2025-Q3,2025-07,0,2264,0,0,0,2264,0,0,0,0,0
2025-07-01,Direct,SMB,MQL,Inbound,3,2025,2025-Q3,2025-07,0,951,0,0,0,0,951,0,0,0,0
2025-07-01,Direct,SMB,SQL,Inbound,4,2025,2025-Q3,2025-07,21.1,533,0,0,0,0,0,533,0,0,0
2025-07-01,Direct,SMB,Opportunity,Inbound,5,2025,2025-Q3,2025-07,21.1,329,1009423,0,0,0,0,0,329,0,0
2025-07-01,Direct,SMB,Customer,Inbound,6,2025,2025-Q3,2025-07,21.1,111,340533,340533,0,0,0,0,0,111,2342.1
2025-08-01,Paid Search,Enterprise,Visitors,Paid,1,2025,2025-Q3,2025-08,0,15281,0,0,15281,0,0,0,0,0,0
2025-08-01,Paid Search,Enterprise,Leads,Paid,2,2025,2025-Q3,2025-08,0,1686,0,0,0,1686,0,0,0,0,0
2025-08-01,Paid Search,Enterprise,MQL,Paid,3,2025,2025-Q3,2025-08,0,713,0,0,0,0,713,0,0,0,0
2025-08-01,Paid Search,Enterprise,SQL,Paid,4,2025,2025-Q3,2025-08,87.45,396,0,0,0,0,0,396,0,0,0
2025-08-01,Paid Search,Enterprise,Opportunity,Paid,5,2025,2025-Q3,2025-08,87.45,241,7203163,0,0,0,0,0,241,0,0
2025-08-01,Paid Search,Enterprise,Customer,Paid,6,2025,2025-Q3,2025-08,87.45,108,3232021,3232021,0,0,0,0,0,108,9444.6
2025-08-01,Paid Search,Mid-Market,Visitors,Paid,1,2025,2025-Q3,2025-08,0,23576,0,0,23576,0,0,0,0,0,0
2025-08-01,Paid Search,Mid-Market,Leads,Paid,2,2025,2025-Q3,2025-08,0,2573,0,0,0,2573,0,0,0,0,0
2025-08-01,Paid Search,Mid-Market,MQL,Paid,3,2025,2025-Q3,2025-08,0,1058,0,0,0,0,1058,0,0,0,0
2025-08-01,Paid Search,Mid-Market,SQL,Paid,4,2025,2025-Q3,2025-08,47.33,586,0,0,0,0,0,586,0,0,0
2025-08-01,Paid Search,Mid-Market,Opportunity,Paid,5,2025,2025-Q3,2025-08,47.33,356,3321868,0,0,0,0,0,356,0,0
2025-08-01,Paid Search,Mid-Market,Customer,Paid,6,2025,2025-Q3,2025-08,47.33,129,1204225,1204225,0,0,0,0,0,129,6105.57
2025-08-01,Paid Search,SMB,Visitors,Paid,1,2025,2025-Q3,2025-08,0,28672,0,0,28672,0,0,0,0,0,0
2025-08-01,Paid Search,SMB,Leads,Paid,2,2025,2025-Q3,2025-08,0,3083,0,0,0,3083,0,0,0,0,0
2025-08-01,Paid Search,SMB,MQL,Paid,3,2025,2025-Q3,2025-08,0,1303,0,0,0,0,1303,0,0,0,0
2025-08-01,Paid Search,SMB,SQL,Paid,4,2025,2025-Q3,2025-08,21.38,709,0,0,0,0,0,709,0,0,0
2025-08-01,Paid Search,SMB,Opportunity,Paid,5,2025,2025-Q3,2025-08,21.38,436,1313842,0,0,0,0,0,436,0,0
2025-08-01,Paid Search,SMB,Customer,Paid,6,2025,2025-Q3,2025-08,21.38,142,427559,427559,0,0,0,0,0,142,3035.96
2025-08-01,Paid Social,Enterprise,Visitors,Paid,1,2025,2025-Q3,2025-08,0,17310,0,0,17310,0,0,0,0,0,0
2025-08-01,Paid Social,Enterprise,Leads,Paid,2,2025,2025-Q3,2025-08,0,1267,0,0,0,1267,0,0,0,0,0
2025-08-01,Paid Social,Enterprise,MQL,Paid,3,2025,2025-Q3,2025-08,0,521,0,0,0,0,521,0,0,0,0
2025-08-01,Paid Social,Enterprise,SQL,Paid,4,2025,2025-Q3,2025-08,88.07,294,0,0,0,0,0,294,0,0,0
2025-08-01,Paid Social,Enterprise,Opportunity,Paid,5,2025,2025-Q3,2025-08,88.07,179,5047918,0,0,0,0,0,179,0,0
2025-08-01,Paid Social,Enterprise,Customer,Paid,6,2025,2025-Q3,2025-08,88.07,79,2227963,2227963,0,0,0,0,0,79,6957.53
2025-08-01,Paid Social,Mid-Market,Visitors,Paid,1,2025,2025-Q3,2025-08,0,28132,0,0,28132,0,0,0,0,0,0
2025-08-01,Paid Social,Mid-Market,Leads,Paid,2,2025,2025-Q3,2025-08,0,2030,0,0,0,2030,0,0,0,0,0
2025-08-01,Paid Social,Mid-Market,MQL,Paid,3,2025,2025-Q3,2025-08,0,858,0,0,0,0,858,0,0,0,0
2025-08-01,Paid Social,Mid-Market,SQL,Paid,4,2025,2025-Q3,2025-08,45.55,471,0,0,0,0,0,471,0,0,0
2025-08-01,Paid Social,Mid-Market,Opportunity,Paid,5,2025,2025-Q3,2025-08,45.55,292,2734424,0,0,0,0,0,292,0,0
2025-08-01,Paid Social,Mid-Market,Customer,Paid,6,2025,2025-Q3,2025-08,45.55,109,1023093,1023093,0,0,0,0,0,109,4964.95
2025-08-01,Paid Social,SMB,Visitors,Paid,1,2025,2025-Q3,2025-08,0,36635,0,0,36635,0,0,0,0,0,0
2025-08-01,Paid Social,SMB,Leads,Paid,2,2025,2025-Q3,2025-08,0,2638,0,0,0,2638,0,0,0,0,0
2025-08-01,Paid Social,SMB,MQL,Paid,3,2025,2025-Q3,2025-08,0,1155,0,0,0,0,1155,0,0,0,0
2025-08-01,Paid Social,SMB,SQL,Paid,4,2025,2025-Q3,2025-08,20.63,616,0,0,0,0,0,616,0,0,0
2025-08-01,Paid Social,SMB,Opportunity,Paid,5,2025,2025-Q3,2025-08,20.63,392,1270207,0,0,0,0,0,392,0,0
2025-08-01,Paid Social,SMB,Customer,Paid,6,2025,2025-Q3,2025-08,20.63,131,425497,425497,0,0,0,0,0,131,2702.53
2025-08-01,Organic Search,Enterprise,Visitors,Inbound,1,2025,2025-Q3,2025-08,0,24070,0,0,24070,0,0,0,0,0,0
2025-08-01,Organic Search,Enterprise,Leads,Inbound,2,2025,2025-Q3,2025-08,0,2798,0,0,0,2798,0,0,0,0,0
2025-08-01,Organic Search,Enterprise,MQL,Inbound,3,2025,2025-Q3,2025-08,0,1186,0,0,0,0,1186,0,0,0,0
2025-08-01,Organic Search,Enterprise,SQL,Inbound,4,2025,2025-Q3,2025-08,88.92,646,0,0,0,0,0,646,0,0,0
2025-08-01,Organic Search,Enterprise,Opportunity,Inbound,5,2025,2025-Q3,2025-08,88.92,403,11476741,0,0,0,0,0,403,0,0
2025-08-01,Organic Search,Enterprise,Customer,Inbound,6,2025,2025-Q3,2025-08,88.92,173,4914588,4914588,0,0,0,0,0,173,15383.16
2025-08-01,Organic Search,Mid-Market,Visitors,Inbound,1,2025,2025-Q3,2025-08,0,34878,0,0,34878,0,0,0,0,0,0
2025-08-01,Organic Search,Mid-Market,Leads,Inbound,2,2025,2025-Q3,2025-08,0,3983,0,0,0,3983,0,0,0,0,0
2025-08-01,Organic Search,Mid-Market,MQL,Inbound,3,2025,2025-Q3,2025-08,0,1712,0,0,0,0,1712,0,0,0,0
2025-08-01,Organic Search,Mid-Market,SQL,Inbound,4,2025,2025-Q3,2025-08,46.86,914,0,0,0,0,0,914,0,0,0
2025-08-01,Organic Search,Mid-Market,Opportunity,Inbound,5,2025,2025-Q3,2025-08,46.86,570,5187827,0,0,0,0,0,570,0,0
2025-08-01,Organic Search,Mid-Market,Customer,Inbound,6,2025,2025-Q3,2025-08,46.86,205,1862693,1862693,0,0,0,0,0,205,9606.3
2025-08-01,Organic Search,SMB,Visitors,Inbound,1,2025,2025-Q3,2025-08,0,46099,0,0,46099,0,0,0,0,0,0
2025-08-01,Organic Search,SMB,Leads,Inbound,2,2025,2025-Q3,2025-08,0,5315,0,0,0,5315,0,0,0,0,0
2025-08-01,Organic Search,SMB,MQL,Inbound,3,2025,2025-Q3,2025-08,0,2245,0,0,0,0,2245,0,0,0,0
2025-08-01,Organic Search,SMB,SQL,Inbound,4,2025,2025-Q3,2025-08,21.17,1228,0,0,0,0,0,1228,0,0,0
2025-08-01,Organic Search,SMB,Opportunity,Inbound,5,2025,2025-Q3,2025-08,21.17,754,2354220,0,0,0,0,0,754,0,0
2025-08-01,Organic Search,SMB,Customer,Inbound,6,2025,2025-Q3,2025-08,21.17,246,767057,767057,0,0,0,0,0,246,5207.82
2025-08-01,Email,Enterprise,Visitors,Nurture,1,2025,2025-Q3,2025-08,0,7166,0,0,7166,0,0,0,0,0,0
2025-08-01,Email,Enterprise,Leads,Nurture,2,2025,2025-Q3,2025-08,0,920,0,0,0,920,0,0,0,0,0
2025-08-01,Email,Enterprise,MQL,Nurture,3,2025,2025-Q3,2025-08,0,381,0,0,0,0,381,0,0,0,0
2025-08-01,Email,Enterprise,SQL,Nurture,4,2025,2025-Q3,2025-08,85.75,201,0,0,0,0,0,201,0,0,0
2025-08-01,Email,Enterprise,Opportunity,Nurture,5,2025,2025-Q3,2025-08,85.75,129,3783394,0,0,0,0,0,129,0,0
2025-08-01,Email,Enterprise,Customer,Nurture,6,2025,2025-Q3,2025-08,85.75,57,1667038,1667038,0,0,0,0,0,57,4887.75
2025-08-01,Email,Mid-Market,Visitors,Nurture,1,2025,2025-Q3,2025-08,0,11175,0,0,11175,0,0,0,0,0,0
2025-08-01,Email,Mid-Market,Leads,Nurture,2,2025,2025-Q3,2025-08,0,1468,0,0,0,1468,0,0,0,0,0
2025-08-01,Email,Mid-Market,MQL,Nurture,3,2025,2025-Q3,2025-08,0,601,0,0,0,0,601,0,0,0,0
2025-08-01,Email,Mid-Market,SQL,Nurture,4,2025,2025-Q3,2025-08,45.2,327,0,0,0,0,0,327,0,0,0
2025-08-01,Email,Mid-Market,Opportunity,Nurture,5,2025,2025-Q3,2025-08,45.2,208,1984629,0,0,0,0,0,208,0,0
2025-08-01,Email,Mid-Market,Customer,Nurture,6,2025,2025-Q3,2025-08,45.2,72,689310,689310,0,0,0,0,0,72,3254.4
2025-08-01,Email,SMB,Visitors,Nurture,1,2025,2025-Q3,2025-08,0,13749,0,0,13749,0,0,0,0,0,0
2025-08-01,Email,SMB,Leads,Nurture,2,2025,2025-Q3,2025-08,0,1787,0,0,0,1787,0,0,0,0,0
2025-08-01,Email,SMB,MQL,Nurture,3,2025,2025-Q3,2025-08,0,722,0,0,0,0,722,0,0,0,0
2025-08-01,Email,SMB,SQL,Nurture,4,2025,2025-Q3,2025-08,21.71,407,0,0,0,0,0,407,0,0,0
2025-08-01,Email,SMB,Opportunity,Nurture,5,2025,2025-Q3,2025-08,21.71,256,796637,0,0,0,0,0,256,0,0
2025-08-01,Email,SMB,Customer,Nurture,6,2025,2025-Q3,2025-08,21.71,85,264405,264405,0,0,0,0,0,85,1845.35
2025-08-01,Webinar,Enterprise,Visitors,Nurture,1,2025,2025-Q3,2025-08,0,2794,0,0,2794,0,0,0,0,0,0
2025-08-01,Webinar,Enterprise,Leads,Nurture,2,2025,2025-Q3,2025-08,0,436,0,0,0,436,0,0,0,0,0
2025-08-01,Webinar,Enterprise,MQL,Nurture,3,2025,2025-Q3,2025-08,0,184,0,0,0,0,184,0,0,0,0
2025-08-01,Webinar,Enterprise,SQL,Nurture,4,2025,2025-Q3,2025-08,91.1,102,0,0,0,0,0,102,0,0,0
2025-08-01,Webinar,Enterprise,Opportunity,Nurture,5,2025,2025-Q3,2025-08,91.1,61,1726119,0,0,0,0,0,61,0,0
2025-08-01,Webinar,Enterprise,Customer,Nurture,6,2025,2025-Q3,2025-08,91.1,27,763756,763756,0,0,0,0,0,27,2459.7
2025-08-01,Webinar,Mid-Market,Visitors,Nurture,1,2025,2025-Q3,2025-08,0,4390,0,0,4390,0,0,0,0,0,0
2025-08-01,Webinar,Mid-Market,Leads,Nurture,2,2025,2025-Q3,2025-08,0,698,0,0,0,698,0,0,0,0,0
2025-08-01,Webinar,Mid-Market,MQL,Nurture,3,2025,2025-Q3,2025-08,0,288,0,0,0,0,288,0,0,0,0
2025-08-01,Webinar,Mid-Market,SQL,Nurture,4,2025,2025-Q3,2025-08,47.01,160,0,0,0,0,0,160,0,0,0
2025-08-01,Webinar,Mid-Market,Opportunity,Nurture,5,2025,2025-Q3,2025-08,47.01,100,916840,0,0,0,0,0,100,0,0
2025-08-01,Webinar,Mid-Market,Customer,Nurture,6,2025,2025-Q3,2025-08,47.01,36,333900,333900,0,0,0,0,0,36,1692.36
2025-08-01,Webinar,SMB,Visitors,Nurture,1,2025,2025-Q3,2025-08,0,5883,0,0,5883,0,0,0,0,0,0
2025-08-01,Webinar,SMB,Leads,Nurture,2,2025,2025-Q3,2025-08,0,919,0,0,0,919,0,0,0,0,0
2025-08-01,Webinar,SMB,MQL,Nurture,3,2025,2025-Q3,2025-08,0,383,0,0,0,0,383,0,0,0,0
2025-08-01,Webinar,SMB,SQL,Nurture,4,2025,2025-Q3,2025-08,20.22,209,0,0,0,0,0,209,0,0,0
2025-08-01,Webinar,SMB,Opportunity,Nurture,5,2025,2025-Q3,2025-08,20.22,127,397024,0,0,0,0,0,127,0,0
2025-08-01,Webinar,SMB,Customer,Nurture,6,2025,2025-Q3,2025-08,20.22,42,131944,131944,0,0,0,0,0,42,849.24
2025-08-01,Partner,Enterprise,Visitors,Partner,1,2025,2025-Q3,2025-08,0,4939,0,0,4939,0,0,0,0,0,0
2025-08-01,Partner,Enterprise,Leads,Partner,2,2025,2025-Q3,2025-08,0,497,0,0,0,497,0,0,0,0,0
2025-08-01,Partner,Enterprise,MQL,Partner,3,2025,2025-Q3,2025-08,0,201,0,0,0,0,201,0,0,0,0
2025-08-01,Partner,Enterprise,SQL,Partner,4,2025,2025-Q3,2025-08,86.27,114,0,0,0,0,0,114,0,0,0
2025-08-01,Partner,Enterprise,Opportunity,Partner,5,2025,2025-Q3,2025-08,86.27,67,1968713,0,0,0,0,0,67,0,0
2025-08-01,Partner,Enterprise,Customer,Partner,6,2025,2025-Q3,2025-08,86.27,30,884300,884300,0,0,0,0,0,30,2588.1
2025-08-01,Partner,Mid-Market,Visitors,Partner,1,2025,2025-Q3,2025-08,0,7483,0,0,7483,0,0,0,0,0,0
2025-08-01,Partner,Mid-Market,Leads,Partner,2,2025,2025-Q3,2025-08,0,741,0,0,0,741,0,0,0,0,0
2025-08-01,Partner,Mid-Market,MQL,Partner,3,2025,2025-Q3,2025-08,0,307,0,0,0,0,307,0,0,0,0
2025-08-01,Partner,Mid-Market,SQL,Partner,4,2025,2025-Q3,2025-08,47.45,173,0,0,0,0,0,173,0,0,0
2025-08-01,Partner,Mid-Market,Opportunity,Partner,5,2025,2025-Q3,2025-08,47.45,104,976707,0,0,0,0,0,104,0,0
2025-08-01,Partner,Mid-Market,Customer,Partner,6,2025,2025-Q3,2025-08,47.45,41,390196,390196,0,0,0,0,0,41,1945.45
2025-08-01,Partner,SMB,Visitors,Partner,1,2025,2025-Q3,2025-08,0,9637,0,0,9637,0,0,0,0,0,0
2025-08-01,Partner,SMB,Leads,Partner,2,2025,2025-Q3,2025-08,0,947,0,0,0,947,0,0,0,0,0
2025-08-01,Partner,SMB,MQL,Partner,3,2025,2025-Q3,2025-08,0,405,0,0,0,0,405,0,0,0,0
2025-08-01,Partner,SMB,SQL,Partner,4,2025,2025-Q3,2025-08,21.44,219,0,0,0,0,0,219,0,0,0
2025-08-01,Partner,SMB,Opportunity,Partner,5,2025,2025-Q3,2025-08,21.44,135,420741,0,0,0,0,0,135,0,0
2025-08-01,Partner,SMB,Customer,Partner,6,2025,2025-Q3,2025-08,21.44,47,145660,145660,0,0,0,0,0,47,1007.68
2025-08-01,Direct,Enterprise,Visitors,Inbound,1,2025,2025-Q3,2025-08,0,11028,0,0,11028,0,0,0,0,0,0
2025-08-01,Direct,Enterprise,Leads,Inbound,2,2025,2025-Q3,2025-08,0,1024,0,0,0,1024,0,0,0,0,0
2025-08-01,Direct,Enterprise,MQL,Inbound,3,2025,2025-Q3,2025-08,0,435,0,0,0,0,435,0,0,0,0
2025-08-01,Direct,Enterprise,SQL,Inbound,4,2025,2025-Q3,2025-08,89.73,238,0,0,0,0,0,238,0,0,0
2025-08-01,Direct,Enterprise,Opportunity,Inbound,5,2025,2025-Q3,2025-08,89.73,146,4167410,0,0,0,0,0,146,0,0
2025-08-01,Direct,Enterprise,Customer,Inbound,6,2025,2025-Q3,2025-08,89.73,62,1765915,1765915,0,0,0,0,0,62,5563.26
2025-08-01,Direct,Mid-Market,Visitors,Inbound,1,2025,2025-Q3,2025-08,0,17398,0,0,17398,0,0,0,0,0,0
2025-08-01,Direct,Mid-Market,Leads,Inbound,2,2025,2025-Q3,2025-08,0,1591,0,0,0,1591,0,0,0,0,0
2025-08-01,Direct,Mid-Market,MQL,Inbound,3,2025,2025-Q3,2025-08,0,677,0,0,0,0,677,0,0,0,0
2025-08-01,Direct,Mid-Market,SQL,Inbound,4,2025,2025-Q3,2025-08,43.57,371,0,0,0,0,0,371,0,0,0
2025-08-01,Direct,Mid-Market,Opportunity,Inbound,5,2025,2025-Q3,2025-08,43.57,231,2154609,0,0,0,0,0,231,0,0
2025-08-01,Direct,Mid-Market,Customer,Inbound,6,2025,2025-Q3,2025-08,43.57,85,794897,794897,0,0,0,0,0,85,3703.45
2025-08-01,Direct,SMB,Visitors,Inbound,1,2025,2025-Q3,2025-08,0,22978,0,0,22978,0,0,0,0,0,0
2025-08-01,Direct,SMB,Leads,Inbound,2,2025,2025-Q3,2025-08,0,2080,0,0,0,2080,0,0,0,0,0
2025-08-01,Direct,SMB,MQL,Inbound,3,2025,2025-Q3,2025-08,0,878,0,0,0,0,878,0,0,0,0
2025-08-01,Direct,SMB,SQL,Inbound,4,2025,2025-Q3,2025-08,21.02,473,0,0,0,0,0,473,0,0,0
2025-08-01,Direct,SMB,Opportunity,Inbound,5,2025,2025-Q3,2025-08,21.02,292,941650,0,0,0,0,0,292,0,0
2025-08-01,Direct,SMB,Customer,Inbound,6,2025,2025-Q3,2025-08,21.02,96,308258,308258,0,0,0,0,0,96,2017.92
2025-09-01,Paid Search,Enterprise,Visitors,Paid,1,2025,2025-Q3,2025-09,0,13447,0,0,13447,0,0,0,0,0,0
2025-09-01,Paid Search,Enterprise,Leads,Paid,2,2025,2025-Q3,2025-09,0,1415,0,0,0,1415,0,0,0,0,0
2025-09-01,Paid Search,Enterprise,MQL,Paid,3,2025,2025-Q3,2025-09,0,599,0,0,0,0,599,0,0,0,0
2025-09-01,Paid Search,Enterprise,SQL,Paid,4,2025,2025-Q3,2025-09,91.9,323,0,0,0,0,0,323,0,0,0
2025-09-01,Paid Search,Enterprise,Opportunity,Paid,5,2025,2025-Q3,2025-09,91.9,199,5596292,0,0,0,0,0,199,0,0
2025-09-01,Paid Search,Enterprise,Customer,Paid,6,2025,2025-Q3,2025-09,91.9,80,2248928,2248928,0,0,0,0,0,80,7352.0
2025-09-01,Paid Search,Mid-Market,Visitors,Paid,1,2025,2025-Q3,2025-09,0,21526,0,0,21526,0,0,0,0,0,0
2025-09-01,Paid Search,Mid-Market,Leads,Paid,2,2025,2025-Q3,2025-09,0,2314,0,0,0,2314,0,0,0,0,0
2025-09-01,Paid Search,Mid-Market,MQL,Paid,3,2025,2025-Q3,2025-09,0,964,0,0,0,0,964,0,0,0,0
2025-09-01,Paid Search,Mid-Market,SQL,Paid,4,2025,2025-Q3,2025-09,45.88,525,0,0,0,0,0,525,0,0,0
2025-09-01,Paid Search,Mid-Market,Opportunity,Paid,5,2025,2025-Q3,2025-09,45.88,320,2915656,0,0,0,0,0,320,0,0
2025-09-01,Paid Search,Mid-Market,Customer,Paid,6,2025,2025-Q3,2025-09,45.88,113,1028424,1028424,0,0,0,0,0,113,5184.44
2025-09-01,Paid Search,SMB,Visitors,Paid,1,2025,2025-Q3,2025-09,0,27975,0,0,27975,0,0,0,0,0,0
2025-09-01,Paid Search,SMB,Leads,Paid,2,2025,2025-Q3,2025-09,0,3025,0,0,0,3025,0,0,0,0,0
2025-09-01,Paid Search,SMB,MQL,Paid,3,2025,2025-Q3,2025-09,0,1243,0,0,0,0,1243,0,0,0,0
2025-09-01,Paid Search,SMB,SQL,Paid,4,2025,2025-Q3,2025-09,20.2,682,0,0,0,0,0,682,0,0,0
2025-09-01,Paid Search,SMB,Opportunity,Paid,5,2025,2025-Q3,2025-09,20.2,402,1266583,0,0,0,0,0,402,0,0
2025-09-01,Paid Search,SMB,Customer,Paid,6,2025,2025-Q3,2025-09,20.2,138,435556,435556,0,0,0,0,0,138,2787.6
2025-09-01,Paid Social,Enterprise,Visitors,Paid,1,2025,2025-Q3,2025-09,0,16843,0,0,16843,0,0,0,0,0,0
2025-09-01,Paid Social,Enterprise,Leads,Paid,2,2025,2025-Q3,2025-09,0,1259,0,0,0,1259,0,0,0,0,0
2025-09-01,Paid Social,Enterprise,MQL,Paid,3,2025,2025-Q3,2025-09,0,536,0,0,0,0,536,0,0,0,0
2025-09-01,Paid Social,Enterprise,SQL,Paid,4,2025,2025-Q3,2025-09,86.19,291,0,0,0,0,0,291,0,0,0
2025-09-01,Paid Social,Enterprise,Opportunity,Paid,5,2025,2025-Q3,2025-09,86.19,186,5365432,0,0,0,0,0,186,0,0
2025-09-01,Paid Social,Enterprise,Customer,Paid,6,2025,2025-Q3,2025-09,86.19,80,2299492,2299492,0,0,0,0,0,80,6895.2
2025-09-01,Paid Social,Mid-Market,Visitors,Paid,1,2025,2025-Q3,2025-09,0,25712,0,0,25712,0,0,0,0,0,0
2025-09-01,Paid Social,Mid-Market,Leads,Paid,2,2025,2025-Q3,2025-09,0,1964,0,0,0,1964,0,0,0,0,0
2025-09-01,Paid Social,Mid-Market,MQL,Paid,3,2025,2025-Q3,2025-09,0,835,0,0,0,0,835,0,0,0,0
2025-09-01,Paid Social,Mid-Market,SQL,Paid,4,2025,2025-Q3,2025-09,47.25,470,0,0,0,0,0,470,0,0,0
2025-09-01,Paid Social,Mid-Market,Opportunity,Paid,5,2025,2025-Q3,2025-09,47.25,294,2784865,0,0,0,0,0,294,0,0
2025-09-01,Paid Social,Mid-Market,Customer,Paid,6,2025,2025-Q3,2025-09,47.25,108,1021697,1021697,0,0,0,0,0,108,5103.0
2025-09-01,Paid Social,SMB,Visitors,Paid,1,2025,2025-Q3,2025-09,0,32370,0,0,32370,0,0,0,0,0,0
2025-09-01,Paid Social,SMB,Leads,Paid,2,2025,2025-Q3,2025-09,0,2468,0,0,0,2468,0,0,0,0,0
2025-09-01,Paid Social,SMB,MQL,Paid,3,2025,2025-Q3,2025-09,0,1026,0,0,0,0,1026,0,0,0,0
2025-09-01,Paid Social,SMB,SQL,Paid,4,2025,2025-Q3,2025-09,21.99,579,0,0,0,0,0,579,0,0,0
2025-09-01,Paid Social,SMB,Opportunity,Paid,5,2025,2025-Q3,2025-09,21.99,353,1079143,0,0,0,0,0,353,0,0
2025-09-01,Paid Social,SMB,Customer,Paid,6,2025,2025-Q3,2025-09,21.99,121,370745,370745,0,0,0,0,0,121,2660.79
2025-09-01,Organic Search,Enterprise,Visitors,Inbound,1,2025,2025-Q3,2025-09,0,21653,0,0,21653,0,0,0,0,0,0
2025-09-01,Organic Search,Enterprise,Leads,Inbound,2,2025,2025-Q3,2025-09,0,2534,0,0,0,2534,0,0,0,0,0
2025-09-01,Organic Search,Enterprise,MQL,Inbound,3,2025,2025-Q3,2025-09,0,1044,0,0,0,0,1044,0,0,0,0
2025-09-01,Organic Search,Enterprise,SQL,Inbound,4,2025,2025-Q3,2025-09,87.57,568,0,0,0,0,0,568,0,0,0
2025-09-01,Organic Search,Enterprise,Opportunity,Inbound,5,2025,2025-Q3,2025-09,87.57,341,9612054,0,0,0,0,0,341,0,0
2025-09-01,Organic Search,Enterprise,Customer,Inbound,6,2025,2025-Q3,2025-09,87.57,149,4198155,4198155,0,0,0,0,0,149,13047.93
2025-09-01,Organic Search,Mid-Market,Visitors,Inbound,1,2025,2025-Q3,2025-09,0,33893,0,0,33893,0,0,0,0,0,0
2025-09-01,Organic Search,Mid-Market,Leads,Inbound,2,2025,2025-Q3,2025-09,0,3892,0,0,0,3892,0,0,0,0,0
2025-09-01,Organic Search,Mid-Market,MQL,Inbound,3,2025,2025-Q3,2025-09,0,1625,0,0,0,0,1625,0,0,0,0
2025-09-01,Organic Search,Mid-Market,SQL,Inbound,4,2025,2025-Q3,2025-09,44.26,883,0,0,0,0,0,883,0,0,0
2025-09-01,Organic Search,Mid-Market,Opportunity,Inbound,5,2025,2025-Q3,2025-09,44.26,537,5005755,0,0,0,0,0,537,0,0
2025-09-01,Organic Search,Mid-Market,Customer,Inbound,6,2025,2025-Q3,2025-09,44.26,190,1772226,1772226,0,0,0,0,0,190,8409.4
2025-09-01,Organic Search,SMB,Visitors,Inbound,1,2025,2025-Q3,2025-09,0,44750,0,0,44750,0,0,0,0,0,0
2025-09-01,Organic Search,SMB,Leads,Inbound,2,2025,2025-Q3,2025-09,0,5122,0,0,0,5122,0,0,0,0,0
2025-09-01,Organic Search,SMB,MQL,Inbound,3,2025,2025-Q3,2025-09,0,2168,0,0,0,0,2168,0,0,0,0
2025-09-01,Organic Search,SMB,SQL,Inbound,4,2025,2025-Q3,2025-09,20.97,1152,0,0,0,0,0,1152,0,0,0
2025-09-01,Organic Search,SMB,Opportunity,Inbound,5,2025,2025-Q3,2025-09,20.97,713,2296096,0,0,0,0,0,713,0,0
2025-09-01,Organic Search,SMB,Customer,Inbound,6,2025,2025-Q3,2025-09,20.97,234,756854,756854,0,0,0,0,0,234,4906.98
2025-09-01,Email,Enterprise,Visitors,Nurture,1,2025,2025-Q3,2025-09,0,6620,0,0,6620,0,0,0,0,0,0
2025-09-01,Email,Enterprise,Leads,Nurture,2,2025,2025-Q3,2025-09,0,849,0,0,0,849,0,0,0,0,0
2025-09-01,Email,Enterprise,MQL,Nurture,3,2025,2025-Q3,2025-09,0,360,0,0,0,0,360,0,0,0,0
2025-09-01,Email,Enterprise,SQL,Nurture,4,2025,2025-Q3,2025-09,90.43,200,0,0,0,0,0,200,0,0,0
2025-09-01,Email,Enterprise,Opportunity,Nurture,5,2025,2025-Q3,2025-09,90.43,124,3631794,0,0,0,0,0,124,0,0
2025-09-01,Email,Enterprise,Customer,Nurture,6,2025,2025-Q3,2025-09,90.43,54,1566521,1566521,0,0,0,0,0,54,4883.22
2025-09-01,Email,Mid-Market,Visitors,Nurture,1,2025,2025-Q3,2025-09,0,9688,0,0,9688,0,0,0,0,0,0
2025-09-01,Email,Mid-Market,Leads,Nurture,2,2025,2025-Q3,2025-09,0,1219,0,0,0,1219,0,0,0,0,0
2025-09-01,Email,Mid-Market,MQL,Nurture,3,2025,2025-Q3,2025-09,0,526,0,0,0,0,526,0,0,0,0
2025-09-01,Email,Mid-Market,SQL,Nurture,4,2025,2025-Q3,2025-09,46.65,292,0,0,0,0,0,292,0,0,0
2025-09-01,Email,Mid-Market,Opportunity,Nurture,5,2025,2025-Q3,2025-09,46.65,184,1632707,0,0,0,0,0,184,0,0
2025-09-01,Email,Mid-Market,Customer,Nurture,6,2025,2025-Q3,2025-09,46.65,64,566989,566989,0,0,0,0,0,64,2985.6
2025-09-01,Email,SMB,Visitors,Nurture,1,2025,2025-Q3,2025-09,0,12971,0,0,12971,0,0,0,0,0,0
2025-09-01,Email,SMB,Leads,Nurture,2,2025,2025-Q3,2025-09,0,1675,0,0,0,1675,0,0,0,0,0
2025-09-01,Email,SMB,MQL,Nurture,3,2025,2025-Q3,2025-09,0,728,0,0,0,0,728,0,0,0,0
2025-09-01,Email,SMB,SQL,Nurture,4,2025,2025-Q3,2025-09,20.31,399,0,0,0,0,0,399,0,0,0
2025-09-01,Email,SMB,Opportunity,Nurture,5,2025,2025-Q3,2025-09,20.31,248,764095,0,0,0,0,0,248,0,0
2025-09-01,Email,SMB,Customer,Nurture,6,2025,2025-Q3,2025-09,20.31,79,243908,243908,0,0,0,0,0,79,1604.49
2025-09-01,Webinar,Enterprise,Visitors,Nurture,1,2025,2025-Q3,2025-09,0,2700,0,0,2700,0,0,0,0,0,0
2025-09-01,Webinar,Enterprise,Leads,Nurture,2,2025,2025-Q3,2025-09,0,417,0,0,0,417,0,0,0,0,0
2025-09-01,Webinar,Enterprise,MQL,Nurture,3,2025,2025-Q3,2025-09,0,176,0,0,0,0,176,0,0,0,0
2025-09-01,Webinar,Enterprise,SQL,Nurture,4,2025,2025-Q3,2025-09,84.72,94,0,0,0,0,0,94,0,0,0
2025-09-01,Webinar,Enterprise,Opportunity,Nurture,5,2025,2025-Q3,2025-09,84.72,56,1595113,0,0,0,0,0,56,0,0
2025-09-01,Webinar,Enterprise,Customer,Nurture,6,2025,2025-Q3,2025-09,84.72,22,626141,626141,0,0,0,0,0,22,1863.84
2025-09-01,Webinar,Mid-Market,Visitors,Nurture,1,2025,2025-Q3,2025-09,0,4326,0,0,4326,0,0,0,0,0,0
2025-09-01,Webinar,Mid-Market,Leads,Nurture,2,2025,2025-Q3,2025-09,0,665,0,0,0,665,0,0,0,0,0
2025-09-01,Webinar,Mid-Market,MQL,Nurture,3,2025,2025-Q3,2025-09,0,277,0,0,0,0,277,0,0,0,0
2025-09-01,Webinar,Mid-Market,SQL,Nurture,4,2025,2025-Q3,2025-09,45.96,149,0,0,0,0,0,149,0,0,0
2025-09-01,Webinar,Mid-Market,Opportunity,Nurture,5,2025,2025-Q3,2025-09,45.96,93,895747,0,0,0,0,0,93,0,0
2025-09-01,Webinar,Mid-Market,Customer,Nurture,6,2025,2025-Q3,2025-09,45.96,29,277189,277189,0,0,0,0,0,29,1332.84
2025-09-01,Webinar,SMB,Visitors,Nurture,1,2025,2025-Q3,2025-09,0,5391,0,0,5391,0,0,0,0,0,0
2025-09-01,Webinar,SMB,Leads,Nurture,2,2025,2025-Q3,2025-09,0,845,0,0,0,845,0,0,0,0,0
2025-09-01,Webinar,SMB,MQL,Nurture,3,2025,2025-Q3,2025-09,0,348,0,0,0,0,348,0,0,0,0
2025-09-01,Webinar,SMB,SQL,Nurture,4,2025,2025-Q3,2025-09,21.34,192,0,0,0,0,0,192,0,0,0
2025-09-01,Webinar,SMB,Opportunity,Nurture,5,2025,2025-Q3,2025-09,21.34,117,372298,0,0,0,0,0,117,0,0
2025-09-01,Webinar,SMB,Customer,Nurture,6,2025,2025-Q3,2025-09,21.34,41,130661,130661,0,0,0,0,0,41,874.94
2025-09-01,Partner,Enterprise,Visitors,Partner,1,2025,2025-Q3,2025-09,0,4334,0,0,4334,0,0,0,0,0,0
2025-09-01,Partner,Enterprise,Leads,Partner,2,2025,2025-Q3,2025-09,0,435,0,0,0,435,0,0,0,0,0
2025-09-01,Partner,Enterprise,MQL,Partner,3,2025,2025-Q3,2025-09,0,190,0,0,0,0,190,0,0,0,0
2025-09-01,Partner,Enterprise,SQL,Partner,4,2025,2025-Q3,2025-09,90.74,104,0,0,0,0,0,104,0,0,0
2025-09-01,Partner,Enterprise,Opportunity,Partner,5,2025,2025-Q3,2025-09,90.74,64,1774026,0,0,0,0,0,64,0,0
2025-09-01,Partner,Enterprise,Customer,Partner,6,2025,2025-Q3,2025-09,90.74,28,781504,781504,0,0,0,0,0,28,2540.72
2025-09-01,Partner,Mid-Market,Visitors,Partner,1,2025,2025-Q3,2025-09,0,6861,0,0,6861,0,0,0,0,0,0
2025-09-01,Partner,Mid-Market,Leads,Partner,2,2025,2025-Q3,2025-09,0,712,0,0,0,712,0,0,0,0,0
2025-09-01,Partner,Mid-Market,MQL,Partner,3,2025,2025-Q3,2025-09,0,303,0,0,0,0,303,0,0,0,0
2025-09-01,Partner,Mid-Market,SQL,Partner,4,2025,2025-Q3,2025-09,45.28,172,0,0,0,0,0,172,0,0,0
2025-09-01,Partner,Mid-Market,Opportunity,Partner,5,2025,2025-Q3,2025-09,45.28,106,969945,0,0,0,0,0,106,0,0
2025-09-01,Partner,Mid-Market,Customer,Partner,6,2025,2025-Q3,2025-09,45.28,39,357832,357832,0,0,0,0,0,39,1765.92
2025-09-01,Partner,SMB,Visitors,Partner,1,2025,2025-Q3,2025-09,0,9313,0,0,9313,0,0,0,0,0,0
2025-09-01,Partner,SMB,Leads,Partner,2,2025,2025-Q3,2025-09,0,977,0,0,0,977,0,0,0,0,0
2025-09-01,Partner,SMB,MQL,Partner,3,2025,2025-Q3,2025-09,0,413,0,0,0,0,413,0,0,0,0
2025-09-01,Partner,SMB,SQL,Partner,4,2025,2025-Q3,2025-09,20.62,231,0,0,0,0,0,231,0,0,0
2025-09-01,Partner,SMB,Opportunity,Partner,5,2025,2025-Q3,2025-09,20.62,142,454745,0,0,0,0,0,142,0,0
2025-09-01,Partner,SMB,Customer,Partner,6,2025,2025-Q3,2025-09,20.62,52,165636,165636,0,0,0,0,0,52,1072.24
2025-09-01,Direct,Enterprise,Visitors,Inbound,1,2025,2025-Q3,2025-09,0,10743,0,0,10743,0,0,0,0,0,0
2025-09-01,Direct,Enterprise,Leads,Inbound,2,2025,2025-Q3,2025-09,0,1000,0,0,0,1000,0,0,0,0,0
2025-09-01,Direct,Enterprise,MQL,Inbound,3,2025,2025-Q3,2025-09,0,411,0,0,0,0,411,0,0,0,0
2025-09-01,Direct,Enterprise,SQL,Inbound,4,2025,2025-Q3,2025-09,87.96,228,0,0,0,0,0,228,0,0,0
2025-09-01,Direct,Enterprise,Opportunity,Inbound,5,2025,2025-Q3,2025-09,87.96,140,4191088,0,0,0,0,0,140,0,0
2025-09-01,Direct,Enterprise,Customer,Inbound,6,2025,2025-Q3,2025-09,87.96,62,1854211,1854211,0,0,0,0,0,62,5453.52
2025-09-01,Direct,Mid-Market,Visitors,Inbound,1,2025,2025-Q3,2025-09,0,16147,0,0,16147,0,0,0,0,0,0
2025-09-01,Direct,Mid-Market,Leads,Inbound,2,2025,2025-Q3,2025-09,0,1486,0,0,0,1486,0,0,0,0,0
2025-09-01,Direct,Mid-Market,MQL,Inbound,3,2025,2025-Q3,2025-09,0,608,0,0,0,0,608,0,0,0,0
2025-09-01,Direct,Mid-Market,SQL,Inbound,4,2025,2025-Q3,2025-09,46.64,332,0,0,0,0,0,332,0,0,0
2025-09-01,Direct,Mid-Market,Opportunity,Inbound,5,2025,2025-Q3,2025-09,46.64,200,1883837,0,0,0,0,0,200,0,0
2025-09-01,Direct,Mid-Market,Customer,Inbound,6,2025,2025-Q3,2025-09,46.64,70,657782,657782,0,0,0,0,0,70,3264.8
2025-09-01,Direct,SMB,Visitors,Inbound,1,2025,2025-Q3,2025-09,0,20156,0,0,20156,0,0,0,0,0,0
2025-09-01,Direct,SMB,Leads,Inbound,2,2025,2025-Q3,2025-09,0,1825,0,0,0,1825,0,0,0,0,0
2025-09-01,Direct,SMB,MQL,Inbound,3,2025,2025-Q3,2025-09,0,776,0,0,0,0,776,0,0,0,0
2025-09-01,Direct,SMB,SQL,Inbound,4,2025,2025-Q3,2025-09,21.36,420,0,0,0,0,0,420,0,0,0
2025-09-01,Direct,SMB,Opportunity,Inbound,5,2025,2025-Q3,2025-09,21.36,258,777054,0,0,0,0,0,258,0,0
2025-09-01,Direct,SMB,Customer,Inbound,6,2025,2025-Q3,2025-09,21.36,83,249524,249524,0,0,0,0,0,83,1772.88
2025-10-01,Paid Search,Enterprise,Visitors,Paid,1,2025,2025-Q4,2025-10,0,13370,0,0,13370,0,0,0,0,0,0
2025-10-01,Paid Search,Enterprise,Leads,Paid,2,2025,2025-Q4,2025-10,0,1422,0,0,0,1422,0,0,0,0,0
2025-10-01,Paid Search,Enterprise,MQL,Paid,3,2025,2025-Q4,2025-10,0,598,0,0,0,0,598,0,0,0,0
2025-10-01,Paid Search,Enterprise,SQL,Paid,4,2025,2025-Q4,2025-10,84.21,326,0,0,0,0,0,326,0,0,0
2025-10-01,Paid Search,Enterprise,Opportunity,Paid,5,2025,2025-Q4,2025-10,84.21,195,5689612,0,0,0,0,0,195,0,0
2025-10-01,Paid Search,Enterprise,Customer,Paid,6,2025,2025-Q4,2025-10,84.21,87,2534136,2534136,0,0,0,0,0,87,7326.27
2025-10-01,Paid Search,Mid-Market,Visitors,Paid,1,2025,2025-Q4,2025-10,0,21305,0,0,21305,0,0,0,0,0,0
2025-10-01,Paid Search,Mid-Market,Leads,Paid,2,2025,2025-Q4,2025-10,0,2225,0,0,0,2225,0,0,0,0,0
2025-10-01,Paid Search,Mid-Market,MQL,Paid,3,2025,2025-Q4,2025-10,0,925,0,0,0,0,925,0,0,0,0
2025-10-01,Paid Search,Mid-Market,SQL,Paid,4,2025,2025-Q4,2025-10,46.5,490,0,0,0,0,0,490,0,0,0
2025-10-01,Paid Search,Mid-Market,Opportunity,Paid,5,2025,2025-Q4,2025-10,46.5,308,3008986,0,0,0,0,0,308,0,0
2025-10-01,Paid Search,Mid-Market,Customer,Paid,6,2025,2025-Q4,2025-10,46.5,114,1110164,1110164,0,0,0,0,0,114,5301.0
2025-10-01,Paid Search,SMB,Visitors,Paid,1,2025,2025-Q4,2025-10,0,26423,0,0,26423,0,0,0,0,0,0
2025-10-01,Paid Search,SMB,Leads,Paid,2,2025,2025-Q4,2025-10,0,2797,0,0,0,2797,0,0,0,0,0
2025-10-01,Paid Search,SMB,MQL,Paid,3,2025,2025-Q4,2025-10,0,1147,0,0,0,0,1147,0,0,0,0
2025-10-01,Paid Search,SMB,SQL,Paid,4,2025,2025-Q4,2025-10,21.4,617,0,0,0,0,0,617,0,0,0
2025-10-01,Paid Search,SMB,Opportunity,Paid,5,2025,2025-Q4,2025-10,21.4,397,1231244,0,0,0,0,0,397,0,0
2025-10-01,Paid Search,SMB,Customer,Paid,6,2025,2025-Q4,2025-10,21.4,133,412709,412709,0,0,0,0,0,133,2846.2
2025-10-01,Paid Social,Enterprise,Visitors,Paid,1,2025,2025-Q4,2025-10,0,15565,0,0,15565,0,0,0,0,0,0
2025-10-01,Paid Social,Enterprise,Leads,Paid,2,2025,2025-Q4,2025-10,0,1161,0,0,0,1161,0,0,0,0,0
2025-10-01,Paid Social,Enterprise,MQL,Paid,3,2025,2025-Q4,2025-10,0,500,0,0,0,0,500,0,0,0,0
2025-10-01,Paid Social,Enterprise,SQL,Paid,4,2025,2025-Q4,2025-10,89.55,273,0,0,0,0,0,273,0,0,0
2025-10-01,Paid Social,Enterprise,Opportunity,Paid,5,2025,2025-Q4,2025-10,89.55,171,4735119,0,0,0,0,0,171,0,0
2025-10-01,Paid Social,Enterprise,Customer,Paid,6,2025,2025-Q4,2025-10,89.55,73,2014587,2014587,0,0,0,0,0,73,6537.15
2025-10-01,Paid Social,Mid-Market,Visitors,Paid,1,2025,2025-Q4,2025-10,0,24416,0,0,24416,0,0,0,0,0,0
2025-10-01,Paid Social,Mid-Market,Leads,Paid,2,2025,2025-Q4,2025-10,0,1806,0,0,0,1806,0,0,0,0,0
2025-10-01,Paid Social,Mid-Market,MQL,Paid,3,2025,2025-Q4,2025-10,0,771,0,0,0,0,771,0,0,0,0
2025-10-01,Paid Social,Mid-Market,SQL,Paid,4,2025,2025-Q4,2025-10,45.58,416,0,0,0,0,0,416,0,0,0
2025-10-01,Paid Social,Mid-Market,Opportunity,Paid,5,2025,2025-Q4,2025-10,45.58,259,2368055,0,0,0,0,0,259,0,0
2025-10-01,Paid Social,Mid-Market,Customer,Paid,6,2025,2025-Q4,2025-10,45.58,89,816363,816363,0,0,0,0,0,89,4056.62
2025-10-01,Paid Social,SMB,Visitors,Paid,1,2025,2025-Q4,2025-10,0,32660,0,0,32660,0,0,0,0,0,0
2025-10-01,Paid Social,SMB,Leads,Paid,2,2025,2025-Q4,2025-10,0,2474,0,0,0,2474,0,0,0,0,0
2025-10-01,Paid Social,SMB,MQL,Paid,3,2025,2025-Q4,2025-10,0,1041,0,0,0,0,1041,0,0,0,0
2025-10-01,Paid Social,SMB,SQL,Paid,4,2025,2025-Q4,2025-10,20.53,574,0,0,0,0,0,574,0,0,0
2025-10-01,Paid Social,SMB,Opportunity,Paid,5,2025,2025-Q4,2025-10,20.53,358,1151282,0,0,0,0,0,358,0,0
2025-10-01,Paid Social,SMB,Customer,Paid,6,2025,2025-Q4,2025-10,20.53,122,392117,392117,0,0,0,0,0,122,2504.66
2025-10-01,Organic Search,Enterprise,Visitors,Inbound,1,2025,2025-Q4,2025-10,0,21926,0,0,21926,0,0,0,0,0,0
2025-10-01,Organic Search,Enterprise,Leads,Inbound,2,2025,2025-Q4,2025-10,0,2507,0,0,0,2507,0,0,0,0,0
2025-10-01,Organic Search,Enterprise,MQL,Inbound,3,2025,2025-Q4,2025-10,0,1041,0,0,0,0,1041,0,0,0,0
2025-10-01,Organic Search,Enterprise,SQL,Inbound,4,2025,2025-Q4,2025-10,87.57,565,0,0,0,0,0,565,0,0,0
2025-10-01,Organic Search,Enterprise,Opportunity,Inbound,5,2025,2025-Q4,2025-10,87.57,356,10685156,0,0,0,0,0,356,0,0
2025-10-01,Organic Search,Enterprise,Customer,Inbound,6,2025,2025-Q4,2025-10,87.57,151,4527049,4527049,0,0,0,0,0,151,13223.07
2025-10-01,Organic Search,Mid-Market,Visitors,Inbound,1,2025,2025-Q4,2025-10,0,31701,0,0,31701,0,0,0,0,0,0
2025-10-01,Organic Search,Mid-Market,Leads,Inbound,2,2025,2025-Q4,2025-10,0,3662,0,0,0,3662,0,0,0,0,0
2025-10-01,Organic Search,Mid-Market,MQL,Inbound,3,2025,2025-Q4,2025-10,0,1499,0,0,0,0,1499,0,0,0,0
2025-10-01,Organic Search,Mid-Market,SQL,Inbound,4,2025,2025-Q4,2025-10,46.65,832,0,0,0,0,0,832,0,0,0
2025-10-01,Organic Search,Mid-Market,Opportunity,Inbound,5,2025,2025-Q4,2025-10,46.65,508,4664518,0,0,0,0,0,508,0,0
2025-10-01,Organic Search,Mid-Market,Customer,Inbound,6,2025,2025-Q4,2025-10,46.65,185,1699317,1699317,0,0,0,0,0,185,8630.25
2025-10-01,Organic Search,SMB,Visitors,Inbound,1,2025,2025-Q4,2025-10,0,40415,0,0,40415,0,0,0,0,0,0
2025-10-01,Organic Search,SMB,Leads,Inbound,2,2025,2025-Q4,2025-10,0,4601,0,0,0,4601,0,0,0,0,0
2025-10-01,Organic Search,SMB,MQL,Inbound,3,2025,2025-Q4,2025-10,0,1893,0,0,0,0,1893,0,0,0,0
2025-10-01,Organic Search,SMB,SQL,Inbound,4,2025,2025-Q4,2025-10,21.41,1059,0,0,0,0,0,1059,0,0,0
2025-10-01,Organic Search,SMB,Opportunity,Inbound,5,2025,2025-Q4,2025-10,21.41,643,1950266,0,0,0,0,0,643,0,0
2025-10-01,Organic Search,SMB,Customer,Inbound,6,2025,2025-Q4,2025-10,21.41,221,672139,672139,0,0,0,0,0,221,4731.61
2025-10-01,Email,Enterprise,Visitors,Nurture,1,2025,2025-Q4,2025-10,0,6232,0,0,6232,0,0,0,0,0,0
2025-10-01,Email,Enterprise,Leads,Nurture,2,2025,2025-Q4,2025-10,0,839,0,0,0,839,0,0,0,0,0
2025-10-01,Email,Enterprise,MQL,Nurture,3,2025,2025-Q4,2025-10,0,352,0,0,0,0,352,0,0,0,0
2025-10-01,Email,Enterprise,SQL,Nurture,4,2025,2025-Q4,2025-10,87.0,195,0,0,0,0,0,195,0,0,0
2025-10-01,Email,Enterprise,Opportunity,Nurture,5,2025,2025-Q4,2025-10,87.0,124,3501033,0,0,0,0,0,124,0,0
2025-10-01,Email,Enterprise,Customer,Nurture,6,2025,2025-Q4,2025-10,87.0,54,1513150,1513150,0,0,0,0,0,54,4698.0
2025-10-01,Email,Mid-Market,Visitors,Nurture,1,2025,2025-Q4,2025-10,0,9908,0,0,9908,0,0,0,0,0,0
2025-10-01,Email,Mid-Market,Leads,Nurture,2,2025,2025-Q4,2025-10,0,1318,0,0,0,1318,0,0,0,0,0
2025-10-01,Email,Mid-Market,MQL,Nurture,3,2025,2025-Q4,2025-10,0,548,0,0,0,0,548,0,0,0,0
2025-10-01,Email,Mid-Market,SQL,Nurture,4,2025,2025-Q4,2025-10,44.87,304,0,0,0,0,0,304,0,0,0
2025-10-01,Email,Mid-Market,Opportunity,Nurture,5,2025,2025-Q4,2025-10,44.87,184,1725191,0,0,0,0,0,184,0,0
2025-10-01,Email,Mid-Market,Customer,Nurture,6,2025,2025-Q4,2025-10,44.87,65,610422,610422,0,0,0,0,0,65,2916.55
2025-10-01,Email,SMB,Visitors,Nurture,1,2025,2025-Q4,2025-10,0,12675,0,0,12675,0,0,0,0,0,0
2025-10-01,Email,SMB,Leads,Nurture,2,2025,2025-Q4,2025-10,0,1668,0,0,0,1668,0,0,0,0,0
2025-10-01,Email,SMB,MQL,Nurture,3,2025,2025-Q4,2025-10,0,706,0,0,0,0,706,0,0,0,0
2025-10-01,Email,SMB,SQL,Nurture,4,2025,2025-Q4,2025-10,20.99,386,0,0,0,0,0,386,0,0,0
2025-10-01,Email,SMB,Opportunity,Nurture,5,2025,2025-Q4,2025-10,20.99,240,757452,0,0,0,0,0,240,0,0
2025-10-01,Email,SMB,Customer,Nurture,6,2025,2025-Q4,2025-10,20.99,80,252594,252594,0,0,0,0,0,80,1679.2
2025-10-01,Webinar,Enterprise,Visitors,Nurture,1,2025,2025-Q4,2025-10,0,2545,0,0,2545,0,0,0,0,0,0
2025-10-01,Webinar,Enterprise,Leads,Nurture,2,2025,2025-Q4,2025-10,0,389,0,0,0,389,0,0,0,0,0
2025-10-01,Webinar,Enterprise,MQL,Nurture,3,2025,2025-Q4,2025-10,0,161,0,0,0,0,161,0,0,0,0
2025-10-01,Webinar,Enterprise,SQL,Nurture,4,2025,2025-Q4,2025-10,89.28,87,0,0,0,0,0,87,0,0,0
2025-10-01,Webinar,Enterprise,Opportunity,Nurture,5,2025,2025-Q4,2025-10,89.28,54,1519904,0,0,0,0,0,54,0,0
2025-10-01,Webinar,Enterprise,Customer,Nurture,6,2025,2025-Q4,2025-10,89.28,23,643461,643461,0,0,0,0,0,23,2053.44
2025-10-01,Webinar,Mid-Market,Visitors,Nurture,1,2025,2025-Q4,2025-10,0,3840,0,0,3840,0,0,0,0,0,0
2025-10-01,Webinar,Mid-Market,Leads,Nurture,2,2025,2025-Q4,2025-10,0,582,0,0,0,582,0,0,0,0,0
2025-10-01,Webinar,Mid-Market,MQL,Nurture,3,2025,2025-Q4,2025-10,0,245,0,0,0,0,245,0,0,0,0
2025-10-01,Webinar,Mid-Market,SQL,Nurture,4,2025,2025-Q4,2025-10,47.66,129,0,0,0,0,0,129,0,0,0
2025-10-01,Webinar,Mid-Market,Opportunity,Nurture,5,2025,2025-Q4,2025-10,47.66,79,715331,0,0,0,0,0,79,0,0
2025-10-01,Webinar,Mid-Market,Customer,Nurture,6,2025,2025-Q4,2025-10,47.66,27,244457,244457,0,0,0,0,0,27,1286.82
2025-10-01,Webinar,SMB,Visitors,Nurture,1,2025,2025-Q4,2025-10,0,5214,0,0,5214,0,0,0,0,0,0
2025-10-01,Webinar,SMB,Leads,Nurture,2,2025,2025-Q4,2025-10,0,796,0,0,0,796,0,0,0,0,0
2025-10-01,Webinar,SMB,MQL,Nurture,3,2025,2025-Q4,2025-10,0,328,0,0,0,0,328,0,0,0,0
2025-10-01,Webinar,SMB,SQL,Nurture,4,2025,2025-Q4,2025-10,20.58,174,0,0,0,0,0,174,0,0,0
2025-10-01,Webinar,SMB,Opportunity,Nurture,5,2025,2025-Q4,2025-10,20.58,111,349768,0,0,0,0,0,111,0,0
2025-10-01,Webinar,SMB,Customer,Nurture,6,2025,2025-Q4,2025-10,20.58,40,126409,126409,0,0,0,0,0,40,823.2
2025-10-01,Partner,Enterprise,Visitors,Partner,1,2025,2025-Q4,2025-10,0,4451,0,0,4451,0,0,0,0,0,0
2025-10-01,Partner,Enterprise,Leads,Partner,2,2025,2025-Q4,2025-10,0,461,0,0,0,461,0,0,0,0,0
2025-10-01,Partner,Enterprise,MQL,Partner,3,2025,2025-Q4,2025-10,0,196,0,0,0,0,196,0,0,0,0
2025-10-01,Partner,Enterprise,SQL,Partner,4,2025,2025-Q4,2025-10,84.45,107,0,0,0,0,0,107,0,0,0
2025-10-01,Partner,Enterprise,Opportunity,Partner,5,2025,2025-Q4,2025-10,84.45,67,1954555,0,0,0,0,0,67,0,0
2025-10-01,Partner,Enterprise,Customer,Partner,6,2025,2025-Q4,2025-10,84.45,28,823505,823505,0,0,0,0,0,28,2364.6
2025-10-01,Partner,Mid-Market,Visitors,Partner,1,2025,2025-Q4,2025-10,0,6795,0,0,6795,0,0,0,0,0,0
2025-10-01,Partner,Mid-Market,Leads,Partner,2,2025,2025-Q4,2025-10,0,695,0,0,0,695,0,0,0,0,0
2025-10-01,Partner,Mid-Market,MQL,Partner,3,2025,2025-Q4,2025-10,0,294,0,0,0,0,294,0,0,0,0
2025-10-01,Partner,Mid-Market,SQL,Partner,4,2025,2025-Q4,2025-10,46.01,159,0,0,0,0,0,159,0,0,0
2025-10-01,Partner,Mid-Market,Opportunity,Partner,5,2025,2025-Q4,2025-10,46.01,102,966203,0,0,0,0,0,102,0,0
2025-10-01,Partner,Mid-Market,Customer,Partner,6,2025,2025-Q4,2025-10,46.01,36,338568,338568,0,0,0,0,0,36,1656.36
2025-10-01,Partner,SMB,Visitors,Partner,1,2025,2025-Q4,2025-10,0,8596,0,0,8596,0,0,0,0,0,0
2025-10-01,Partner,SMB,Leads,Partner,2,2025,2025-Q4,2025-10,0,880,0,0,0,880,0,0,0,0,0
2025-10-01,Partner,SMB,MQL,Partner,3,2025,2025-Q4,2025-10,0,371,0,0,0,0,371,0,0,0,0
2025-10-01,Partner,SMB,SQL,Partner,4,2025,2025-Q4,2025-10,21.8,202,0,0,0,0,0,202,0,0,0
2025-10-01,Partner,SMB,Opportunity,Partner,5,2025,2025-Q4,2025-10,21.8,123,383939,0,0,0,0,0,123,0,0
2025-10-01,Partner,SMB,Customer,Partner,6,2025,2025-Q4,2025-10,21.8,43,134859,134859,0,0,0,0,0,43,937.4
2025-10-01,Direct,Enterprise,Visitors,Inbound,1,2025,2025-Q4,2025-10,0,9795,0,0,9795,0,0,0,0,0,0
2025-10-01,Direct,Enterprise,Leads,Inbound,2,2025,2025-Q4,2025-10,0,879,0,0,0,879,0,0,0,0,0
2025-10-01,Direct,Enterprise,MQL,Inbound,3,2025,2025-Q4,2025-10,0,367,0,0,0,0,367,0,0,0,0
2025-10-01,Direct,Enterprise,SQL,Inbound,4,2025,2025-Q4,2025-10,92.64,194,0,0,0,0,0,194,0,0,0
2025-10-01,Direct,Enterprise,Opportunity,Inbound,5,2025,2025-Q4,2025-10,92.64,120,3412940,0,0,0,0,0,120,0,0
2025-10-01,Direct,Enterprise,Customer,Inbound,6,2025,2025-Q4,2025-10,92.64,54,1520148,1520148,0,0,0,0,0,54,5002.56
2025-10-01,Direct,Mid-Market,Visitors,Inbound,1,2025,2025-Q4,2025-10,0,15427,0,0,15427,0,0,0,0,0,0
2025-10-01,Direct,Mid-Market,Leads,Inbound,2,2025,2025-Q4,2025-10,0,1415,0,0,0,1415,0,0,0,0,0
2025-10-01,Direct,Mid-Market,MQL,Inbound,3,2025,2025-Q4,2025-10,0,579,0,0,0,0,579,0,0,0,0
2025-10-01,Direct,Mid-Market,SQL,Inbound,4,2025,2025-Q4,2025-10,44.23,316,0,0,0,0,0,316,0,0,0
2025-10-01,Direct,Mid-Market,Opportunity,Inbound,5,2025,2025-Q4,2025-10,44.23,196,1802969,0,0,0,0,0,196,0,0
2025-10-01,Direct,Mid-Market,Customer,Inbound,6,2025,2025-Q4,2025-10,44.23,70,646181,646181,0,0,0,0,0,70,3096.1
2025-10-01,Direct,SMB,Visitors,Inbound,1,2025,2025-Q4,2025-10,0,20275,0,0,20275,0,0,0,0,0,0
2025-10-01,Direct,SMB,Leads,Inbound,2,2025,2025-Q4,2025-10,0,1841,0,0,0,1841,0,0,0,0,0
2025-10-01,Direct,SMB,MQL,Inbound,3,2025,2025-Q4,2025-10,0,747,0,0,0,0,747,0,0,0,0
2025-10-01,Direct,SMB,SQL,Inbound,4,2025,2025-Q4,2025-10,20.25,420,0,0,0,0,0,420,0,0,0
2025-10-01,Direct,SMB,Opportunity,Inbound,5,2025,2025-Q4,2025-10,20.25,249,792586,0,0,0,0,0,249,0,0
2025-10-01,Direct,SMB,Customer,Inbound,6,2025,2025-Q4,2025-10,20.25,87,277683,277683,0,0,0,0,0,87,1761.75
2025-11-01,Paid Search,Enterprise,Visitors,Paid,1,2025,2025-Q4,2025-11,0,11432,0,0,11432,0,0,0,0,0,0
2025-11-01,Paid Search,Enterprise,Leads,Paid,2,2025,2025-Q4,2025-11,0,1226,0,0,0,1226,0,0,0,0,0
2025-11-01,Paid Search,Enterprise,MQL,Paid,3,2025,2025-Q4,2025-11,0,495,0,0,0,0,495,0,0,0,0
2025-11-01,Paid Search,Enterprise,SQL,Paid,4,2025,2025-Q4,2025-11,90.45,273,0,0,0,0,0,273,0,0,0
2025-11-01,Paid Search,Enterprise,Opportunity,Paid,5,2025,2025-Q4,2025-11,90.45,170,4868867,0,0,0,0,0,170,0,0
2025-11-01,Paid Search,Enterprise,Customer,Paid,6,2025,2025-Q4,2025-11,90.45,75,2152283,2152283,0,0,0,0,0,75,6783.75
2025-11-01,Paid Search,Mid-Market,Visitors,Paid,1,2025,2025-Q4,2025-11,0,17578,0,0,17578,0,0,0,0,0,0
2025-11-01,Paid Search,Mid-Market,Leads,Paid,2,2025,2025-Q4,2025-11,0,1849,0,0,0,1849,0,0,0,0,0
2025-11-01,Paid Search,Mid-Market,MQL,Paid,3,2025,2025-Q4,2025-11,0,761,0,0,0,0,761,0,0,0,0
2025-11-01,Paid Search,Mid-Market,SQL,Paid,4,2025,2025-Q4,2025-11,48.07,429,0,0,0,0,0,429,0,0,0
2025-11-01,Paid Search,Mid-Market,Opportunity,Paid,5,2025,2025-Q4,2025-11,48.07,263,2370329,0,0,0,0,0,263,0,0
2025-11-01,Paid Search,Mid-Market,Customer,Paid,6,2025,2025-Q4,2025-11,48.07,97,875450,875450,0,0,0,0,0,97,4662.79
2025-11-01,Paid Search,SMB,Visitors,Paid,1,2025,2025-Q4,2025-11,0,22950,0,0,22950,0,0,0,0,0,0
2025-11-01,Paid Search,SMB,Leads,Paid,2,2025,2025-Q4,2025-11,0,2365,0,0,0,2365,0,0,0,0,0
2025-11-01,Paid Search,SMB,MQL,Paid,3,2025,2025-Q4,2025-11,0,1007,0,0,0,0,1007,0,0,0,0
2025-11-01,Paid Search,SMB,SQL,Paid,4,2025,2025-Q4,2025-11,20.26,563,0,0,0,0,0,563,0,0,0
2025-11-01,Paid Search,SMB,Opportunity,Paid,5,2025,2025-Q4,2025-11,20.26,349,1085914,0,0,0,0,0,349,0,0
2025-11-01,Paid Search,SMB,Customer,Paid,6,2025,2025-Q4,2025-11,20.26,117,364086,364086,0,0,0,0,0,117,2370.42
2025-11-01,Paid Social,Enterprise,Visitors,Paid,1,2025,2025-Q4,2025-11,0,14242,0,0,14242,0,0,0,0,0,0
2025-11-01,Paid Social,Enterprise,Leads,Paid,2,2025,2025-Q4,2025-11,0,1064,0,0,0,1064,0,0,0,0,0
2025-11-01,Paid Social,Enterprise,MQL,Paid,3,2025,2025-Q4,2025-11,0,440,0,0,0,0,440,0,0,0,0
2025-11-01,Paid Social,Enterprise,SQL,Paid,4,2025,2025-Q4,2025-11,84.5,242,0,0,0,0,0,242,0,0,0
2025-11-01,Paid Social,Enterprise,Opportunity,Paid,5,2025,2025-Q4,2025-11,84.5,148,4238342,0,0,0,0,0,148,0,0
2025-11-01,Paid Social,Enterprise,Customer,Paid,6,2025,2025-Q4,2025-11,84.5,60,1714701,1714701,0,0,0,0,0,60,5070.0
2025-11-01,Paid Social,Mid-Market,Visitors,Paid,1,2025,2025-Q4,2025-11,0,21728,0,0,21728,0,0,0,0,0,0
2025-11-01,Paid Social,Mid-Market,Leads,Paid,2,2025,2025-Q4,2025-11,0,1617,0,0,0,1617,0,0,0,0,0
2025-11-01,Paid Social,Mid-Market,MQL,Paid,3,2025,2025-Q4,2025-11,0,682,0,0,0,0,682,0,0,0,0
2025-11-01,Paid Social,Mid-Market,SQL,Paid,4,2025,2025-Q4,2025-11,45.85,371,0,0,0,0,0,371,0,0,0
2025-11-01,Paid Social,Mid-Market,Opportunity,Paid,5,2025,2025-Q4,2025-11,45.85,233,2230839,0,0,0,0,0,233,0,0
2025-11-01,Paid Social,Mid-Market,Customer,Paid,6,2025,2025-Q4,2025-11,45.85,83,800143,800143,0,0,0,0,0,83,3805.55
2025-11-01,Paid Social,SMB,Visitors,Paid,1,2025,2025-Q4,2025-11,0,27444,0,0,27444,0,0,0,0,0,0
2025-11-01,Paid Social,SMB,Leads,Paid,2,2025,2025-Q4,2025-11,0,1989,0,0,0,1989,0,0,0,0,0
2025-11-01,Paid Social,SMB,MQL,Paid,3,2025,2025-Q4,2025-11,0,848,0,0,0,0,848,0,0,0,0
2025-11-01,Paid Social,SMB,SQL,Paid,4,2025,2025-Q4,2025-11,22.05,451,0,0,0,0,0,451,0,0,0
2025-11-01,Paid Social,SMB,Opportunity,Paid,5,2025,2025-Q4,2025-11,22.05,277,871161,0,0,0,0,0,277,0,0
2025-11-01,Paid Social,SMB,Customer,Paid,6,2025,2025-Q4,2025-11,22.05,90,282228,282228,0,0,0,0,0,90,1984.5
2025-11-01,Organic Search,Enterprise,Visitors,Inbound,1,2025,2025-Q4,2025-11,0,17611,0,0,17611,0,0,0,0,0,0
2025-11-01,Organic Search,Enterprise,Leads,Inbound,2,2025,2025-Q4,2025-11,0,1960,0,0,0,1960,0,0,0,0,0
2025-11-01,Organic Search,Enterprise,MQL,Inbound,3,2025,2025-Q4,2025-11,0,841,0,0,0,0,841,0,0,0,0
2025-11-01,Organic Search,Enterprise,SQL,Inbound,4,2025,2025-Q4,2025-11,91.99,465,0,0,0,0,0,465,0,0,0
2025-11-01,Organic Search,Enterprise,Opportunity,Inbound,5,2025,2025-Q4,2025-11,91.99,295,8343155,0,0,0,0,0,295,0,0
2025-11-01,Organic Search,Enterprise,Customer,Inbound,6,2025,2025-Q4,2025-11,91.99,128,3613075,3613075,0,0,0,0,0,128,11774.72
2025-11-01,Organic Search,Mid-Market,Visitors,Inbound,1,2025,2025-Q4,2025-11,0,27877,0,0,27877,0,0,0,0,0,0
2025-11-01,Organic Search,Mid-Market,Leads,Inbound,2,2025,2025-Q4,2025-11,0,3142,0,0,0,3142,0,0,0,0,0
2025-11-01,Organic Search,Mid-Market,MQL,Inbound,3,2025,2025-Q4,2025-11,0,1384,0,0,0,0,1384,0,0,0,0
2025-11-01,Organic Search,Mid-Market,SQL,Inbound,4,2025,2025-Q4,2025-11,44.4,763,0,0,0,0,0,763,0,0,0
2025-11-01,Organic Search,Mid-Market,Opportunity,Inbound,5,2025,2025-Q4,2025-11,44.4,485,4408916,0,0,0,0,0,485,0,0
2025-11-01,Organic Search,Mid-Market,Customer,Inbound,6,2025,2025-Q4,2025-11,44.4,172,1563886,1563886,0,0,0,0,0,172,7636.8
2025-11-01,Organic Search,SMB,Visitors,Inbound,1,2025,2025-Q4,2025-11,0,37208,0,0,37208,0,0,0,0,0,0
2025-11-01,Organic Search,SMB,Leads,Inbound,2,2025,2025-Q4,2025-11,0,4316,0,0,0,4316,0,0,0,0,0
2025-11-01,Organic Search,SMB,MQL,Inbound,3,2025,2025-Q4,2025-11,0,1861,0,0,0,0,1861,0,0,0,0
2025-11-01,Organic Search,SMB,SQL,Inbound,4,2025,2025-Q4,2025-11,20.57,1015,0,0,0,0,0,1015,0,0,0
2025-11-01,Organic Search,SMB,Opportunity,Inbound,5,2025,2025-Q4,2025-11,20.57,638,2014175,0,0,0,0,0,638,0,0
2025-11-01,Organic Search,SMB,Customer,Inbound,6,2025,2025-Q4,2025-11,20.57,211,666073,666073,0,0,0,0,0,211,4340.27
2025-11-01,Email,Enterprise,Visitors,Nurture,1,2025,2025-Q4,2025-11,0,5589,0,0,5589,0,0,0,0,0,0
2025-11-01,Email,Enterprise,Leads,Nurture,2,2025,2025-Q4,2025-11,0,718,0,0,0,718,0,0,0,0,0
2025-11-01,Email,Enterprise,MQL,Nurture,3,2025,2025-Q4,2025-11,0,308,0,0,0,0,308,0,0,0,0
2025-11-01,Email,Enterprise,SQL,Nurture,4,2025,2025-Q4,2025-11,87.75,164,0,0,0,0,0,164,0,0,0
2025-11-01,Email,Enterprise,Opportunity,Nurture,5,2025,2025-Q4,2025-11,87.75,98,2867771,0,0,0,0,0,98,0,0
2025-11-01,Email,Enterprise,Customer,Nurture,6,2025,2025-Q4,2025-11,87.75,47,1385280,1385280,0,0,0,0,0,47,4124.25
2025-11-01,Email,Mid-Market,Visitors,Nurture,1,2025,2025-Q4,2025-11,0,8508,0,0,8508,0,0,0,0,0,0
2025-11-01,Email,Mid-Market,Leads,Nurture,2,2025,2025-Q4,2025-11,0,1121,0,0,0,1121,0,0,0,0,0
2025-11-01,Email,Mid-Market,MQL,Nurture,3,2025,2025-Q4,2025-11,0,465,0,0,0,0,465,0,0,0,0
2025-11-01,Email,Mid-Market,SQL,Nurture,4,2025,2025-Q4,2025-11,48.19,255,0,0,0,0,0,255,0,0,0
2025-11-01,Email,Mid-Market,Opportunity,Nurture,5,2025,2025-Q4,2025-11,48.19,158,1483782,0,0,0,0,0,158,0,0
2025-11-01,Email,Mid-Market,Customer,Nurture,6,2025,2025-Q4,2025-11,48.19,55,517699,517699,0,0,0,0,0,55,2650.45
2025-11-01,Email,SMB,Visitors,Nurture,1,2025,2025-Q4,2025-11,0,10808,0,0,10808,0,0,0,0,0,0
2025-11-01,Email,SMB,Leads,Nurture,2,2025,2025-Q4,2025-11,0,1432,0,0,0,1432,0,0,0,0,0
2025-11-01,Email,SMB,MQL,Nurture,3,2025,2025-Q4,2025-11,0,587,0,0,0,0,587,0,0,0,0
2025-11-01,Email,SMB,SQL,Nurture,4,2025,2025-Q4,2025-11,20.96,326,0,0,0,0,0,326,0,0,0
2025-11-01,Email,SMB,Opportunity,Nurture,5,2025,2025-Q4,2025-11,20.96,193,593876,0,0,0,0,0,193,0,0
2025-11-01,Email,SMB,Customer,Nurture,6,2025,2025-Q4,2025-11,20.96,63,194709,194709,0,0,0,0,0,63,1320.48
2025-11-01,Webinar,Enterprise,Visitors,Nurture,1,2025,2025-Q4,2025-11,0,2189,0,0,2189,0,0,0,0,0,0
2025-11-01,Webinar,Enterprise,Leads,Nurture,2,2025,2025-Q4,2025-11,0,341,0,0,0,341,0,0,0,0,0
2025-11-01,Webinar,Enterprise,MQL,Nurture,3,2025,2025-Q4,2025-11,0,136,0,0,0,0,136,0,0,0,0
2025-11-01,Webinar,Enterprise,SQL,Nurture,4,2025,2025-Q4,2025-11,86.2,75,0,0,0,0,0,75,0,0,0
2025-11-01,Webinar,Enterprise,Opportunity,Nurture,5,2025,2025-Q4,2025-11,86.2,50,1398890,0,0,0,0,0,50,0,0
2025-11-01,Webinar,Enterprise,Customer,Nurture,6,2025,2025-Q4,2025-11,86.2,21,590454,590454,0,0,0,0,0,21,1810.2
2025-11-01,Webinar,Mid-Market,Visitors,Nurture,1,2025,2025-Q4,2025-11,0,3545,0,0,3545,0,0,0,0,0,0
2025-11-01,Webinar,Mid-Market,Leads,Nurture,2,2025,2025-Q4,2025-11,0,552,0,0,0,552,0,0,0,0,0
2025-11-01,Webinar,Mid-Market,MQL,Nurture,3,2025,2025-Q4,2025-11,0,225,0,0,0,0,225,0,0,0,0
2025-11-01,Webinar,Mid-Market,SQL,Nurture,4,2025,2025-Q4,2025-11,45.08,128,0,0,0,0,0,128,0,0,0
2025-11-01,Webinar,Mid-Market,Opportunity,Nurture,5,2025,2025-Q4,2025-11,45.08,81,768871,0,0,0,0,0,81,0,0
2025-11-01,Webinar,Mid-Market,Customer,Nurture,6,2025,2025-Q4,2025-11,45.08,27,255150,255150,0,0,0,0,0,27,1217.16
2025-11-01,Webinar,SMB,Visitors,Nurture,1,2025,2025-Q4,2025-11,0,4662,0,0,4662,0,0,0,0,0,0
2025-11-01,Webinar,SMB,Leads,Nurture,2,2025,2025-Q4,2025-11,0,702,0,0,0,702,0,0,0,0,0
2025-11-01,Webinar,SMB,MQL,Nurture,3,2025,2025-Q4,2025-11,0,294,0,0,0,0,294,0,0,0,0
2025-11-01,Webinar,SMB,SQL,Nurture,4,2025,2025-Q4,2025-11,21.0,162,0,0,0,0,0,162,0,0,0
2025-11-01,Webinar,SMB,Opportunity,Nurture,5,2025,2025-Q4,2025-11,21.0,104,340039,0,0,0,0,0,104,0,0
2025-11-01,Webinar,SMB,Customer,Nurture,6,2025,2025-Q4,2025-11,21.0,35,113667,113667,0,0,0,0,0,35,735.0
2025-11-01,Partner,Enterprise,Visitors,Partner,1,2025,2025-Q4,2025-11,0,3877,0,0,3877,0,0,0,0,0,0
2025-11-01,Partner,Enterprise,Leads,Partner,2,2025,2025-Q4,2025-11,0,401,0,0,0,401,0,0,0,0,0
2025-11-01,Partner,Enterprise,MQL,Partner,3,2025,2025-Q4,2025-11,0,165,0,0,0,0,165,0,0,0,0
2025-11-01,Partner,Enterprise,SQL,Partner,4,2025,2025-Q4,2025-11,90.75,92,0,0,0,0,0,92,0,0,0
2025-11-01,Partner,Enterprise,Opportunity,Partner,5,2025,2025-Q4,2025-11,90.75,54,1548647,0,0,0,0,0,54,0,0
2025-11-01,Partner,Enterprise,Customer,Partner,6,2025,2025-Q4,2025-11,90.75,25,725768,725768,0,0,0,0,0,25,2268.75
2025-11-01,Partner,Mid-Market,Visitors,Partner,1,2025,2025-Q4,2025-11,0,5709,0,0,5709,0,0,0,0,0,0
2025-11-01,Partner,Mid-Market,Leads,Partner,2,2025,2025-Q4,2025-11,0,578,0,0,0,578,0,0,0,0,0
2025-11-01,Partner,Mid-Market,MQL,Partner,3,2025,2025-Q4,2025-11,0,242,0,0,0,0,242,0,0,0,0
2025-11-01,Partner,Mid-Market,SQL,Partner,4,2025,2025-Q4,2025-11,45.93,131,0,0,0,0,0,131,0,0,0
2025-11-01,Partner,Mid-Market,Opportunity,Partner,5,2025,2025-Q4,2025-11,45.93,83,753191,0,0,0,0,0,83,0,0
2025-11-01,Partner,Mid-Market,Customer,Partner,6,2025,2025-Q4,2025-11,45.93,27,242791,242791,0,0,0,0,0,27,1240.11
2025-11-01,Partner,SMB,Visitors,Partner,1,2025,2025-Q4,2025-11,0,7543,0,0,7543,0,0,0,0,0,0
2025-11-01,Partner,SMB,Leads,Partner,2,2025,2025-Q4,2025-11,0,757,0,0,0,757,0,0,0,0,0
2025-11-01,Partner,SMB,MQL,Partner,3,2025,2025-Q4,2025-11,0,323,0,0,0,0,323,0,0,0,0
2025-11-01,Partner,SMB,SQL,Partner,4,2025,2025-Q4,2025-11,20.68,170,0,0,0,0,0,170,0,0,0
2025-11-01,Partner,SMB,Opportunity,Partner,5,2025,2025-Q4,2025-11,20.68,107,333536,0,0,0,0,0,107,0,0
2025-11-01,Partner,SMB,Customer,Partner,6,2025,2025-Q4,2025-11,20.68,37,115524,115524,0,0,0,0,0,37,765.16
2025-11-01,Direct,Enterprise,Visitors,Inbound,1,2025,2025-Q4,2025-11,0,8787,0,0,8787,0,0,0,0,0,0
2025-11-01,Direct,Enterprise,Leads,Inbound,2,2025,2025-Q4,2025-11,0,779,0,0,0,779,0,0,0,0,0
2025-11-01,Direct,Enterprise,MQL,Inbound,3,2025,2025-Q4,2025-11,0,331,0,0,0,0,331,0,0,0,0
2025-11-01,Direct,Enterprise,SQL,Inbound,4,2025,2025-Q4,2025-11,84.8,191,0,0,0,0,0,191,0,0,0
2025-11-01,Direct,Enterprise,Opportunity,Inbound,5,2025,2025-Q4,2025-11,84.8,118,3453050,0,0,0,0,0,118,0,0
2025-11-01,Direct,Enterprise,Customer,Inbound,6,2025,2025-Q4,2025-11,84.8,52,1517987,1517987,0,0,0,0,0,52,4409.6
2025-11-01,Direct,Mid-Market,Visitors,Inbound,1,2025,2025-Q4,2025-11,0,13981,0,0,13981,0,0,0,0,0,0
2025-11-01,Direct,Mid-Market,Leads,Inbound,2,2025,2025-Q4,2025-11,0,1234,0,0,0,1234,0,0,0,0,0
2025-11-01,Direct,Mid-Market,MQL,Inbound,3,2025,2025-Q4,2025-11,0,537,0,0,0,0,537,0,0,0,0
2025-11-01,Direct,Mid-Market,SQL,Inbound,4,2025,2025-Q4,2025-11,46.01,298,0,0,0,0,0,298,0,0,0
2025-11-01,Direct,Mid-Market,Opportunity,Inbound,5,2025,2025-Q4,2025-11,46.01,188,1820468,0,0,0,0,0,188,0,0
2025-11-01,Direct,Mid-Market,Customer,Inbound,6,2025,2025-Q4,2025-11,46.01,68,659778,659778,0,0,0,0,0,68,3128.68
2025-11-01,Direct,SMB,Visitors,Inbound,1,2025,2025-Q4,2025-11,0,16914,0,0,16914,0,0,0,0,0,0
2025-11-01,Direct,SMB,Leads,Inbound,2,2025,2025-Q4,2025-11,0,1534,0,0,0,1534,0,0,0,0,0
2025-11-01,Direct,SMB,MQL,Inbound,3,2025,2025-Q4,2025-11,0,670,0,0,0,0,670,0,0,0,0
2025-11-01,Direct,SMB,SQL,Inbound,4,2025,2025-Q4,2025-11,21.42,368,0,0,0,0,0,368,0,0,0
2025-11-01,Direct,SMB,Opportunity,Inbound,5,2025,2025-Q4,2025-11,21.42,233,711983,0,0,0,0,0,233,0,0
2025-11-01,Direct,SMB,Customer,Inbound,6,2025,2025-Q4,2025-11,21.42,76,232601,232601,0,0,0,0,0,76,1627.92
2025-12-01,Paid Search,Enterprise,Visitors,Paid,1,2025,2025-Q4,2025-12,0,12262,0,0,12262,0,0,0,0,0,0
2025-12-01,Paid Search,Enterprise,Leads,Paid,2,2025,2025-Q4,2025-12,0,1328,0,0,0,1328,0,0,0,0,0
2025-12-01,Paid Search,Enterprise,MQL,Paid,3,2025,2025-Q4,2025-12,0,577,0,0,0,0,577,0,0,0,0
2025-12-01,Paid Search,Enterprise,SQL,Paid,4,2025,2025-Q4,2025-12,85.7,313,0,0,0,0,0,313,0,0,0
2025-12-01,Paid Search,Enterprise,Opportunity,Paid,5,2025,2025-Q4,2025-12,85.7,197,5557648,0,0,0,0,0,197,0,0
2025-12-01,Paid Search,Enterprise,Customer,Paid,6,2025,2025-Q4,2025-12,85.7,82,2302558,2302558,0,0,0,0,0,82,7027.4
2025-12-01,Paid Search,Mid-Market,Visitors,Paid,1,2025,2025-Q4,2025-12,0,19597,0,0,19597,0,0,0,0,0,0
2025-12-01,Paid Search,Mid-Market,Leads,Paid,2,2025,2025-Q4,2025-12,0,2131,0,0,0,2131,0,0,0,0,0
2025-12-01,Paid Search,Mid-Market,MQL,Paid,3,2025,2025-Q4,2025-12,0,904,0,0,0,0,904,0,0,0,0
2025-12-01,Paid Search,Mid-Market,SQL,Paid,4,2025,2025-Q4,2025-12,44.93,495,0,0,0,0,0,495,0,0,0
2025-12-01,Paid Search,Mid-Market,Opportunity,Paid,5,2025,2025-Q4,2025-12,44.93,309,2943705,0,0,0,0,0,309,0,0
2025-12-01,Paid Search,Mid-Market,Customer,Paid,6,2025,2025-Q4,2025-12,44.93,111,1054706,1054706,0,0,0,0,0,111,4987.23
2025-12-01,Paid Search,SMB,Visitors,Paid,1,2025,2025-Q4,2025-12,0,25584,0,0,25584,0,0,0,0,0,0
2025-12-01,Paid Search,SMB,Leads,Paid,2,2025,2025-Q4,2025-12,0,2818,0,0,0,2818,0,0,0,0,0
2025-12-01,Paid Search,SMB,MQL,Paid,3,2025,2025-Q4,2025-12,0,1188,0,0,0,0,1188,0,0,0,0
2025-12-01,Paid Search,SMB,SQL,Paid,4,2025,2025-Q4,2025-12,21.3,668,0,0,0,0,0,668,0,0,0
2025-12-01,Paid Search,SMB,Opportunity,Paid,5,2025,2025-Q4,2025-12,21.3,410,1308625,0,0,0,0,0,410,0,0
2025-12-01,Paid Search,SMB,Customer,Paid,6,2025,2025-Q4,2025-12,21.3,140,447474,447474,0,0,0,0,0,140,2982.0
2025-12-01,Paid Social,Enterprise,Visitors,Paid,1,2025,2025-Q4,2025-12,0,15060,0,0,15060,0,0,0,0,0,0
2025-12-01,Paid Social,Enterprise,Leads,Paid,2,2025,2025-Q4,2025-12,0,1130,0,0,0,1130,0,0,0,0,0
2025-12-01,Paid Social,Enterprise,MQL,Paid,3,2025,2025-Q4,2025-12,0,465,0,0,0,0,465,0,0,0,0
2025-12-01,Paid Social,Enterprise,SQL,Paid,4,2025,2025-Q4,2025-12,90.58,255,0,0,0,0,0,255,0,0,0
2025-12-01,Paid Social,Enterprise,Opportunity,Paid,5,2025,2025-Q4,2025-12,90.58,153,4518253,0,0,0,0,0,153,0,0
2025-12-01,Paid Social,Enterprise,Customer,Paid,6,2025,2025-Q4,2025-12,90.58,65,1925745,1925745,0,0,0,0,0,65,5887.7
2025-12-01,Paid Social,Mid-Market,Visitors,Paid,1,2025,2025-Q4,2025-12,0,22102,0,0,22102,0,0,0,0,0,0
2025-12-01,Paid Social,Mid-Market,Leads,Paid,2,2025,2025-Q4,2025-12,0,1641,0,0,0,1641,0,0,0,0,0
2025-12-01,Paid Social,Mid-Market,MQL,Paid,3,2025,2025-Q4,2025-12,0,669,0,0,0,0,669,0,0,0,0
2025-12-01,Paid Social,Mid-Market,SQL,Paid,4,2025,2025-Q4,2025-12,46.12,360,0,0,0,0,0,360,0,0,0
2025-12-01,Paid Social,Mid-Market,Opportunity,Paid,5,2025,2025-Q4,2025-12,46.12,217,1944410,0,0,0,0,0,217,0,0
2025-12-01,Paid Social,Mid-Market,Customer,Paid,6,2025,2025-Q4,2025-12,46.12,78,700394,700394,0,0,0,0,0,78,3597.36
2025-12-01,Paid Social,SMB,Visitors,Paid,1,2025,2025-Q4,2025-12,0,29812,0,0,29812,0,0,0,0,0,0
2025-12-01,Paid Social,SMB,Leads,Paid,2,2025,2025-Q4,2025-12,0,2187,0,0,0,2187,0,0,0,0,0
2025-12-01,Paid Social,SMB,MQL,Paid,3,2025,2025-Q4,2025-12,0,913,0,0,0,0,913,0,0,0,0
2025-12-01,Paid Social,SMB,SQL,Paid,4,2025,2025-Q4,2025-12,20.49,491,0,0,0,0,0,491,0,0,0
2025-12-01,Paid Social,SMB,Opportunity,Paid,5,2025,2025-Q4,2025-12,20.49,300,939333,0,0,0,0,0,300,0,0
2025-12-01,Paid Social,SMB,Customer,Paid,6,2025,2025-Q4,2025-12,20.49,103,321965,321965,0,0,0,0,0,103,2110.47
2025-12-01,Organic Search,Enterprise,Visitors,Inbound,1,2025,2025-Q4,2025-12,0,19858,0,0,19858,0,0,0,0,0,0
2025-12-01,Organic Search,Enterprise,Leads,Inbound,2,2025,2025-Q4,2025-12,0,2367,0,0,0,2367,0,0,0,0,0
2025-12-01,Organic Search,Enterprise,MQL,Inbound,3,2025,2025-Q4,2025-12,0,1003,0,0,0,0,1003,0,0,0,0
2025-12-01,Organic Search,Enterprise,SQL,Inbound,4,2025,2025-Q4,2025-12,85.75,562,0,0,0,0,0,562,0,0,0
2025-12-01,Organic Search,Enterprise,Opportunity,Inbound,5,2025,2025-Q4,2025-12,85.75,345,10035416,0,0,0,0,0,345,0,0
2025-12-01,Organic Search,Enterprise,Customer,Inbound,6,2025,2025-Q4,2025-12,85.75,154,4474159,4474159,0,0,0,0,0,154,13205.5
2025-12-01,Organic Search,Mid-Market,Visitors,Inbound,1,2025,2025-Q4,2025-12,0,31548,0,0,31548,0,0,0,0,0,0
2025-12-01,Organic Search,Mid-Market,Leads,Inbound,2,2025,2025-Q4,2025-12,0,3707,0,0,0,3707,0,0,0,0,0
2025-12-01,Organic Search,Mid-Market,MQL,Inbound,3,2025,2025-Q4,2025-12,0,1547,0,0,0,0,1547,0,0,0,0
2025-12-01,Organic Search,Mid-Market,SQL,Inbound,4,2025,2025-Q4,2025-12,45.94,854,0,0,0,0,0,854,0,0,0
2025-12-01,Organic Search,Mid-Market,Opportunity,Inbound,5,2025,2025-Q4,2025-12,45.94,525,4906521,0,0,0,0,0,525,0,0
2025-12-01,Organic Search,Mid-Market,Customer,Inbound,6,2025,2025-Q4,2025-12,45.94,192,1789517,1789517,0,0,0,0,0,192,8820.48
2025-12-01,Organic Search,SMB,Visitors,Inbound,1,2025,2025-Q4,2025-12,0,38070,0,0,38070,0,0,0,0,0,0
2025-12-01,Organic Search,SMB,Leads,Inbound,2,2025,2025-Q4,2025-12,0,4430,0,0,0,4430,0,0,0,0,0
2025-12-01,Organic Search,SMB,MQL,Inbound,3,2025,2025-Q4,2025-12,0,1923,0,0,0,0,1923,0,0,0,0
2025-12-01,Organic Search,SMB,SQL,Inbound,4,2025,2025-Q4,2025-12,21.77,1048,0,0,0,0,0,1048,0,0,0
2025-12-01,Organic Search,SMB,Opportunity,Inbound,5,2025,2025-Q4,2025-12,21.77,654,2019437,0,0,0,0,0,654,0,0
2025-12-01,Organic Search,SMB,Customer,Inbound,6,2025,2025-Q4,2025-12,21.77,219,676372,676372,0,0,0,0,0,219,4767.63
2025-12-01,Email,Enterprise,Visitors,Nurture,1,2025,2025-Q4,2025-12,0,5686,0,0,5686,0,0,0,0,0,0
2025-12-01,Email,Enterprise,Leads,Nurture,2,2025,2025-Q4,2025-12,0,738,0,0,0,738,0,0,0,0,0
2025-12-01,Email,Enterprise,MQL,Nurture,3,2025,2025-Q4,2025-12,0,311,0,0,0,0,311,0,0,0,0
2025-12-01,Email,Enterprise,SQL,Nurture,4,2025,2025-Q4,2025-12,89.68,166,0,0,0,0,0,166,0,0,0
2025-12-01,Email,Enterprise,Opportunity,Nurture,5,2025,2025-Q4,2025-12,89.68,101,2814139,0,0,0,0,0,101,0,0
2025-12-01,Email,Enterprise,Customer,Nurture,6,2025,2025-Q4,2025-12,89.68,48,1329019,1329019,0,0,0,0,0,48,4304.64
2025-12-01,Email,Mid-Market,Visitors,Nurture,1,2025,2025-Q4,2025-12,0,9066,0,0,9066,0,0,0,0,0,0
2025-12-01,Email,Mid-Market,Leads,Nurture,2,2025,2025-Q4,2025-12,0,1154,0,0,0,1154,0,0,0,0,0
2025-12-01,Email,Mid-Market,MQL,Nurture,3,2025,2025-Q4,2025-12,0,480,0,0,0,0,480,0,0,0,0
2025-12-01,Email,Mid-Market,SQL,Nurture,4,2025,2025-Q4,2025-12,45.65,257,0,0,0,0,0,257,0,0,0
2025-12-01,Email,Mid-Market,Opportunity,Nurture,5,2025,2025-Q4,2025-12,45.65,161,1489667,0,0,0,0,0,161,0,0
2025-12-01,Email,Mid-Market,Customer,Nurture,6,2025,2025-Q4,2025-12,45.65,56,517040,517040,0,0,0,0,0,56,2556.4
2025-12-01,Email,SMB,Visitors,Nurture,1,2025,2025-Q4,2025-12,0,12042,0,0,12042,0,0,0,0,0,0
2025-12-01,Email,SMB,Leads,Nurture,2,2025,2025-Q4,2025-12,0,1557,0,0,0,1557,0,0,0,0,0
2025-12-01,Email,SMB,MQL,Nurture,3,2025,2025-Q4,2025-12,0,644,0,0,0,0,644,0,0,0,0
2025-12-01,Email,SMB,SQL,Nurture,4,2025,2025-Q4,2025-12,20.28,352,0,0,0,0,0,352,0,0,0
2025-12-01,Email,SMB,Opportunity,Nurture,5,2025,2025-Q4,2025-12,20.28,217,705749,0,0,0,0,0,217,0,0
2025-12-01,Email,SMB,Customer,Nurture,6,2025,2025-Q4,2025-12,20.28,69,223846,223846,0,0,0,0,0,69,1399.32
2025-12-01,Webinar,Enterprise,Visitors,Nurture,1,2025,2025-Q4,2025-12,0,2471,0,0,2471,0,0,0,0,0,0
2025-12-01,Webinar,Enterprise,Leads,Nurture,2,2025,2025-Q4,2025-12,0,383,0,0,0,383,0,0,0,0,0
2025-12-01,Webinar,Enterprise,MQL,Nurture,3,2025,2025-Q4,2025-12,0,167,0,0,0,0,167,0,0,0,0
2025-12-01,Webinar,Enterprise,SQL,Nurture,4,2025,2025-Q4,2025-12,87.69,92,0,0,0,0,0,92,0,0,0
2025-12-01,Webinar,Enterprise,Opportunity,Nurture,5,2025,2025-Q4,2025-12,87.69,58,1688623,0,0,0,0,0,58,0,0
2025-12-01,Webinar,Enterprise,Customer,Nurture,6,2025,2025-Q4,2025-12,87.69,27,788482,788482,0,0,0,0,0,27,2367.63
2025-12-01,Webinar,Mid-Market,Visitors,Nurture,1,2025,2025-Q4,2025-12,0,3643,0,0,3643,0,0,0,0,0,0
2025-12-01,Webinar,Mid-Market,Leads,Nurture,2,2025,2025-Q4,2025-12,0,568,0,0,0,568,0,0,0,0,0
2025-12-01,Webinar,Mid-Market,MQL,Nurture,3,2025,2025-Q4,2025-12,0,242,0,0,0,0,242,0,0,0,0
2025-12-01,Webinar,Mid-Market,SQL,Nurture,4,2025,2025-Q4,2025-12,47.58,132,0,0,0,0,0,132,0,0,0
2025-12-01,Webinar,Mid-Market,Opportunity,Nurture,5,2025,2025-Q4,2025-12,47.58,81,756948,0,0,0,0,0,81,0,0
2025-12-01,Webinar,Mid-Market,Customer,Nurture,6,2025,2025-Q4,2025-12,47.58,26,244273,244273,0,0,0,0,0,26,1237.08
2025-12-01,Webinar,SMB,Visitors,Nurture,1,2025,2025-Q4,2025-12,0,4691,0,0,4691,0,0,0,0,0,0
2025-12-01,Webinar,SMB,Leads,Nurture,2,2025,2025-Q4,2025-12,0,746,0,0,0,746,0,0,0,0,0
2025-12-01,Webinar,SMB,MQL,Nurture,3,2025,2025-Q4,2025-12,0,313,0,0,0,0,313,0,0,0,0
2025-12-01,Webinar,SMB,SQL,Nurture,4,2025,2025-Q4,2025-12,21.78,174,0,0,0,0,0,174,0,0,0
2025-12-01,Webinar,SMB,Opportunity,Nurture,5,2025,2025-Q4,2025-12,21.78,107,328036,0,0,0,0,0,107,0,0
2025-12-01,Webinar,SMB,Customer,Nurture,6,2025,2025-Q4,2025-12,21.78,37,114202,114202,0,0,0,0,0,37,805.86
2025-12-01,Partner,Enterprise,Visitors,Partner,1,2025,2025-Q4,2025-12,0,4017,0,0,4017,0,0,0,0,0,0
2025-12-01,Partner,Enterprise,Leads,Partner,2,2025,2025-Q4,2025-12,0,408,0,0,0,408,0,0,0,0,0
2025-12-01,Partner,Enterprise,MQL,Partner,3,2025,2025-Q4,2025-12,0,169,0,0,0,0,169,0,0,0,0
2025-12-01,Partner,Enterprise,SQL,Partner,4,2025,2025-Q4,2025-12,88.78,94,0,0,0,0,0,94,0,0,0
2025-12-01,Partner,Enterprise,Opportunity,Partner,5,2025,2025-Q4,2025-12,88.78,55,1573437,0,0,0,0,0,55,0,0
2025-12-01,Partner,Enterprise,Customer,Partner,6,2025,2025-Q4,2025-12,88.78,25,718948,718948,0,0,0,0,0,25,2219.5
2025-12-01,Partner,Mid-Market,Visitors,Partner,1,2025,2025-Q4,2025-12,0,6432,0,0,6432,0,0,0,0,0,0
2025-12-01,Partner,Mid-Market,Leads,Partner,2,2025,2025-Q4,2025-12,0,649,0,0,0,649,0,0,0,0,0
2025-12-01,Partner,Mid-Market,MQL,Partner,3,2025,2025-Q4,2025-12,0,269,0,0,0,0,269,0,0,0,0
2025-12-01,Partner,Mid-Market,SQL,Partner,4,2025,2025-Q4,2025-12,44.31,144,0,0,0,0,0,144,0,0,0
2025-12-01,Partner,Mid-Market,Opportunity,Partner,5,2025,2025-Q4,2025-12,44.31,86,809118,0,0,0,0,0,86,0,0
2025-12-01,Partner,Mid-Market,Customer,Partner,6,2025,2025-Q4,2025-12,44.31,28,264514,264514,0,0,0,0,0,28,1240.68
2025-12-01,Partner,SMB,Visitors,Partner,1,2025,2025-Q4,2025-12,0,8185,0,0,8185,0,0,0,0,0,0
2025-12-01,Partner,SMB,Leads,Partner,2,2025,2025-Q4,2025-12,0,821,0,0,0,821,0,0,0,0,0
2025-12-01,Partner,SMB,MQL,Partner,3,2025,2025-Q4,2025-12,0,340,0,0,0,0,340,0,0,0,0
2025-12-01,Partner,SMB,SQL,Partner,4,2025,2025-Q4,2025-12,21.02,184,0,0,0,0,0,184,0,0,0
2025-12-01,Partner,SMB,Opportunity,Partner,5,2025,2025-Q4,2025-12,21.02,110,347118,0,0,0,0,0,110,0,0
2025-12-01,Partner,SMB,Customer,Partner,6,2025,2025-Q4,2025-12,21.02,37,117873,117873,0,0,0,0,0,37,777.74
2025-12-01,Direct,Enterprise,Visitors,Inbound,1,2025,2025-Q4,2025-12,0,9257,0,0,9257,0,0,0,0,0,0
2025-12-01,Direct,Enterprise,Leads,Inbound,2,2025,2025-Q4,2025-12,0,874,0,0,0,874,0,0,0,0,0
2025-12-01,Direct,Enterprise,MQL,Inbound,3,2025,2025-Q4,2025-12,0,372,0,0,0,0,372,0,0,0,0
2025-12-01,Direct,Enterprise,SQL,Inbound,4,2025,2025-Q4,2025-12,91.05,209,0,0,0,0,0,209,0,0,0
2025-12-01,Direct,Enterprise,Opportunity,Inbound,5,2025,2025-Q4,2025-12,91.05,124,3558409,0,0,0,0,0,124,0,0
2025-12-01,Direct,Enterprise,Customer,Inbound,6,2025,2025-Q4,2025-12,91.05,58,1665936,1665936,0,0,0,0,0,58,5280.9
2025-12-01,Direct,Mid-Market,Visitors,Inbound,1,2025,2025-Q4,2025-12,0,14070,0,0,14070,0,0,0,0,0,0
2025-12-01,Direct,Mid-Market,Leads,Inbound,2,2025,2025-Q4,2025-12,0,1314,0,0,0,1314,0,0,0,0,0
2025-12-01,Direct,Mid-Market,MQL,Inbound,3,2025,2025-Q4,2025-12,0,549,0,0,0,0,549,0,0,0,0
2025-12-01,Direct,Mid-Market,SQL,Inbound,4,2025,2025-Q4,2025-12,47.73,310,0,0,0,0,0,310,0,0,0
2025-12-01,Direct,Mid-Market,Opportunity,Inbound,5,2025,2025-Q4,2025-12,47.73,188,1709115,0,0,0,0,0,188,0,0
2025-12-01,Direct,Mid-Market,Customer,Inbound,6,2025,2025-Q4,2025-12,47.73,69,632267,632267,0,0,0,0,0,69,3293.37
2025-12-01,Direct,SMB,Visitors,Inbound,1,2025,2025-Q4,2025-12,0,18688,0,0,18688,0,0,0,0,0,0
2025-12-01,Direct,SMB,Leads,Inbound,2,2025,2025-Q4,2025-12,0,1725,0,0,0,1725,0,0,0,0,0
2025-12-01,Direct,SMB,MQL,Inbound,3,2025,2025-Q4,2025-12,0,735,0,0,0,0,735,0,0,0,0
2025-12-01,Direct,SMB,SQL,Inbound,4,2025,2025-Q4,2025-12,19.93,405,0,0,0,0,0,405,0,0,0
2025-12-01,Direct,SMB,Opportunity,Inbound,5,2025,2025-Q4,2025-12,19.93,253,783016,0,0,0,0,0,253,0,0
2025-12-01,Direct,SMB,Customer,Inbound,6,2025,2025-Q4,2025-12,19.93,84,260754,260754,0,0,0,0,0,84,1674.12
