Month,Channel,Device,Country,Year,Quarter,Month Label,Sessions,Users,New Users,Pageviews,Bounces,Session Seconds,Goal Completions,Goal Value
2024-01-01,Organic Search,Desktop,United States,2024,2024-Q1,2024-01,57348,46800,28564,179768,23242,10507260,1788,166929.52
2024-01-01,Organic Search,Desktop,United Kingdom,2024,2024-Q1,2024-01,19830,16328,9888,62425,8124,3567872,616,59095.04
2024-01-01,Organic Search,Desktop,Germany,2024,2024-Q1,2024-01,12487,10187,6175,38974,5141,2281491,393,37776.02
2024-01-01,Organic Search,Desktop,India,2024,2024-Q1,2024-01,16560,13596,8270,50962,6815,3006593,502,47901.15
2024-01-01,Organic Search,Desktop,Australia,2024,2024-Q1,2024-01,7687,6310,3810,24417,3142,1395397,242,23155.44
2024-01-01,Organic Search,Desktop,Canada,2024,2024-Q1,2024-01,10551,8657,5191,33393,4308,1896594,333,31330.55
2024-01-01,Organic Search,Mobile,United States,2024,2024-Q1,2024-01,71476,58510,35582,182529,32951,13143165,2274,215552.55
2024-01-01,Organic Search,Mobile,United Kingdom,2024,2024-Q1,2024-01,24766,20153,12300,63726,11493,4587828,774,73209.2
2024-01-01,Organic Search,Mobile,Germany,2024,2024-Q1,2024-01,15902,12920,7838,41119,7316,2845872,506,47788.33
2024-01-01,Organic Search,Mobile,India,2024,2024-Q1,2024-01,20650,17091,10399,52656,9677,3762333,643,61598.42
2024-01-01,Organic Search,Mobile,Australia,2024,2024-Q1,2024-01,9165,7482,4499,23321,4278,1646413,287,27784.87
2024-01-01,Organic Search,Mobile,Canada,2024,2024-Q1,2024-01,12651,10318,6316,32426,5852,2330255,394,37043.41
2024-01-01,Organic Search,Tablet,United States,2024,2024-Q1,2024-01,11440,9340,5642,36309,4678,2053408,364,34587.17
2024-01-01,Organic Search,Tablet,United Kingdom,2024,2024-Q1,2024-01,3770,3099,1870,11756,1556,675061,115,11140.05
2024-01-01,Organic Search,Tablet,Germany,2024,2024-Q1,2024-01,2489,2025,1235,7826,1006,453242,79,7445.18
2024-01-01,Organic Search,Tablet,India,2024,2024-Q1,2024-01,3216,2612,1587,10089,1319,597178,101,9643.13
2024-01-01,Organic Search,Tablet,Australia,2024,2024-Q1,2024-01,1491,1221,736,4727,607,264217,46,4366.98
2024-01-01,Organic Search,Tablet,Canada,2024,2024-Q1,2024-01,2021,1659,1008,6299,832,371328,64,6089.16
2024-01-01,Paid Search,Desktop,United States,2024,2024-Q1,2024-01,23305,19143,13363,54448,11248,3234589,994,95283.26
2024-01-01,Paid Search,Desktop,United Kingdom,2024,2024-Q1,2024-01,7846,6466,4470,17750,3765,1104180,326,31168.01
2024-01-01,Paid Search,Desktop,Germany,2024,2024-Q1,2024-01,5230,4282,2954,12279,2503,732570,220,20855.08
2024-01-01,Paid Search,Desktop,India,2024,2024-Q1,2024-01,6777,5522,3833,15878,3238,944062,291,27593.35
2024-01-01,Paid Search,Desktop,Australia,2024,2024-Q1,2024-01,3075,2531,1747,7143,1478,424467,134,12795.02
2024-01-01,Paid Search,Desktop,Canada,2024,2024-Q1,2024-01,4194,3433,2388,9781,1995,595077,178,16960.83
2024-01-01,Paid Search,Mobile,United States,2024,2024-Q1,2024-01,29267,23738,16500,56519,15791,4104613,1269,120944.97
2024-01-01,Paid Search,Mobile,United Kingdom,2024,2024-Q1,2024-01,9815,8074,5594,18568,5386,1389815,415,39653.16
2024-01-01,Paid Search,Mobile,Germany,2024,2024-Q1,2024-01,6233,5119,3546,11859,3450,879937,264,25527.5
2024-01-01,Paid Search,Mobile,India,2024,2024-Q1,2024-01,8345,6799,4736,15689,4522,1193330,348,32793.75
2024-01-01,Paid Search,Mobile,Australia,2024,2024-Q1,2024-01,3871,3165,2172,7431,2119,544346,166,15895.68
2024-01-01,Paid Search,Mobile,Canada,2024,2024-Q1,2024-01,5233,4258,2938,10066,2842,724820,225,21539.49
2024-01-01,Paid Search,Tablet,United States,2024,2024-Q1,2024-01,4516,3643,2544,10608,2153,639858,192,18204.44
2024-01-01,Paid Search,Tablet,United Kingdom,2024,2024-Q1,2024-01,1545,1266,887,3606,737,219464,66,6253.15
2024-01-01,Paid Search,Tablet,Germany,2024,2024-Q1,2024-01,1018,828,565,2398,487,139810,43,4092.32
2024-01-01,Paid Search,Tablet,India,2024,2024-Q1,2024-01,1308,1072,744,3009,626,183973,55,5212.27
2024-01-01,Paid Search,Tablet,Australia,2024,2024-Q1,2024-01,591,486,336,1375,287,83560,28,2709.23
2024-01-01,Paid Search,Tablet,Canada,2024,2024-Q1,2024-01,821,669,468,1908,384,116666,36,3381.32
2024-01-01,Direct,Desktop,United States,2024,2024-Q1,2024-01,29006,23619,7808,106494,10392,6403470,1101,104994.32
2024-01-01,Direct,Desktop,United Kingdom,2024,2024-Q1,2024-01,9923,8126,2717,36729,3555,2194892,386,36540.34
2024-01-01,Direct,Desktop,Germany,2024,2024-Q1,2024-01,6445,5280,1729,23518,2323,1407239,251,24113.52
2024-01-01,Direct,Desktop,India,2024,2024-Q1,2024-01,8364,6839,2275,30582,3010,1859016,321,30585.25
2024-01-01,Direct,Desktop,Australia,2024,2024-Q1,2024-01,3732,3037,1014,13364,1327,847989,141,13459.92
2024-01-01,Direct,Desktop,Canada,2024,2024-Q1,2024-01,5301,4327,1438,19581,1894,1179755,204,19217.99
2024-01-01,Direct,Mobile,United States,2024,2024-Q1,2024-01,35662,29453,9766,105718,14704,7859880,1370,132312.87
2024-01-01,Direct,Mobile,United Kingdom,2024,2024-Q1,2024-01,12053,9778,3262,35483,4948,2764365,464,43833.5
2024-01-01,Direct,Mobile,Germany,2024,2024-Q1,2024-01,7972,6527,2156,24064,3276,1747634,308,29663.08
2024-01-01,Direct,Mobile,India,2024,2024-Q1,2024-01,10607,8701,2879,32330,4338,2369194,422,40437.07
2024-01-01,Direct,Mobile,Australia,2024,2024-Q1,2024-01,4587,3772,1249,13484,1901,1020107,173,16462.43
2024-01-01,Direct,Mobile,Canada,2024,2024-Q1,2024-01,6520,5304,1775,19665,2658,1442576,252,24019.25
2024-01-01,Direct,Tablet,United States,2024,2024-Q1,2024-01,5731,4683,1532,21239,2061,1248245,220,20920.85
2024-01-01,Direct,Tablet,United Kingdom,2024,2024-Q1,2024-01,1873,1531,515,6738,675,419137,73,6944.88
2024-01-01,Direct,Tablet,Germany,2024,2024-Q1,2024-01,1247,1028,346,4545,451,279156,44,4200.76
2024-01-01,Direct,Tablet,India,2024,2024-Q1,2024-01,1620,1311,436,5877,572,365224,64,6033.06
2024-01-01,Direct,Tablet,Australia,2024,2024-Q1,2024-01,745,612,202,2713,267,163740,28,2673.02
2024-01-01,Direct,Tablet,Canada,2024,2024-Q1,2024-01,1013,829,276,3753,364,224390,41,3967.27
2024-01-01,Social,Desktop,United States,2024,2024-Q1,2024-01,16159,13203,9915,29766,10721,1214873,183,17601.76
2024-01-01,Social,Desktop,United Kingdom,2024,2024-Q1,2024-01,5446,4444,3386,9904,3569,408701,61,5855.97
2024-01-01,Social,Desktop,Germany,2024,2024-Q1,2024-01,3581,2915,2233,6436,2355,276642,40,3810.54
2024-01-01,Social,Desktop,India,2024,2024-Q1,2024-01,4695,3803,2904,8623,3061,350778,51,4799.15
2024-01-01,Social,Desktop,Australia,2024,2024-Q1,2024-01,2072,1706,1307,3771,1354,157710,27,2572.43
2024-01-01,Social,Desktop,Canada,2024,2024-Q1,2024-01,2883,2366,1786,5202,1925,218970,34,3311.24
2024-01-01,Social,Mobile,United States,2024,2024-Q1,2024-01,20218,16660,12646,30242,15250,1528976,221,21294.72
2024-01-01,Social,Mobile,United Kingdom,2024,2024-Q1,2024-01,6994,5733,4348,10633,5236,522443,79,7474.79
2024-01-01,Social,Mobile,Germany,2024,2024-Q1,2024-01,4362,3597,2726,6404,3308,328588,47,4497.42
2024-01-01,Social,Mobile,India,2024,2024-Q1,2024-01,5847,4779,3656,8752,4369,438920,66,6318.01
2024-01-01,Social,Mobile,Australia,2024,2024-Q1,2024-01,2588,2113,1634,3867,1936,202892,29,2746.02
2024-01-01,Social,Mobile,Canada,2024,2024-Q1,2024-01,3672,2997,2251,5551,2739,269110,42,3992.11
2024-01-01,Social,Tablet,United States,2024,2024-Q1,2024-01,3123,2563,1950,5641,2071,236815,36,3480
2024-01-01,Social,Tablet,United Kingdom,2024,2024-Q1,2024-01,1060,858,658,1944,692,81071,5,476.8
2024-01-01,Social,Tablet,Germany,2024,2024-Q1,2024-01,698,575,439,1258,459,52619,0,0
2024-01-01,Social,Tablet,India,2024,2024-Q1,2024-01,936,767,586,1739,617,70243,3,294.32
2024-01-01,Social,Tablet,Australia,2024,2024-Q1,2024-01,390,320,245,694,256,29548,0,0
2024-01-01,Social,Tablet,Canada,2024,2024-Q1,2024-01,571,468,356,1036,374,43272,0,0
2024-01-01,Referral,Desktop,United States,2024,2024-Q1,2024-01,7039,5733,3714,18320,3645,1112691,133,12454.57
2024-01-01,Referral,Desktop,United Kingdom,2024,2024-Q1,2024-01,2429,1967,1271,6445,1250,382830,46,4350.32
2024-01-01,Referral,Desktop,Germany,2024,2024-Q1,2024-01,1568,1278,821,4122,810,250877,32,3033.86
2024-01-01,Referral,Desktop,India,2024,2024-Q1,2024-01,2051,1695,1091,5395,1078,322619,41,3952.99
2024-01-01,Referral,Desktop,Australia,2024,2024-Q1,2024-01,910,747,485,2356,471,145254,18,1711.6
2024-01-01,Referral,Desktop,Canada,2024,2024-Q1,2024-01,1289,1060,684,3381,672,204843,26,2482.98
2024-01-01,Referral,Mobile,United States,2024,2024-Q1,2024-01,8850,7319,4728,18947,5290,1386221,166,15824.35
2024-01-01,Referral,Mobile,United Kingdom,2024,2024-Q1,2024-01,3039,2480,1595,6629,1796,472381,60,5781.73
2024-01-01,Referral,Mobile,Germany,2024,2024-Q1,2024-01,1960,1603,1048,4227,1151,315016,39,3685.01
2024-01-01,Referral,Mobile,India,2024,2024-Q1,2024-01,2615,2131,1354,5674,1545,403148,50,4784.13
2024-01-01,Referral,Mobile,Australia,2024,2024-Q1,2024-01,1155,947,613,2493,683,182267,25,2387.74
2024-01-01,Referral,Mobile,Canada,2024,2024-Q1,2024-01,1556,1283,831,3355,930,248888,30,2908.1
2024-01-01,Referral,Tablet,United States,2024,2024-Q1,2024-01,1404,1146,734,3659,730,223963,28,2640.74
2024-01-01,Referral,Tablet,United Kingdom,2024,2024-Q1,2024-01,478,391,250,1282,248,73610,0,0
2024-01-01,Referral,Tablet,Germany,2024,2024-Q1,2024-01,296,246,155,759,152,47300,0,0
2024-01-01,Referral,Tablet,India,2024,2024-Q1,2024-01,407,329,213,1064,212,64357,0,0
2024-01-01,Referral,Tablet,Australia,2024,2024-Q1,2024-01,186,150,94,498,94,28964,0,0
2024-01-01,Referral,Tablet,Canada,2024,2024-Q1,2024-01,248,201,133,652,127,38061,0,0
2024-01-01,Email,Desktop,United States,2024,2024-Q1,2024-01,9706,7907,1708,28508,3172,2008419,576,54373.62
2024-01-01,Email,Desktop,United Kingdom,2024,2024-Q1,2024-01,3303,2718,581,9650,1092,668035,193,18610.04
2024-01-01,Email,Desktop,Germany,2024,2024-Q1,2024-01,2111,1725,376,6131,695,441253,123,11790.39
2024-01-01,Email,Desktop,India,2024,2024-Q1,2024-01,2834,2317,499,8298,935,579093,164,15581.86
2024-01-01,Email,Desktop,Australia,2024,2024-Q1,2024-01,1298,1063,230,3909,427,261393,77,7343.05
2024-01-01,Email,Desktop,Canada,2024,2024-Q1,2024-01,1759,1449,310,5090,581,355769,103,9789.83
2024-01-01,Email,Mobile,United States,2024,2024-Q1,2024-01,12037,9779,2127,28821,4437,2509623,712,67549.06
2024-01-01,Email,Mobile,United Kingdom,2024,2024-Q1,2024-01,4264,3502,745,10346,1602,865362,254,24118.22
2024-01-01,Email,Mobile,Germany,2024,2024-Q1,2024-01,2642,2149,459,6384,990,537325,155,14674.04
2024-01-01,Email,Mobile,India,2024,2024-Q1,2024-01,3507,2910,628,8389,1321,715264,203,19536.03
2024-01-01,Email,Mobile,Australia,2024,2024-Q1,2024-01,1575,1269,271,3769,588,323909,95,9035.08
2024-01-01,Email,Mobile,Canada,2024,2024-Q1,2024-01,2182,1785,384,5255,820,443632,129,12155.72
2024-01-01,Email,Tablet,United States,2024,2024-Q1,2024-01,1864,1532,330,5364,615,384086,105,10004.51
2024-01-01,Email,Tablet,United Kingdom,2024,2024-Q1,2024-01,648,529,114,1884,214,132763,37,3568.82
2024-01-01,Email,Tablet,Germany,2024,2024-Q1,2024-01,423,346,77,1241,139,86569,28,2669.2
2024-01-01,Email,Tablet,India,2024,2024-Q1,2024-01,553,456,96,1637,183,111575,34,3280.03
2024-01-01,Email,Tablet,Australia,2024,2024-Q1,2024-01,244,199,46,714,78,48858,11,1020.12
2024-01-01,Email,Tablet,Canada,2024,2024-Q1,2024-01,339,277,55,997,112,70343,23,2170.2
2024-01-01,Display,Desktop,United States,2024,2024-Q1,2024-01,5758,4711,3758,8671,4148,312560,40,3815.21
2024-01-01,Display,Desktop,United Kingdom,2024,2024-Q1,2024-01,1937,1593,1267,2917,1389,104218,9,823.68
2024-01-01,Display,Desktop,Germany,2024,2024-Q1,2024-01,1303,1068,843,2006,935,68295,0,0
2024-01-01,Display,Desktop,India,2024,2024-Q1,2024-01,1660,1364,1070,2505,1201,89766,7,674.52
2024-01-01,Display,Desktop,Australia,2024,2024-Q1,2024-01,756,617,486,1159,545,39994,0,0
2024-01-01,Display,Desktop,Canada,2024,2024-Q1,2024-01,1050,857,685,1593,747,57805,0,0
2024-01-01,Display,Mobile,United States,2024,2024-Q1,2024-01,7198,5863,4653,9033,5872,381050,52,4951.02
2024-01-01,Display,Mobile,United Kingdom,2024,2024-Q1,2024-01,2397,1972,1551,2924,1971,130965,16,1492.94
2024-01-01,Display,Mobile,Germany,2024,2024-Q1,2024-01,1571,1282,1017,1957,1283,85215,4,387.66
2024-01-01,Display,Mobile,India,2024,2024-Q1,2024-01,2076,1693,1344,2564,1688,112988,13,1208.6
2024-01-01,Display,Mobile,Australia,2024,2024-Q1,2024-01,956,786,621,1208,782,50851,0,0
2024-01-01,Display,Mobile,Canada,2024,2024-Q1,2024-01,1260,1026,815,1540,1033,68317,0,0
2024-01-01,Display,Tablet,United States,2024,2024-Q1,2024-01,1130,918,729,1732,811,61632,0,0
2024-01-01,Display,Tablet,United Kingdom,2024,2024-Q1,2024-01,388,320,252,597,275,20429,0,0
2024-01-01,Display,Tablet,Germany,2024,2024-Q1,2024-01,248,204,165,381,175,13067,0,0
2024-01-01,Display,Tablet,India,2024,2024-Q1,2024-01,326,269,213,490,236,17791,0,0
2024-01-01,Display,Tablet,Australia,2024,2024-Q1,2024-01,146,119,91,226,102,8021,0,0
2024-01-01,Display,Tablet,Canada,2024,2024-Q1,2024-01,206,165,127,313,149,11065,0,0
2024-02-01,Organic Search,Desktop,United States,2024,2024-Q1,2024-02,60253,49350,29764,190814,24646,10749534,1909,183166.28
2024-02-01,Organic Search,Desktop,United Kingdom,2024,2024-Q1,2024-02,20177,16524,9932,63790,8232,3691606,648,61995
2024-02-01,Organic Search,Desktop,Germany,2024,2024-Q1,2024-02,13199,10791,6504,40992,5381,2350871,404,38579.73
2024-02-01,Organic Search,Desktop,India,2024,2024-Q1,2024-02,17235,14012,8577,54514,6979,3120099,546,52084.19
2024-02-01,Organic Search,Desktop,Australia,2024,2024-Q1,2024-02,7664,6248,3791,23801,3127,1405847,238,22605.29
2024-02-01,Organic Search,Desktop,Canada,2024,2024-Q1,2024-02,10517,8539,5206,33214,4309,1883543,332,31608.44
2024-02-01,Organic Search,Mobile,United States,2024,2024-Q1,2024-02,73693,60513,36567,190790,34629,13407672,2317,222528.95
2024-02-01,Organic Search,Mobile,United Kingdom,2024,2024-Q1,2024-02,24729,20222,12263,63318,11492,4468401,771,72933.79
2024-02-01,Organic Search,Mobile,Germany,2024,2024-Q1,2024-02,16460,13539,8216,41800,7691,2972384,517,49682.75
2024-02-01,Organic Search,Mobile,India,2024,2024-Q1,2024-02,21228,17239,10465,55299,9917,3880200,680,65052.14
2024-02-01,Organic Search,Mobile,Australia,2024,2024-Q1,2024-02,9501,7795,4724,24416,4426,1717324,291,27676.02
2024-02-01,Organic Search,Mobile,Canada,2024,2024-Q1,2024-02,13320,10872,6586,34588,6227,2388754,425,40836.56
2024-02-01,Organic Search,Tablet,United States,2024,2024-Q1,2024-02,11545,9425,5674,36393,4725,2060994,365,34986.05
2024-02-01,Organic Search,Tablet,United Kingdom,2024,2024-Q1,2024-02,3940,3226,1957,12323,1595,722956,123,11562.82
2024-02-01,Organic Search,Tablet,Germany,2024,2024-Q1,2024-02,2567,2107,1281,8051,1058,471949,80,7600.42
2024-02-01,Organic Search,Tablet,India,2024,2024-Q1,2024-02,3351,2734,1655,10476,1354,606063,106,10006.33
2024-02-01,Organic Search,Tablet,Australia,2024,2024-Q1,2024-02,1488,1232,752,4622,614,273078,46,4378.66
2024-02-01,Organic Search,Tablet,Canada,2024,2024-Q1,2024-02,2052,1674,1013,6402,841,366776,64,6161.77
2024-02-01,Paid Search,Desktop,United States,2024,2024-Q1,2024-02,23762,19447,13406,54120,11324,3287456,1004,96931.69
2024-02-01,Paid Search,Desktop,United Kingdom,2024,2024-Q1,2024-02,8185,6651,4623,19106,3899,1166269,352,33219.25
2024-02-01,Paid Search,Desktop,Germany,2024,2024-Q1,2024-02,5147,4191,2938,11958,2482,735587,218,20894.25
2024-02-01,Paid Search,Desktop,India,2024,2024-Q1,2024-02,6947,5676,3924,16152,3302,961438,299,28437.44
2024-02-01,Paid Search,Desktop,Australia,2024,2024-Q1,2024-02,3027,2469,1719,6959,1450,432437,126,11855.22
2024-02-01,Paid Search,Desktop,Canada,2024,2024-Q1,2024-02,4286,3522,2431,10005,2051,594314,180,17457.28
2024-02-01,Paid Search,Mobile,United States,2024,2024-Q1,2024-02,29548,24170,16661,56705,16291,4077501,1247,119610.01
2024-02-01,Paid Search,Mobile,United Kingdom,2024,2024-Q1,2024-02,10234,8375,5842,19834,5606,1443516,441,42074.91
2024-02-01,Paid Search,Mobile,Germany,2024,2024-Q1,2024-02,6599,5392,3716,12441,3604,925537,273,25972.1
2024-02-01,Paid Search,Mobile,India,2024,2024-Q1,2024-02,8774,7209,4978,16906,4798,1213832,376,35821.95
2024-02-01,Paid Search,Mobile,Australia,2024,2024-Q1,2024-02,3837,3152,2196,7311,2092,550379,165,15605.19
2024-02-01,Paid Search,Mobile,Canada,2024,2024-Q1,2024-02,5429,4457,3077,10438,2970,750801,231,21967.72
2024-02-01,Paid Search,Tablet,United States,2024,2024-Q1,2024-02,4723,3885,2704,10896,2275,663127,197,18792.85
2024-02-01,Paid Search,Tablet,United Kingdom,2024,2024-Q1,2024-02,1590,1296,898,3680,756,226146,69,6589.14
2024-02-01,Paid Search,Tablet,Germany,2024,2024-Q1,2024-02,1005,827,575,2310,483,142858,41,3872.12
2024-02-01,Paid Search,Tablet,India,2024,2024-Q1,2024-02,1353,1118,781,3150,652,187611,57,5517.06
2024-02-01,Paid Search,Tablet,Australia,2024,2024-Q1,2024-02,602,495,344,1379,286,85435,26,2461.73
2024-02-01,Paid Search,Tablet,Canada,2024,2024-Q1,2024-02,856,704,482,2007,412,118391,37,3561.69
2024-02-01,Direct,Desktop,United States,2024,2024-Q1,2024-02,29414,24129,8093,106922,10542,6639586,1122,106603.16
2024-02-01,Direct,Desktop,United Kingdom,2024,2024-Q1,2024-02,9990,8099,2662,36375,3565,2237292,387,36852.31
2024-02-01,Direct,Desktop,Germany,2024,2024-Q1,2024-02,6426,5241,1746,23311,2311,1438978,240,22652.73
2024-02-01,Direct,Desktop,India,2024,2024-Q1,2024-02,8581,7053,2340,31400,3116,1918267,329,31872.27
2024-02-01,Direct,Desktop,Australia,2024,2024-Q1,2024-02,3853,3148,1051,14004,1375,860318,148,13867.95
2024-02-01,Direct,Desktop,Canada,2024,2024-Q1,2024-02,5333,4384,1451,19555,1931,1184827,201,19343.59
2024-02-01,Direct,Mobile,United States,2024,2024-Q1,2024-02,36972,30333,10079,108690,15248,8327264,1404,134030.6
2024-02-01,Direct,Mobile,United Kingdom,2024,2024-Q1,2024-02,12595,10289,3408,37944,5122,2743893,487,46365.06
2024-02-01,Direct,Mobile,Germany,2024,2024-Q1,2024-02,8125,6707,2258,24534,3317,1858029,313,29688.7
2024-02-01,Direct,Mobile,India,2024,2024-Q1,2024-02,10685,8717,2858,31865,4375,2336943,410,39259.77
2024-02-01,Direct,Mobile,Australia,2024,2024-Q1,2024-02,4806,3908,1311,14513,1963,1067922,187,17710.53
2024-02-01,Direct,Mobile,Canada,2024,2024-Q1,2024-02,6598,5426,1803,19274,2710,1488614,250,23826.09
2024-02-01,Direct,Tablet,United States,2024,2024-Q1,2024-02,5636,4624,1550,20244,2010,1276403,213,20280.38
2024-02-01,Direct,Tablet,United Kingdom,2024,2024-Q1,2024-02,2000,1648,547,7245,720,440317,76,7265.52
2024-02-01,Direct,Tablet,Germany,2024,2024-Q1,2024-02,1234,1007,333,4434,441,279004,46,4393.95
2024-02-01,Direct,Tablet,India,2024,2024-Q1,2024-02,1695,1390,456,6167,608,372032,66,6375.04
2024-02-01,Direct,Tablet,Australia,2024,2024-Q1,2024-02,769,626,208,2839,275,172808,32,3089.03
2024-02-01,Direct,Tablet,Canada,2024,2024-Q1,2024-02,1034,847,283,3738,371,226687,39,3719.82
2024-02-01,Social,Desktop,United States,2024,2024-Q1,2024-02,16310,13425,10296,29316,10699,1261949,180,16975.3
2024-02-01,Social,Desktop,United Kingdom,2024,2024-Q1,2024-02,5687,4697,3590,10430,3777,430347,62,5947.18
2024-02-01,Social,Desktop,Germany,2024,2024-Q1,2024-02,3581,2906,2222,6483,2343,270677,41,3869.6
2024-02-01,Social,Desktop,India,2024,2024-Q1,2024-02,4797,3945,3013,8676,3175,361958,54,5232.61
2024-02-01,Social,Desktop,Australia,2024,2024-Q1,2024-02,2180,1783,1357,4041,1440,166635,26,2494.64
2024-02-01,Social,Desktop,Canada,2024,2024-Q1,2024-02,2944,2419,1845,5276,1942,221805,34,3223.04
2024-02-01,Social,Mobile,United States,2024,2024-Q1,2024-02,20690,16956,13020,30884,15388,1601703,232,22019.1
2024-02-01,Social,Mobile,United Kingdom,2024,2024-Q1,2024-02,6971,5689,4283,10473,5272,518220,78,7479.59
2024-02-01,Social,Mobile,Germany,2024,2024-Q1,2024-02,4522,3672,2818,6712,3357,338820,51,4840.09
2024-02-01,Social,Mobile,India,2024,2024-Q1,2024-02,5931,4886,3739,8731,4473,455803,67,6368.48
2024-02-01,Social,Mobile,Australia,2024,2024-Q1,2024-02,2667,2161,1639,4004,1976,199292,29,2752.99
2024-02-01,Social,Mobile,Canada,2024,2024-Q1,2024-02,3612,2961,2278,5310,2692,276496,40,3788.85
2024-02-01,Social,Tablet,United States,2024,2024-Q1,2024-02,3183,2612,2004,5769,2095,242975,36,3429.9
2024-02-01,Social,Tablet,United Kingdom,2024,2024-Q1,2024-02,1116,916,689,2026,740,83157,9,842.16
2024-02-01,Social,Tablet,Germany,2024,2024-Q1,2024-02,722,590,449,1330,472,54394,0,0
2024-02-01,Social,Tablet,India,2024,2024-Q1,2024-02,917,751,567,1657,607,69253,2,192.57
2024-02-01,Social,Tablet,Australia,2024,2024-Q1,2024-02,424,347,265,778,277,32167,0,0
2024-02-01,Social,Tablet,Canada,2024,2024-Q1,2024-02,572,468,363,1041,376,44464,0,0
2024-02-01,Referral,Desktop,United States,2024,2024-Q1,2024-02,7202,5895,3849,19083,3716,1137055,141,13468.44
2024-02-01,Referral,Desktop,United Kingdom,2024,2024-Q1,2024-02,2480,2042,1304,6417,1288,387605,48,4615.98
2024-02-01,Referral,Desktop,Germany,2024,2024-Q1,2024-02,1635,1338,864,4396,852,256605,33,3171.65
2024-02-01,Referral,Desktop,India,2024,2024-Q1,2024-02,2086,1704,1097,5381,1076,327414,38,3625.38
2024-02-01,Referral,Desktop,Australia,2024,2024-Q1,2024-02,965,791,506,2568,501,150817,23,2183.58
2024-02-01,Referral,Desktop,Canada,2024,2024-Q1,2024-02,1300,1060,687,3451,675,206607,27,2565.05
2024-02-01,Referral,Mobile,United States,2024,2024-Q1,2024-02,8937,7238,4663,19229,5238,1396080,175,16613.91
2024-02-01,Referral,Mobile,United Kingdom,2024,2024-Q1,2024-02,3053,2519,1627,6532,1800,479839,58,5553.5
2024-02-01,Referral,Mobile,Germany,2024,2024-Q1,2024-02,1997,1621,1042,4333,1171,314775,40,3802.18
2024-02-01,Referral,Mobile,India,2024,2024-Q1,2024-02,2600,2120,1367,5542,1533,407053,49,4592.75
2024-02-01,Referral,Mobile,Australia,2024,2024-Q1,2024-02,1184,973,626,2537,707,186067,26,2483.36
2024-02-01,Referral,Mobile,Canada,2024,2024-Q1,2024-02,1611,1316,849,3430,949,256467,32,3058.42
2024-02-01,Referral,Tablet,United States,2024,2024-Q1,2024-02,1425,1159,749,3778,736,219698,28,2677.71
2024-02-01,Referral,Tablet,United Kingdom,2024,2024-Q1,2024-02,485,403,260,1284,252,76116,2,195.67
2024-02-01,Referral,Tablet,Germany,2024,2024-Q1,2024-02,314,253,161,840,163,49264,0,0
2024-02-01,Referral,Tablet,India,2024,2024-Q1,2024-02,411,336,220,1078,215,65526,0,0
2024-02-01,Referral,Tablet,Australia,2024,2024-Q1,2024-02,193,155,96,509,99,30562,0,0
2024-02-01,Referral,Tablet,Canada,2024,2024-Q1,2024-02,251,208,135,657,129,40432,0,0
2024-02-01,Email,Desktop,United States,2024,2024-Q1,2024-02,10155,8287,1774,30276,3330,2037853,595,57304.94
2024-02-01,Email,Desktop,United Kingdom,2024,2024-Q1,2024-02,3427,2803,604,10048,1131,706321,204,19518.95
2024-02-01,Email,Desktop,Germany,2024,2024-Q1,2024-02,2220,1810,386,6579,729,444871,127,12055.28
2024-02-01,Email,Desktop,India,2024,2024-Q1,2024-02,2923,2398,518,8637,962,599330,175,16651.73
2024-02-01,Email,Desktop,Australia,2024,2024-Q1,2024-02,1308,1066,228,3789,429,266777,75,7173.48
2024-02-01,Email,Desktop,Canada,2024,2024-Q1,2024-02,1806,1467,317,5327,592,367479,108,10275.29
2024-02-01,Email,Mobile,United States,2024,2024-Q1,2024-02,12627,10305,2219,30522,4709,2582938,742,70043.55
2024-02-01,Email,Mobile,United Kingdom,2024,2024-Q1,2024-02,4151,3373,722,9884,1550,855049,243,22891.44
2024-02-01,Email,Mobile,Germany,2024,2024-Q1,2024-02,2768,2273,487,6694,1043,560595,164,15774.09
2024-02-01,Email,Mobile,India,2024,2024-Q1,2024-02,3554,2903,630,8404,1340,742323,209,20067.35
2024-02-01,Email,Mobile,Australia,2024,2024-Q1,2024-02,1605,1320,283,3847,603,323918,90,8531.79
2024-02-01,Email,Mobile,Canada,2024,2024-Q1,2024-02,2275,1865,400,5583,851,457017,135,12888.53
2024-02-01,Email,Tablet,United States,2024,2024-Q1,2024-02,1987,1613,347,5936,656,400431,119,11351.27
2024-02-01,Email,Tablet,United Kingdom,2024,2024-Q1,2024-02,660,535,117,1918,217,137981,40,3778.03
2024-02-01,Email,Tablet,Germany,2024,2024-Q1,2024-02,432,353,76,1291,143,89076,26,2461.84
2024-02-01,Email,Tablet,India,2024,2024-Q1,2024-02,560,458,97,1636,180,115225,34,3228.46
2024-02-01,Email,Tablet,Australia,2024,2024-Q1,2024-02,255,213,48,749,87,51969,13,1180.95
2024-02-01,Email,Tablet,Canada,2024,2024-Q1,2024-02,340,276,57,997,111,68720,24,2303.15
2024-02-01,Display,Desktop,United States,2024,2024-Q1,2024-02,5955,4856,3817,9130,4274,318913,41,3921.1
2024-02-01,Display,Desktop,United Kingdom,2024,2024-Q1,2024-02,2023,1652,1302,3067,1447,109466,12,1097.98
2024-02-01,Display,Desktop,Germany,2024,2024-Q1,2024-02,1303,1066,839,1973,942,70923,1,97.5
2024-02-01,Display,Desktop,India,2024,2024-Q1,2024-02,1721,1403,1112,2601,1231,92405,10,931.59
2024-02-01,Display,Desktop,Australia,2024,2024-Q1,2024-02,764,630,505,1152,547,41609,0,0
2024-02-01,Display,Desktop,Canada,2024,2024-Q1,2024-02,1065,866,679,1623,759,57257,0,0
2024-02-01,Display,Mobile,United States,2024,2024-Q1,2024-02,7425,6104,4816,9247,6139,401214,52,5062.67
2024-02-01,Display,Mobile,United Kingdom,2024,2024-Q1,2024-02,2468,2018,1612,3063,2025,133740,19,1806.22
2024-02-01,Display,Mobile,Germany,2024,2024-Q1,2024-02,1609,1323,1045,1981,1318,85635,6,564.04
2024-02-01,Display,Mobile,India,2024,2024-Q1,2024-02,2177,1781,1403,2732,1778,115108,16,1508.27
2024-02-01,Display,Mobile,Australia,2024,2024-Q1,2024-02,946,775,611,1186,777,50569,0,0
2024-02-01,Display,Mobile,Canada,2024,2024-Q1,2024-02,1340,1094,862,1676,1092,70733,2,198.29
2024-02-01,Display,Tablet,United States,2024,2024-Q1,2024-02,1170,954,758,1781,832,62600,0,0
2024-02-01,Display,Tablet,United Kingdom,2024,2024-Q1,2024-02,388,316,255,585,278,20943,0,0
2024-02-01,Display,Tablet,Germany,2024,2024-Q1,2024-02,253,211,165,378,184,13584,0,0
2024-02-01,Display,Tablet,India,2024,2024-Q1,2024-02,341,279,222,518,245,18379,0,0
2024-02-01,Display,Tablet,Australia,2024,2024-Q1,2024-02,149,122,93,223,107,8006,0,0
2024-02-01,Display,Tablet,Canada,2024,2024-Q1,2024-02,215,175,138,328,150,11521,0,0
2024-03-01,Organic Search,Desktop,United States,2024,2024-Q1,2024-03,68699,56144,34202,215354,28135,12707732,2165,205779.66
2024-03-01,Organic Search,Desktop,United Kingdom,2024,2024-Q1,2024-03,23670,19279,11685,74296,9599,4211568,746,70975.13
2024-03-01,Organic Search,Desktop,Germany,2024,2024-Q1,2024-03,15156,12420,7568,47648,6185,2769290,479,45322.05
2024-03-01,Organic Search,Desktop,India,2024,2024-Q1,2024-03,19914,16315,9832,62449,8182,3611716,620,59805.55
2024-03-01,Organic Search,Desktop,Australia,2024,2024-Q1,2024-03,8917,7268,4445,27961,3626,1638883,279,26318.06
2024-03-01,Organic Search,Desktop,Canada,2024,2024-Q1,2024-03,12647,10381,6272,39317,5203,2301608,395,37853.74
2024-03-01,Organic Search,Mobile,United States,2024,2024-Q1,2024-03,84059,69058,41698,213283,39149,15251837,2582,247406.33
2024-03-01,Organic Search,Mobile,United Kingdom,2024,2024-Q1,2024-03,29666,24294,14789,76807,13820,5330428,943,90231.44
2024-03-01,Organic Search,Mobile,Germany,2024,2024-Q1,2024-03,19024,15552,9458,49454,8881,3560817,610,57577.99
2024-03-01,Organic Search,Mobile,India,2024,2024-Q1,2024-03,25466,20834,12506,66148,11839,4505014,787,74984.13
2024-03-01,Organic Search,Mobile,Australia,2024,2024-Q1,2024-03,11123,9094,5548,28387,5142,2042314,350,33522.1
2024-03-01,Organic Search,Mobile,Canada,2024,2024-Q1,2024-03,15567,12746,7734,39312,7279,2854268,476,45008.24
2024-03-01,Organic Search,Tablet,United States,2024,2024-Q1,2024-03,13433,11018,6618,41712,5492,2442207,418,39682.6
2024-03-01,Organic Search,Tablet,United Kingdom,2024,2024-Q1,2024-03,4636,3809,2297,14605,1914,837776,143,13717.64
2024-03-01,Organic Search,Tablet,Germany,2024,2024-Q1,2024-03,2915,2378,1442,8959,1182,527347,91,8719.19
2024-03-01,Organic Search,Tablet,India,2024,2024-Q1,2024-03,3962,3245,1957,12471,1616,719445,125,11857.94
2024-03-01,Organic Search,Tablet,Australia,2024,2024-Q1,2024-03,1753,1425,865,5582,713,317241,55,5257.69
2024-03-01,Organic Search,Tablet,Canada,2024,2024-Q1,2024-03,2470,2030,1229,7813,1009,443112,77,7305.02
2024-03-01,Paid Search,Desktop,United States,2024,2024-Q1,2024-03,28168,23089,15984,65786,13476,3973048,1199,112656.1
2024-03-01,Paid Search,Desktop,United Kingdom,2024,2024-Q1,2024-03,9520,7838,5459,22312,4616,1352123,403,38884.39
2024-03-01,Paid Search,Desktop,Germany,2024,2024-Q1,2024-03,6123,4995,3472,14162,2895,860602,262,24764.23
2024-03-01,Paid Search,Desktop,India,2024,2024-Q1,2024-03,8181,6737,4665,18817,3937,1166912,347,33000.22
2024-03-01,Paid Search,Desktop,Australia,2024,2024-Q1,2024-03,3670,2999,2071,8634,1762,503896,158,15208.65
2024-03-01,Paid Search,Desktop,Canada,2024,2024-Q1,2024-03,4973,4117,2871,11438,2386,702103,210,19965.78
2024-03-01,Paid Search,Mobile,United States,2024,2024-Q1,2024-03,35082,28872,20272,67710,19036,5015454,1501,141536.52
2024-03-01,Paid Search,Mobile,United Kingdom,2024,2024-Q1,2024-03,11835,9676,6603,22544,6425,1642898,502,48341.17
2024-03-01,Paid Search,Mobile,Germany,2024,2024-Q1,2024-03,7624,6201,4323,14566,4147,1080970,325,30768.45
2024-03-01,Paid Search,Mobile,India,2024,2024-Q1,2024-03,9995,8233,5779,18734,5466,1428390,418,39996.27
2024-03-01,Paid Search,Mobile,Australia,2024,2024-Q1,2024-03,4531,3687,2553,8638,2445,632016,193,18105.79
2024-03-01,Paid Search,Mobile,Canada,2024,2024-Q1,2024-03,6140,5042,3496,11610,3345,868412,256,24265.5
2024-03-01,Paid Search,Tablet,United States,2024,2024-Q1,2024-03,5355,4364,3030,12345,2559,760799,227,21706.61
2024-03-01,Paid Search,Tablet,United Kingdom,2024,2024-Q1,2024-03,1845,1499,1036,4304,878,256308,79,7524.45
2024-03-01,Paid Search,Tablet,Germany,2024,2024-Q1,2024-03,1214,992,691,2876,581,169845,54,5143.77
2024-03-01,Paid Search,Tablet,India,2024,2024-Q1,2024-03,1588,1298,891,3686,762,221086,68,6476.06
2024-03-01,Paid Search,Tablet,Australia,2024,2024-Q1,2024-03,718,583,403,1677,346,101127,30,2879.04
2024-03-01,Paid Search,Tablet,Canada,2024,2024-Q1,2024-03,976,799,561,2263,469,140117,42,3970.5
2024-03-01,Direct,Desktop,United States,2024,2024-Q1,2024-03,34515,28125,9339,124948,12315,7810890,1340,127448.26
2024-03-01,Direct,Desktop,United Kingdom,2024,2024-Q1,2024-03,11685,9577,3192,41900,4209,2610193,439,41511.29
2024-03-01,Direct,Desktop,Germany,2024,2024-Q1,2024-03,7791,6420,2135,28807,2813,1701991,303,29149.67
2024-03-01,Direct,Desktop,India,2024,2024-Q1,2024-03,9913,8138,2700,35567,3531,2227734,378,35618.46
2024-03-01,Direct,Desktop,Australia,2024,2024-Q1,2024-03,4543,3726,1232,16638,1639,998185,176,16978.05
2024-03-01,Direct,Desktop,Canada,2024,2024-Q1,2024-03,6241,5092,1701,22664,2212,1411650,246,23412.79
2024-03-01,Direct,Mobile,United States,2024,2024-Q1,2024-03,42767,34773,11626,127768,17305,9543548,1663,157626.34
2024-03-01,Direct,Mobile,United Kingdom,2024,2024-Q1,2024-03,14655,12133,4065,43546,6014,3300809,562,53583.41
2024-03-01,Direct,Mobile,Germany,2024,2024-Q1,2024-03,9391,7602,2505,28005,3809,2079028,363,34537.49
2024-03-01,Direct,Mobile,India,2024,2024-Q1,2024-03,12364,10137,3381,36881,5060,2765966,476,45185.66
2024-03-01,Direct,Mobile,Australia,2024,2024-Q1,2024-03,5636,4636,1530,16810,2332,1249106,217,21030.68
2024-03-01,Direct,Mobile,Canada,2024,2024-Q1,2024-03,7691,6305,2097,22785,3146,1715770,293,27815.07
2024-03-01,Direct,Tablet,United States,2024,2024-Q1,2024-03,6867,5602,1860,25294,2453,1524515,269,25625.24
2024-03-01,Direct,Tablet,United Kingdom,2024,2024-Q1,2024-03,2290,1865,613,8378,830,511237,86,8213.22
2024-03-01,Direct,Tablet,Germany,2024,2024-Q1,2024-03,1482,1211,401,5394,529,327605,56,5352.23
2024-03-01,Direct,Tablet,India,2024,2024-Q1,2024-03,1959,1609,539,7108,704,448277,75,7092.1
2024-03-01,Direct,Tablet,Australia,2024,2024-Q1,2024-03,879,715,237,3194,316,194046,37,3513.68
2024-03-01,Direct,Tablet,Canada,2024,2024-Q1,2024-03,1211,990,333,4420,432,271485,46,4350.35
2024-03-01,Social,Desktop,United States,2024,2024-Q1,2024-03,19755,16231,12265,36540,13015,1463467,222,21112.12
2024-03-01,Social,Desktop,United Kingdom,2024,2024-Q1,2024-03,6392,5224,3986,11565,4181,488562,72,6843.28
2024-03-01,Social,Desktop,Germany,2024,2024-Q1,2024-03,4277,3518,2668,7749,2819,319266,46,4420.13
2024-03-01,Social,Desktop,India,2024,2024-Q1,2024-03,5619,4586,3503,10326,3667,431211,62,5902.43
2024-03-01,Social,Desktop,Australia,2024,2024-Q1,2024-03,2516,2058,1558,4571,1653,187384,30,2867.1
2024-03-01,Social,Desktop,Canada,2024,2024-Q1,2024-03,3496,2842,2178,6442,2294,263709,39,3738.49
2024-03-01,Social,Mobile,United States,2024,2024-Q1,2024-03,24067,19578,14902,36267,18090,1836027,269,25569.83
2024-03-01,Social,Mobile,United Kingdom,2024,2024-Q1,2024-03,8124,6667,5101,12015,6104,625515,90,8545.06
2024-03-01,Social,Mobile,Germany,2024,2024-Q1,2024-03,5378,4445,3360,8058,4072,405135,61,5885.6
2024-03-01,Social,Mobile,India,2024,2024-Q1,2024-03,6817,5550,4239,10059,5099,522539,76,7266.63
2024-03-01,Social,Mobile,Australia,2024,2024-Q1,2024-03,3112,2559,1959,4623,2348,236546,36,3479.08
2024-03-01,Social,Mobile,Canada,2024,2024-Q1,2024-03,4393,3564,2702,6692,3295,334044,47,4455.52
2024-03-01,Social,Tablet,United States,2024,2024-Q1,2024-03,3786,3098,2339,6906,2487,284175,42,4016.51
2024-03-01,Social,Tablet,United Kingdom,2024,2024-Q1,2024-03,1280,1046,804,2317,841,99214,12,1098.47
2024-03-01,Social,Tablet,Germany,2024,2024-Q1,2024-03,826,670,511,1502,543,62981,0,0
2024-03-01,Social,Tablet,India,2024,2024-Q1,2024-03,1097,898,682,1993,715,82755,7,668.8
2024-03-01,Social,Tablet,Australia,2024,2024-Q1,2024-03,490,407,308,885,328,37440,0,0
2024-03-01,Social,Tablet,Canada,2024,2024-Q1,2024-03,673,548,418,1213,439,50306,0,0
2024-03-01,Referral,Desktop,United States,2024,2024-Q1,2024-03,8600,7039,4489,22386,4479,1330510,164,15758
2024-03-01,Referral,Desktop,United Kingdom,2024,2024-Q1,2024-03,2942,2396,1549,7798,1511,463013,56,5288.38
2024-03-01,Referral,Desktop,Germany,2024,2024-Q1,2024-03,1853,1519,972,4841,965,290542,36,3464.38
2024-03-01,Referral,Desktop,India,2024,2024-Q1,2024-03,2518,2059,1324,6709,1303,394045,47,4429.1
2024-03-01,Referral,Desktop,Australia,2024,2024-Q1,2024-03,1090,895,584,2838,566,175807,24,2275.92
2024-03-01,Referral,Desktop,Canada,2024,2024-Q1,2024-03,1545,1260,815,4076,796,242179,31,2948.62
2024-03-01,Referral,Mobile,United States,2024,2024-Q1,2024-03,10645,8735,5587,23124,6339,1656508,203,19673.2
2024-03-01,Referral,Mobile,United Kingdom,2024,2024-Q1,2024-03,3570,2924,1904,7675,2111,571434,69,6605.37
2024-03-01,Referral,Mobile,Germany,2024,2024-Q1,2024-03,2361,1929,1235,5052,1413,370304,45,4272.22
2024-03-01,Referral,Mobile,India,2024,2024-Q1,2024-03,3137,2559,1657,6911,1854,489873,61,5806.59
2024-03-01,Referral,Mobile,Australia,2024,2024-Q1,2024-03,1373,1128,719,2944,806,216237,29,2785.7
2024-03-01,Referral,Mobile,Canada,2024,2024-Q1,2024-03,1923,1572,1003,4191,1141,299484,37,3543.24
2024-03-01,Referral,Tablet,United States,2024,2024-Q1,2024-03,1687,1378,891,4433,870,266576,36,3426.51
2024-03-01,Referral,Tablet,United Kingdom,2024,2024-Q1,2024-03,561,454,292,1478,289,88310,4,381.1
2024-03-01,Referral,Tablet,Germany,2024,2024-Q1,2024-03,359,297,192,934,191,56262,0,0
2024-03-01,Referral,Tablet,India,2024,2024-Q1,2024-03,479,392,251,1260,248,75575,0,0
2024-03-01,Referral,Tablet,Australia,2024,2024-Q1,2024-03,217,175,114,564,110,34162,0,0
2024-03-01,Referral,Tablet,Canada,2024,2024-Q1,2024-03,305,252,161,812,158,47605,0,0
2024-03-01,Email,Desktop,United States,2024,2024-Q1,2024-03,11738,9657,2087,34375,3882,2418539,691,65973.56
2024-03-01,Email,Desktop,United Kingdom,2024,2024-Q1,2024-03,3998,3244,697,11846,1307,809975,236,22239.09
2024-03-01,Email,Desktop,Germany,2024,2024-Q1,2024-03,2528,2079,451,7369,828,522077,146,13907.82
2024-03-01,Email,Desktop,India,2024,2024-Q1,2024-03,3425,2795,597,10081,1125,705893,205,19813.84
2024-03-01,Email,Desktop,Australia,2024,2024-Q1,2024-03,1505,1228,266,4402,495,311502,86,8055.48
2024-03-01,Email,Desktop,Canada,2024,2024-Q1,2024-03,2108,1741,373,6173,700,426871,122,11815.24
2024-03-01,Email,Mobile,United States,2024,2024-Q1,2024-03,14595,12025,2572,34889,5540,2970237,841,80714.96
2024-03-01,Email,Mobile,United Kingdom,2024,2024-Q1,2024-03,5018,4091,879,12123,1872,1014049,299,28646.35
2024-03-01,Email,Mobile,Germany,2024,2024-Q1,2024-03,3188,2619,563,7687,1196,656415,185,17609.46
2024-03-01,Email,Mobile,India,2024,2024-Q1,2024-03,4250,3475,743,10324,1584,850473,249,23719.28
2024-03-01,Email,Mobile,Australia,2024,2024-Q1,2024-03,1884,1545,334,4543,706,386530,113,10792.63
2024-03-01,Email,Mobile,Canada,2024,2024-Q1,2024-03,2630,2141,461,6245,983,538592,152,14493.87
2024-03-01,Email,Tablet,United States,2024,2024-Q1,2024-03,2286,1890,410,6617,756,469252,133,12703.5
2024-03-01,Email,Tablet,United Kingdom,2024,2024-Q1,2024-03,778,640,139,2282,253,159064,46,4379.19
2024-03-01,Email,Tablet,Germany,2024,2024-Q1,2024-03,490,402,88,1422,159,101330,29,2769.27
2024-03-01,Email,Tablet,India,2024,2024-Q1,2024-03,679,557,119,2001,227,137437,42,4013.52
2024-03-01,Email,Tablet,Australia,2024,2024-Q1,2024-03,296,244,51,872,98,61232,21,2024.94
2024-03-01,Email,Tablet,Canada,2024,2024-Q1,2024-03,408,335,75,1198,136,82137,26,2499.95
2024-03-01,Display,Desktop,United States,2024,2024-Q1,2024-03,6798,5589,4424,10141,4849,373442,48,4519.41
2024-03-01,Display,Desktop,United Kingdom,2024,2024-Q1,2024-03,2379,1951,1543,3652,1716,129246,17,1582.57
2024-03-01,Display,Desktop,Germany,2024,2024-Q1,2024-03,1506,1225,978,2259,1071,80998,5,477.94
2024-03-01,Display,Desktop,India,2024,2024-Q1,2024-03,2013,1660,1310,3050,1453,107328,10,917.13
2024-03-01,Display,Desktop,Australia,2024,2024-Q1,2024-03,886,726,578,1347,636,47838,0,0
2024-03-01,Display,Desktop,Canada,2024,2024-Q1,2024-03,1244,1031,818,1867,902,66773,0,0
2024-03-01,Display,Mobile,United States,2024,2024-Q1,2024-03,8722,7175,5674,10928,7097,466583,62,5876.01
2024-03-01,Display,Mobile,United Kingdom,2024,2024-Q1,2024-03,2982,2439,1913,3727,2449,159046,26,2496.85
2024-03-01,Display,Mobile,Germany,2024,2024-Q1,2024-03,1890,1547,1231,2337,1545,102426,10,928.1
2024-03-01,Display,Mobile,India,2024,2024-Q1,2024-03,2491,2030,1616,3089,2045,136587,18,1694.99
2024-03-01,Display,Mobile,Australia,2024,2024-Q1,2024-03,1124,917,728,1399,911,60166,0,0
2024-03-01,Display,Mobile,Canada,2024,2024-Q1,2024-03,1563,1291,1021,1925,1286,84673,6,584.08
2024-03-01,Display,Tablet,United States,2024,2024-Q1,2024-03,1323,1085,868,1986,945,72392,1,97.96
2024-03-01,Display,Tablet,United Kingdom,2024,2024-Q1,2024-03,471,383,300,714,339,25359,0,0
2024-03-01,Display,Tablet,Germany,2024,2024-Q1,2024-03,302,250,195,463,219,16230,0,0
2024-03-01,Display,Tablet,India,2024,2024-Q1,2024-03,391,321,255,583,279,20807,0,0
2024-03-01,Display,Tablet,Australia,2024,2024-Q1,2024-03,182,147,111,278,136,9807,0,0
2024-03-01,Display,Tablet,Canada,2024,2024-Q1,2024-03,240,196,157,366,169,13167,0,0
2024-04-01,Organic Search,Desktop,United States,2024,2024-Q2,2024-04,74580,60999,37199,231546,30386,13413485,2306,220397.29
2024-04-01,Organic Search,Desktop,United Kingdom,2024,2024-Q2,2024-04,25648,21129,12816,79214,10537,4692732,793,75429.67
2024-04-01,Organic Search,Desktop,Germany,2024,2024-Q2,2024-04,16760,13622,8183,53452,6903,3000421,533,51015.81
2024-04-01,Organic Search,Desktop,India,2024,2024-Q2,2024-04,21901,18073,10943,68797,8933,3940037,682,64540.87
2024-04-01,Organic Search,Desktop,Australia,2024,2024-Q2,2024-04,10120,8261,4935,31743,4147,1803151,314,30156.85
2024-04-01,Organic Search,Desktop,Canada,2024,2024-Q2,2024-04,13685,11148,6812,42876,5548,2484167,428,40258.27
2024-04-01,Organic Search,Mobile,United States,2024,2024-Q2,2024-04,95177,77696,46856,245510,44157,17265638,2995,282478.32
2024-04-01,Organic Search,Mobile,United Kingdom,2024,2024-Q2,2024-04,31978,26323,15977,81518,15080,5857410,1001,95554
2024-04-01,Organic Search,Mobile,Germany,2024,2024-Q2,2024-04,20732,16826,10175,53002,9566,3721330,653,61873.21
2024-04-01,Organic Search,Mobile,India,2024,2024-Q2,2024-04,27090,22255,13520,69443,12553,5001117,851,81114.01
2024-04-01,Organic Search,Mobile,Australia,2024,2024-Q2,2024-04,12507,10225,6153,32300,5842,2254649,393,37814.43
2024-04-01,Organic Search,Mobile,Canada,2024,2024-Q2,2024-04,16507,13493,8240,42196,7732,3020373,513,48991.7
2024-04-01,Organic Search,Tablet,United States,2024,2024-Q2,2024-04,14893,12151,7367,47186,6086,2727776,470,44672.94
2024-04-01,Organic Search,Tablet,United Kingdom,2024,2024-Q2,2024-04,5005,4102,2469,15716,2046,890407,158,15155.94
2024-04-01,Organic Search,Tablet,Germany,2024,2024-Q2,2024-04,3293,2702,1632,10359,1351,587688,105,10011.64
2024-04-01,Organic Search,Tablet,India,2024,2024-Q2,2024-04,4223,3442,2103,13288,1722,776557,134,12743.46
2024-04-01,Organic Search,Tablet,Australia,2024,2024-Q2,2024-04,1954,1591,964,6159,793,355077,62,5893.8
2024-04-01,Organic Search,Tablet,Canada,2024,2024-Q2,2024-04,2677,2169,1322,8384,1086,494238,84,7940.48
2024-04-01,Paid Search,Desktop,United States,2024,2024-Q2,2024-04,31216,25599,17736,74098,15008,4341539,1331,127350.85
2024-04-01,Paid Search,Desktop,United Kingdom,2024,2024-Q2,2024-04,10348,8477,5831,23893,4900,1443774,444,42087.39
2024-04-01,Paid Search,Desktop,Germany,2024,2024-Q2,2024-04,6889,5648,3888,15955,3319,963632,288,27619.91
2024-04-01,Paid Search,Desktop,India,2024,2024-Q2,2024-04,8824,7144,5006,20550,4187,1248437,378,35835.94
2024-04-01,Paid Search,Desktop,Australia,2024,2024-Q2,2024-04,4019,3295,2290,9390,1918,565219,169,16021.66
2024-04-01,Paid Search,Desktop,Canada,2024,2024-Q2,2024-04,5498,4466,3081,12840,2614,769955,237,22511.98
2024-04-01,Paid Search,Mobile,United States,2024,2024-Q2,2024-04,37884,30792,21279,72291,20603,5326274,1626,156452.75
2024-04-01,Paid Search,Mobile,United Kingdom,2024,2024-Q2,2024-04,12971,10615,7388,24728,7110,1830383,547,51469.98
2024-04-01,Paid Search,Mobile,Germany,2024,2024-Q2,2024-04,8540,7021,4870,16397,4707,1192610,368,35364.38
2024-04-01,Paid Search,Mobile,India,2024,2024-Q2,2024-04,10925,8943,6193,20615,5942,1539910,461,43926.4
2024-04-01,Paid Search,Mobile,Australia,2024,2024-Q2,2024-04,4912,4012,2770,9359,2708,696093,204,19597.21
2024-04-01,Paid Search,Mobile,Canada,2024,2024-Q2,2024-04,6869,5591,3903,13166,3720,958079,295,28321.15
2024-04-01,Paid Search,Tablet,United States,2024,2024-Q2,2024-04,5913,4826,3326,13848,2835,804538,251,23902.46
2024-04-01,Paid Search,Tablet,United Kingdom,2024,2024-Q2,2024-04,2032,1667,1168,4752,965,288181,86,8141.14
2024-04-01,Paid Search,Tablet,Germany,2024,2024-Q2,2024-04,1330,1079,743,3059,635,189095,57,5439.04
2024-04-01,Paid Search,Tablet,India,2024,2024-Q2,2024-04,1738,1409,980,4069,827,241012,75,7053.35
2024-04-01,Paid Search,Tablet,Australia,2024,2024-Q2,2024-04,769,635,441,1784,367,109164,34,3291.37
2024-04-01,Paid Search,Tablet,Canada,2024,2024-Q2,2024-04,1071,883,616,2473,515,148538,42,4001.48
2024-04-01,Direct,Desktop,United States,2024,2024-Q2,2024-04,38129,31273,10346,138048,13716,8369514,1454,139776.95
2024-04-01,Direct,Desktop,United Kingdom,2024,2024-Q2,2024-04,13025,10601,3556,48039,4672,2918600,506,48002.45
2024-04-01,Direct,Desktop,Germany,2024,2024-Q2,2024-04,8318,6766,2241,29957,2971,1862546,317,30200.53
2024-04-01,Direct,Desktop,India,2024,2024-Q2,2024-04,10972,8909,2943,40581,3950,2439963,425,40509.01
2024-04-01,Direct,Desktop,Australia,2024,2024-Q2,2024-04,4849,3985,1328,17476,1747,1103536,185,17686.42
2024-04-01,Direct,Desktop,Canada,2024,2024-Q2,2024-04,6919,5669,1876,25309,2496,1548985,267,25502.47
2024-04-01,Direct,Mobile,United States,2024,2024-Q2,2024-04,48345,39725,13179,144041,19859,10685262,1875,180495.61
2024-04-01,Direct,Mobile,United Kingdom,2024,2024-Q2,2024-04,15666,12722,4215,46743,6423,3574766,607,57946.99
2024-04-01,Direct,Mobile,Germany,2024,2024-Q2,2024-04,10252,8423,2801,30485,4208,2274628,382,36446.47
2024-04-01,Direct,Mobile,India,2024,2024-Q2,2024-04,13938,11372,3782,41991,5711,3104937,543,52093.44
2024-04-01,Direct,Mobile,Australia,2024,2024-Q2,2024-04,6175,5055,1671,18477,2523,1357201,235,22077.19
2024-04-01,Direct,Mobile,Canada,2024,2024-Q2,2024-04,8542,6985,2305,25788,3501,1868370,333,31943.25
2024-04-01,Direct,Tablet,United States,2024,2024-Q2,2024-04,7474,6101,2032,27140,2679,1690639,287,27294.67
2024-04-01,Direct,Tablet,United Kingdom,2024,2024-Q2,2024-04,2528,2047,680,9202,893,561090,96,9061.92
2024-04-01,Direct,Tablet,Germany,2024,2024-Q2,2024-04,1619,1342,451,5859,580,363033,63,6000.46
2024-04-01,Direct,Tablet,India,2024,2024-Q2,2024-04,2116,1730,573,7664,762,465502,81,7784.5
2024-04-01,Direct,Tablet,Australia,2024,2024-Q2,2024-04,947,779,263,3435,339,213801,37,3538.86
2024-04-01,Direct,Tablet,Canada,2024,2024-Q2,2024-04,1354,1110,365,4958,487,297887,52,5010.08
2024-04-01,Social,Desktop,United States,2024,2024-Q2,2024-04,20699,16826,12895,37602,13684,1613119,228,21734.61
2024-04-01,Social,Desktop,United Kingdom,2024,2024-Q2,2024-04,7281,5942,4532,13359,4761,541411,81,7707.77
2024-04-01,Social,Desktop,Germany,2024,2024-Q2,2024-04,4616,3786,2900,8345,3060,356251,50,4732.54
2024-04-01,Social,Desktop,India,2024,2024-Q2,2024-04,6084,4971,3771,11073,4018,454423,68,6535.31
2024-04-01,Social,Desktop,Australia,2024,2024-Q2,2024-04,2713,2217,1702,4912,1759,209796,31,2943.73
2024-04-01,Social,Desktop,Canada,2024,2024-Q2,2024-04,3828,3125,2358,6975,2550,289592,43,4087.75
2024-04-01,Social,Mobile,United States,2024,2024-Q2,2024-04,26422,21652,16376,38807,19984,1991212,285,27219.92
2024-04-01,Social,Mobile,United Kingdom,2024,2024-Q2,2024-04,9071,7430,5669,13656,6795,684504,103,9783.37
2024-04-01,Social,Mobile,Germany,2024,2024-Q2,2024-04,5752,4712,3580,8586,4315,442645,65,6178.06
2024-04-01,Social,Mobile,India,2024,2024-Q2,2024-04,7767,6371,4825,11745,5838,576487,86,8154.1
2024-04-01,Social,Mobile,Australia,2024,2024-Q2,2024-04,3417,2789,2139,5116,2548,259948,39,3722.82
2024-04-01,Social,Mobile,Canada,2024,2024-Q2,2024-04,4787,3905,2985,7059,3572,362685,53,5072.07
2024-04-01,Social,Tablet,United States,2024,2024-Q2,2024-04,4118,3381,2573,7445,2707,314038,45,4230.29
2024-04-01,Social,Tablet,United Kingdom,2024,2024-Q2,2024-04,1381,1135,871,2522,919,103183,14,1291.2
2024-04-01,Social,Tablet,Germany,2024,2024-Q2,2024-04,898,735,560,1606,589,68723,3,288.65
2024-04-01,Social,Tablet,India,2024,2024-Q2,2024-04,1216,996,752,2234,805,92415,10,938.55
2024-04-01,Social,Tablet,Australia,2024,2024-Q2,2024-04,538,438,334,989,349,40394,0,0
2024-04-01,Social,Tablet,Canada,2024,2024-Q2,2024-04,746,614,464,1340,496,56232,0,0
2024-04-01,Referral,Desktop,United States,2024,2024-Q2,2024-04,9288,7595,4916,24252,4825,1468479,176,16605.44
2024-04-01,Referral,Desktop,United Kingdom,2024,2024-Q2,2024-04,3152,2595,1668,8298,1655,496883,61,5938.3
2024-04-01,Referral,Desktop,Germany,2024,2024-Q2,2024-04,2056,1678,1089,5388,1053,326080,40,3753.75
2024-04-01,Referral,Desktop,India,2024,2024-Q2,2024-04,2736,2253,1447,7183,1436,431661,52,4971.67
2024-04-01,Referral,Desktop,Australia,2024,2024-Q2,2024-04,1216,994,637,3205,626,189786,25,2379.59
2024-04-01,Referral,Desktop,Canada,2024,2024-Q2,2024-04,1653,1360,879,4268,868,262675,34,3268.23
2024-04-01,Referral,Mobile,United States,2024,2024-Q2,2024-04,11662,9606,6251,25441,6891,1860812,224,21257.74
2024-04-01,Referral,Mobile,United Kingdom,2024,2024-Q2,2024-04,3983,3249,2065,8609,2354,612200,77,7328.97
2024-04-01,Referral,Mobile,Germany,2024,2024-Q2,2024-04,2552,2081,1352,5528,1514,399749,48,4550.79
2024-04-01,Referral,Mobile,India,2024,2024-Q2,2024-04,3355,2737,1765,7130,1968,533608,64,6138.86
2024-04-01,Referral,Mobile,Australia,2024,2024-Q2,2024-04,1528,1241,804,3323,897,241810,29,2737.47
2024-04-01,Referral,Mobile,Canada,2024,2024-Q2,2024-04,2047,1676,1089,4382,1205,325100,39,3706.56
2024-04-01,Referral,Tablet,United States,2024,2024-Q2,2024-04,1768,1441,933,4565,923,284504,35,3326.37
2024-04-01,Referral,Tablet,United Kingdom,2024,2024-Q2,2024-04,614,503,323,1616,317,95520,7,656.4
2024-04-01,Referral,Tablet,Germany,2024,2024-Q2,2024-04,407,332,214,1083,211,64434,0,0
2024-04-01,Referral,Tablet,India,2024,2024-Q2,2024-04,523,431,277,1379,275,81356,4,385.8
2024-04-01,Referral,Tablet,Australia,2024,2024-Q2,2024-04,240,194,129,639,124,37555,0,0
2024-04-01,Referral,Tablet,Canada,2024,2024-Q2,2024-04,321,259,163,836,164,51801,0,0
2024-04-01,Email,Desktop,United States,2024,2024-Q2,2024-04,12677,10283,2230,36927,4117,2605823,741,69849.68
2024-04-01,Email,Desktop,United Kingdom,2024,2024-Q2,2024-04,4400,3622,779,12819,1457,886563,256,24430.71
2024-04-01,Email,Desktop,Germany,2024,2024-Q2,2024-04,2838,2316,496,8490,938,582518,167,16078.25
2024-04-01,Email,Desktop,India,2024,2024-Q2,2024-04,3665,3023,650,10565,1217,745696,211,19972.43
2024-04-01,Email,Desktop,Australia,2024,2024-Q2,2024-04,1706,1395,301,5037,564,342662,102,9765.27
2024-04-01,Email,Desktop,Canada,2024,2024-Q2,2024-04,2331,1906,409,6827,762,482720,138,13097.11
2024-04-01,Email,Mobile,United States,2024,2024-Q2,2024-04,15884,12947,2807,38169,5920,3233860,938,89525.22
2024-04-01,Email,Mobile,United Kingdom,2024,2024-Q2,2024-04,5512,4535,975,13131,2074,1139251,324,30852.89
2024-04-01,Email,Mobile,Germany,2024,2024-Q2,2024-04,3505,2838,607,8455,1301,709259,206,19353.3
2024-04-01,Email,Mobile,India,2024,2024-Q2,2024-04,4569,3747,813,10941,1702,937818,270,25621.2
2024-04-01,Email,Mobile,Australia,2024,2024-Q2,2024-04,2053,1675,358,4923,777,422240,122,11704.28
2024-04-01,Email,Mobile,Canada,2024,2024-Q2,2024-04,2827,2314,499,6745,1067,581134,164,15513.33
2024-04-01,Email,Tablet,United States,2024,2024-Q2,2024-04,2556,2089,451,7584,841,519753,152,14403.68
2024-04-01,Email,Tablet,United Kingdom,2024,2024-Q2,2024-04,850,697,148,2502,281,172245,48,4639.4
2024-04-01,Email,Tablet,Germany,2024,2024-Q2,2024-04,554,453,94,1626,181,112475,35,3348.38
2024-04-01,Email,Tablet,India,2024,2024-Q2,2024-04,715,587,129,2089,236,150000,40,3788.46
2024-04-01,Email,Tablet,Australia,2024,2024-Q2,2024-04,328,265,55,969,109,65234,20,1860.12
2024-04-01,Email,Tablet,Canada,2024,2024-Q2,2024-04,444,365,80,1304,146,92322,27,2578.13
2024-04-01,Display,Desktop,United States,2024,2024-Q2,2024-04,7828,6408,5060,12163,5644,418657,56,5346.6
2024-04-01,Display,Desktop,United Kingdom,2024,2024-Q2,2024-04,2504,2052,1626,3739,1789,134184,18,1691.31
2024-04-01,Display,Desktop,Germany,2024,2024-Q2,2024-04,1706,1397,1101,2584,1226,91471,6,576.89
2024-04-01,Display,Desktop,India,2024,2024-Q2,2024-04,2181,1774,1407,3332,1566,119946,15,1375.21
2024-04-01,Display,Desktop,Australia,2024,2024-Q2,2024-04,1008,828,649,1532,725,53046,0,0
2024-04-01,Display,Desktop,Canada,2024,2024-Q2,2024-04,1371,1115,882,2086,980,73500,1,98.55
2024-04-01,Display,Mobile,United States,2024,2024-Q2,2024-04,9426,7638,6037,11778,7651,509873,68,6447.26
2024-04-01,Display,Mobile,United Kingdom,2024,2024-Q2,2024-04,3212,2615,2060,3987,2633,174803,25,2341.23
2024-04-01,Display,Mobile,Germany,2024,2024-Q2,2024-04,2080,1710,1350,2605,1720,112186,14,1285.48
2024-04-01,Display,Mobile,India,2024,2024-Q2,2024-04,2693,2207,1745,3292,2200,146065,20,1894.16
2024-04-01,Display,Mobile,Australia,2024,2024-Q2,2024-04,1214,998,791,1496,996,65959,0,0
2024-04-01,Display,Mobile,Canada,2024,2024-Q2,2024-04,1708,1389,1102,2145,1394,91253,7,667.71
2024-04-01,Display,Tablet,United States,2024,2024-Q2,2024-04,1492,1216,952,2291,1070,79456,5,488.56
2024-04-01,Display,Tablet,United Kingdom,2024,2024-Q2,2024-04,498,410,330,752,359,27165,0,0
2024-04-01,Display,Tablet,Germany,2024,2024-Q2,2024-04,328,264,210,506,238,17399,0,0
2024-04-01,Display,Tablet,India,2024,2024-Q2,2024-04,434,353,279,658,312,23771,0,0
2024-04-01,Display,Tablet,Australia,2024,2024-Q2,2024-04,194,157,121,294,148,10412,0,0
2024-04-01,Display,Tablet,Canada,2024,2024-Q2,2024-04,268,222,177,405,195,14241,0,0
2024-05-01,Organic Search,Desktop,United States,2024,2024-Q2,2024-05,85149,70176,42490,264329,34999,15367271,2662,254853.98
2024-05-01,Organic Search,Desktop,United Kingdom,2024,2024-Q2,2024-05,28552,23152,14129,89733,11598,5213348,905,86084.1
2024-05-01,Organic Search,Desktop,Germany,2024,2024-Q2,2024-05,18659,15248,9257,58781,7585,3389573,586,55774.32
2024-05-01,Organic Search,Desktop,India,2024,2024-Q2,2024-05,24629,20093,12110,77491,9995,4413139,791,75907.12
2024-05-01,Organic Search,Desktop,Australia,2024,2024-Q2,2024-05,10799,8869,5371,33452,4449,1969379,338,32050.31
2024-05-01,Organic Search,Desktop,Canada,2024,2024-Q2,2024-05,15080,12319,7494,47706,6175,2748167,475,45663.02
2024-05-01,Organic Search,Mobile,United States,2024,2024-Q2,2024-05,105358,86434,52023,273429,49446,19005074,3264,312228.11
2024-05-01,Organic Search,Mobile,United Kingdom,2024,2024-Q2,2024-05,35054,28686,17433,89168,16268,6280641,1105,106610.4
2024-05-01,Organic Search,Mobile,Germany,2024,2024-Q2,2024-05,22788,18786,11362,57930,10753,4153935,703,67617.22
2024-05-01,Organic Search,Mobile,India,2024,2024-Q2,2024-05,30357,24579,15017,79078,14136,5486557,966,91882.37
2024-05-01,Organic Search,Mobile,Australia,2024,2024-Q2,2024-05,13777,11335,6862,35918,6440,2480689,437,41181.85
2024-05-01,Organic Search,Mobile,Canada,2024,2024-Q2,2024-05,19062,15544,9301,49897,8888,3381559,607,58091.96
2024-05-01,Organic Search,Tablet,United States,2024,2024-Q2,2024-05,16570,13459,8191,51730,6787,3059382,511,48434.81
2024-05-01,Organic Search,Tablet,United Kingdom,2024,2024-Q2,2024-05,5617,4576,2784,17679,2279,1022234,176,16500.6
2024-05-01,Organic Search,Tablet,Germany,2024,2024-Q2,2024-05,3599,2970,1793,11217,1489,653817,112,10683.11
2024-05-01,Organic Search,Tablet,India,2024,2024-Q2,2024-05,4713,3880,2343,14604,1936,842288,148,14269.82
2024-05-01,Organic Search,Tablet,Australia,2024,2024-Q2,2024-05,2135,1747,1057,6548,879,392073,66,6328.5
2024-05-01,Organic Search,Tablet,Canada,2024,2024-Q2,2024-05,3010,2455,1481,9610,1227,542247,94,8978.26
2024-05-01,Paid Search,Desktop,United States,2024,2024-Q2,2024-05,33740,27504,19137,77514,16081,4811809,1440,138146.52
2024-05-01,Paid Search,Desktop,United Kingdom,2024,2024-Q2,2024-05,11677,9536,6552,27480,5590,1618498,502,47593.62
2024-05-01,Paid Search,Desktop,Germany,2024,2024-Q2,2024-05,7276,5968,4169,16851,3488,1027581,306,29048.77
2024-05-01,Paid Search,Desktop,India,2024,2024-Q2,2024-05,9904,8129,5659,22940,4747,1390647,416,39943.06
2024-05-01,Paid Search,Desktop,Australia,2024,2024-Q2,2024-05,4358,3535,2466,10068,2060,623275,187,17556.99
2024-05-01,Paid Search,Desktop,Canada,2024,2024-Q2,2024-05,6123,5012,3457,14331,2926,844674,256,24434.79
2024-05-01,Paid Search,Mobile,United States,2024,2024-Q2,2024-05,41916,34482,23902,78939,23008,5850156,1720,164650.67
2024-05-01,Paid Search,Mobile,United Kingdom,2024,2024-Q2,2024-05,14576,11872,8296,28168,7941,2030225,628,59710.05
2024-05-01,Paid Search,Mobile,Germany,2024,2024-Q2,2024-05,9398,7681,5297,17967,5109,1310365,404,38163.82
2024-05-01,Paid Search,Mobile,India,2024,2024-Q2,2024-05,12545,10282,7061,24527,6884,1741852,534,51198.52
2024-05-01,Paid Search,Mobile,Australia,2024,2024-Q2,2024-05,5411,4440,3102,10250,2927,769389,229,21732.18
2024-05-01,Paid Search,Mobile,Canada,2024,2024-Q2,2024-05,7766,6375,4465,14757,4240,1108530,328,30898.98
2024-05-01,Paid Search,Tablet,United States,2024,2024-Q2,2024-05,6632,5471,3791,15567,3183,924764,284,27305.19
2024-05-01,Paid Search,Tablet,United Kingdom,2024,2024-Q2,2024-05,2221,1830,1260,5075,1075,311168,93,9060.6
2024-05-01,Paid Search,Tablet,Germany,2024,2024-Q2,2024-05,1436,1176,818,3315,692,202700,62,5876.97
2024-05-01,Paid Search,Tablet,India,2024,2024-Q2,2024-05,1960,1605,1114,4580,936,274645,82,7812.92
2024-05-01,Paid Search,Tablet,Australia,2024,2024-Q2,2024-05,883,724,498,2087,423,123010,40,3827.41
2024-05-01,Paid Search,Tablet,Canada,2024,2024-Q2,2024-05,1193,975,671,2775,578,166497,49,4713.15
2024-05-01,Direct,Desktop,United States,2024,2024-Q2,2024-05,41621,34151,11396,151059,14914,9316068,1607,152086.89
2024-05-01,Direct,Desktop,United Kingdom,2024,2024-Q2,2024-05,14119,11534,3813,51266,5123,3156610,536,51979.97
2024-05-01,Direct,Desktop,Germany,2024,2024-Q2,2024-05,9254,7524,2524,33823,3280,2091339,355,33208.26
2024-05-01,Direct,Desktop,India,2024,2024-Q2,2024-05,12419,10178,3359,44898,4489,2762690,471,44853.73
2024-05-01,Direct,Desktop,Australia,2024,2024-Q2,2024-05,5553,4570,1518,20450,2000,1214145,215,20549.7
2024-05-01,Direct,Desktop,Canada,2024,2024-Q2,2024-05,7373,6065,2015,26424,2659,1658704,278,26772.62
2024-05-01,Direct,Mobile,United States,2024,2024-Q2,2024-05,52640,42940,14257,158603,21554,11809427,2068,196529.6
2024-05-01,Direct,Mobile,United Kingdom,2024,2024-Q2,2024-05,18221,14944,4917,55301,7466,3952257,702,67243.8
2024-05-01,Direct,Mobile,Germany,2024,2024-Q2,2024-05,11497,9425,3171,34116,4663,2592024,442,42313.67
2024-05-01,Direct,Mobile,India,2024,2024-Q2,2024-05,15253,12440,4146,44704,6236,3444085,574,53856.37
2024-05-01,Direct,Mobile,Australia,2024,2024-Q2,2024-05,6771,5487,1844,20447,2744,1511285,263,24908.48
2024-05-01,Direct,Mobile,Canada,2024,2024-Q2,2024-05,9409,7753,2571,27925,3861,2114232,363,34881.48
2024-05-01,Direct,Tablet,United States,2024,2024-Q2,2024-05,8042,6572,2197,28933,2876,1802234,305,29080.46
2024-05-01,Direct,Tablet,United Kingdom,2024,2024-Q2,2024-05,2849,2334,774,10291,1020,638726,109,10410.75
2024-05-01,Direct,Tablet,Germany,2024,2024-Q2,2024-05,1823,1476,486,6796,651,403268,72,6864.74
2024-05-01,Direct,Tablet,India,2024,2024-Q2,2024-05,2398,1972,656,8739,866,528449,92,8792.51
2024-05-01,Direct,Tablet,Australia,2024,2024-Q2,2024-05,1060,864,285,3861,382,239238,41,3928.14
2024-05-01,Direct,Tablet,Canada,2024,2024-Q2,2024-05,1483,1210,406,5386,528,336473,57,5391.48
2024-05-01,Social,Desktop,United States,2024,2024-Q2,2024-05,23473,19072,14583,42459,15154,1784790,260,24365.38
2024-05-01,Social,Desktop,United Kingdom,2024,2024-Q2,2024-05,8074,6646,5061,14547,5335,616692,88,8323.9
2024-05-01,Social,Desktop,Germany,2024,2024-Q2,2024-05,5194,4245,3216,9540,3427,384409,60,5784.06
2024-05-01,Social,Desktop,India,2024,2024-Q2,2024-05,6643,5501,4223,11945,4396,507493,72,6874.96
2024-05-01,Social,Desktop,Australia,2024,2024-Q2,2024-05,3080,2509,1891,5603,2025,230173,37,3562.2
2024-05-01,Social,Desktop,Canada,2024,2024-Q2,2024-05,4264,3481,2675,7845,2786,321993,48,4478.74
2024-05-01,Social,Mobile,United States,2024,2024-Q2,2024-05,29155,23759,18191,43408,21822,2222285,326,30861.4
2024-05-01,Social,Mobile,United Kingdom,2024,2024-Q2,2024-05,9839,8015,6169,14540,7373,757316,108,10238.03
2024-05-01,Social,Mobile,Germany,2024,2024-Q2,2024-05,6479,5266,4018,9712,4801,491682,75,7089.77
2024-05-01,Social,Mobile,India,2024,2024-Q2,2024-05,8356,6855,5224,12393,6289,637666,94,8962.47
2024-05-01,Social,Mobile,Australia,2024,2024-Q2,2024-05,3780,3109,2353,5575,2841,281519,41,3951.95
2024-05-01,Social,Mobile,Canada,2024,2024-Q2,2024-05,5162,4219,3228,7622,3883,397732,57,5438.35
2024-05-01,Social,Tablet,United States,2024,2024-Q2,2024-05,4689,3831,2912,8736,3088,350635,52,4929.98
2024-05-01,Social,Tablet,United Kingdom,2024,2024-Q2,2024-05,1569,1285,969,2825,1041,117692,17,1576
2024-05-01,Social,Tablet,Germany,2024,2024-Q2,2024-05,1011,833,635,1843,672,77139,4,394.85
2024-05-01,Social,Tablet,India,2024,2024-Q2,2024-05,1313,1070,826,2381,860,102583,13,1190.08
2024-05-01,Social,Tablet,Australia,2024,2024-Q2,2024-05,609,498,379,1121,400,45386,0,0
2024-05-01,Social,Tablet,Canada,2024,2024-Q2,2024-05,823,676,519,1503,540,63184,0,0
2024-05-01,Referral,Desktop,United States,2024,2024-Q2,2024-05,10538,8672,5590,28551,5482,1622511,205,19719.54
2024-05-01,Referral,Desktop,United Kingdom,2024,2024-Q2,2024-05,3435,2823,1817,8810,1776,543384,65,6209.22
2024-05-01,Referral,Desktop,Germany,2024,2024-Q2,2024-05,2294,1874,1194,6003,1198,356741,43,4093.79
2024-05-01,Referral,Desktop,India,2024,2024-Q2,2024-05,3018,2441,1587,7910,1541,472248,59,5613.47
2024-05-01,Referral,Desktop,Australia,2024,2024-Q2,2024-05,1368,1122,714,3645,711,211638,28,2664.52
2024-05-01,Referral,Desktop,Canada,2024,2024-Q2,2024-05,1837,1495,972,4854,943,286268,36,3430.82
2024-05-01,Referral,Mobile,United States,2024,2024-Q2,2024-05,12856,10376,6672,27785,7518,2031133,250,23666.97
2024-05-01,Referral,Mobile,United Kingdom,2024,2024-Q2,2024-05,4355,3566,2299,9420,2578,680583,86,8160.1
2024-05-01,Referral,Mobile,Germany,2024,2024-Q2,2024-05,2825,2325,1490,6021,1688,441476,54,5255.34
2024-05-01,Referral,Mobile,India,2024,2024-Q2,2024-05,3715,3050,1977,7924,2204,587828,71,6729.93
2024-05-01,Referral,Mobile,Australia,2024,2024-Q2,2024-05,1684,1379,889,3656,1002,265412,30,2865.51
2024-05-01,Referral,Mobile,Canada,2024,2024-Q2,2024-05,2373,1937,1238,5178,1394,365585,46,4383.88
2024-05-01,Referral,Tablet,United States,2024,2024-Q2,2024-05,2014,1651,1067,5310,1038,316297,39,3742.63
2024-05-01,Referral,Tablet,United Kingdom,2024,2024-Q2,2024-05,689,564,369,1805,357,111643,8,747.75
2024-05-01,Referral,Tablet,Germany,2024,2024-Q2,2024-05,450,364,235,1183,233,69441,0,0
2024-05-01,Referral,Tablet,India,2024,2024-Q2,2024-05,588,479,310,1572,306,92965,6,580.84
2024-05-01,Referral,Tablet,Australia,2024,2024-Q2,2024-05,257,214,138,667,134,40747,0,0
2024-05-01,Referral,Tablet,Canada,2024,2024-Q2,2024-05,363,294,192,956,188,57421,0,0
2024-05-01,Email,Desktop,United States,2024,2024-Q2,2024-05,14319,11730,2510,41435,4709,2893799,830,80198.45
2024-05-01,Email,Desktop,United Kingdom,2024,2024-Q2,2024-05,4879,3946,854,14444,1594,1004981,290,27506
2024-05-01,Email,Desktop,Germany,2024,2024-Q2,2024-05,3161,2589,548,9315,1035,626757,187,17854.69
2024-05-01,Email,Desktop,India,2024,2024-Q2,2024-05,4132,3366,725,12193,1354,833873,244,23280.62
2024-05-01,Email,Desktop,Australia,2024,2024-Q2,2024-05,1819,1482,319,5241,597,376903,104,9888.63
2024-05-01,Email,Desktop,Canada,2024,2024-Q2,2024-05,2592,2105,453,7701,847,536765,153,14411.4
2024-05-01,Email,Mobile,United States,2024,2024-Q2,2024-05,17903,14793,3176,42737,6785,3622983,1055,101466.83
2024-05-01,Email,Mobile,United Kingdom,2024,2024-Q2,2024-05,5877,4808,1037,13934,2211,1224146,341,32516.45
2024-05-01,Email,Mobile,Germany,2024,2024-Q2,2024-05,3915,3207,693,9470,1470,800879,224,21443.52
2024-05-01,Email,Mobile,India,2024,2024-Q2,2024-05,5232,4265,907,12818,1962,1059272,313,29956.31
2024-05-01,Email,Mobile,Australia,2024,2024-Q2,2024-05,2311,1902,407,5536,871,464559,132,12461.66
2024-05-01,Email,Mobile,Canada,2024,2024-Q2,2024-05,3220,2638,570,7770,1207,645298,187,18025.61
2024-05-01,Email,Tablet,United States,2024,2024-Q2,2024-05,2796,2275,491,8244,916,568254,166,15839.71
2024-05-01,Email,Tablet,United Kingdom,2024,2024-Q2,2024-05,954,784,169,2808,313,194736,56,5331.43
2024-05-01,Email,Tablet,Germany,2024,2024-Q2,2024-05,602,500,107,1757,201,124040,36,3470.33
2024-05-01,Email,Tablet,India,2024,2024-Q2,2024-05,801,648,138,2345,261,161818,47,4480.21
2024-05-01,Email,Tablet,Australia,2024,2024-Q2,2024-05,364,297,60,1055,117,75697,24,2286.89
2024-05-01,Email,Tablet,Canada,2024,2024-Q2,2024-05,510,417,90,1529,169,101859,30,2891.66
2024-05-01,Display,Desktop,United States,2024,2024-Q2,2024-05,8411,6879,5376,12790,6058,450731,61,5883.91
2024-05-01,Display,Desktop,United Kingdom,2024,2024-Q2,2024-05,2898,2370,1867,4418,2077,154035,24,2283.45
2024-05-01,Display,Desktop,Germany,2024,2024-Q2,2024-05,1816,1487,1183,2728,1311,100055,7,648.5
2024-05-01,Display,Desktop,India,2024,2024-Q2,2024-05,2469,2003,1591,3758,1751,133598,20,1846.03
2024-05-01,Display,Desktop,Australia,2024,2024-Q2,2024-05,1085,887,708,1627,775,59652,0,0
2024-05-01,Display,Desktop,Canada,2024,2024-Q2,2024-05,1517,1248,980,2312,1097,80665,4,389.86
2024-05-01,Display,Mobile,United States,2024,2024-Q2,2024-05,10591,8675,6833,13064,8715,569007,73,6939.52
2024-05-01,Display,Mobile,United Kingdom,2024,2024-Q2,2024-05,3638,2965,2338,4619,2976,192468,27,2558.88
2024-05-01,Display,Mobile,Germany,2024,2024-Q2,2024-05,2319,1911,1503,2845,1890,123100,16,1491.92
2024-05-01,Display,Mobile,India,2024,2024-Q2,2024-05,3068,2514,1978,3843,2520,163920,27,2577.56
2024-05-01,Display,Mobile,Australia,2024,2024-Q2,2024-05,1345,1088,876,1677,1086,73256,0,0
2024-05-01,Display,Mobile,Canada,2024,2024-Q2,2024-05,1922,1572,1243,2384,1564,103232,12,1105.33
2024-05-01,Display,Tablet,United States,2024,2024-Q2,2024-05,1612,1333,1052,2411,1158,86287,6,577.89
2024-05-01,Display,Tablet,United Kingdom,2024,2024-Q2,2024-05,555,452,359,841,398,29935,0,0
2024-05-01,Display,Tablet,Germany,2024,2024-Q2,2024-05,364,296,237,548,258,19708,0,0
2024-05-01,Display,Tablet,India,2024,2024-Q2,2024-05,492,405,320,758,357,26200,0,0
2024-05-01,Display,Tablet,Australia,2024,2024-Q2,2024-05,211,168,130,316,151,11395,0,0
2024-05-01,Display,Tablet,Canada,2024,2024-Q2,2024-05,299,250,193,446,217,16162,0,0
2024-06-01,Organic Search,Desktop,United States,2024,2024-Q2,2024-06,79683,64987,39641,248568,32594,14776718,2502,235630.56
2024-06-01,Organic Search,Desktop,United Kingdom,2024,2024-Q2,2024-06,27619,22672,13733,86654,11302,4984026,864,83604.6
2024-06-01,Organic Search,Desktop,Germany,2024,2024-Q2,2024-06,17466,14306,8711,54305,7082,3228000,548,51913.66
2024-06-01,Organic Search,Desktop,India,2024,2024-Q2,2024-06,23371,19162,11533,72857,9623,4210232,718,68831.81
2024-06-01,Organic Search,Desktop,Australia,2024,2024-Q2,2024-06,10546,8633,5284,33627,4339,1904573,339,32471.02
2024-06-01,Organic Search,Desktop,Canada,2024,2024-Q2,2024-06,14585,11946,7183,44814,5947,2620012,451,42545.31
2024-06-01,Organic Search,Mobile,United States,2024,2024-Q2,2024-06,99723,81459,49504,256209,46579,18130490,3151,299676.74
2024-06-01,Organic Search,Mobile,United Kingdom,2024,2024-Q2,2024-06,34983,28738,17288,89872,16335,6294323,1091,103711.97
2024-06-01,Organic Search,Mobile,Germany,2024,2024-Q2,2024-06,22006,17888,10898,56823,10189,4055109,691,65237.15
2024-06-01,Organic Search,Mobile,India,2024,2024-Q2,2024-06,29680,24432,14831,75999,13875,5378359,921,88047.79
2024-06-01,Organic Search,Mobile,Australia,2024,2024-Q2,2024-06,12999,10583,6387,33148,6006,2352542,414,39399.67
2024-06-01,Organic Search,Mobile,Canada,2024,2024-Q2,2024-06,17893,14738,8921,45749,8370,3255753,558,53214.34
2024-06-01,Organic Search,Tablet,United States,2024,2024-Q2,2024-06,15643,12770,7723,48626,6362,2846208,490,46272.66
2024-06-01,Organic Search,Tablet,United Kingdom,2024,2024-Q2,2024-06,5420,4447,2675,16952,2230,978680,171,16374.95
2024-06-01,Organic Search,Tablet,Germany,2024,2024-Q2,2024-06,3471,2827,1705,10876,1409,631979,110,10601.65
2024-06-01,Organic Search,Tablet,India,2024,2024-Q2,2024-06,4535,3714,2241,14178,1863,823206,140,13407.24
2024-06-01,Organic Search,Tablet,Australia,2024,2024-Q2,2024-06,2048,1669,1016,6456,830,366013,65,6204.5
2024-06-01,Organic Search,Tablet,Canada,2024,2024-Q2,2024-06,2843,2341,1431,8972,1165,520193,90,8589.35
2024-06-01,Paid Search,Desktop,United States,2024,2024-Q2,2024-06,32626,26691,18609,75648,15486,4610701,1381,129953.33
2024-06-01,Paid Search,Desktop,United Kingdom,2024,2024-Q2,2024-06,11074,9118,6322,25505,5363,1569680,456,43714.32
2024-06-01,Paid Search,Desktop,Germany,2024,2024-Q2,2024-06,7311,5994,4171,17157,3502,1009063,319,30589.71
2024-06-01,Paid Search,Desktop,India,2024,2024-Q2,2024-06,9467,7758,5325,21591,4555,1338533,405,38364.21
2024-06-01,Paid Search,Desktop,Australia,2024,2024-Q2,2024-06,4291,3501,2415,10131,2053,590013,185,17711.54
2024-06-01,Paid Search,Desktop,Canada,2024,2024-Q2,2024-06,5930,4871,3403,13850,2826,846121,258,24601.02
2024-06-01,Paid Search,Mobile,United States,2024,2024-Q2,2024-06,40529,33043,23028,77841,21975,5706496,1728,164213.97
2024-06-01,Paid Search,Mobile,United Kingdom,2024,2024-Q2,2024-06,13848,11383,7853,25956,7584,1977387,589,56272.29
2024-06-01,Paid Search,Mobile,Germany,2024,2024-Q2,2024-06,8909,7264,5056,17054,4852,1249784,378,35752.27
2024-06-01,Paid Search,Mobile,India,2024,2024-Q2,2024-06,11601,9567,6680,21788,6308,1643671,487,46450.79
2024-06-01,Paid Search,Mobile,Australia,2024,2024-Q2,2024-06,5368,4408,3057,10219,2937,749717,232,22124.55
2024-06-01,Paid Search,Mobile,Canada,2024,2024-Q2,2024-06,7170,5822,4033,13583,3893,1013426,307,29206.14
2024-06-01,Paid Search,Tablet,United States,2024,2024-Q2,2024-06,6369,5201,3619,14904,3055,908107,275,26406.08
2024-06-01,Paid Search,Tablet,United Kingdom,2024,2024-Q2,2024-06,2175,1782,1234,5063,1039,302362,90,8548.02
2024-06-01,Paid Search,Tablet,Germany,2024,2024-Q2,2024-06,1415,1156,805,3334,680,194357,61,5857.43
2024-06-01,Paid Search,Tablet,India,2024,2024-Q2,2024-06,1847,1512,1046,4285,879,261504,77,7300.63
2024-06-01,Paid Search,Tablet,Australia,2024,2024-Q2,2024-06,837,681,472,1972,403,117785,37,3532.27
2024-06-01,Paid Search,Tablet,Canada,2024,2024-Q2,2024-06,1144,935,652,2645,544,162009,50,4695.48
2024-06-01,Direct,Desktop,United States,2024,2024-Q2,2024-06,40844,33283,10984,150953,14805,9047277,1592,152991.76
2024-06-01,Direct,Desktop,United Kingdom,2024,2024-Q2,2024-06,13551,11161,3705,48966,4841,3010030,511,48122.92
2024-06-01,Direct,Desktop,Germany,2024,2024-Q2,2024-06,9090,7463,2447,33246,3267,1993803,347,33476.36
2024-06-01,Direct,Desktop,India,2024,2024-Q2,2024-06,11834,9658,3226,43339,4217,2661612,455,42879.89
2024-06-01,Direct,Desktop,Australia,2024,2024-Q2,2024-06,5218,4250,1400,18689,1870,1157706,195,18680.94
2024-06-01,Direct,Desktop,Canada,2024,2024-Q2,2024-06,7263,5914,1957,26337,2589,1626926,283,26720.31
2024-06-01,Direct,Mobile,United States,2024,2024-Q2,2024-06,50148,40807,13489,148860,20322,11030406,1925,182834.58
2024-06-01,Direct,Mobile,United Kingdom,2024,2024-Q2,2024-06,16844,13850,4631,49885,6851,3790137,645,61376.65
2024-06-01,Direct,Mobile,Germany,2024,2024-Q2,2024-06,11095,9068,2994,33119,4561,2468262,431,41562.06
2024-06-01,Direct,Mobile,India,2024,2024-Q2,2024-06,14306,11673,3903,42743,5860,3214228,552,52455.91
2024-06-01,Direct,Mobile,Australia,2024,2024-Q2,2024-06,6596,5407,1781,19734,2716,1463248,252,24328.41
2024-06-01,Direct,Mobile,Canada,2024,2024-Q2,2024-06,9206,7554,2517,27766,3771,2056108,354,33734.64
2024-06-01,Direct,Tablet,United States,2024,2024-Q2,2024-06,7990,6554,2184,29249,2871,1753738,314,29829.65
2024-06-01,Direct,Tablet,United Kingdom,2024,2024-Q2,2024-06,2679,2194,733,9818,962,612511,106,10105.19
2024-06-01,Direct,Tablet,Germany,2024,2024-Q2,2024-06,1758,1439,478,6425,631,387231,68,6496.98
2024-06-01,Direct,Tablet,India,2024,2024-Q2,2024-06,2289,1867,621,8311,815,516448,90,8606.27
2024-06-01,Direct,Tablet,Australia,2024,2024-Q2,2024-06,1029,843,281,3738,372,230942,40,3829.62
2024-06-01,Direct,Tablet,Canada,2024,2024-Q2,2024-06,1402,1143,382,5102,503,314231,53,5079.6
2024-06-01,Social,Desktop,United States,2024,2024-Q2,2024-06,23101,18954,14323,42236,15291,1734229,255,24378
2024-06-01,Social,Desktop,United Kingdom,2024,2024-Q2,2024-06,7652,6209,4760,14024,5005,577303,86,8185.37
2024-06-01,Social,Desktop,Germany,2024,2024-Q2,2024-06,4978,4080,3100,9060,3274,372300,55,5227.17
2024-06-01,Social,Desktop,India,2024,2024-Q2,2024-06,6522,5287,4023,11925,4265,497151,73,6905.03
2024-06-01,Social,Desktop,Australia,2024,2024-Q2,2024-06,2931,2407,1842,5318,1935,223401,36,3452.23
2024-06-01,Social,Desktop,Canada,2024,2024-Q2,2024-06,4033,3284,2485,7347,2651,304153,45,4277.38
2024-06-01,Social,Mobile,United States,2024,2024-Q2,2024-06,28188,23182,17659,42443,21399,2149595,316,30486.37
2024-06-01,Social,Mobile,United Kingdom,2024,2024-Q2,2024-06,9504,7764,5907,14075,7089,721829,105,9987.58
2024-06-01,Social,Mobile,Germany,2024,2024-Q2,2024-06,6189,5071,3840,9233,4678,471765,68,6474.58
2024-06-01,Social,Mobile,India,2024,2024-Q2,2024-06,8161,6651,5089,12289,6121,609569,92,8843.79
2024-06-01,Social,Mobile,Australia,2024,2024-Q2,2024-06,3650,3008,2303,5439,2758,277842,41,3864.54
2024-06-01,Social,Mobile,Canada,2024,2024-Q2,2024-06,5081,4133,3132,7670,3814,376080,57,5435.34
2024-06-01,Social,Tablet,United States,2024,2024-Q2,2024-06,4423,3617,2727,7980,2906,334638,48,4633.31
2024-06-01,Social,Tablet,United Kingdom,2024,2024-Q2,2024-06,1496,1212,925,2733,976,113720,16,1449.6
2024-06-01,Social,Tablet,Germany,2024,2024-Q2,2024-06,961,793,610,1747,632,73599,3,283.24
2024-06-01,Social,Tablet,India,2024,2024-Q2,2024-06,1280,1046,795,2331,839,95708,13,1204.57
2024-06-01,Social,Tablet,Australia,2024,2024-Q2,2024-06,565,464,353,1006,375,43166,0,0
2024-06-01,Social,Tablet,Canada,2024,2024-Q2,2024-06,801,655,495,1470,529,59544,0,0
2024-06-01,Referral,Desktop,United States,2024,2024-Q2,2024-06,9877,8059,5151,25684,5125,1543183,190,18208.73
2024-06-01,Referral,Desktop,United Kingdom,2024,2024-Q2,2024-06,3425,2780,1792,9133,1777,543262,65,6202.98
2024-06-01,Referral,Desktop,Germany,2024,2024-Q2,2024-06,2159,1771,1151,5643,1119,347607,42,3976.67
2024-06-01,Referral,Desktop,India,2024,2024-Q2,2024-06,2917,2391,1536,7707,1509,459476,57,5438.09
2024-06-01,Referral,Desktop,Australia,2024,2024-Q2,2024-06,1271,1040,677,3323,655,204472,27,2538.39
2024-06-01,Referral,Desktop,Canada,2024,2024-Q2,2024-06,1825,1505,967,4802,953,285427,35,3390.56
2024-06-01,Referral,Mobile,United States,2024,2024-Q2,2024-06,12234,10023,6461,26312,7263,1909405,229,21794.1
2024-06-01,Referral,Mobile,United Kingdom,2024,2024-Q2,2024-06,4294,3522,2275,9381,2541,675893,84,8067.98
2024-06-01,Referral,Mobile,Germany,2024,2024-Q2,2024-06,2729,2231,1429,5859,1610,431004,54,5093.01
2024-06-01,Referral,Mobile,India,2024,2024-Q2,2024-06,3624,2960,1897,7940,2144,558907,68,6488.74
2024-06-01,Referral,Mobile,Australia,2024,2024-Q2,2024-06,1605,1310,844,3442,937,255686,33,3157.1
2024-06-01,Referral,Mobile,Canada,2024,2024-Q2,2024-06,2246,1841,1185,4859,1333,356814,42,3982.82
2024-06-01,Referral,Tablet,United States,2024,2024-Q2,2024-06,1943,1602,1039,5090,1009,307713,39,3716.39
2024-06-01,Referral,Tablet,United Kingdom,2024,2024-Q2,2024-06,654,534,338,1722,340,101931,11,1017.85
2024-06-01,Referral,Tablet,Germany,2024,2024-Q2,2024-06,419,343,224,1090,218,66352,0,0
2024-06-01,Referral,Tablet,India,2024,2024-Q2,2024-06,573,470,300,1511,303,89516,4,378.22
2024-06-01,Referral,Tablet,Australia,2024,2024-Q2,2024-06,257,213,140,675,136,40509,0,0
2024-06-01,Referral,Tablet,Canada,2024,2024-Q2,2024-06,353,288,184,932,188,54980,0,0
2024-06-01,Email,Desktop,United States,2024,2024-Q2,2024-06,13641,11196,2422,39774,4491,2845188,803,76277.84
2024-06-01,Email,Desktop,United Kingdom,2024,2024-Q2,2024-06,4641,3771,807,13669,1525,942187,269,25661.58
2024-06-01,Email,Desktop,Germany,2024,2024-Q2,2024-06,2970,2432,530,8662,967,619375,175,16560.43
2024-06-01,Email,Desktop,India,2024,2024-Q2,2024-06,4015,3288,703,11720,1342,823611,236,22604.19
2024-06-01,Email,Desktop,Australia,2024,2024-Q2,2024-06,1776,1446,315,5220,584,361134,105,9958.78
2024-06-01,Email,Desktop,Canada,2024,2024-Q2,2024-06,2440,2009,427,7075,801,496283,139,13359.11
2024-06-01,Email,Mobile,United States,2024,2024-Q2,2024-06,16807,13745,2950,40656,6303,3455510,992,94504.51
2024-06-01,Email,Mobile,United Kingdom,2024,2024-Q2,2024-06,5842,4783,1021,14126,2185,1170797,342,32496.62
2024-06-01,Email,Mobile,Germany,2024,2024-Q2,2024-06,3745,3058,663,9047,1394,774362,223,21208.93
2024-06-01,Email,Mobile,India,2024,2024-Q2,2024-06,4980,4071,875,11903,1860,1013432,290,27725.96
2024-06-01,Email,Mobile,Australia,2024,2024-Q2,2024-06,2205,1787,384,5309,819,446685,133,12626.32
2024-06-01,Email,Mobile,Canada,2024,2024-Q2,2024-06,3024,2482,533,7167,1135,623681,175,16635.18
2024-06-01,Email,Tablet,United States,2024,2024-Q2,2024-06,2634,2157,463,7601,865,541821,151,14348.07
2024-06-01,Email,Tablet,United Kingdom,2024,2024-Q2,2024-06,919,759,163,2708,305,186727,53,5105.96
2024-06-01,Email,Tablet,Germany,2024,2024-Q2,2024-06,581,471,103,1699,191,120579,35,3363.74
2024-06-01,Email,Tablet,India,2024,2024-Q2,2024-06,784,646,139,2290,259,159204,46,4388.15
2024-06-01,Email,Tablet,Australia,2024,2024-Q2,2024-06,349,280,56,1041,113,71403,22,2100.1
2024-06-01,Email,Tablet,Canada,2024,2024-Q2,2024-06,477,395,85,1394,155,97440,31,2958.21
2024-06-01,Display,Desktop,United States,2024,2024-Q2,2024-06,8051,6596,5233,12133,5723,433265,56,5272.52
2024-06-01,Display,Desktop,United Kingdom,2024,2024-Q2,2024-06,2748,2273,1801,4157,1999,148997,23,2198.3
2024-06-01,Display,Desktop,Germany,2024,2024-Q2,2024-06,1764,1437,1136,2648,1259,93269,9,842.88
2024-06-01,Display,Desktop,India,2024,2024-Q2,2024-06,2328,1916,1516,3494,1677,125858,16,1482.71
2024-06-01,Display,Desktop,Australia,2024,2024-Q2,2024-06,1057,861,681,1628,760,55739,0,0
2024-06-01,Display,Desktop,Canada,2024,2024-Q2,2024-06,1454,1193,948,2221,1046,78228,3,291.17
2024-06-01,Display,Mobile,United States,2024,2024-Q2,2024-06,10169,8306,6636,12724,8319,545939,72,6829.26
2024-06-01,Display,Mobile,United Kingdom,2024,2024-Q2,2024-06,3403,2782,2200,4203,2795,184396,27,2584.82
2024-06-01,Display,Mobile,Germany,2024,2024-Q2,2024-06,2234,1825,1439,2791,1817,120178,14,1267.96
2024-06-01,Display,Mobile,India,2024,2024-Q2,2024-06,2838,2327,1854,3504,2321,156032,21,1991.01
2024-06-01,Display,Mobile,Australia,2024,2024-Q2,2024-06,1316,1082,857,1640,1077,70332,1,98.91
2024-06-01,Display,Mobile,Canada,2024,2024-Q2,2024-06,1776,1452,1149,2168,1456,97478,7,649.17
2024-06-01,Display,Tablet,United States,2024,2024-Q2,2024-06,1583,1299,1036,2417,1138,86435,4,384.93
2024-06-01,Display,Tablet,United Kingdom,2024,2024-Q2,2024-06,540,442,347,811,390,28744,0,0
2024-06-01,Display,Tablet,Germany,2024,2024-Q2,2024-06,351,284,225,540,252,18685,0,0
2024-06-01,Display,Tablet,India,2024,2024-Q2,2024-06,452,373,295,677,324,24625,0,0
2024-06-01,Display,Tablet,Australia,2024,2024-Q2,2024-06,210,169,133,324,147,11179,0,0
2024-06-01,Display,Tablet,Canada,2024,2024-Q2,2024-06,278,227,181,420,197,15297,0,0
2024-07-01,Organic Search,Desktop,United States,2024,2024-Q3,2024-07,86701,70738,42520,277913,35237,15230480,2787,267843.75
2024-07-01,Organic Search,Desktop,United Kingdom,2024,2024-Q3,2024-07,28822,23818,14396,89826,11872,5242629,901,86278.22
2024-07-01,Organic Search,Desktop,Germany,2024,2024-Q3,2024-07,18711,15246,9177,59032,7689,3332834,580,55538.64
2024-07-01,Organic Search,Desktop,India,2024,2024-Q3,2024-07,24726,20182,12439,77950,10065,4540957,772,72855.8
2024-07-01,Organic Search,Desktop,Australia,2024,2024-Q3,2024-07,11199,9105,5420,34783,4569,2009723,355,33892.03
2024-07-01,Organic Search,Desktop,Canada,2024,2024-Q3,2024-07,15266,12468,7543,48119,6244,2751449,480,45658.72
2024-07-01,Organic Search,Mobile,United States,2024,2024-Q3,2024-07,106744,86703,52714,274856,49164,19452027,3336,313156.29
2024-07-01,Organic Search,Mobile,United Kingdom,2024,2024-Q3,2024-07,35610,28974,17547,91403,16525,6506004,1121,105162.15
2024-07-01,Organic Search,Mobile,Germany,2024,2024-Q3,2024-07,23412,19240,11595,60305,10937,4199748,732,70286.58
2024-07-01,Organic Search,Mobile,India,2024,2024-Q3,2024-07,29800,24418,14854,75351,13973,5512135,926,89135.82
2024-07-01,Organic Search,Mobile,Australia,2024,2024-Q3,2024-07,13697,11165,6771,35298,6382,2480419,422,40310.34
2024-07-01,Organic Search,Mobile,Canada,2024,2024-Q3,2024-07,19316,15779,9573,50657,9020,3500445,619,58938.2
2024-07-01,Organic Search,Tablet,United States,2024,2024-Q3,2024-07,16605,13565,8186,52459,6853,2993567,519,49796.2
2024-07-01,Organic Search,Tablet,United Kingdom,2024,2024-Q3,2024-07,5565,4548,2783,17358,2243,1033585,173,16284.13
2024-07-01,Organic Search,Tablet,Germany,2024,2024-Q3,2024-07,3727,3031,1833,11873,1518,679956,119,11207.06
2024-07-01,Organic Search,Tablet,India,2024,2024-Q3,2024-07,4795,3902,2383,15138,1946,864733,151,14244.14
2024-07-01,Organic Search,Tablet,Australia,2024,2024-Q3,2024-07,2161,1788,1081,6681,890,390132,66,6364.69
2024-07-01,Organic Search,Tablet,Canada,2024,2024-Q3,2024-07,2920,2378,1436,9039,1197,537300,92,8837.77
2024-07-01,Paid Search,Desktop,United States,2024,2024-Q3,2024-07,34913,28648,19756,81505,16825,4872870,1452,139893.6
2024-07-01,Paid Search,Desktop,United Kingdom,2024,2024-Q3,2024-07,11650,9464,6625,26955,5510,1659624,496,46837.69
2024-07-01,Paid Search,Desktop,Germany,2024,2024-Q3,2024-07,7638,6240,4312,17734,3664,1073580,330,31475.28
2024-07-01,Paid Search,Desktop,India,2024,2024-Q3,2024-07,9931,8112,5632,23233,4723,1388792,427,40685.24
2024-07-01,Paid Search,Desktop,Australia,2024,2024-Q3,2024-07,4427,3659,2557,10275,2126,626347,190,18256.37
2024-07-01,Paid Search,Desktop,Canada,2024,2024-Q3,2024-07,6141,4964,3437,14261,2906,865894,261,24868.7
2024-07-01,Paid Search,Mobile,United States,2024,2024-Q3,2024-07,42889,35202,24320,81809,23594,6034364,1821,175944.94
2024-07-01,Paid Search,Mobile,United Kingdom,2024,2024-Q3,2024-07,14347,11766,8204,27004,7882,2021891,600,57335.01
2024-07-01,Paid Search,Mobile,Germany,2024,2024-Q3,2024-07,9345,7650,5319,17854,5131,1309359,394,38103.19
2024-07-01,Paid Search,Mobile,India,2024,2024-Q3,2024-07,12618,10303,7115,24239,6857,1765762,542,51677.09
2024-07-01,Paid Search,Mobile,Australia,2024,2024-Q3,2024-07,5538,4540,3106,10727,3064,774941,236,22518.03
2024-07-01,Paid Search,Mobile,Canada,2024,2024-Q3,2024-07,7666,6284,4347,14663,4187,1053886,328,31530.93
2024-07-01,Paid Search,Tablet,United States,2024,2024-Q3,2024-07,6748,5471,3789,15732,3201,938290,280,26330.64
2024-07-01,Paid Search,Tablet,United Kingdom,2024,2024-Q3,2024-07,2277,1855,1297,5329,1081,317074,98,9319.71
2024-07-01,Paid Search,Tablet,Germany,2024,2024-Q3,2024-07,1459,1196,827,3303,704,207510,62,5973.03
2024-07-01,Paid Search,Tablet,India,2024,2024-Q3,2024-07,1923,1576,1098,4455,923,270031,81,7734.09
2024-07-01,Paid Search,Tablet,Australia,2024,2024-Q3,2024-07,859,706,489,1965,405,121903,35,3329.27
2024-07-01,Paid Search,Tablet,Canada,2024,2024-Q3,2024-07,1244,1020,704,2925,597,171768,53,5038.78
2024-07-01,Direct,Desktop,United States,2024,2024-Q3,2024-07,43002,35130,11634,157262,15354,9521495,1652,157313.4
2024-07-01,Direct,Desktop,United Kingdom,2024,2024-Q3,2024-07,14547,11885,3939,53761,5191,3216206,573,54923.27
2024-07-01,Direct,Desktop,Germany,2024,2024-Q3,2024-07,9282,7632,2532,33428,3360,2082988,358,34095.44
2024-07-01,Direct,Desktop,India,2024,2024-Q3,2024-07,12233,9946,3315,44920,4413,2739283,474,45241.01
2024-07-01,Direct,Desktop,Australia,2024,2024-Q3,2024-07,5537,4543,1513,20088,1966,1255516,212,19860.73
2024-07-01,Direct,Desktop,Canada,2024,2024-Q3,2024-07,7758,6368,2111,28635,2807,1732334,301,28816.62
2024-07-01,Direct,Mobile,United States,2024,2024-Q3,2024-07,52599,43368,14441,153653,21656,11859962,1982,190836.21
2024-07-01,Direct,Mobile,United Kingdom,2024,2024-Q3,2024-07,17998,14623,4825,54566,7390,4038825,692,65924.51
2024-07-01,Direct,Mobile,Germany,2024,2024-Q3,2024-07,11759,9686,3194,35599,4826,2579888,457,43129.29
2024-07-01,Direct,Mobile,India,2024,2024-Q3,2024-07,15437,12618,4146,46373,6342,3371111,604,58122.14
2024-07-01,Direct,Mobile,Australia,2024,2024-Q3,2024-07,6862,5604,1874,20458,2789,1544759,267,25145.53
2024-07-01,Direct,Mobile,Canada,2024,2024-Q3,2024-07,9597,7792,2585,28551,3907,2181548,367,34828.66
2024-07-01,Direct,Tablet,United States,2024,2024-Q3,2024-07,8199,6770,2253,29314,2973,1845365,314,30009.27
2024-07-01,Direct,Tablet,United Kingdom,2024,2024-Q3,2024-07,2783,2281,755,9994,998,612304,106,10148.1
2024-07-01,Direct,Tablet,Germany,2024,2024-Q3,2024-07,1793,1465,491,6461,635,409516,68,6446.83
2024-07-01,Direct,Tablet,India,2024,2024-Q3,2024-07,2442,1993,652,8973,879,534698,94,9023.78
2024-07-01,Direct,Tablet,Australia,2024,2024-Q3,2024-07,1072,883,295,3956,385,238583,42,4010.05
2024-07-01,Direct,Tablet,Canada,2024,2024-Q3,2024-07,1513,1241,408,5449,547,334268,57,5531.38
2024-07-01,Social,Desktop,United States,2024,2024-Q3,2024-07,23037,18923,14529,41729,15328,1755872,253,24057.85
2024-07-01,Social,Desktop,United Kingdom,2024,2024-Q3,2024-07,8106,6627,5071,14716,5319,613366,90,8596.08
2024-07-01,Social,Desktop,Germany,2024,2024-Q3,2024-07,5216,4252,3259,9467,3403,408130,60,5652.98
2024-07-01,Social,Desktop,India,2024,2024-Q3,2024-07,6878,5627,4265,12612,4522,510900,76,7253.61
2024-07-01,Social,Desktop,Australia,2024,2024-Q3,2024-07,3059,2518,1924,5577,2024,231446,35,3398.23
2024-07-01,Social,Desktop,Canada,2024,2024-Q3,2024-07,4254,3483,2651,7560,2818,324662,45,4287.22
2024-07-01,Social,Mobile,United States,2024,2024-Q3,2024-07,29751,24309,18316,44535,22213,2221770,337,31861.34
2024-07-01,Social,Mobile,United Kingdom,2024,2024-Q3,2024-07,10115,8303,6263,15320,7641,757823,113,10841.25
2024-07-01,Social,Mobile,Germany,2024,2024-Q3,2024-07,6422,5244,4025,9580,4786,489728,73,6937.58
2024-07-01,Social,Mobile,India,2024,2024-Q3,2024-07,8733,7121,5477,12980,6517,671656,99,9387.39
2024-07-01,Social,Mobile,Australia,2024,2024-Q3,2024-07,3843,3112,2368,5781,2853,289167,45,4258.28
2024-07-01,Social,Mobile,Canada,2024,2024-Q3,2024-07,5238,4322,3299,7792,3940,396483,56,5382.82
2024-07-01,Social,Tablet,United States,2024,2024-Q3,2024-07,4621,3761,2883,8355,3033,353561,49,4573.1
2024-07-01,Social,Tablet,United Kingdom,2024,2024-Q3,2024-07,1600,1311,991,2952,1059,118661,20,1909.91
2024-07-01,Social,Tablet,Germany,2024,2024-Q3,2024-07,1028,839,635,1881,674,77283,7,678.44
2024-07-01,Social,Tablet,India,2024,2024-Q3,2024-07,1316,1077,818,2376,882,100390,12,1094.83
2024-07-01,Social,Tablet,Australia,2024,2024-Q3,2024-07,598,484,375,1094,387,45310,0,0
2024-07-01,Social,Tablet,Canada,2024,2024-Q3,2024-07,833,680,520,1519,551,64310,0,0
2024-07-01,Referral,Desktop,United States,2024,2024-Q3,2024-07,10442,8498,5532,27521,5352,1671447,205,19199.64
2024-07-01,Referral,Desktop,United Kingdom,2024,2024-Q3,2024-07,3620,2985,1914,9512,1891,567987,68,6471.96
2024-07-01,Referral,Desktop,Germany,2024,2024-Q3,2024-07,2311,1905,1227,6091,1202,357817,43,4097.3
2024-07-01,Referral,Desktop,India,2024,2024-Q3,2024-07,2978,2451,1584,7629,1554,472090,59,5687.66
2024-07-01,Referral,Desktop,Australia,2024,2024-Q3,2024-07,1376,1123,724,3633,710,215201,29,2778.48
2024-07-01,Referral,Desktop,Canada,2024,2024-Q3,2024-07,1898,1548,1002,5043,985,297992,39,3732.41
2024-07-01,Referral,Mobile,United States,2024,2024-Q3,2024-07,13060,10715,6937,28358,7672,2059938,252,24194.52
2024-07-01,Referral,Mobile,United Kingdom,2024,2024-Q3,2024-07,4449,3613,2339,9414,2617,710442,82,7768.5
2024-07-01,Referral,Mobile,Germany,2024,2024-Q3,2024-07,2863,2320,1505,6260,1686,447797,54,5116.28
2024-07-01,Referral,Mobile,India,2024,2024-Q3,2024-07,3717,3062,1981,7957,2199,593781,73,6989.13
2024-07-01,Referral,Mobile,Australia,2024,2024-Q3,2024-07,1693,1397,896,3635,1016,265857,34,3291.58
2024-07-01,Referral,Mobile,Canada,2024,2024-Q3,2024-07,2297,1869,1214,4903,1356,365126,44,4145.75
2024-07-01,Referral,Tablet,United States,2024,2024-Q3,2024-07,2031,1650,1057,5409,1057,322400,40,3829.82
2024-07-01,Referral,Tablet,United Kingdom,2024,2024-Q3,2024-07,681,559,358,1771,354,106260,8,737.16
2024-07-01,Referral,Tablet,Germany,2024,2024-Q3,2024-07,458,371,240,1210,238,72282,0,0
2024-07-01,Referral,Tablet,India,2024,2024-Q3,2024-07,594,485,311,1558,305,93696,5,476.46
2024-07-01,Referral,Tablet,Australia,2024,2024-Q3,2024-07,270,222,145,723,141,41264,0,0
2024-07-01,Referral,Tablet,Canada,2024,2024-Q3,2024-07,364,297,191,944,190,58723,0,0
2024-07-01,Email,Desktop,United States,2024,2024-Q3,2024-07,14314,11707,2509,42143,4721,2883426,850,81663.5
2024-07-01,Email,Desktop,United Kingdom,2024,2024-Q3,2024-07,4777,3952,854,13828,1584,983000,274,26273.14
2024-07-01,Email,Desktop,Germany,2024,2024-Q3,2024-07,3190,2604,554,9363,1053,647924,184,17573.55
2024-07-01,Email,Desktop,India,2024,2024-Q3,2024-07,4204,3431,736,12479,1374,848919,251,23692.25
2024-07-01,Email,Desktop,Australia,2024,2024-Q3,2024-07,1888,1550,330,5634,624,374083,112,10813.12
2024-07-01,Email,Desktop,Canada,2024,2024-Q3,2024-07,2600,2124,454,7615,853,531185,152,14463.12
2024-07-01,Email,Mobile,United States,2024,2024-Q3,2024-07,18144,14762,3192,43887,6721,3736409,1080,101973.99
2024-07-01,Email,Mobile,United Kingdom,2024,2024-Q3,2024-07,6045,4949,1066,14477,2270,1251654,360,34230.13
2024-07-01,Email,Mobile,Germany,2024,2024-Q3,2024-07,3881,3187,681,9317,1469,778267,223,21617.93
2024-07-01,Email,Mobile,India,2024,2024-Q3,2024-07,5093,4179,901,12118,1906,1064177,299,28239.72
2024-07-01,Email,Mobile,Australia,2024,2024-Q3,2024-07,2338,1912,410,5661,885,478491,134,12857.2
2024-07-01,Email,Mobile,Canada,2024,2024-Q3,2024-07,3294,2693,578,8109,1236,668547,198,18842.56
2024-07-01,Email,Tablet,United States,2024,2024-Q3,2024-07,2835,2315,494,8369,932,576017,167,15865.72
2024-07-01,Email,Tablet,United Kingdom,2024,2024-Q3,2024-07,942,767,166,2755,311,198619,53,5051.41
2024-07-01,Email,Tablet,Germany,2024,2024-Q3,2024-07,634,521,112,1891,208,125611,40,3818.71
2024-07-01,Email,Tablet,India,2024,2024-Q3,2024-07,800,653,140,2333,266,164210,45,4250.07
2024-07-01,Email,Tablet,Australia,2024,2024-Q3,2024-07,364,299,60,1063,119,74029,25,2432.91
2024-07-01,Email,Tablet,Canada,2024,2024-Q3,2024-07,500,408,89,1466,160,103961,31,2941.75
2024-07-01,Display,Desktop,United States,2024,2024-Q3,2024-07,8573,6998,5507,12976,6153,465594,62,5917.57
2024-07-01,Display,Desktop,United Kingdom,2024,2024-Q3,2024-07,2894,2345,1861,4425,2050,153258,24,2288.98
2024-07-01,Display,Desktop,Germany,2024,2024-Q3,2024-07,1923,1579,1232,2940,1390,101872,12,1140.51
2024-07-01,Display,Desktop,India,2024,2024-Q3,2024-07,2424,1979,1557,3695,1742,128566,17,1591.1
2024-07-01,Display,Desktop,Australia,2024,2024-Q3,2024-07,1106,902,718,1668,789,60133,0,0
2024-07-01,Display,Desktop,Canada,2024,2024-Q3,2024-07,1547,1251,992,2357,1099,85363,3,298.56
2024-07-01,Display,Mobile,United States,2024,2024-Q3,2024-07,10457,8639,6797,12986,8654,559940,76,7341.59
2024-07-01,Display,Mobile,United Kingdom,2024,2024-Q3,2024-07,3568,2924,2325,4387,2917,195899,28,2639.64
2024-07-01,Display,Mobile,Germany,2024,2024-Q3,2024-07,2332,1917,1515,2915,1919,126090,17,1593.84
2024-07-01,Display,Mobile,India,2024,2024-Q3,2024-07,3128,2549,2002,3938,2542,165106,26,2450.44
2024-07-01,Display,Mobile,Australia,2024,2024-Q3,2024-07,1368,1130,891,1680,1133,73757,0,0
2024-07-01,Display,Mobile,Canada,2024,2024-Q3,2024-07,1906,1554,1234,2387,1560,100889,9,852.63
2024-07-01,Display,Tablet,United States,2024,2024-Q3,2024-07,1681,1369,1065,2568,1201,88004,8,764.15
2024-07-01,Display,Tablet,United Kingdom,2024,2024-Q3,2024-07,554,453,365,844,398,29690,0,0
2024-07-01,Display,Tablet,Germany,2024,2024-Q3,2024-07,360,295,233,543,260,19555,0,0
2024-07-01,Display,Tablet,India,2024,2024-Q3,2024-07,485,392,316,738,343,26229,0,0
2024-07-01,Display,Tablet,Australia,2024,2024-Q3,2024-07,217,173,133,325,153,11574,0,0
2024-07-01,Display,Tablet,Canada,2024,2024-Q3,2024-07,306,252,196,473,220,16226,0,0
2024-08-01,Organic Search,Desktop,United States,2024,2024-Q3,2024-08,80364,65999,40159,252049,32912,14650351,2544,241699.42
2024-08-01,Organic Search,Desktop,United Kingdom,2024,2024-Q3,2024-08,27026,21953,13169,85605,10998,4853485,861,81401.74
2024-08-01,Organic Search,Desktop,Germany,2024,2024-Q3,2024-08,17019,14021,8543,52864,6957,3106830,529,50525.63
2024-08-01,Organic Search,Desktop,India,2024,2024-Q3,2024-08,22980,18697,11337,71876,9377,4222399,733,70786.44
2024-08-01,Organic Search,Desktop,Australia,2024,2024-Q3,2024-08,10152,8254,5053,31652,4128,1866762,315,29391.22
2024-08-01,Organic Search,Desktop,Canada,2024,2024-Q3,2024-08,14321,11801,7128,45495,5886,2562607,447,43087.64
2024-08-01,Organic Search,Mobile,United States,2024,2024-Q3,2024-08,97608,80390,48393,248837,46336,17603013,3010,289020.68
2024-08-01,Organic Search,Mobile,United Kingdom,2024,2024-Q3,2024-08,33787,27473,16675,87008,15596,6054068,1077,102894.61
2024-08-01,Organic Search,Mobile,Germany,2024,2024-Q3,2024-08,21675,17831,10793,56084,10117,3941591,690,65482.76
2024-08-01,Organic Search,Mobile,India,2024,2024-Q3,2024-08,28659,23407,14141,74463,13281,5063501,909,86560.48
2024-08-01,Organic Search,Mobile,Australia,2024,2024-Q3,2024-08,12688,10417,6389,32594,5899,2342910,394,37568.66
2024-08-01,Organic Search,Mobile,Canada,2024,2024-Q3,2024-08,17775,14417,8725,45540,8282,3249005,553,52574.69
2024-08-01,Organic Search,Tablet,United States,2024,2024-Q3,2024-08,15342,12661,7651,47632,6313,2784943,479,45760.93
2024-08-01,Organic Search,Tablet,United Kingdom,2024,2024-Q3,2024-08,5258,4331,2624,16421,2163,949410,163,15613.64
2024-08-01,Organic Search,Tablet,Germany,2024,2024-Q3,2024-08,3330,2720,1650,10313,1351,610371,103,9807.13
2024-08-01,Organic Search,Tablet,India,2024,2024-Q3,2024-08,4595,3763,2272,14409,1879,826239,146,13988.19
2024-08-01,Organic Search,Tablet,Australia,2024,2024-Q3,2024-08,1989,1626,981,6232,817,364528,64,6162.01
2024-08-01,Organic Search,Tablet,Canada,2024,2024-Q3,2024-08,2751,2259,1365,8612,1124,493328,84,8041.76
2024-08-01,Paid Search,Desktop,United States,2024,2024-Q3,2024-08,31304,25795,17987,71278,15059,4475909,1324,126238.05
2024-08-01,Paid Search,Desktop,United Kingdom,2024,2024-Q3,2024-08,10928,8957,6228,25650,5258,1551495,467,44570.12
2024-08-01,Paid Search,Desktop,Germany,2024,2024-Q3,2024-08,6942,5653,3963,16091,3268,991676,293,27473.17
2024-08-01,Paid Search,Desktop,India,2024,2024-Q3,2024-08,9343,7691,5313,21830,4488,1297193,396,38108.5
2024-08-01,Paid Search,Desktop,Australia,2024,2024-Q3,2024-08,4077,3327,2317,9505,1972,571803,173,16640.3
2024-08-01,Paid Search,Desktop,Canada,2024,2024-Q3,2024-08,5692,4707,3265,13055,2747,796306,240,22787.17
2024-08-01,Paid Search,Mobile,United States,2024,2024-Q3,2024-08,40325,33120,22869,77615,21828,5607894,1726,162735.46
2024-08-01,Paid Search,Mobile,United Kingdom,2024,2024-Q3,2024-08,13797,11266,7788,26510,7527,1913643,596,57100.15
2024-08-01,Paid Search,Mobile,Germany,2024,2024-Q3,2024-08,8681,7140,4971,16393,4725,1244642,366,34675.19
2024-08-01,Paid Search,Mobile,India,2024,2024-Q3,2024-08,11540,9438,6580,22150,6290,1654860,491,46555.59
2024-08-01,Paid Search,Mobile,Australia,2024,2024-Q3,2024-08,5185,4215,2952,9870,2798,727186,223,21105.11
2024-08-01,Paid Search,Mobile,Canada,2024,2024-Q3,2024-08,7194,5966,4148,13651,3947,1011938,311,29712.7
2024-08-01,Paid Search,Tablet,United States,2024,2024-Q3,2024-08,6100,5008,3502,14153,2903,868271,260,24712.35
2024-08-01,Paid Search,Tablet,United Kingdom,2024,2024-Q3,2024-08,2171,1778,1219,5045,1042,305662,93,8974.73
2024-08-01,Paid Search,Tablet,Germany,2024,2024-Q3,2024-08,1380,1130,784,3257,662,192783,58,5517.01
2024-08-01,Paid Search,Tablet,India,2024,2024-Q3,2024-08,1783,1463,1014,4098,855,247787,75,7222.11
2024-08-01,Paid Search,Tablet,Australia,2024,2024-Q3,2024-08,815,666,458,1896,391,114387,37,3525.42
2024-08-01,Paid Search,Tablet,Canada,2024,2024-Q3,2024-08,1106,901,628,2592,528,157950,47,4434.06
2024-08-01,Direct,Desktop,United States,2024,2024-Q3,2024-08,39124,31868,10682,141959,13873,8938992,1511,142585.74
2024-08-01,Direct,Desktop,United Kingdom,2024,2024-Q3,2024-08,13600,11127,3658,49699,4933,2999987,514,49103.03
2024-08-01,Direct,Desktop,Germany,2024,2024-Q3,2024-08,8758,7195,2407,32262,3170,1935907,338,32468.45
2024-08-01,Direct,Desktop,India,2024,2024-Q3,2024-08,11340,9325,3079,40286,4079,2525343,425,40334.68
2024-08-01,Direct,Desktop,Australia,2024,2024-Q3,2024-08,5254,4291,1420,19354,1881,1173634,203,19241.77
2024-08-01,Direct,Desktop,Canada,2024,2024-Q3,2024-08,7149,5832,1930,26203,2547,1592941,280,26579.79
2024-08-01,Direct,Mobile,United States,2024,2024-Q3,2024-08,48676,39558,13215,144890,19840,11086531,1881,178552.57
2024-08-01,Direct,Mobile,United Kingdom,2024,2024-Q3,2024-08,16764,13712,4589,49835,6809,3783515,639,60605.9
2024-08-01,Direct,Mobile,Germany,2024,2024-Q3,2024-08,10794,8770,2935,32008,4368,2432864,420,40052.39
2024-08-01,Direct,Mobile,India,2024,2024-Q3,2024-08,14220,11707,3877,42505,5842,3168035,545,52073.03
2024-08-01,Direct,Mobile,Australia,2024,2024-Q3,2024-08,6376,5265,1748,19088,2629,1415243,244,23608.4
2024-08-01,Direct,Mobile,Canada,2024,2024-Q3,2024-08,8794,7216,2397,25946,3599,1973446,335,31759.66
2024-08-01,Direct,Tablet,United States,2024,2024-Q3,2024-08,7806,6358,2109,28561,2776,1734634,308,29531.01
2024-08-01,Direct,Tablet,United Kingdom,2024,2024-Q3,2024-08,2600,2133,707,9432,939,581406,98,9388.27
2024-08-01,Direct,Tablet,Germany,2024,2024-Q3,2024-08,1688,1374,458,6202,605,371652,64,6147.09
2024-08-01,Direct,Tablet,India,2024,2024-Q3,2024-08,2243,1840,618,8206,804,510118,86,8046.68
2024-08-01,Direct,Tablet,Australia,2024,2024-Q3,2024-08,1004,818,269,3679,360,220041,40,3817.99
2024-08-01,Direct,Tablet,Canada,2024,2024-Q3,2024-08,1381,1132,380,5039,500,308929,52,4893.13
2024-08-01,Social,Desktop,United States,2024,2024-Q3,2024-08,22262,18295,13926,40681,14672,1649022,250,24013.82
2024-08-01,Social,Desktop,United Kingdom,2024,2024-Q3,2024-08,7380,6088,4611,13123,4892,566520,79,7536.53
2024-08-01,Social,Desktop,Germany,2024,2024-Q3,2024-08,4893,3984,3023,9016,3211,364621,55,5270.04
2024-08-01,Social,Desktop,India,2024,2024-Q3,2024-08,6494,5327,4098,11960,4242,492324,75,7103.42
2024-08-01,Social,Desktop,Australia,2024,2024-Q3,2024-08,2914,2382,1793,5270,1920,216625,35,3355.4
2024-08-01,Social,Desktop,Canada,2024,2024-Q3,2024-08,3932,3203,2456,7160,2600,300028,41,3895.75
2024-08-01,Social,Mobile,United States,2024,2024-Q3,2024-08,27407,22304,17128,41069,20467,2092706,305,28736.31
2024-08-01,Social,Mobile,United Kingdom,2024,2024-Q3,2024-08,9247,7625,5830,13830,6922,699477,103,9843.85
2024-08-01,Social,Mobile,Germany,2024,2024-Q3,2024-08,6019,4960,3774,8922,4550,451205,69,6684.58
2024-08-01,Social,Mobile,India,2024,2024-Q3,2024-08,7753,6326,4818,11455,5863,591329,85,8070.21
2024-08-01,Social,Mobile,Australia,2024,2024-Q3,2024-08,3588,2931,2241,5349,2686,271536,42,4034.25
2024-08-01,Social,Mobile,Canada,2024,2024-Q3,2024-08,5006,4085,3113,7593,3754,380662,57,5481.16
2024-08-01,Social,Tablet,United States,2024,2024-Q3,2024-08,4322,3539,2702,7936,2857,321126,48,4594.03
2024-08-01,Social,Tablet,United Kingdom,2024,2024-Q3,2024-08,1459,1187,910,2640,955,112744,15,1376.96
2024-08-01,Social,Tablet,Germany,2024,2024-Q3,2024-08,958,783,588,1772,632,71852,3,297.2
2024-08-01,Social,Tablet,India,2024,2024-Q3,2024-08,1241,1017,775,2263,815,93658,12,1137.19
2024-08-01,Social,Tablet,Australia,2024,2024-Q3,2024-08,569,473,363,1026,382,43359,0,0
2024-08-01,Social,Tablet,Canada,2024,2024-Q3,2024-08,767,619,473,1394,500,58620,0,0
2024-08-01,Referral,Desktop,United States,2024,2024-Q3,2024-08,9929,8131,5210,26177,5139,1535663,190,18256.6
2024-08-01,Referral,Desktop,United Kingdom,2024,2024-Q3,2024-08,3363,2738,1772,8885,1727,527034,66,6235.27
2024-08-01,Referral,Desktop,Germany,2024,2024-Q3,2024-08,2149,1750,1116,5666,1114,332306,40,3841.06
2024-08-01,Referral,Desktop,India,2024,2024-Q3,2024-08,2800,2286,1483,7277,1446,444487,55,5239.93
2024-08-01,Referral,Desktop,Australia,2024,2024-Q3,2024-08,1245,1019,661,3249,642,200760,27,2559.08
2024-08-01,Referral,Desktop,Canada,2024,2024-Q3,2024-08,1751,1420,916,4630,894,274446,35,3318.03
2024-08-01,Referral,Mobile,United States,2024,2024-Q3,2024-08,11926,9783,6261,25532,7159,1866957,230,22262.64
2024-08-01,Referral,Mobile,United Kingdom,2024,2024-Q3,2024-08,4082,3347,2167,8776,2429,647080,78,7351.05
2024-08-01,Referral,Mobile,Germany,2024,2024-Q3,2024-08,2687,2191,1405,5825,1592,423884,51,4904.54
2024-08-01,Referral,Mobile,India,2024,2024-Q3,2024-08,3605,2960,1902,7918,2127,561972,70,6669.6
2024-08-01,Referral,Mobile,Australia,2024,2024-Q3,2024-08,1577,1293,831,3367,934,248279,32,3085.24
2024-08-01,Referral,Mobile,Canada,2024,2024-Q3,2024-08,2192,1806,1168,4722,1301,339530,41,3914.46
2024-08-01,Referral,Tablet,United States,2024,2024-Q3,2024-08,1931,1578,1009,5117,997,296868,39,3725.39
2024-08-01,Referral,Tablet,United Kingdom,2024,2024-Q3,2024-08,651,531,345,1721,334,102178,9,863.59
2024-08-01,Referral,Tablet,Germany,2024,2024-Q3,2024-08,419,346,222,1078,219,66279,0,0
2024-08-01,Referral,Tablet,India,2024,2024-Q3,2024-08,545,445,288,1442,280,86822,4,388.81
2024-08-01,Referral,Tablet,Australia,2024,2024-Q3,2024-08,248,202,131,638,129,39659,0,0
2024-08-01,Referral,Tablet,Canada,2024,2024-Q3,2024-08,346,283,182,929,179,53849,0,0
2024-08-01,Email,Desktop,United States,2024,2024-Q3,2024-08,13528,11106,2371,39811,4462,2709347,797,76623.59
2024-08-01,Email,Desktop,United Kingdom,2024,2024-Q3,2024-08,4519,3674,789,13290,1479,931759,269,25615.91
2024-08-01,Email,Desktop,Germany,2024,2024-Q3,2024-08,2930,2392,519,8506,959,601575,169,15966.54
2024-08-01,Email,Desktop,India,2024,2024-Q3,2024-08,3884,3153,677,11460,1272,795512,231,21942.26
2024-08-01,Email,Desktop,Australia,2024,2024-Q3,2024-08,1751,1435,307,5137,577,357821,104,9878.28
2024-08-01,Email,Desktop,Canada,2024,2024-Q3,2024-08,2394,1976,425,7029,798,490320,138,13320.76
2024-08-01,Email,Mobile,United States,2024,2024-Q3,2024-08,16799,13794,2968,40461,6319,3478596,978,93271.79
2024-08-01,Email,Mobile,United Kingdom,2024,2024-Q3,2024-08,5753,4686,1006,14057,2154,1163997,345,33017.68
2024-08-01,Email,Mobile,Germany,2024,2024-Q3,2024-08,3706,3058,658,8915,1403,755973,217,20701.88
2024-08-01,Email,Mobile,India,2024,2024-Q3,2024-08,4834,3950,847,11701,1815,971138,285,27353.89
2024-08-01,Email,Mobile,Australia,2024,2024-Q3,2024-08,2160,1767,385,5212,801,451799,126,11836.63
2024-08-01,Email,Mobile,Canada,2024,2024-Q3,2024-08,3025,2471,528,7225,1129,610429,181,17352.21
2024-08-01,Email,Tablet,United States,2024,2024-Q3,2024-08,2566,2128,460,7409,849,527410,145,13860.68
2024-08-01,Email,Tablet,United Kingdom,2024,2024-Q3,2024-08,893,727,157,2606,287,181923,55,5196.76
2024-08-01,Email,Tablet,Germany,2024,2024-Q3,2024-08,568,464,98,1635,188,117985,34,3240.12
2024-08-01,Email,Tablet,India,2024,2024-Q3,2024-08,773,634,135,2266,255,153929,44,4222.84
2024-08-01,Email,Tablet,Australia,2024,2024-Q3,2024-08,333,272,56,967,110,69009,22,2106.18
2024-08-01,Email,Tablet,Canada,2024,2024-Q3,2024-08,470,383,85,1377,157,94248,29,2796.77
2024-08-01,Display,Desktop,United States,2024,2024-Q3,2024-08,7762,6336,5052,11645,5573,427256,56,5353.61
2024-08-01,Display,Desktop,United Kingdom,2024,2024-Q3,2024-08,2736,2233,1773,4190,1950,148044,23,2175.84
2024-08-01,Display,Desktop,Germany,2024,2024-Q3,2024-08,1720,1412,1122,2597,1233,94012,8,749.62
2024-08-01,Display,Desktop,India,2024,2024-Q3,2024-08,2286,1888,1490,3468,1653,121784,15,1430.07
2024-08-01,Display,Desktop,Australia,2024,2024-Q3,2024-08,1014,832,659,1520,728,55055,0,0
2024-08-01,Display,Desktop,Canada,2024,2024-Q3,2024-08,1418,1159,922,2157,1020,76037,1,97.32
2024-08-01,Display,Mobile,United States,2024,2024-Q3,2024-08,9961,8175,6418,12259,8135,532664,70,6603.76
2024-08-01,Display,Mobile,United Kingdom,2024,2024-Q3,2024-08,3349,2739,2159,4207,2769,177761,27,2600.81
2024-08-01,Display,Mobile,Germany,2024,2024-Q3,2024-08,2148,1748,1400,2646,1730,117819,14,1282.19
2024-08-01,Display,Mobile,India,2024,2024-Q3,2024-08,2882,2359,1866,3600,2361,155557,22,2095.95
2024-08-01,Display,Mobile,Australia,2024,2024-Q3,2024-08,1285,1045,828,1616,1040,67639,0,0
2024-08-01,Display,Mobile,Canada,2024,2024-Q3,2024-08,1758,1457,1159,2163,1447,94724,8,751.05
2024-08-01,Display,Tablet,United States,2024,2024-Q3,2024-08,1522,1238,990,2291,1085,82915,3,289.78
2024-08-01,Display,Tablet,United Kingdom,2024,2024-Q3,2024-08,538,444,347,815,387,28465,0,0
2024-08-01,Display,Tablet,Germany,2024,2024-Q3,2024-08,339,278,218,510,246,18160,0,0
2024-08-01,Display,Tablet,India,2024,2024-Q3,2024-08,448,366,289,677,326,23933,0,0
2024-08-01,Display,Tablet,Australia,2024,2024-Q3,2024-08,203,161,123,312,147,11099,0,0
2024-08-01,Display,Tablet,Canada,2024,2024-Q3,2024-08,275,229,178,416,200,14841,0,0
2024-09-01,Organic Search,Desktop,United States,2024,2024-Q3,2024-09,68942,56074,34181,213843,28105,12743895,2152,203496.37
2024-09-01,Organic Search,Desktop,United Kingdom,2024,2024-Q3,2024-09,23786,19544,11816,74613,9754,4269295,738,70935.07
2024-09-01,Organic Search,Desktop,Germany,2024,2024-Q3,2024-09,15565,12688,7729,49571,6363,2821569,502,48206.15
2024-09-01,Organic Search,Desktop,India,2024,2024-Q3,2024-09,20523,16890,10208,63309,8427,3678816,632,59697.91
2024-09-01,Organic Search,Desktop,Australia,2024,2024-Q3,2024-09,9334,7638,4623,29907,3838,1678483,295,28221.31
2024-09-01,Organic Search,Desktop,Canada,2024,2024-Q3,2024-09,12674,10379,6303,39528,5137,2331652,399,37868.01
2024-09-01,Organic Search,Mobile,United States,2024,2024-Q3,2024-09,86908,70835,43362,223287,40142,15724977,2740,260078.32
2024-09-01,Organic Search,Mobile,United Kingdom,2024,2024-Q3,2024-09,30000,24779,15012,77467,14010,5486007,942,89756.33
2024-09-01,Organic Search,Mobile,Germany,2024,2024-Q3,2024-09,19100,15448,9301,49100,8830,3464239,599,56452.75
2024-09-01,Organic Search,Mobile,India,2024,2024-Q3,2024-09,25487,20904,12720,65430,11905,4630209,803,76355.78
2024-09-01,Organic Search,Mobile,Australia,2024,2024-Q3,2024-09,11397,9303,5573,29218,5355,2080287,366,35153.05
2024-09-01,Organic Search,Mobile,Canada,2024,2024-Q3,2024-09,15434,12665,7710,39268,7203,2805572,479,45469.79
2024-09-01,Organic Search,Tablet,United States,2024,2024-Q3,2024-09,13904,11357,6870,43905,5665,2546369,439,41532.92
2024-09-01,Organic Search,Tablet,United Kingdom,2024,2024-Q3,2024-09,4622,3788,2272,14519,1895,828593,141,13594.8
2024-09-01,Organic Search,Tablet,Germany,2024,2024-Q3,2024-09,3033,2483,1496,9519,1237,543373,98,9338.34
2024-09-01,Organic Search,Tablet,India,2024,2024-Q3,2024-09,3944,3242,1979,12349,1622,730981,124,11742.9
2024-09-01,Organic Search,Tablet,Australia,2024,2024-Q3,2024-09,1798,1461,878,5649,726,317150,57,5401.77
2024-09-01,Organic Search,Tablet,Canada,2024,2024-Q3,2024-09,2451,2003,1225,7688,993,451084,77,7274.11
2024-09-01,Paid Search,Desktop,United States,2024,2024-Q3,2024-09,29224,23994,16716,69347,14013,4062822,1265,120714.39
2024-09-01,Paid Search,Desktop,United Kingdom,2024,2024-Q3,2024-09,9577,7881,5443,21899,4598,1324669,396,37600.52
2024-09-01,Paid Search,Desktop,Germany,2024,2024-Q3,2024-09,6375,5226,3617,15021,3044,888858,272,25965.09
2024-09-01,Paid Search,Desktop,India,2024,2024-Q3,2024-09,8184,6648,4649,19087,3913,1180561,349,33121.77
2024-09-01,Paid Search,Desktop,Australia,2024,2024-Q3,2024-09,3780,3096,2132,8763,1803,521700,160,15224.51
2024-09-01,Paid Search,Desktop,Canada,2024,2024-Q3,2024-09,5130,4187,2910,11963,2436,718145,221,21123.2
2024-09-01,Paid Search,Mobile,United States,2024,2024-Q3,2024-09,35113,28473,19772,67069,19056,4926662,1505,142967.9
2024-09-01,Paid Search,Mobile,United Kingdom,2024,2024-Q3,2024-09,11976,9768,6736,22681,6554,1703364,511,48156.15
2024-09-01,Paid Search,Mobile,Germany,2024,2024-Q3,2024-09,7801,6400,4436,15001,4286,1099427,333,31805.3
2024-09-01,Paid Search,Mobile,India,2024,2024-Q3,2024-09,10047,8205,5675,18801,5448,1417839,421,40351.2
2024-09-01,Paid Search,Mobile,Australia,2024,2024-Q3,2024-09,4643,3818,2645,8784,2539,654673,198,18842.14
2024-09-01,Paid Search,Mobile,Canada,2024,2024-Q3,2024-09,6362,5177,3596,12197,3466,903919,273,26161.42
2024-09-01,Paid Search,Tablet,United States,2024,2024-Q3,2024-09,5591,4558,3156,13143,2679,774654,242,23200.9
2024-09-01,Paid Search,Tablet,United Kingdom,2024,2024-Q3,2024-09,1895,1558,1088,4410,906,268417,79,7401.28
2024-09-01,Paid Search,Tablet,Germany,2024,2024-Q3,2024-09,1228,1000,691,2882,589,170060,52,4988.01
2024-09-01,Paid Search,Tablet,India,2024,2024-Q3,2024-09,1621,1330,926,3780,771,231350,69,6509.55
2024-09-01,Paid Search,Tablet,Australia,2024,2024-Q3,2024-09,723,594,412,1684,352,102903,32,3090.91
2024-09-01,Paid Search,Tablet,Canada,2024,2024-Q3,2024-09,992,805,561,2280,468,137083,40,3765.14
2024-09-01,Direct,Desktop,United States,2024,2024-Q3,2024-09,35806,29152,9596,131592,12909,7927067,1364,130303.85
2024-09-01,Direct,Desktop,United Kingdom,2024,2024-Q3,2024-09,11943,9773,3293,43706,4279,2696676,460,43515.69
2024-09-01,Direct,Desktop,Germany,2024,2024-Q3,2024-09,7790,6364,2087,27916,2784,1713795,300,28871.62
2024-09-01,Direct,Desktop,India,2024,2024-Q3,2024-09,10265,8362,2777,37380,3680,2313746,393,37252.38
2024-09-01,Direct,Desktop,Australia,2024,2024-Q3,2024-09,4489,3692,1232,16203,1612,1010992,169,16225.75
2024-09-01,Direct,Desktop,Canada,2024,2024-Q3,2024-09,6360,5188,1723,23164,2268,1417001,245,23113.03
2024-09-01,Direct,Mobile,United States,2024,2024-Q3,2024-09,43675,35779,11860,129910,17845,9656010,1668,160979.9
2024-09-01,Direct,Mobile,United Kingdom,2024,2024-Q3,2024-09,14622,11945,3978,43353,5987,3311410,561,53749.95
2024-09-01,Direct,Mobile,Germany,2024,2024-Q3,2024-09,9643,7876,2612,28740,3961,2135410,368,35181.02
2024-09-01,Direct,Mobile,India,2024,2024-Q3,2024-09,12806,10500,3508,38834,5269,2876124,498,47582.31
2024-09-01,Direct,Mobile,Australia,2024,2024-Q3,2024-09,5717,4678,1541,17052,2349,1266470,218,20740.13
2024-09-01,Direct,Mobile,Canada,2024,2024-Q3,2024-09,8022,6546,2170,24241,3301,1774925,311,29760.24
2024-09-01,Direct,Tablet,United States,2024,2024-Q3,2024-09,7001,5738,1898,25816,2507,1565976,264,25029.75
2024-09-01,Direct,Tablet,United Kingdom,2024,2024-Q3,2024-09,2321,1885,631,8482,823,527157,88,8275.76
2024-09-01,Direct,Tablet,Germany,2024,2024-Q3,2024-09,1534,1269,425,5537,554,342792,57,5482.68
2024-09-01,Direct,Tablet,India,2024,2024-Q3,2024-09,1963,1581,521,7058,700,436403,76,7228.51
2024-09-01,Direct,Tablet,Australia,2024,2024-Q3,2024-09,877,722,241,3164,318,196489,34,3245.28
2024-09-01,Direct,Tablet,Canada,2024,2024-Q3,2024-09,1261,1038,346,4625,454,278594,50,4808.78
2024-09-01,Social,Desktop,United States,2024,2024-Q3,2024-09,19703,16110,12223,35589,13008,1485507,222,21142.22
2024-09-01,Social,Desktop,United Kingdom,2024,2024-Q3,2024-09,6616,5388,4113,12030,4319,499554,75,7110.41
2024-09-01,Social,Desktop,Germany,2024,2024-Q3,2024-09,4287,3539,2716,7812,2825,327404,47,4484.28
2024-09-01,Social,Desktop,India,2024,2024-Q3,2024-09,5643,4582,3473,10259,3694,425957,61,5845.48
2024-09-01,Social,Desktop,Australia,2024,2024-Q3,2024-09,2541,2069,1583,4628,1673,192613,30,2832.32
2024-09-01,Social,Desktop,Canada,2024,2024-Q3,2024-09,3535,2896,2200,6475,2343,268393,39,3768.43
2024-09-01,Social,Mobile,United States,2024,2024-Q3,2024-09,24398,20043,15250,36023,18497,1856095,266,25403.56
2024-09-01,Social,Mobile,United Kingdom,2024,2024-Q3,2024-09,8398,6883,5244,12587,6291,631431,96,9172.3
2024-09-01,Social,Mobile,Germany,2024,2024-Q3,2024-09,5383,4403,3327,8095,4084,410754,62,5931.08
2024-09-01,Social,Mobile,India,2024,2024-Q3,2024-09,7112,5826,4437,10706,5324,524939,79,7551.48
2024-09-01,Social,Mobile,Australia,2024,2024-Q3,2024-09,3205,2643,2027,4809,2401,247608,39,3728.64
2024-09-01,Social,Mobile,Canada,2024,2024-Q3,2024-09,4406,3585,2718,6561,3293,333976,46,4342.2
2024-09-01,Social,Tablet,United States,2024,2024-Q3,2024-09,3815,3127,2370,6782,2519,294118,43,4076.68
2024-09-01,Social,Tablet,United Kingdom,2024,2024-Q3,2024-09,1291,1056,806,2348,852,97360,13,1182.92
2024-09-01,Social,Tablet,Germany,2024,2024-Q3,2024-09,827,681,521,1475,540,63255,0,0
2024-09-01,Social,Tablet,India,2024,2024-Q3,2024-09,1135,930,705,2083,749,84897,10,936.95
2024-09-01,Social,Tablet,Australia,2024,2024-Q3,2024-09,483,394,299,877,313,36636,0,0
2024-09-01,Social,Tablet,Canada,2024,2024-Q3,2024-09,689,564,429,1251,457,51639,0,0
2024-09-01,Referral,Desktop,United States,2024,2024-Q3,2024-09,8605,7064,4557,22454,4500,1370232,166,15790.19
2024-09-01,Referral,Desktop,United Kingdom,2024,2024-Q3,2024-09,2950,2397,1545,7845,1534,468699,58,5547.71
2024-09-01,Referral,Desktop,Germany,2024,2024-Q3,2024-09,1898,1555,1005,4946,974,302654,38,3584.59
2024-09-01,Referral,Desktop,India,2024,2024-Q3,2024-09,2550,2104,1353,6770,1328,402342,50,4796.56
2024-09-01,Referral,Desktop,Australia,2024,2024-Q3,2024-09,1109,900,580,2901,572,174728,23,2200.37
2024-09-01,Referral,Desktop,Canada,2024,2024-Q3,2024-09,1557,1283,831,4010,811,246467,30,2866.93
2024-09-01,Referral,Mobile,United States,2024,2024-Q3,2024-09,10784,8872,5717,23429,6389,1689188,207,19512.4
2024-09-01,Referral,Mobile,United Kingdom,2024,2024-Q3,2024-09,3713,3044,1950,8026,2194,569267,72,6907.69
2024-09-01,Referral,Mobile,Germany,2024,2024-Q3,2024-09,2386,1956,1268,5147,1398,380703,44,4108.39
2024-09-01,Referral,Mobile,India,2024,2024-Q3,2024-09,3140,2560,1653,6732,1857,499013,60,5749.87
2024-09-01,Referral,Mobile,Australia,2024,2024-Q3,2024-09,1413,1149,742,3053,827,222954,27,2526.44
2024-09-01,Referral,Mobile,Canada,2024,2024-Q3,2024-09,1934,1592,1036,4118,1150,308986,38,3620.09
2024-09-01,Referral,Tablet,United States,2024,2024-Q3,2024-09,1656,1362,883,4307,856,265401,34,3253.98
2024-09-01,Referral,Tablet,United Kingdom,2024,2024-Q3,2024-09,583,478,305,1539,301,90776,7,664.71
2024-09-01,Referral,Tablet,Germany,2024,2024-Q3,2024-09,367,301,196,974,193,57833,0,0
2024-09-01,Referral,Tablet,India,2024,2024-Q3,2024-09,490,403,260,1288,254,76257,1,99.05
2024-09-01,Referral,Tablet,Australia,2024,2024-Q3,2024-09,224,180,119,593,115,35525,0,0
2024-09-01,Referral,Tablet,Canada,2024,2024-Q3,2024-09,301,247,156,784,156,47321,0,0
2024-09-01,Email,Desktop,United States,2024,2024-Q3,2024-09,11868,9716,2092,34606,3874,2494426,705,66406.39
2024-09-01,Email,Desktop,United Kingdom,2024,2024-Q3,2024-09,4040,3313,710,11885,1337,826224,234,22407.25
2024-09-01,Email,Desktop,Germany,2024,2024-Q3,2024-09,2590,2124,463,7585,853,531387,153,14664.87
2024-09-01,Email,Desktop,India,2024,2024-Q3,2024-09,3442,2816,602,9844,1135,706476,194,18295.82
2024-09-01,Email,Desktop,Australia,2024,2024-Q3,2024-09,1563,1283,275,4650,514,316079,92,8779.81
2024-09-01,Email,Desktop,Canada,2024,2024-Q3,2024-09,2148,1755,377,6276,698,437801,130,12412.61
2024-09-01,Email,Mobile,United States,2024,2024-Q3,2024-09,14707,11980,2585,35399,5462,3013543,870,82536.32
2024-09-01,Email,Mobile,United Kingdom,2024,2024-Q3,2024-09,5115,4192,904,12221,1918,1051569,296,28113.02
2024-09-01,Email,Mobile,Germany,2024,2024-Q3,2024-09,3247,2626,565,7830,1202,668264,193,18275.41
2024-09-01,Email,Mobile,India,2024,2024-Q3,2024-09,4266,3512,756,10178,1594,873025,245,23356.24
2024-09-01,Email,Mobile,Australia,2024,2024-Q3,2024-09,1913,1566,335,4610,720,387726,112,10807.84
2024-09-01,Email,Mobile,Canada,2024,2024-Q3,2024-09,2657,2173,470,6350,1001,545172,154,14574.02
2024-09-01,Email,Tablet,United States,2024,2024-Q3,2024-09,2337,1904,409,6854,765,479440,138,13112.06
2024-09-01,Email,Tablet,United Kingdom,2024,2024-Q3,2024-09,794,649,137,2332,266,162486,45,4321.3
2024-09-01,Email,Tablet,Germany,2024,2024-Q3,2024-09,514,419,88,1523,172,104263,32,3068.3
2024-09-01,Email,Tablet,India,2024,2024-Q3,2024-09,674,556,121,1967,224,139779,39,3730.66
2024-09-01,Email,Tablet,Australia,2024,2024-Q3,2024-09,305,246,52,906,102,61994,20,1880.68
2024-09-01,Email,Tablet,Canada,2024,2024-Q3,2024-09,416,341,76,1222,137,86219,26,2467.64
2024-09-01,Display,Desktop,United States,2024,2024-Q3,2024-09,7029,5763,4563,10611,5047,373682,51,4842.42
2024-09-01,Display,Desktop,United Kingdom,2024,2024-Q3,2024-09,2348,1929,1523,3473,1689,126614,15,1396.93
2024-09-01,Display,Desktop,Germany,2024,2024-Q3,2024-09,1562,1279,1009,2384,1119,83148,4,385.28
2024-09-01,Display,Desktop,India,2024,2024-Q3,2024-09,2041,1671,1322,3109,1462,110705,13,1178.93
2024-09-01,Display,Desktop,Australia,2024,2024-Q3,2024-09,917,752,589,1392,657,48044,0,0
2024-09-01,Display,Desktop,Canada,2024,2024-Q3,2024-09,1274,1043,825,1948,911,68744,0,0
2024-09-01,Display,Mobile,United States,2024,2024-Q3,2024-09,8819,7127,5661,11077,7203,475257,63,5977.56
2024-09-01,Display,Mobile,United Kingdom,2024,2024-Q3,2024-09,2914,2397,1904,3581,2370,159304,22,2060.26
2024-09-01,Display,Mobile,Germany,2024,2024-Q3,2024-09,1946,1605,1263,2434,1607,104141,11,1031.31
2024-09-01,Display,Mobile,India,2024,2024-Q3,2024-09,2481,2027,1612,3048,2040,135906,19,1808.03
2024-09-01,Display,Mobile,Australia,2024,2024-Q3,2024-09,1146,944,748,1414,940,60944,0,0
2024-09-01,Display,Mobile,Canada,2024,2024-Q3,2024-09,1579,1283,1011,1982,1291,86640,7,675.72
2024-09-01,Display,Tablet,United States,2024,2024-Q3,2024-09,1402,1146,902,2156,1006,75110,4,399.39
2024-09-01,Display,Tablet,United Kingdom,2024,2024-Q3,2024-09,464,380,301,699,332,25299,0,0
2024-09-01,Display,Tablet,Germany,2024,2024-Q3,2024-09,307,247,192,474,222,16215,0,0
2024-09-01,Display,Tablet,India,2024,2024-Q3,2024-09,395,325,259,593,282,21551,0,0
2024-09-01,Display,Tablet,Australia,2024,2024-Q3,2024-09,180,144,111,277,137,9740,0,0
2024-09-01,Display,Tablet,Canada,2024,2024-Q3,2024-09,245,201,162,368,173,13240,0,0
2024-10-01,Organic Search,Desktop,United States,2024,2024-Q4,2024-10,68421,55989,33821,216583,27869,12314281,2117,203845.87
2024-10-01,Organic Search,Desktop,United Kingdom,2024,2024-Q4,2024-10,23400,19090,11672,73769,9499,4348819,745,70782.73
2024-10-01,Organic Search,Desktop,Germany,2024,2024-Q4,2024-10,15207,12422,7409,47807,6228,2667199,474,45153.58
2024-10-01,Organic Search,Desktop,India,2024,2024-Q4,2024-10,19700,16060,9731,62054,8040,3513114,625,59714.74
2024-10-01,Organic Search,Desktop,Australia,2024,2024-Q4,2024-10,8676,7123,4310,26721,3551,1604483,267,25645.72
2024-10-01,Organic Search,Desktop,Canada,2024,2024-Q4,2024-10,12341,10002,6077,39051,5008,2266233,390,36691.76
2024-10-01,Organic Search,Mobile,United States,2024,2024-Q4,2024-10,85606,70683,42667,219038,40198,15351172,2704,259094.65
2024-10-01,Organic Search,Mobile,United Kingdom,2024,2024-Q4,2024-10,27969,22914,13937,70637,13099,5157759,864,83086.59
2024-10-01,Organic Search,Mobile,Germany,2024,2024-Q4,2024-10,18473,15122,9188,47442,8585,3349679,570,54404.65
2024-10-01,Organic Search,Mobile,India,2024,2024-Q4,2024-10,24889,20254,12240,64938,11554,4457714,804,76853.04
2024-10-01,Organic Search,Mobile,Australia,2024,2024-Q4,2024-10,11089,9127,5496,28934,5185,1972141,348,33142.63
2024-10-01,Organic Search,Mobile,Canada,2024,2024-Q4,2024-10,15401,12606,7657,40115,7158,2763490,490,47232.87
2024-10-01,Organic Search,Tablet,United States,2024,2024-Q4,2024-10,13371,10867,6600,42692,5479,2420082,420,39907.34
2024-10-01,Organic Search,Tablet,United Kingdom,2024,2024-Q4,2024-10,4550,3731,2271,14283,1841,827879,144,13649.84
2024-10-01,Organic Search,Tablet,Germany,2024,2024-Q4,2024-10,2941,2433,1469,9165,1223,535233,89,8514.25
2024-10-01,Organic Search,Tablet,India,2024,2024-Q4,2024-10,3803,3079,1871,11865,1545,678196,119,11354.21
2024-10-01,Organic Search,Tablet,Australia,2024,2024-Q4,2024-10,1733,1426,871,5404,705,318884,54,5158.34
2024-10-01,Organic Search,Tablet,Canada,2024,2024-Q4,2024-10,2427,1977,1177,7752,1001,437635,75,7145.14
2024-10-01,Paid Search,Desktop,United States,2024,2024-Q4,2024-10,27558,22509,15396,64000,13203,3842820,1180,113221.35
2024-10-01,Paid Search,Desktop,United Kingdom,2024,2024-Q4,2024-10,9431,7720,5325,22003,4511,1323943,403,38390.91
2024-10-01,Paid Search,Desktop,Germany,2024,2024-Q4,2024-10,5949,4914,3431,13697,2867,851183,250,23969.4
2024-10-01,Paid Search,Desktop,India,2024,2024-Q4,2024-10,8017,6495,4524,18615,3778,1127123,344,32426.26
2024-10-01,Paid Search,Desktop,Australia,2024,2024-Q4,2024-10,3553,2898,2019,8268,1686,508678,151,14283.26
2024-10-01,Paid Search,Desktop,Canada,2024,2024-Q4,2024-10,4960,4067,2799,11636,2392,691252,213,20554.44
2024-10-01,Paid Search,Mobile,United States,2024,2024-Q4,2024-10,34264,28042,19375,64314,18781,4820200,1420,135273.32
2024-10-01,Paid Search,Mobile,United Kingdom,2024,2024-Q4,2024-10,11793,9587,6647,22866,6408,1646709,509,48270.25
2024-10-01,Paid Search,Mobile,Germany,2024,2024-Q4,2024-10,7593,6244,4291,14689,4120,1041006,323,31050.82
2024-10-01,Paid Search,Mobile,India,2024,2024-Q4,2024-10,10028,8205,5652,19216,5482,1394316,433,41400.02
2024-10-01,Paid Search,Mobile,Australia,2024,2024-Q4,2024-10,4366,3524,2480,8303,2376,621281,185,17435.94
2024-10-01,Paid Search,Mobile,Canada,2024,2024-Q4,2024-10,6280,5121,3555,12102,3397,882366,263,24901.12
2024-10-01,Paid Search,Tablet,United States,2024,2024-Q4,2024-10,5326,4392,3039,12182,2564,740686,220,21065.29
2024-10-01,Paid Search,Tablet,United Kingdom,2024,2024-Q4,2024-10,1805,1475,1030,4187,866,252839,78,7448.37
2024-10-01,Paid Search,Tablet,Germany,2024,2024-Q4,2024-10,1173,960,666,2705,561,166630,48,4535.16
2024-10-01,Paid Search,Tablet,India,2024,2024-Q4,2024-10,1606,1318,907,3793,775,223379,68,6498.79
2024-10-01,Paid Search,Tablet,Australia,2024,2024-Q4,2024-10,684,558,383,1571,326,96101,29,2759.39
2024-10-01,Paid Search,Tablet,Canada,2024,2024-Q4,2024-10,967,795,549,2222,468,135985,41,3943.33
2024-10-01,Direct,Desktop,United States,2024,2024-Q4,2024-10,33385,27581,9215,120806,12080,7482663,1273,121850.52
2024-10-01,Direct,Desktop,United Kingdom,2024,2024-Q4,2024-10,11574,9367,3120,42325,4117,2619208,450,43109.03
2024-10-01,Direct,Desktop,Germany,2024,2024-Q4,2024-10,7556,6140,2047,27603,2697,1712507,293,27433.81
2024-10-01,Direct,Desktop,India,2024,2024-Q4,2024-10,9878,8141,2701,36542,3595,2183974,380,36600.53
2024-10-01,Direct,Desktop,Australia,2024,2024-Q4,2024-10,4352,3583,1191,15561,1565,965334,166,15916.1
2024-10-01,Direct,Desktop,Canada,2024,2024-Q4,2024-10,6029,4935,1635,21591,2189,1368746,224,21356.58
2024-10-01,Direct,Mobile,United States,2024,2024-Q4,2024-10,43394,35756,11779,131497,17823,9596152,1710,162830.17
2024-10-01,Direct,Mobile,United Kingdom,2024,2024-Q4,2024-10,14255,11648,3829,42547,5858,3094873,548,52322.24
2024-10-01,Direct,Mobile,Germany,2024,2024-Q4,2024-10,9247,7527,2533,27530,3754,2081334,354,33523.68
2024-10-01,Direct,Mobile,India,2024,2024-Q4,2024-10,12341,9998,3306,36765,5011,2797899,467,44255.66
2024-10-01,Direct,Mobile,Australia,2024,2024-Q4,2024-10,5521,4492,1494,16618,2254,1211459,210,19863.34
2024-10-01,Direct,Mobile,Canada,2024,2024-Q4,2024-10,7466,6156,2039,21893,3082,1669826,283,27164.34
2024-10-01,Direct,Tablet,United States,2024,2024-Q4,2024-10,6525,5335,1776,23488,2331,1474349,247,23279.39
2024-10-01,Direct,Tablet,United Kingdom,2024,2024-Q4,2024-10,2319,1897,623,8460,829,506251,91,8689.94
2024-10-01,Direct,Tablet,Germany,2024,2024-Q4,2024-10,1442,1177,391,5231,516,324780,56,5403.27
2024-10-01,Direct,Tablet,India,2024,2024-Q4,2024-10,1918,1578,526,7001,690,423701,72,6909.03
2024-10-01,Direct,Tablet,Australia,2024,2024-Q4,2024-10,869,710,236,3201,308,194699,34,3255.2
2024-10-01,Direct,Tablet,Canada,2024,2024-Q4,2024-10,1205,985,326,4378,432,267735,46,4354.89
2024-10-01,Social,Desktop,United States,2024,2024-Q4,2024-10,18919,15426,11868,34577,12340,1453256,212,19881.86
2024-10-01,Social,Desktop,United Kingdom,2024,2024-Q4,2024-10,6548,5394,4105,12013,4328,492920,72,6915.08
2024-10-01,Social,Desktop,Germany,2024,2024-Q4,2024-10,4055,3314,2533,7311,2699,310198,44,4200.63
2024-10-01,Social,Desktop,India,2024,2024-Q4,2024-10,5428,4462,3417,9723,3578,413237,58,5542.38
2024-10-01,Social,Desktop,Australia,2024,2024-Q4,2024-10,2524,2059,1567,4664,1658,189232,29,2776.5
2024-10-01,Social,Desktop,Canada,2024,2024-Q4,2024-10,3477,2856,2155,6403,2271,257641,41,3884.86
2024-10-01,Social,Mobile,United States,2024,2024-Q4,2024-10,23425,19073,14592,34679,17414,1795408,262,24862.22
2024-10-01,Social,Mobile,United Kingdom,2024,2024-Q4,2024-10,8054,6557,5044,12098,6031,624727,89,8428.99
2024-10-01,Social,Mobile,Germany,2024,2024-Q4,2024-10,5215,4245,3244,7808,3873,390098,59,5591.47
2024-10-01,Social,Mobile,India,2024,2024-Q4,2024-10,6786,5611,4290,10075,5134,514690,74,7089.25
2024-10-01,Social,Mobile,Australia,2024,2024-Q4,2024-10,3018,2469,1871,4470,2271,227566,36,3498.75
2024-10-01,Social,Mobile,Canada,2024,2024-Q4,2024-10,4155,3396,2615,6186,3098,318688,48,4493.8
2024-10-01,Social,Tablet,United States,2024,2024-Q4,2024-10,3713,3033,2309,6840,2444,279167,42,4000.02
2024-10-01,Social,Tablet,United Kingdom,2024,2024-Q4,2024-10,1248,1025,775,2269,823,93218,8,749.37
2024-10-01,Social,Tablet,Germany,2024,2024-Q4,2024-10,823,671,510,1498,537,62346,0,0
2024-10-01,Social,Tablet,India,2024,2024-Q4,2024-10,1060,862,663,1937,702,81183,7,658.3
2024-10-01,Social,Tablet,Australia,2024,2024-Q4,2024-10,491,401,303,903,323,36561,0,0
2024-10-01,Social,Tablet,Canada,2024,2024-Q4,2024-10,664,547,422,1202,434,51073,0,0
2024-10-01,Referral,Desktop,United States,2024,2024-Q4,2024-10,8341,6859,4456,21955,4366,1301820,159,15269.01
2024-10-01,Referral,Desktop,United Kingdom,2024,2024-Q4,2024-10,2808,2314,1493,7188,1466,444923,54,5164.77
2024-10-01,Referral,Desktop,Germany,2024,2024-Q4,2024-10,1883,1539,991,5003,974,297235,37,3533.77
2024-10-01,Referral,Desktop,India,2024,2024-Q4,2024-10,2440,1989,1273,6475,1253,379751,48,4544.17
2024-10-01,Referral,Desktop,Australia,2024,2024-Q4,2024-10,1112,914,587,2915,578,172307,25,2394.38
2024-10-01,Referral,Desktop,Canada,2024,2024-Q4,2024-10,1501,1222,794,3943,778,238843,30,2881.66
2024-10-01,Referral,Mobile,United States,2024,2024-Q4,2024-10,10472,8513,5499,22798,6122,1646949,207,19754.3
2024-10-01,Referral,Mobile,United Kingdom,2024,2024-Q4,2024-10,3536,2902,1867,7580,2110,559103,69,6574.08
2024-10-01,Referral,Mobile,Germany,2024,2024-Q4,2024-10,2245,1846,1190,4842,1349,351303,40,3865.35
2024-10-01,Referral,Mobile,India,2024,2024-Q4,2024-10,3004,2452,1584,6396,1760,479370,58,5468.78
2024-10-01,Referral,Mobile,Australia,2024,2024-Q4,2024-10,1378,1125,718,2984,815,218055,27,2568.54
2024-10-01,Referral,Mobile,Canada,2024,2024-Q4,2024-10,1883,1536,987,4103,1107,292826,37,3562.12
2024-10-01,Referral,Tablet,United States,2024,2024-Q4,2024-10,1624,1314,851,4300,839,253598,33,3154.19
2024-10-01,Referral,Tablet,United Kingdom,2024,2024-Q4,2024-10,556,455,295,1470,288,88655,3,292.33
2024-10-01,Referral,Tablet,Germany,2024,2024-Q4,2024-10,364,296,188,962,189,55422,0,0
2024-10-01,Referral,Tablet,India,2024,2024-Q4,2024-10,473,387,250,1237,245,74588,0,0
2024-10-01,Referral,Tablet,Australia,2024,2024-Q4,2024-10,214,172,109,556,113,33993,0,0
2024-10-01,Referral,Tablet,Canada,2024,2024-Q4,2024-10,297,247,159,779,154,47296,0,0
2024-10-01,Email,Desktop,United States,2024,2024-Q4,2024-10,11596,9452,2027,34360,3814,2340100,676,64619.87
2024-10-01,Email,Desktop,United Kingdom,2024,2024-Q4,2024-10,3986,3269,704,11918,1308,804059,236,22398.23
2024-10-01,Email,Desktop,Germany,2024,2024-Q4,2024-10,2583,2119,451,7575,851,518221,153,14751.26
2024-10-01,Email,Desktop,India,2024,2024-Q4,2024-10,3315,2701,584,9755,1098,680810,194,18521.4
2024-10-01,Email,Desktop,Australia,2024,2024-Q4,2024-10,1470,1194,257,4262,476,308585,87,8331.19
2024-10-01,Email,Desktop,Canada,2024,2024-Q4,2024-10,2118,1725,370,6289,695,430053,126,11884.48
2024-10-01,Email,Mobile,United States,2024,2024-Q4,2024-10,14262,11791,2534,34007,5397,2881870,826,79944.5
2024-10-01,Email,Mobile,United Kingdom,2024,2024-Q4,2024-10,4758,3861,834,11290,1786,1000749,278,26172.94
2024-10-01,Email,Mobile,Germany,2024,2024-Q4,2024-10,3190,2606,560,7785,1190,642036,187,18022.57
2024-10-01,Email,Mobile,India,2024,2024-Q4,2024-10,4241,3469,747,10432,1594,868912,257,24644.19
2024-10-01,Email,Mobile,Australia,2024,2024-Q4,2024-10,1837,1508,324,4348,695,369555,103,9817.23
2024-10-01,Email,Mobile,Canada,2024,2024-Q4,2024-10,2588,2111,454,6266,969,522222,152,14530.77
2024-10-01,Email,Tablet,United States,2024,2024-Q4,2024-10,2280,1867,397,6805,755,455680,133,12688
2024-10-01,Email,Tablet,United Kingdom,2024,2024-Q4,2024-10,752,615,134,2188,243,153241,44,4176.25
2024-10-01,Email,Tablet,Germany,2024,2024-Q4,2024-10,500,411,89,1449,162,102650,29,2756.48
2024-10-01,Email,Tablet,India,2024,2024-Q4,2024-10,650,529,114,1905,210,134480,39,3689.66
2024-10-01,Email,Tablet,Australia,2024,2024-Q4,2024-10,288,240,51,843,94,58287,16,1453.37
2024-10-01,Email,Tablet,Canada,2024,2024-Q4,2024-10,405,330,74,1181,134,81793,28,2701.37
2024-10-01,Display,Desktop,United States,2024,2024-Q4,2024-10,6858,5616,4394,10494,4972,367131,49,4717.13
2024-10-01,Display,Desktop,United Kingdom,2024,2024-Q4,2024-10,2310,1888,1500,3509,1655,124659,17,1585.14
2024-10-01,Display,Desktop,Germany,2024,2024-Q4,2024-10,1495,1215,968,2247,1066,82557,2,199.49
2024-10-01,Display,Desktop,India,2024,2024-Q4,2024-10,1990,1615,1279,3058,1421,105351,14,1307.06
2024-10-01,Display,Desktop,Australia,2024,2024-Q4,2024-10,878,724,575,1332,630,47574,0,0
2024-10-01,Display,Desktop,Canada,2024,2024-Q4,2024-10,1201,986,776,1803,880,64960,0,0
2024-10-01,Display,Mobile,United States,2024,2024-Q4,2024-10,8607,7045,5563,10648,7083,464050,62,5997.09
2024-10-01,Display,Mobile,United Kingdom,2024,2024-Q4,2024-10,2961,2429,1912,3761,2419,157620,25,2382.83
2024-10-01,Display,Mobile,Germany,2024,2024-Q4,2024-10,1845,1519,1196,2253,1525,98950,7,657.77
2024-10-01,Display,Mobile,India,2024,2024-Q4,2024-10,2466,2017,1606,3071,2013,131486,20,1891.52
2024-10-01,Display,Mobile,Australia,2024,2024-Q4,2024-10,1099,899,722,1370,898,61331,0,0
2024-10-01,Display,Mobile,Canada,2024,2024-Q4,2024-10,1546,1265,987,1946,1259,80403,6,574.17
2024-10-01,Display,Tablet,United States,2024,2024-Q4,2024-10,1325,1093,863,1966,963,71768,0,0
2024-10-01,Display,Tablet,United Kingdom,2024,2024-Q4,2024-10,447,359,285,679,322,24383,0,0
2024-10-01,Display,Tablet,Germany,2024,2024-Q4,2024-10,289,239,188,434,207,15613,0,0
2024-10-01,Display,Tablet,India,2024,2024-Q4,2024-10,392,323,255,598,281,20826,0,0
2024-10-01,Display,Tablet,Australia,2024,2024-Q4,2024-10,167,138,107,246,123,8983,0,0
2024-10-01,Display,Tablet,Canada,2024,2024-Q4,2024-10,243,197,157,367,169,13022,0,0
2024-11-01,Organic Search,Desktop,United States,2024,2024-Q4,2024-11,60712,50020,30619,188505,24785,11192764,1902,182303.89
2024-11-01,Organic Search,Desktop,United Kingdom,2024,2024-Q4,2024-11,20780,16858,10165,65593,8444,3769015,652,61994.74
2024-11-01,Organic Search,Desktop,Germany,2024,2024-Q4,2024-11,13160,10795,6617,41297,5385,2440654,411,38912.74
2024-11-01,Organic Search,Desktop,India,2024,2024-Q4,2024-11,17786,14633,8791,55678,7366,3233870,556,53892.84
2024-11-01,Organic Search,Desktop,Australia,2024,2024-Q4,2024-11,7849,6406,3908,24541,3211,1438333,248,23618.84
2024-11-01,Organic Search,Desktop,Canada,2024,2024-Q4,2024-11,11106,9154,5529,34417,4570,1990310,344,33066.63
2024-11-01,Organic Search,Mobile,United States,2024,2024-Q4,2024-11,75035,61467,37108,194079,34914,13569764,2364,224858.18
2024-11-01,Organic Search,Mobile,United Kingdom,2024,2024-Q4,2024-11,26004,21282,12826,66868,12091,4645988,808,77121.19
2024-11-01,Organic Search,Mobile,Germany,2024,2024-Q4,2024-11,16635,13585,8334,42828,7705,3061521,529,50317.18
2024-11-01,Organic Search,Mobile,India,2024,2024-Q4,2024-11,22198,18106,10972,56621,10274,4011007,687,65469.96
2024-11-01,Organic Search,Mobile,Australia,2024,2024-Q4,2024-11,9837,8030,4868,25319,4553,1781956,314,29866.8
2024-11-01,Organic Search,Mobile,Canada,2024,2024-Q4,2024-11,13683,11248,6793,34547,6452,2490587,423,40331.28
2024-11-01,Organic Search,Tablet,United States,2024,2024-Q4,2024-11,11732,9635,5829,36267,4756,2142133,367,34837.95
2024-11-01,Organic Search,Tablet,United Kingdom,2024,2024-Q4,2024-11,4177,3441,2064,13180,1714,751081,134,12797.91
2024-11-01,Organic Search,Tablet,Germany,2024,2024-Q4,2024-11,2579,2101,1275,8026,1056,473646,81,7747.95
2024-11-01,Organic Search,Tablet,India,2024,2024-Q4,2024-11,3455,2850,1725,10796,1417,621714,112,10694.63
2024-11-01,Organic Search,Tablet,Australia,2024,2024-Q4,2024-11,1560,1269,763,4947,636,284613,49,4652.6
2024-11-01,Organic Search,Tablet,Canada,2024,2024-Q4,2024-11,2136,1752,1062,6711,873,385273,68,6468.59
2024-11-01,Paid Search,Desktop,United States,2024,2024-Q4,2024-11,24507,20065,13963,56535,11687,3448371,1038,97967.83
2024-11-01,Paid Search,Desktop,United Kingdom,2024,2024-Q4,2024-11,8305,6841,4737,19355,4018,1170921,349,33537.31
2024-11-01,Paid Search,Desktop,Germany,2024,2024-Q4,2024-11,5349,4365,3050,12270,2546,747249,227,21863.06
2024-11-01,Paid Search,Desktop,India,2024,2024-Q4,2024-11,7245,5974,4131,16656,3507,1019244,306,29155.09
2024-11-01,Paid Search,Desktop,Australia,2024,2024-Q4,2024-11,3221,2623,1813,7666,1535,442718,138,13198.6
2024-11-01,Paid Search,Desktop,Canada,2024,2024-Q4,2024-11,4431,3651,2535,10363,2116,619409,187,17712.19
2024-11-01,Paid Search,Mobile,United States,2024,2024-Q4,2024-11,30821,25155,17617,58942,16797,4309385,1311,124468.38
2024-11-01,Paid Search,Mobile,United Kingdom,2024,2024-Q4,2024-11,10349,8449,5860,19549,5651,1464533,435,41725.72
2024-11-01,Paid Search,Mobile,Germany,2024,2024-Q4,2024-11,6814,5563,3837,13054,3697,957324,295,27923.94
2024-11-01,Paid Search,Mobile,India,2024,2024-Q4,2024-11,8891,7312,5081,16784,4902,1265092,379,36113.37
2024-11-01,Paid Search,Mobile,Australia,2024,2024-Q4,2024-11,3998,3287,2277,7613,2184,556518,172,16489.86
2024-11-01,Paid Search,Mobile,Canada,2024,2024-Q4,2024-11,5432,4455,3091,10174,2945,778012,233,22207.18
2024-11-01,Paid Search,Tablet,United States,2024,2024-Q4,2024-11,4792,3936,2750,11221,2296,680875,208,19934.33
2024-11-01,Paid Search,Tablet,United Kingdom,2024,2024-Q4,2024-11,1633,1333,916,3767,787,227839,70,6680.65
2024-11-01,Paid Search,Tablet,Germany,2024,2024-Q4,2024-11,1069,870,603,2517,512,149545,45,4239.74
2024-11-01,Paid Search,Tablet,India,2024,2024-Q4,2024-11,1386,1137,788,3194,663,195944,61,5861.66
2024-11-01,Paid Search,Tablet,Australia,2024,2024-Q4,2024-11,633,514,354,1490,303,87573,28,2661.02
2024-11-01,Paid Search,Tablet,Canada,2024,2024-Q4,2024-11,850,696,490,1974,402,121528,36,3434.72
2024-11-01,Direct,Desktop,United States,2024,2024-Q4,2024-11,30210,24696,8209,110289,10882,6795697,1176,113131.86
2024-11-01,Direct,Desktop,United Kingdom,2024,2024-Q4,2024-11,10469,8618,2857,37609,3779,2307723,394,37214.63
2024-11-01,Direct,Desktop,Germany,2024,2024-Q4,2024-11,6865,5616,1859,25525,2473,1518981,261,24894.73
2024-11-01,Direct,Desktop,India,2024,2024-Q4,2024-11,8879,7284,2408,32318,3164,1977989,347,32965.96
2024-11-01,Direct,Desktop,Australia,2024,2024-Q4,2024-11,4057,3321,1091,14891,1464,903923,155,14822.06
2024-11-01,Direct,Desktop,Canada,2024,2024-Q4,2024-11,5463,4454,1492,19888,1944,1216642,213,20229.54
2024-11-01,Direct,Mobile,United States,2024,2024-Q4,2024-11,37718,30610,10115,112621,15349,8404762,1463,138251.16
2024-11-01,Direct,Mobile,United Kingdom,2024,2024-Q4,2024-11,12727,10472,3498,38106,5219,2850830,492,46799.37
2024-11-01,Direct,Mobile,Germany,2024,2024-Q4,2024-11,8350,6843,2248,24912,3442,1877706,326,31617.71
2024-11-01,Direct,Mobile,India,2024,2024-Q4,2024-11,10874,8889,2970,32319,4417,2434236,413,38822.49
2024-11-01,Direct,Mobile,Australia,2024,2024-Q4,2024-11,5026,4132,1372,14993,2065,1114648,195,18786.89
2024-11-01,Direct,Mobile,Canada,2024,2024-Q4,2024-11,6930,5683,1886,20809,2833,1558288,268,25391.94
2024-11-01,Direct,Tablet,United States,2024,2024-Q4,2024-11,5972,4862,1628,21713,2122,1323745,232,22261.01
2024-11-01,Direct,Tablet,United Kingdom,2024,2024-Q4,2024-11,2024,1664,555,7406,731,461660,79,7449.03
2024-11-01,Direct,Tablet,Germany,2024,2024-Q4,2024-11,1317,1074,356,4860,469,285804,49,4648.93
2024-11-01,Direct,Tablet,India,2024,2024-Q4,2024-11,1712,1405,468,6230,609,386851,66,6272.36
2024-11-01,Direct,Tablet,Australia,2024,2024-Q4,2024-11,771,629,211,2801,276,173052,29,2795.04
2024-11-01,Direct,Tablet,Canada,2024,2024-Q4,2024-11,1062,859,288,3867,378,236341,40,3765.66
2024-11-01,Social,Desktop,United States,2024,2024-Q4,2024-11,17340,14195,10817,31916,11378,1303862,195,18636.93
2024-11-01,Social,Desktop,United Kingdom,2024,2024-Q4,2024-11,5811,4765,3631,10674,3818,443269,64,6139.99
2024-11-01,Social,Desktop,Germany,2024,2024-Q4,2024-11,3836,3144,2389,6968,2520,285509,42,3988.34
2024-11-01,Social,Desktop,India,2024,2024-Q4,2024-11,4970,4051,3109,9046,3254,374438,56,5408.16
2024-11-01,Social,Desktop,Australia,2024,2024-Q4,2024-11,2205,1794,1367,3980,1452,169117,25,2387.51
2024-11-01,Social,Desktop,Canada,2024,2024-Q4,2024-11,3036,2468,1881,5581,1994,229282,37,3537.83
2024-11-01,Social,Mobile,United States,2024,2024-Q4,2024-11,21188,17388,13247,31838,16012,1611034,234,22458.11
2024-11-01,Social,Mobile,United Kingdom,2024,2024-Q4,2024-11,7118,5808,4437,10488,5255,539576,79,7505.49
2024-11-01,Social,Mobile,Germany,2024,2024-Q4,2024-11,4749,3904,2975,7030,3576,360797,53,5068.54
2024-11-01,Social,Mobile,India,2024,2024-Q4,2024-11,6138,4990,3810,9302,4602,468554,71,6800.45
2024-11-01,Social,Mobile,Australia,2024,2024-Q4,2024-11,2715,2231,1702,4029,2045,205210,31,2968.2
2024-11-01,Social,Mobile,Canada,2024,2024-Q4,2024-11,3840,3133,2392,5794,2882,288679,43,4095.95
2024-11-01,Social,Tablet,United States,2024,2024-Q4,2024-11,3351,2734,2071,6165,2206,249578,38,3641.24
2024-11-01,Social,Tablet,United Kingdom,2024,2024-Q4,2024-11,1124,922,706,2034,734,86497,10,921.82
2024-11-01,Social,Tablet,Germany,2024,2024-Q4,2024-11,743,607,464,1349,498,57116,0,0
2024-11-01,Social,Tablet,India,2024,2024-Q4,2024-11,962,783,600,1742,625,71734,5,476.57
2024-11-01,Social,Tablet,Australia,2024,2024-Q4,2024-11,429,355,269,771,282,32648,0,0
2024-11-01,Social,Tablet,Canada,2024,2024-Q4,2024-11,595,487,368,1086,392,44615,0,0
2024-11-01,Referral,Desktop,United States,2024,2024-Q4,2024-11,7550,6167,3957,19600,3897,1169832,146,14052.49
2024-11-01,Referral,Desktop,United Kingdom,2024,2024-Q4,2024-11,2573,2097,1352,6762,1334,409136,49,4623.62
2024-11-01,Referral,Desktop,Germany,2024,2024-Q4,2024-11,1620,1320,859,4261,838,259235,31,2991.71
2024-11-01,Referral,Desktop,India,2024,2024-Q4,2024-11,2191,1790,1156,5756,1128,343692,41,3882.03
2024-11-01,Referral,Desktop,Australia,2024,2024-Q4,2024-11,961,785,507,2518,499,153756,20,1855.94
2024-11-01,Referral,Desktop,Canada,2024,2024-Q4,2024-11,1352,1108,713,3540,703,210525,27,2620.69
2024-11-01,Referral,Mobile,United States,2024,2024-Q4,2024-11,9348,7650,4923,20096,5542,1457777,180,17147.9
2024-11-01,Referral,Mobile,United Kingdom,2024,2024-Q4,2024-11,3210,2629,1708,7023,1908,499792,64,6120.64
2024-11-01,Referral,Mobile,Germany,2024,2024-Q4,2024-11,2026,1661,1066,4312,1197,318934,39,3716.46
2024-11-01,Referral,Mobile,India,2024,2024-Q4,2024-11,2755,2261,1456,6002,1638,429374,54,5181.53
2024-11-01,Referral,Mobile,Australia,2024,2024-Q4,2024-11,1209,994,646,2611,711,193928,26,2438.65
2024-11-01,Referral,Mobile,Canada,2024,2024-Q4,2024-11,1719,1411,906,3757,1019,266339,35,3345.17
2024-11-01,Referral,Tablet,United States,2024,2024-Q4,2024-11,1487,1230,795,3877,775,234453,27,2589.83
2024-11-01,Referral,Tablet,United Kingdom,2024,2024-Q4,2024-11,497,403,258,1296,256,77968,1,103.44
2024-11-01,Referral,Tablet,Germany,2024,2024-Q4,2024-11,319,260,166,830,163,50504,0,0
2024-11-01,Referral,Tablet,India,2024,2024-Q4,2024-11,429,352,229,1140,227,66798,0,0
2024-11-01,Referral,Tablet,Australia,2024,2024-Q4,2024-11,188,150,93,488,95,29734,0,0
2024-11-01,Referral,Tablet,Canada,2024,2024-Q4,2024-11,266,220,138,710,139,41459,0,0
2024-11-01,Email,Desktop,United States,2024,2024-Q4,2024-11,10278,8427,1827,30127,3373,2131670,599,56907.17
2024-11-01,Email,Desktop,United Kingdom,2024,2024-Q4,2024-11,3485,2828,605,10192,1142,709965,209,19920.73
2024-11-01,Email,Desktop,Germany,2024,2024-Q4,2024-11,2268,1845,397,6679,744,463028,136,12798.25
2024-11-01,Email,Desktop,India,2024,2024-Q4,2024-11,3002,2464,527,8852,997,614720,175,16932.69
2024-11-01,Email,Desktop,Australia,2024,2024-Q4,2024-11,1350,1111,237,3953,438,275749,78,7340.07
2024-11-01,Email,Desktop,Canada,2024,2024-Q4,2024-11,1861,1526,328,5396,618,381699,107,10150.02
2024-11-01,Email,Mobile,United States,2024,2024-Q4,2024-11,12641,10386,2220,30180,4764,2613545,746,71310.52
2024-11-01,Email,Mobile,United Kingdom,2024,2024-Q4,2024-11,4395,3601,774,10665,1646,875677,256,24476.77
2024-11-01,Email,Mobile,Germany,2024,2024-Q4,2024-11,2859,2359,513,6911,1073,596994,170,16162.73
2024-11-01,Email,Mobile,India,2024,2024-Q4,2024-11,3746,3056,649,9034,1407,751424,222,21132.98
2024-11-01,Email,Mobile,Australia,2024,2024-Q4,2024-11,1666,1357,294,4055,619,341747,97,9232.1
2024-11-01,Email,Mobile,Canada,2024,2024-Q4,2024-11,2300,1893,407,5413,868,478760,130,12405.29
2024-11-01,Email,Tablet,United States,2024,2024-Q4,2024-11,1974,1622,352,5731,647,406585,116,11118.84
2024-11-01,Email,Tablet,United Kingdom,2024,2024-Q4,2024-11,700,576,123,2053,229,141014,40,3804.37
2024-11-01,Email,Tablet,Germany,2024,2024-Q4,2024-11,432,350,78,1250,142,89026,26,2463.26
2024-11-01,Email,Tablet,India,2024,2024-Q4,2024-11,585,480,103,1716,190,118123,35,3395.83
2024-11-01,Email,Tablet,Australia,2024,2024-Q4,2024-11,264,218,50,784,88,54311,15,1385.61
2024-11-01,Email,Tablet,Canada,2024,2024-Q4,2024-11,364,297,63,1062,116,73115,26,2459.84
2024-11-01,Display,Desktop,United States,2024,2024-Q4,2024-11,6092,5009,3971,9175,4351,331926,42,3955.14
2024-11-01,Display,Desktop,United Kingdom,2024,2024-Q4,2024-11,2097,1735,1378,3205,1521,112956,13,1201.78
2024-11-01,Display,Desktop,Germany,2024,2024-Q4,2024-11,1329,1085,860,2005,946,71593,1,98.26
2024-11-01,Display,Desktop,India,2024,2024-Q4,2024-11,1763,1453,1156,2645,1268,95435,8,743.29
2024-11-01,Display,Desktop,Australia,2024,2024-Q4,2024-11,805,661,520,1243,583,42703,0,0
2024-11-01,Display,Desktop,Canada,2024,2024-Q4,2024-11,1080,889,706,1630,778,57941,0,0
2024-11-01,Display,Mobile,United States,2024,2024-Q4,2024-11,7650,6230,4964,9524,6190,420263,56,5273.84
2024-11-01,Display,Mobile,United Kingdom,2024,2024-Q4,2024-11,2564,2095,1645,3227,2106,136696,20,1942.7
2024-11-01,Display,Mobile,Germany,2024,2024-Q4,2024-11,1684,1366,1086,2098,1368,90551,7,669.86
2024-11-01,Display,Mobile,India,2024,2024-Q4,2024-11,2194,1807,1437,2694,1805,119893,14,1276.41
2024-11-01,Display,Mobile,Australia,2024,2024-Q4,2024-11,987,799,629,1222,795,52345,0,0
2024-11-01,Display,Mobile,Canada,2024,2024-Q4,2024-11,1340,1102,877,1647,1097,73428,1,97.62
2024-11-01,Display,Tablet,United States,2024,2024-Q4,2024-11,1178,960,764,1780,844,63869,0,0
2024-11-01,Display,Tablet,United Kingdom,2024,2024-Q4,2024-11,411,336,263,625,299,21867,0,0
2024-11-01,Display,Tablet,Germany,2024,2024-Q4,2024-11,268,222,177,410,195,14448,0,0
2024-11-01,Display,Tablet,India,2024,2024-Q4,2024-11,339,275,217,509,245,18156,0,0
2024-11-01,Display,Tablet,Australia,2024,2024-Q4,2024-11,156,127,96,239,112,8391,0,0
2024-11-01,Display,Tablet,Canada,2024,2024-Q4,2024-11,211,169,134,319,149,11674,0,0
2024-12-01,Organic Search,Desktop,United States,2024,2024-Q4,2024-12,62910,51299,30928,197924,25696,11396058,1993,190982.88
2024-12-01,Organic Search,Desktop,United Kingdom,2024,2024-Q4,2024-12,20939,17336,10547,64688,8589,3804712,644,61456.5
2024-12-01,Organic Search,Desktop,Germany,2024,2024-Q4,2024-12,14071,11479,6957,44297,5746,2538892,448,42837.14
2024-12-01,Organic Search,Desktop,India,2024,2024-Q4,2024-12,18625,15280,9279,58830,7575,3388546,587,55586.53
2024-12-01,Organic Search,Desktop,Australia,2024,2024-Q4,2024-12,8370,6853,4093,26409,3437,1468980,264,25420.39
2024-12-01,Organic Search,Desktop,Canada,2024,2024-Q4,2024-12,11379,9337,5687,35510,4647,2072711,355,33776.42
2024-12-01,Organic Search,Mobile,United States,2024,2024-Q4,2024-12,79391,64527,39245,204548,36496,14421348,2512,236810.36
2024-12-01,Organic Search,Mobile,United Kingdom,2024,2024-Q4,2024-12,26628,21763,13202,68145,12358,4876071,851,80671.3
2024-12-01,Organic Search,Mobile,Germany,2024,2024-Q4,2024-12,17142,14064,8456,44035,8048,3046344,537,51823.09
2024-12-01,Organic Search,Mobile,India,2024,2024-Q4,2024-12,22204,18243,11171,56313,10362,4107334,690,65374.91
2024-12-01,Organic Search,Mobile,Australia,2024,2024-Q4,2024-12,10230,8341,5013,26230,4807,1863808,315,30160.15
2024-12-01,Organic Search,Mobile,Canada,2024,2024-Q4,2024-12,14370,11730,7111,37631,6691,2604068,459,43598.26
2024-12-01,Organic Search,Tablet,United States,2024,2024-Q4,2024-12,12493,10180,6141,39376,5099,2261189,391,37178.2
2024-12-01,Organic Search,Tablet,United Kingdom,2024,2024-Q4,2024-12,4129,3375,2067,12858,1689,767557,131,12428.13
2024-12-01,Organic Search,Tablet,Germany,2024,2024-Q4,2024-12,2770,2267,1368,8799,1128,489567,87,8215.82
2024-12-01,Organic Search,Tablet,India,2024,2024-Q4,2024-12,3516,2880,1762,10944,1436,652502,111,10535.01
2024-12-01,Organic Search,Tablet,Australia,2024,2024-Q4,2024-12,1600,1320,803,4992,660,288152,48,4619.58
2024-12-01,Organic Search,Tablet,Canada,2024,2024-Q4,2024-12,2197,1787,1094,6867,884,403749,70,6614.63
2024-12-01,Paid Search,Desktop,United States,2024,2024-Q4,2024-12,26185,21344,14791,60986,12534,3693360,1115,105888.47
2024-12-01,Paid Search,Desktop,United Kingdom,2024,2024-Q4,2024-12,8658,7060,4909,20167,4119,1215068,373,35565.13
2024-12-01,Paid Search,Desktop,Germany,2024,2024-Q4,2024-12,5814,4790,3283,13644,2799,802530,248,23738.66
2024-12-01,Paid Search,Desktop,India,2024,2024-Q4,2024-12,7264,5916,4124,16915,3477,1023181,309,29355.04
2024-12-01,Paid Search,Desktop,Australia,2024,2024-Q4,2024-12,3338,2748,1922,7743,1592,471724,142,13531.18
2024-12-01,Paid Search,Desktop,Canada,2024,2024-Q4,2024-12,4630,3743,2585,10792,2189,661763,202,19099.68
2024-12-01,Paid Search,Mobile,United States,2024,2024-Q4,2024-12,31470,25950,18046,60075,17324,4418982,1348,130393.97
2024-12-01,Paid Search,Mobile,United Kingdom,2024,2024-Q4,2024-12,10662,8736,6078,20025,5809,1522381,446,41848.39
2024-12-01,Paid Search,Mobile,Germany,2024,2024-Q4,2024-12,6900,5665,3924,13107,3788,975021,289,27627.46
2024-12-01,Paid Search,Mobile,India,2024,2024-Q4,2024-12,9357,7625,5261,17990,5066,1292218,406,39035.03
2024-12-01,Paid Search,Mobile,Australia,2024,2024-Q4,2024-12,4131,3399,2346,7796,2278,578397,173,16664.89
2024-12-01,Paid Search,Mobile,Canada,2024,2024-Q4,2024-12,5717,4658,3222,10966,3115,792551,244,23363.44
2024-12-01,Paid Search,Tablet,United States,2024,2024-Q4,2024-12,5027,4083,2809,11851,2393,690346,214,20341.67
2024-12-01,Paid Search,Tablet,United Kingdom,2024,2024-Q4,2024-12,1685,1378,963,3932,802,238842,69,6562.28
2024-12-01,Paid Search,Tablet,Germany,2024,2024-Q4,2024-12,1097,904,625,2525,532,154646,45,4335.6
2024-12-01,Paid Search,Tablet,India,2024,2024-Q4,2024-12,1453,1178,823,3380,691,204249,62,5855.28
2024-12-01,Paid Search,Tablet,Australia,2024,2024-Q4,2024-12,648,536,372,1493,314,91323,27,2544.8
2024-12-01,Paid Search,Tablet,Canada,2024,2024-Q4,2024-12,917,752,521,2163,440,126712,40,3850.12
2024-12-01,Direct,Desktop,United States,2024,2024-Q4,2024-12,31767,25945,8510,115927,11429,6980136,1218,116195.59
2024-12-01,Direct,Desktop,United Kingdom,2024,2024-Q4,2024-12,10713,8744,2921,39182,3848,2370380,412,39422.25
2024-12-01,Direct,Desktop,Germany,2024,2024-Q4,2024-12,6870,5615,1865,24712,2454,1562515,266,25408.91
2024-12-01,Direct,Desktop,India,2024,2024-Q4,2024-12,9197,7464,2486,33770,3276,2079033,354,33375.24
2024-12-01,Direct,Desktop,Australia,2024,2024-Q4,2024-12,4095,3349,1114,14860,1464,919588,160,15136.44
2024-12-01,Direct,Desktop,Canada,2024,2024-Q4,2024-12,5696,4697,1558,20729,2058,1267733,221,21151.42
2024-12-01,Direct,Mobile,United States,2024,2024-Q4,2024-12,38869,31829,10632,115833,15858,8726340,1471,140643.27
2024-12-01,Direct,Mobile,United Kingdom,2024,2024-Q4,2024-12,13547,11056,3682,41085,5552,3000512,535,51356.29
2024-12-01,Direct,Mobile,Germany,2024,2024-Q4,2024-12,8737,7197,2379,25858,3587,1915001,331,31538.51
2024-12-01,Direct,Mobile,India,2024,2024-Q4,2024-12,11528,9439,3121,34912,4746,2538632,441,42510.79
2024-12-01,Direct,Mobile,Australia,2024,2024-Q4,2024-12,5093,4165,1395,15131,2073,1161511,196,18479.27
2024-12-01,Direct,Mobile,Canada,2024,2024-Q4,2024-12,7222,5855,1942,22021,2962,1613279,279,26520.93
2024-12-01,Direct,Tablet,United States,2024,2024-Q4,2024-12,6267,5208,1726,22682,2284,1403996,239,22986.21
2024-12-01,Direct,Tablet,United Kingdom,2024,2024-Q4,2024-12,2065,1671,557,7473,734,459620,78,7385.76
2024-12-01,Direct,Tablet,Germany,2024,2024-Q4,2024-12,1358,1119,375,4918,486,304452,51,4873.7
2024-12-01,Direct,Tablet,India,2024,2024-Q4,2024-12,1824,1485,487,6726,662,406371,70,6697.71
2024-12-01,Direct,Tablet,Australia,2024,2024-Q4,2024-12,783,645,216,2811,283,174302,29,2759.51
2024-12-01,Direct,Tablet,Canada,2024,2024-Q4,2024-12,1123,919,303,4058,406,248618,43,4121.6
2024-12-01,Social,Desktop,United States,2024,2024-Q4,2024-12,17489,14378,11023,31752,11516,1349943,196,18611.52
2024-12-01,Social,Desktop,United Kingdom,2024,2024-Q4,2024-12,6018,4881,3732,10932,3910,456078,69,6534.4
2024-12-01,Social,Desktop,Germany,2024,2024-Q4,2024-12,3875,3165,2424,7095,2543,294576,43,4064.08
2024-12-01,Social,Desktop,India,2024,2024-Q4,2024-12,5049,4136,3141,9191,3340,382572,56,5402.09
2024-12-01,Social,Desktop,Australia,2024,2024-Q4,2024-12,2223,1827,1406,4017,1472,170791,28,2685.84
2024-12-01,Social,Desktop,Canada,2024,2024-Q4,2024-12,3198,2622,1996,5735,2117,243973,36,3455.84
2024-12-01,Social,Mobile,United States,2024,2024-Q4,2024-12,21816,17926,13560,32170,16366,1618130,242,23010.64
2024-12-01,Social,Mobile,United Kingdom,2024,2024-Q4,2024-12,7542,6220,4700,11311,5692,565430,82,7836.82
2024-12-01,Social,Mobile,Germany,2024,2024-Q4,2024-12,4742,3841,2963,7107,3553,368512,51,4807.18
2024-12-01,Social,Mobile,India,2024,2024-Q4,2024-12,6494,5307,4035,9806,4839,485797,71,6733.31
2024-12-01,Social,Mobile,Australia,2024,2024-Q4,2024-12,2873,2349,1787,4310,2140,218461,34,3249.4
2024-12-01,Social,Mobile,Canada,2024,2024-Q4,2024-12,3959,3268,2487,5801,3011,301011,43,4105.41
2024-12-01,Social,Tablet,United States,2024,2024-Q4,2024-12,3418,2800,2128,6166,2242,263196,39,3700.88
2024-12-01,Social,Tablet,United Kingdom,2024,2024-Q4,2024-12,1202,988,749,2226,794,90490,9,847.85
2024-12-01,Social,Tablet,Germany,2024,2024-Q4,2024-12,738,601,455,1320,484,55640,0,0
2024-12-01,Social,Tablet,India,2024,2024-Q4,2024-12,1007,824,626,1809,667,76271,5,488.78
2024-12-01,Social,Tablet,Australia,2024,2024-Q4,2024-12,447,363,279,820,291,34192,0,0
2024-12-01,Social,Tablet,Canada,2024,2024-Q4,2024-12,620,509,390,1137,409,46315,0,0
2024-12-01,Referral,Desktop,United States,2024,2024-Q4,2024-12,7859,6444,4141,20789,4066,1240977,150,14059.14
2024-12-01,Referral,Desktop,United Kingdom,2024,2024-Q4,2024-12,2604,2141,1386,6887,1372,413953,49,4715.38
2024-12-01,Referral,Desktop,Germany,2024,2024-Q4,2024-12,1687,1388,897,4374,873,264378,34,3259.01
2024-12-01,Referral,Desktop,India,2024,2024-Q4,2024-12,2267,1855,1194,5874,1181,362541,42,3959.43
2024-12-01,Referral,Desktop,Australia,2024,2024-Q4,2024-12,1021,834,533,2714,530,154777,22,2129.34
2024-12-01,Referral,Desktop,Canada,2024,2024-Q4,2024-12,1414,1171,749,3742,735,221439,27,2557.79
2024-12-01,Referral,Mobile,United States,2024,2024-Q4,2024-12,9690,7905,5164,20993,5684,1538253,190,17889.58
2024-12-01,Referral,Mobile,United Kingdom,2024,2024-Q4,2024-12,3303,2684,1713,7110,1933,522155,63,5992.66
2024-12-01,Referral,Mobile,Germany,2024,2024-Q4,2024-12,2149,1750,1123,4685,1266,333422,42,3982.37
2024-12-01,Referral,Mobile,India,2024,2024-Q4,2024-12,2771,2286,1487,5862,1655,440024,52,5033.62
2024-12-01,Referral,Mobile,Australia,2024,2024-Q4,2024-12,1257,1030,664,2692,741,196946,28,2672.43
2024-12-01,Referral,Mobile,Canada,2024,2024-Q4,2024-12,1705,1395,899,3640,1002,273293,34,3232.38
2024-12-01,Referral,Tablet,United States,2024,2024-Q4,2024-12,1489,1213,783,3916,775,236655,31,2993.16
2024-12-01,Referral,Tablet,United Kingdom,2024,2024-Q4,2024-12,514,422,273,1357,268,79995,1,99.13
2024-12-01,Referral,Tablet,Germany,2024,2024-Q4,2024-12,336,272,177,894,172,53435,0,0
2024-12-01,Referral,Tablet,India,2024,2024-Q4,2024-12,445,362,232,1170,230,69332,0,0
2024-12-01,Referral,Tablet,Australia,2024,2024-Q4,2024-12,198,156,98,527,99,30764,0,0
2024-12-01,Referral,Tablet,Canada,2024,2024-Q4,2024-12,269,224,142,703,139,42997,0,0
2024-12-01,Email,Desktop,United States,2024,2024-Q4,2024-12,10554,8617,1857,30549,3485,2179491,621,59666
2024-12-01,Email,Desktop,United Kingdom,2024,2024-Q4,2024-12,3616,2957,639,10445,1193,740076,205,19442.82
2024-12-01,Email,Desktop,Germany,2024,2024-Q4,2024-12,2405,1976,422,7159,792,480984,141,13519.83
2024-12-01,Email,Desktop,India,2024,2024-Q4,2024-12,3126,2567,545,9208,1020,636066,183,17258.86
2024-12-01,Email,Desktop,Australia,2024,2024-Q4,2024-12,1403,1154,246,4135,465,282550,79,7585.43
2024-12-01,Email,Desktop,Canada,2024,2024-Q4,2024-12,1924,1559,337,5628,627,394547,114,10757.97
2024-12-01,Email,Mobile,United States,2024,2024-Q4,2024-12,13415,10921,2340,32460,4978,2717555,799,75723.2
2024-12-01,Email,Mobile,United Kingdom,2024,2024-Q4,2024-12,4510,3721,805,10776,1705,929138,260,24883.49
2024-12-01,Email,Mobile,Germany,2024,2024-Q4,2024-12,2885,2347,499,6899,1078,584575,169,16307.79
2024-12-01,Email,Mobile,India,2024,2024-Q4,2024-12,3788,3094,672,9099,1412,787841,222,20927.51
2024-12-01,Email,Mobile,Australia,2024,2024-Q4,2024-12,1774,1458,314,4303,670,358066,106,10249.21
2024-12-01,Email,Mobile,Canada,2024,2024-Q4,2024-12,2410,1969,424,5819,903,489391,144,13685.94
2024-12-01,Email,Tablet,United States,2024,2024-Q4,2024-12,2106,1720,372,6207,686,433197,126,11984.88
2024-12-01,Email,Tablet,United Kingdom,2024,2024-Q4,2024-12,708,574,122,2085,237,146655,42,3989.97
2024-12-01,Email,Tablet,Germany,2024,2024-Q4,2024-12,462,377,83,1370,150,91444,29,2767.07
2024-12-01,Email,Tablet,India,2024,2024-Q4,2024-12,606,501,108,1773,199,125779,39,3759.89
2024-12-01,Email,Tablet,Australia,2024,2024-Q4,2024-12,272,224,50,796,89,56037,13,1179.01
2024-12-01,Email,Tablet,Canada,2024,2024-Q4,2024-12,373,303,66,1099,122,76746,26,2452.52
2024-12-01,Display,Desktop,United States,2024,2024-Q4,2024-12,6464,5301,4158,9930,4638,344204,45,4248.87
2024-12-01,Display,Desktop,United Kingdom,2024,2024-Q4,2024-12,2138,1745,1373,3247,1524,114997,15,1376.78
2024-12-01,Display,Desktop,Germany,2024,2024-Q4,2024-12,1400,1158,915,2104,1009,74151,1,98.93
2024-12-01,Display,Desktop,India,2024,2024-Q4,2024-12,1840,1490,1182,2808,1307,99440,9,850.06
2024-12-01,Display,Desktop,Australia,2024,2024-Q4,2024-12,820,669,535,1238,586,44264,0,0
2024-12-01,Display,Desktop,Canada,2024,2024-Q4,2024-12,1150,935,736,1770,821,61241,0,0
2024-12-01,Display,Mobile,United States,2024,2024-Q4,2024-12,7720,6314,4995,9623,6381,418861,53,5120.99
2024-12-01,Display,Mobile,United Kingdom,2024,2024-Q4,2024-12,2656,2172,1727,3268,2148,145751,21,1980.93
2024-12-01,Display,Mobile,Germany,2024,2024-Q4,2024-12,1784,1465,1148,2240,1468,95091,9,864.82
2024-12-01,Display,Mobile,India,2024,2024-Q4,2024-12,2257,1836,1452,2806,1842,120402,16,1508.9
2024-12-01,Display,Mobile,Australia,2024,2024-Q4,2024-12,1009,837,660,1243,836,54453,0,0
2024-12-01,Display,Mobile,Canada,2024,2024-Q4,2024-12,1424,1155,921,1799,1161,77418,2,202.23
2024-12-01,Display,Tablet,United States,2024,2024-Q4,2024-12,1257,1025,799,1934,900,65514,0,0
2024-12-01,Display,Tablet,United Kingdom,2024,2024-Q4,2024-12,416,340,269,625,298,22747,0,0
2024-12-01,Display,Tablet,Germany,2024,2024-Q4,2024-12,270,225,181,407,196,14681,0,0
2024-12-01,Display,Tablet,India,2024,2024-Q4,2024-12,359,289,229,543,256,19350,0,0
2024-12-01,Display,Tablet,Australia,2024,2024-Q4,2024-12,162,135,102,247,117,8777,0,0
2024-12-01,Display,Tablet,Canada,2024,2024-Q4,2024-12,218,175,137,328,152,11514,0,0
2025-01-01,Organic Search,Desktop,United States,2025,2025-Q1,2025-01,68908,56648,33973,217638,28180,12165018,2183,209274.82
2025-01-01,Organic Search,Desktop,United Kingdom,2025,2025-Q1,2025-01,23184,18843,11395,73032,9429,4192862,736,70118.56
2025-01-01,Organic Search,Desktop,Germany,2025,2025-Q1,2025-01,14776,12069,7342,45693,6012,2685412,456,43046.72
2025-01-01,Organic Search,Desktop,India,2025,2025-Q1,2025-01,19785,16039,9718,62585,8019,3614170,632,59840.34
2025-01-01,Organic Search,Desktop,Australia,2025,2025-Q1,2025-01,8841,7235,4355,27622,3627,1624401,276,26097.66
2025-01-01,Organic Search,Desktop,Canada,2025,2025-Q1,2025-01,12234,10093,6085,38065,5066,2212818,381,36734.08
2025-01-01,Organic Search,Mobile,United States,2025,2025-Q1,2025-01,85343,69969,42398,220094,39852,15623035,2655,252619.86
2025-01-01,Organic Search,Mobile,United Kingdom,2025,2025-Q1,2025-01,29029,23613,14217,75680,13472,5178267,934,89083.23
2025-01-01,Organic Search,Mobile,Germany,2025,2025-Q1,2025-01,18766,15487,9375,48282,8833,3373233,589,56112.51
2025-01-01,Organic Search,Mobile,India,2025,2025-Q1,2025-01,24503,20014,12087,63315,11433,4389838,768,73716.9
2025-01-01,Organic Search,Mobile,Australia,2025,2025-Q1,2025-01,10884,8883,5455,27936,5020,2012768,342,32119.24
2025-01-01,Organic Search,Mobile,Canada,2025,2025-Q1,2025-01,15371,12527,7562,39477,7126,2756013,486,46551
2025-01-01,Organic Search,Tablet,United States,2025,2025-Q1,2025-01,12955,10747,6535,40617,5360,2351198,397,38239.85
2025-01-01,Organic Search,Tablet,United Kingdom,2025,2025-Q1,2025-01,4505,3665,2234,14020,1825,812466,141,13383.68
2025-01-01,Organic Search,Tablet,Germany,2025,2025-Q1,2025-01,2884,2363,1437,8891,1179,537676,87,8187.72
2025-01-01,Organic Search,Tablet,India,2025,2025-Q1,2025-01,3941,3225,1930,12693,1606,693938,125,12028.56
2025-01-01,Organic Search,Tablet,Australia,2025,2025-Q1,2025-01,1691,1386,843,5260,694,310015,52,5005.9
2025-01-01,Organic Search,Tablet,Canada,2025,2025-Q1,2025-01,2381,1945,1173,7355,982,424290,72,6921.2
2025-01-01,Paid Search,Desktop,United States,2025,2025-Q1,2025-01,26772,21874,15271,61372,12838,3833391,1125,107024.13
2025-01-01,Paid Search,Desktop,United Kingdom,2025,2025-Q1,2025-01,9462,7704,5370,22160,4484,1343179,404,38004.06
2025-01-01,Paid Search,Desktop,Germany,2025,2025-Q1,2025-01,5950,4850,3378,13767,2844,846620,255,24009.36
2025-01-01,Paid Search,Desktop,India,2025,2025-Q1,2025-01,7979,6574,4539,18578,3839,1104650,339,32708.87
2025-01-01,Paid Search,Desktop,Australia,2025,2025-Q1,2025-01,3491,2860,2002,7991,1680,502458,146,14066.01
2025-01-01,Paid Search,Desktop,Canada,2025,2025-Q1,2025-01,4923,4022,2796,11480,2359,688002,204,19381.55
2025-01-01,Paid Search,Mobile,United States,2025,2025-Q1,2025-01,34467,28342,19464,65334,18817,4789665,1461,138739.42
2025-01-01,Paid Search,Mobile,United Kingdom,2025,2025-Q1,2025-01,11578,9454,6532,22279,6377,1610332,486,46615.53
2025-01-01,Paid Search,Mobile,Germany,2025,2025-Q1,2025-01,7425,6025,4229,14095,3973,1061072,319,30215.97
2025-01-01,Paid Search,Mobile,India,2025,2025-Q1,2025-01,10163,8290,5732,19448,5547,1431434,434,41099.47
2025-01-01,Paid Search,Mobile,Australia,2025,2025-Q1,2025-01,4438,3610,2503,8535,2411,618085,192,18163.08
2025-01-01,Paid Search,Mobile,Canada,2025,2025-Q1,2025-01,6086,5053,3515,11489,3333,853702,253,24341.02
2025-01-01,Paid Search,Tablet,United States,2025,2025-Q1,2025-01,5276,4326,3026,12207,2502,749120,221,20942.43
2025-01-01,Paid Search,Tablet,United Kingdom,2025,2025-Q1,2025-01,1897,1557,1065,4485,915,262129,82,7866.05
2025-01-01,Paid Search,Tablet,Germany,2025,2025-Q1,2025-01,1169,962,670,2691,559,162961,47,4450.91
2025-01-01,Paid Search,Tablet,India,2025,2025-Q1,2025-01,1542,1269,876,3533,745,215403,65,6291.11
2025-01-01,Paid Search,Tablet,Australia,2025,2025-Q1,2025-01,698,568,395,1625,329,99794,29,2742.77
2025-01-01,Paid Search,Tablet,Canada,2025,2025-Q1,2025-01,962,788,545,2252,462,135343,44,4214.72
2025-01-01,Direct,Desktop,United States,2025,2025-Q1,2025-01,33330,27153,9117,121636,11940,7543318,1287,121253.66
2025-01-01,Direct,Desktop,United Kingdom,2025,2025-Q1,2025-01,11576,9535,3144,41461,4205,2571626,443,42969.21
2025-01-01,Direct,Desktop,Germany,2025,2025-Q1,2025-01,7323,5999,2013,26426,2649,1651709,278,26644.14
2025-01-01,Direct,Desktop,India,2025,2025-Q1,2025-01,9841,8090,2683,35712,3547,2174832,366,35114.02
2025-01-01,Direct,Desktop,Australia,2025,2025-Q1,2025-01,4532,3703,1225,16716,1618,998120,180,17120.36
2025-01-01,Direct,Desktop,Canada,2025,2025-Q1,2025-01,6089,4996,1649,22179,2199,1343960,239,22727.51
2025-01-01,Direct,Mobile,United States,2025,2025-Q1,2025-01,42364,34399,11578,126150,17197,9610161,1637,155282.14
2025-01-01,Direct,Mobile,United Kingdom,2025,2025-Q1,2025-01,14575,11853,3930,43184,5944,3220116,550,52102.86
2025-01-01,Direct,Mobile,Germany,2025,2025-Q1,2025-01,9311,7574,2513,27975,3798,2069686,362,34524.71
2025-01-01,Direct,Mobile,India,2025,2025-Q1,2025-01,11978,9868,3267,35049,4921,2709197,455,43454.3
2025-01-01,Direct,Mobile,Australia,2025,2025-Q1,2025-01,5467,4470,1492,16328,2247,1228761,209,19984.19
2025-01-01,Direct,Mobile,Canada,2025,2025-Q1,2025-01,7530,6173,2056,22243,3049,1699729,289,27367.3
2025-01-01,Direct,Tablet,United States,2025,2025-Q1,2025-01,6488,5290,1758,23388,2327,1457396,252,24142.97
2025-01-01,Direct,Tablet,United Kingdom,2025,2025-Q1,2025-01,2248,1862,617,8133,813,500917,83,7950.57
2025-01-01,Direct,Tablet,Germany,2025,2025-Q1,2025-01,1462,1188,396,5368,522,330531,58,5556.49
2025-01-01,Direct,Tablet,India,2025,2025-Q1,2025-01,1932,1586,524,7098,694,426539,73,6922.19
2025-01-01,Direct,Tablet,Australia,2025,2025-Q1,2025-01,875,717,238,3247,315,191385,37,3579.74
2025-01-01,Direct,Tablet,Canada,2025,2025-Q1,2025-01,1174,962,319,4228,423,265800,44,4133.01
2025-01-01,Social,Desktop,United States,2025,2025-Q1,2025-01,18476,15164,11536,33221,12159,1384488,201,19477.53
2025-01-01,Social,Desktop,United Kingdom,2025,2025-Q1,2025-01,6440,5293,4025,11559,4278,490536,71,6781.27
2025-01-01,Social,Desktop,Germany,2025,2025-Q1,2025-01,4184,3398,2574,7763,2753,312385,48,4542.3
2025-01-01,Social,Desktop,India,2025,2025-Q1,2025-01,5550,4584,3482,10257,3645,414181,63,5984.72
2025-01-01,Social,Desktop,Australia,2025,2025-Q1,2025-01,2500,2044,1537,4537,1647,186333,29,2785.16
2025-01-01,Social,Desktop,Canada,2025,2025-Q1,2025-01,3411,2769,2129,6183,2233,257353,39,3704.88
2025-01-01,Social,Mobile,United States,2025,2025-Q1,2025-01,23866,19513,14747,35832,17838,1793693,265,25037.32
2025-01-01,Social,Mobile,United Kingdom,2025,2025-Q1,2025-01,7824,6439,4917,11558,5879,599176,86,8181.13
2025-01-01,Social,Mobile,Germany,2025,2025-Q1,2025-01,5151,4218,3215,7613,3860,387579,59,5664.48
2025-01-01,Social,Mobile,India,2025,2025-Q1,2025-01,6753,5524,4236,9958,5024,522944,78,7369.79
2025-01-01,Social,Mobile,Australia,2025,2025-Q1,2025-01,3078,2517,1897,4643,2313,229838,35,3384.95
2025-01-01,Social,Mobile,Canada,2025,2025-Q1,2025-01,4200,3446,2642,6342,3173,319286,46,4389.29
2025-01-01,Social,Tablet,United States,2025,2025-Q1,2025-01,3706,3012,2303,6797,2429,284485,41,3878.6
2025-01-01,Social,Tablet,United Kingdom,2025,2025-Q1,2025-01,1252,1024,777,2288,823,94896,13,1214.68
2025-01-01,Social,Tablet,Germany,2025,2025-Q1,2025-01,837,682,516,1555,552,62008,0,0
2025-01-01,Social,Tablet,India,2025,2025-Q1,2025-01,1040,854,658,1886,685,79791,5,473.41
2025-01-01,Social,Tablet,Australia,2025,2025-Q1,2025-01,485,397,302,885,319,36906,0,0
2025-01-01,Social,Tablet,Canada,2025,2025-Q1,2025-01,658,531,410,1190,429,51036,0,0
2025-01-01,Referral,Desktop,United States,2025,2025-Q1,2025-01,8539,6966,4493,22912,4425,1340806,167,15898.01
2025-01-01,Referral,Desktop,United Kingdom,2025,2025-Q1,2025-01,2879,2361,1507,7645,1476,446401,57,5414.14
2025-01-01,Referral,Desktop,Germany,2025,2025-Q1,2025-01,1868,1530,982,4929,974,292365,37,3569.24
2025-01-01,Referral,Desktop,India,2025,2025-Q1,2025-01,2394,1945,1271,6259,1235,378398,43,4077.15
2025-01-01,Referral,Desktop,Australia,2025,2025-Q1,2025-01,1100,901,588,2904,568,176692,24,2268.05
2025-01-01,Referral,Desktop,Canada,2025,2025-Q1,2025-01,1500,1216,780,3962,771,234114,30,2853.09
2025-01-01,Referral,Mobile,United States,2025,2025-Q1,2025-01,10307,8438,5427,22076,6126,1628245,198,19250.75
2025-01-01,Referral,Mobile,United Kingdom,2025,2025-Q1,2025-01,3542,2893,1876,7640,2077,561065,67,6307.19
2025-01-01,Referral,Mobile,Germany,2025,2025-Q1,2025-01,2294,1882,1210,4992,1355,357362,43,4105.11
2025-01-01,Referral,Mobile,India,2025,2025-Q1,2025-01,3036,2491,1599,6583,1794,470987,59,5670.46
2025-01-01,Referral,Mobile,Australia,2025,2025-Q1,2025-01,1323,1088,701,2830,793,210614,29,2814.13
2025-01-01,Referral,Mobile,Canada,2025,2025-Q1,2025-01,1873,1523,991,4058,1094,293794,37,3546.59
2025-01-01,Referral,Tablet,United States,2025,2025-Q1,2025-01,1651,1351,862,4412,859,250238,33,3145.04
2025-01-01,Referral,Tablet,United Kingdom,2025,2025-Q1,2025-01,548,453,294,1436,283,87202,4,389.24
2025-01-01,Referral,Tablet,Germany,2025,2025-Q1,2025-01,360,292,187,936,190,57886,0,0
2025-01-01,Referral,Tablet,India,2025,2025-Q1,2025-01,470,382,250,1240,243,74291,0,0
2025-01-01,Referral,Tablet,Australia,2025,2025-Q1,2025-01,211,170,106,549,111,33092,0,0
2025-01-01,Referral,Tablet,Canada,2025,2025-Q1,2025-01,296,248,160,777,154,46008,0,0
2025-01-01,Email,Desktop,United States,2025,2025-Q1,2025-01,11662,9565,2043,34329,3845,2335424,684,65647.35
2025-01-01,Email,Desktop,United Kingdom,2025,2025-Q1,2025-01,3895,3189,690,11464,1279,795157,231,22231.28
2025-01-01,Email,Desktop,Germany,2025,2025-Q1,2025-01,2519,2046,446,7310,823,525715,146,13862.49
2025-01-01,Email,Desktop,India,2025,2025-Q1,2025-01,3311,2683,576,9823,1087,671264,196,18593.8
2025-01-01,Email,Desktop,Australia,2025,2025-Q1,2025-01,1478,1216,259,4284,489,304216,87,8291.43
2025-01-01,Email,Desktop,Canada,2025,2025-Q1,2025-01,2048,1689,363,6008,685,420349,118,11418.62
2025-01-01,Email,Mobile,United States,2025,2025-Q1,2025-01,14361,11775,2525,34434,5382,2932237,830,79287.67
2025-01-01,Email,Mobile,United Kingdom,2025,2025-Q1,2025-01,4825,3927,841,11753,1820,970799,291,27872.47
2025-01-01,Email,Mobile,Germany,2025,2025-Q1,2025-01,3090,2548,550,7364,1160,629383,178,17023.82
2025-01-01,Email,Mobile,India,2025,2025-Q1,2025-01,4204,3420,734,10181,1575,855209,252,24108.01
2025-01-01,Email,Mobile,Australia,2025,2025-Q1,2025-01,1877,1536,331,4537,703,384124,110,10320.15
2025-01-01,Email,Mobile,Canada,2025,2025-Q1,2025-01,2607,2131,452,6374,983,519606,153,14701.63
2025-01-01,Email,Tablet,United States,2025,2025-Q1,2025-01,2261,1858,401,6593,749,470044,131,12491.01
2025-01-01,Email,Tablet,United Kingdom,2025,2025-Q1,2025-01,763,617,133,2235,245,155385,46,4312.65
2025-01-01,Email,Tablet,Germany,2025,2025-Q1,2025-01,495,410,89,1447,165,101024,29,2765.17
2025-01-01,Email,Tablet,India,2025,2025-Q1,2025-01,646,531,112,1895,213,130110,37,3574.35
2025-01-01,Email,Tablet,Australia,2025,2025-Q1,2025-01,287,240,52,835,95,59319,16,1484.2
2025-01-01,Email,Tablet,Canada,2025,2025-Q1,2025-01,412,337,73,1208,137,83632,26,2497.9
2025-01-01,Display,Desktop,United States,2025,2025-Q1,2025-01,6626,5370,4313,10011,4760,365986,46,4327.89
2025-01-01,Display,Desktop,United Kingdom,2025,2025-Q1,2025-01,2331,1901,1511,3561,1657,123865,19,1782.15
2025-01-01,Display,Desktop,Germany,2025,2025-Q1,2025-01,1480,1210,957,2246,1067,80380,4,388.17
2025-01-01,Display,Desktop,India,2025,2025-Q1,2025-01,1946,1604,1263,2944,1406,103118,9,840.72
2025-01-01,Display,Desktop,Australia,2025,2025-Q1,2025-01,871,715,568,1317,621,47738,0,0
2025-01-01,Display,Desktop,Canada,2025,2025-Q1,2025-01,1221,997,785,1851,881,65589,0,0
2025-01-01,Display,Mobile,United States,2025,2025-Q1,2025-01,8277,6781,5337,10131,6773,444138,57,5483.74
2025-01-01,Display,Mobile,United Kingdom,2025,2025-Q1,2025-01,2906,2375,1863,3633,2384,155185,24,2292.54
2025-01-01,Display,Mobile,Germany,2025,2025-Q1,2025-01,1850,1506,1198,2308,1504,101008,11,1016.12
2025-01-01,Display,Mobile,India,2025,2025-Q1,2025-01,2513,2066,1619,3174,2065,131646,18,1676.1
2025-01-01,Display,Mobile,Australia,2025,2025-Q1,2025-01,1082,885,704,1347,878,58532,0,0
2025-01-01,Display,Mobile,Canada,2025,2025-Q1,2025-01,1528,1257,1000,1872,1258,82567,2,196.83
2025-01-01,Display,Tablet,United States,2025,2025-Q1,2025-01,1331,1089,860,2016,957,71481,0,0
2025-01-01,Display,Tablet,United Kingdom,2025,2025-Q1,2025-01,454,373,294,691,333,24041,0,0
2025-01-01,Display,Tablet,Germany,2025,2025-Q1,2025-01,286,237,184,423,205,15568,0,0
2025-01-01,Display,Tablet,India,2025,2025-Q1,2025-01,381,311,247,578,271,20685,0,0
2025-01-01,Display,Tablet,Australia,2025,2025-Q1,2025-01,172,142,107,266,124,9062,0,0
2025-01-01,Display,Tablet,Canada,2025,2025-Q1,2025-01,244,198,157,371,171,12998,0,0
2025-02-01,Organic Search,Desktop,United States,2025,2025-Q1,2025-02,65612,53913,32882,202994,26656,12211519,2061,196695.43
2025-02-01,Organic Search,Desktop,United Kingdom,2025,2025-Q1,2025-02,22835,18751,11328,71834,9416,4151746,710,67964.73
2025-02-01,Organic Search,Desktop,Germany,2025,2025-Q1,2025-02,14537,11865,7261,45737,5905,2647678,463,44110.66
2025-02-01,Organic Search,Desktop,India,2025,2025-Q1,2025-02,19239,15835,9500,60119,7884,3466757,592,56403.52
2025-02-01,Organic Search,Desktop,Australia,2025,2025-Q1,2025-02,8769,7187,4404,27956,3609,1587372,282,26998.48
2025-02-01,Organic Search,Desktop,Canada,2025,2025-Q1,2025-02,11788,9661,5874,36361,4786,2141135,369,35329.81
2025-02-01,Organic Search,Mobile,United States,2025,2025-Q1,2025-02,82204,67218,41280,213550,38020,14950804,2605,248334.16
2025-02-01,Organic Search,Mobile,United Kingdom,2025,2025-Q1,2025-02,28553,23483,14196,73182,13331,5129093,891,85666.58
2025-02-01,Organic Search,Mobile,Germany,2025,2025-Q1,2025-02,17849,14414,8764,45508,8216,3255676,558,52696.16
2025-02-01,Organic Search,Mobile,India,2025,2025-Q1,2025-02,24056,19762,12005,61635,11112,4363580,748,71160.51
2025-02-01,Organic Search,Mobile,Australia,2025,2025-Q1,2025-02,10832,8832,5306,28133,5042,1952090,346,33074.66
2025-02-01,Organic Search,Mobile,Canada,2025,2025-Q1,2025-02,14785,12126,7316,37624,6924,2649556,455,43192.96
2025-02-01,Organic Search,Tablet,United States,2025,2025-Q1,2025-02,12954,10539,6395,40331,5250,2381518,408,38693.48
2025-02-01,Organic Search,Tablet,United Kingdom,2025,2025-Q1,2025-02,4519,3714,2217,14256,1854,817513,145,13842.73
2025-02-01,Organic Search,Tablet,Germany,2025,2025-Q1,2025-02,2873,2341,1410,9099,1174,512475,92,8822.9
2025-02-01,Organic Search,Tablet,India,2025,2025-Q1,2025-02,3735,3081,1877,11579,1538,681513,117,11233.99
2025-02-01,Organic Search,Tablet,Australia,2025,2025-Q1,2025-02,1691,1371,835,5331,685,307300,56,5285.96
2025-02-01,Organic Search,Tablet,Canada,2025,2025-Q1,2025-02,2330,1908,1170,7347,949,428404,75,7033.04
2025-02-01,Paid Search,Desktop,United States,2025,2025-Q1,2025-02,27099,22107,15365,62981,12887,3754230,1162,109760.56
2025-02-01,Paid Search,Desktop,United Kingdom,2025,2025-Q1,2025-02,9018,7429,5127,20940,4337,1260230,380,36372.59
2025-02-01,Paid Search,Desktop,Germany,2025,2025-Q1,2025-02,6002,4912,3417,14049,2866,829086,259,24993.58
2025-02-01,Paid Search,Desktop,India,2025,2025-Q1,2025-02,7678,6296,4390,17738,3683,1095928,326,31106.25
2025-02-01,Paid Search,Desktop,Australia,2025,2025-Q1,2025-02,3539,2884,1979,8325,1682,485808,148,14068.01
2025-02-01,Paid Search,Desktop,Canada,2025,2025-Q1,2025-02,4879,4009,2816,11488,2337,687906,209,19920.1
2025-02-01,Paid Search,Mobile,United States,2025,2025-Q1,2025-02,33259,26983,18750,63570,18091,4676292,1413,133839.74
2025-02-01,Paid Search,Mobile,United Kingdom,2025,2025-Q1,2025-02,11226,9234,6438,21273,6078,1603259,477,45348.85
2025-02-01,Paid Search,Mobile,Germany,2025,2025-Q1,2025-02,7499,6151,4268,14456,4092,1050980,322,30607.92
2025-02-01,Paid Search,Mobile,India,2025,2025-Q1,2025-02,9453,7720,5346,17765,5172,1333089,397,37595.55
2025-02-01,Paid Search,Mobile,Australia,2025,2025-Q1,2025-02,4343,3574,2482,8246,2383,606929,182,17549.72
2025-02-01,Paid Search,Mobile,Canada,2025,2025-Q1,2025-02,6001,4883,3390,11392,3273,864672,259,24831.98
2025-02-01,Paid Search,Tablet,United States,2025,2025-Q1,2025-02,5374,4409,3046,12708,2576,746094,234,22521.56
2025-02-01,Paid Search,Tablet,United Kingdom,2025,2025-Q1,2025-02,1771,1452,1003,4082,854,250232,75,7109.71
2025-02-01,Paid Search,Tablet,Germany,2025,2025-Q1,2025-02,1158,939,655,2722,550,161086,50,4775.93
2025-02-01,Paid Search,Tablet,India,2025,2025-Q1,2025-02,1512,1239,861,3496,714,219165,66,6214.71
2025-02-01,Paid Search,Tablet,Australia,2025,2025-Q1,2025-02,686,561,387,1623,330,96253,30,2880.5
2025-02-01,Paid Search,Tablet,Canada,2025,2025-Q1,2025-02,931,759,532,2138,439,130119,38,3578.15
2025-02-01,Direct,Desktop,United States,2025,2025-Q1,2025-02,33902,27804,9204,124525,12251,7459406,1325,127861.87
2025-02-01,Direct,Desktop,United Kingdom,2025,2025-Q1,2025-02,11327,9268,3085,41087,4053,2528185,431,40803.16
2025-02-01,Direct,Desktop,Germany,2025,2025-Q1,2025-02,7371,6008,1979,27122,2642,1630479,277,26513.24
2025-02-01,Direct,Desktop,India,2025,2025-Q1,2025-02,9761,7973,2666,35710,3488,2194960,379,35857.87
2025-02-01,Direct,Desktop,Australia,2025,2025-Q1,2025-02,4335,3542,1175,15770,1572,974423,172,16522.4
2025-02-01,Direct,Desktop,Canada,2025,2025-Q1,2025-02,5987,4866,1620,21645,2129,1331915,230,21845.31
2025-02-01,Direct,Mobile,United States,2025,2025-Q1,2025-02,41574,33837,11180,125203,16960,9261938,1610,153938.31
2025-02-01,Direct,Mobile,United Kingdom,2025,2025-Q1,2025-02,13695,11215,3752,40835,5592,3086534,522,49498.57
2025-02-01,Direct,Mobile,Germany,2025,2025-Q1,2025-02,9104,7487,2469,27060,3769,2047252,346,33584.7
2025-02-01,Direct,Mobile,India,2025,2025-Q1,2025-02,11983,9774,3280,35885,4906,2705835,460,43780.06
2025-02-01,Direct,Mobile,Australia,2025,2025-Q1,2025-02,5416,4436,1462,16030,2214,1186418,208,19849.67
2025-02-01,Direct,Mobile,Canada,2025,2025-Q1,2025-02,7619,6251,2057,23007,3115,1681893,298,28384.27
2025-02-01,Direct,Tablet,United States,2025,2025-Q1,2025-02,6537,5332,1779,23739,2329,1438957,249,23658.5
2025-02-01,Direct,Tablet,United Kingdom,2025,2025-Q1,2025-02,2196,1784,600,8029,780,504713,86,8099.37
2025-02-01,Direct,Tablet,Germany,2025,2025-Q1,2025-02,1450,1184,391,5320,517,319492,56,5357.37
2025-02-01,Direct,Tablet,India,2025,2025-Q1,2025-02,1856,1522,507,6716,662,412708,71,6752.29
2025-02-01,Direct,Tablet,Australia,2025,2025-Q1,2025-02,835,689,228,2984,301,186679,33,3153.18
2025-02-01,Direct,Tablet,Canada,2025,2025-Q1,2025-02,1174,958,320,4316,424,263025,46,4385.51
2025-02-01,Social,Desktop,United States,2025,2025-Q1,2025-02,18771,15399,11751,34337,12359,1418085,208,19750.27
2025-02-01,Social,Desktop,United Kingdom,2025,2025-Q1,2025-02,6365,5167,3959,11734,4174,482446,74,6994.96
2025-02-01,Social,Desktop,Germany,2025,2025-Q1,2025-02,4119,3391,2586,7530,2722,310071,45,4330.82
2025-02-01,Social,Desktop,India,2025,2025-Q1,2025-02,5369,4372,3312,9734,3504,406972,60,5800.41
2025-02-01,Social,Desktop,Australia,2025,2025-Q1,2025-02,2418,1982,1515,4398,1600,185922,27,2546.31
2025-02-01,Social,Desktop,Canada,2025,2025-Q1,2025-02,3356,2755,2109,6223,2209,255374,38,3643.99
2025-02-01,Social,Mobile,United States,2025,2025-Q1,2025-02,22812,18762,14328,33951,17319,1747836,247,23758.48
2025-02-01,Social,Mobile,United Kingdom,2025,2025-Q1,2025-02,7817,6379,4904,11591,5829,588571,89,8573.2
2025-02-01,Social,Mobile,Germany,2025,2025-Q1,2025-02,5130,4199,3181,7587,3869,387741,56,5306.28
2025-02-01,Social,Mobile,India,2025,2025-Q1,2025-02,6726,5490,4149,10239,5039,498255,76,7282.96
2025-02-01,Social,Mobile,Australia,2025,2025-Q1,2025-02,2990,2468,1890,4479,2260,227194,34,3231.52
2025-02-01,Social,Mobile,Canada,2025,2025-Q1,2025-02,4122,3345,2544,6085,3076,308937,43,4067.54
2025-02-01,Social,Tablet,United States,2025,2025-Q1,2025-02,3687,3023,2295,6728,2438,280451,41,3923.63
2025-02-01,Social,Tablet,United Kingdom,2025,2025-Q1,2025-02,1235,1012,773,2246,810,91819,12,1100.18
2025-02-01,Social,Tablet,Germany,2025,2025-Q1,2025-02,779,644,493,1383,516,60274,1,97.42
2025-02-01,Social,Tablet,India,2025,2025-Q1,2025-02,1056,865,657,1927,695,79176,9,839.03
2025-02-01,Social,Tablet,Australia,2025,2025-Q1,2025-02,468,384,290,843,304,35866,0,0
2025-02-01,Social,Tablet,Canada,2025,2025-Q1,2025-02,659,540,407,1201,437,48618,0,0
2025-02-01,Referral,Desktop,United States,2025,2025-Q1,2025-02,8110,6666,4276,21063,4225,1291055,156,15165.62
2025-02-01,Referral,Desktop,United Kingdom,2025,2025-Q1,2025-02,2780,2269,1459,7343,1445,438266,52,4965.65
2025-02-01,Referral,Desktop,Germany,2025,2025-Q1,2025-02,1782,1456,949,4674,923,285450,35,3318.71
2025-02-01,Referral,Desktop,India,2025,2025-Q1,2025-02,2420,1984,1282,6415,1252,379748,46,4363.73
2025-02-01,Referral,Desktop,Australia,2025,2025-Q1,2025-02,1046,853,550,2733,539,165787,23,2192.16
2025-02-01,Referral,Desktop,Canada,2025,2025-Q1,2025-02,1457,1196,771,3826,758,228527,29,2801.29
2025-02-01,Referral,Mobile,United States,2025,2025-Q1,2025-02,10247,8388,5389,21857,6038,1594183,192,17969.81
2025-02-01,Referral,Mobile,United Kingdom,2025,2025-Q1,2025-02,3533,2900,1855,7782,2102,544744,69,6621.97
2025-02-01,Referral,Mobile,Germany,2025,2025-Q1,2025-02,2247,1843,1187,4837,1317,354963,42,3974.76
2025-02-01,Referral,Mobile,India,2025,2025-Q1,2025-02,2973,2426,1559,6369,1759,468658,58,5554.21
2025-02-01,Referral,Mobile,Australia,2025,2025-Q1,2025-02,1325,1080,706,2866,770,211988,28,2642.66
2025-02-01,Referral,Mobile,Canada,2025,2025-Q1,2025-02,1894,1563,1013,4096,1128,300684,38,3637.85
2025-02-01,Referral,Tablet,United States,2025,2025-Q1,2025-02,1570,1299,847,4104,815,249106,31,2990.01
2025-02-01,Referral,Tablet,United Kingdom,2025,2025-Q1,2025-02,549,450,287,1451,285,86574,5,486.19
2025-02-01,Referral,Tablet,Germany,2025,2025-Q1,2025-02,354,290,187,930,183,55455,0,0
2025-02-01,Referral,Tablet,India,2025,2025-Q1,2025-02,473,390,249,1237,245,72915,2,198.05
2025-02-01,Referral,Tablet,Australia,2025,2025-Q1,2025-02,208,167,109,548,106,33177,0,0
2025-02-01,Referral,Tablet,Canada,2025,2025-Q1,2025-02,284,231,148,739,147,44870,0,0
2025-02-01,Email,Desktop,United States,2025,2025-Q1,2025-02,11165,9133,1986,32673,3660,2314212,654,61752.67
2025-02-01,Email,Desktop,United Kingdom,2025,2025-Q1,2025-02,3852,3140,670,11427,1277,788064,227,21742.85
2025-02-01,Email,Desktop,Germany,2025,2025-Q1,2025-02,2467,2016,435,7271,810,506172,147,13958.31
2025-02-01,Email,Desktop,India,2025,2025-Q1,2025-02,3303,2722,582,9562,1101,673526,186,17925.61
2025-02-01,Email,Desktop,Australia,2025,2025-Q1,2025-02,1482,1218,265,4371,486,300976,88,8418.82
2025-02-01,Email,Desktop,Canada,2025,2025-Q1,2025-02,2006,1642,352,5809,655,411307,117,11031.26
2025-02-01,Email,Mobile,United States,2025,2025-Q1,2025-02,14047,11520,2482,34141,5266,2869377,840,79845.45
2025-02-01,Email,Mobile,United Kingdom,2025,2025-Q1,2025-02,4820,3942,844,11416,1802,972432,276,26378.2
2025-02-01,Email,Mobile,Germany,2025,2025-Q1,2025-02,3119,2542,553,7538,1156,647394,186,17767.21
2025-02-01,Email,Mobile,India,2025,2025-Q1,2025-02,4128,3378,727,9818,1553,850620,241,22934.02
2025-02-01,Email,Mobile,Australia,2025,2025-Q1,2025-02,1795,1460,314,4353,669,360875,106,10143.61
2025-02-01,Email,Mobile,Canada,2025,2025-Q1,2025-02,2480,2051,438,5859,930,516910,146,14003.35
2025-02-01,Email,Tablet,United States,2025,2025-Q1,2025-02,2177,1760,376,6309,707,441988,127,12086.07
2025-02-01,Email,Tablet,United Kingdom,2025,2025-Q1,2025-02,759,626,133,2200,254,153606,43,4106.15
2025-02-01,Email,Tablet,Germany,2025,2025-Q1,2025-02,481,393,85,1429,160,99559,30,2887.53
2025-02-01,Email,Tablet,India,2025,2025-Q1,2025-02,623,510,110,1813,208,127135,36,3419.9
2025-02-01,Email,Tablet,Australia,2025,2025-Q1,2025-02,287,234,49,853,96,57928,21,1995.41
2025-02-01,Email,Tablet,Canada,2025,2025-Q1,2025-02,401,328,74,1177,134,81780,24,2293.37
2025-02-01,Display,Desktop,United States,2025,2025-Q1,2025-02,6674,5466,4321,10124,4746,357125,49,4669.5
2025-02-01,Display,Desktop,United Kingdom,2025,2025-Q1,2025-02,2280,1884,1483,3402,1657,123000,17,1626.35
2025-02-01,Display,Desktop,Germany,2025,2025-Q1,2025-02,1460,1192,945,2222,1051,77721,6,569.56
2025-02-01,Display,Desktop,India,2025,2025-Q1,2025-02,1921,1582,1262,2889,1376,104473,13,1179.21
2025-02-01,Display,Desktop,Australia,2025,2025-Q1,2025-02,885,722,564,1360,635,46583,0,0
2025-02-01,Display,Desktop,Canada,2025,2025-Q1,2025-02,1209,991,789,1858,871,64199,2,196.72
2025-02-01,Display,Mobile,United States,2025,2025-Q1,2025-02,8404,6817,5408,10540,6834,458964,59,5570.03
2025-02-01,Display,Mobile,United Kingdom,2025,2025-Q1,2025-02,2761,2255,1808,3436,2245,151329,21,1997.78
2025-02-01,Display,Mobile,Germany,2025,2025-Q1,2025-02,1827,1493,1171,2278,1487,96456,11,1027.26
2025-02-01,Display,Mobile,India,2025,2025-Q1,2025-02,2336,1920,1533,2859,1914,128810,16,1509.55
2025-02-01,Display,Mobile,Australia,2025,2025-Q1,2025-02,1082,890,702,1349,884,57516,0,0
2025-02-01,Display,Mobile,Canada,2025,2025-Q1,2025-02,1480,1199,948,1844,1202,80512,6,569.87
2025-02-01,Display,Tablet,United States,2025,2025-Q1,2025-02,1309,1073,857,2015,946,71436,4,391.88
2025-02-01,Display,Tablet,United Kingdom,2025,2025-Q1,2025-02,440,361,283,656,314,23704,0,0
2025-02-01,Display,Tablet,Germany,2025,2025-Q1,2025-02,292,238,184,451,212,15515,0,0
2025-02-01,Display,Tablet,India,2025,2025-Q1,2025-02,373,307,246,564,267,20446,0,0
2025-02-01,Display,Tablet,Australia,2025,2025-Q1,2025-02,170,138,105,262,129,9085,0,0
2025-02-01,Display,Tablet,Canada,2025,2025-Q1,2025-02,227,186,149,340,162,12383,0,0
2025-03-01,Organic Search,Desktop,United States,2025,2025-Q1,2025-03,81385,66537,39726,257923,33369,14417400,2522,241989.74
2025-03-01,Organic Search,Desktop,United Kingdom,2025,2025-Q1,2025-03,27493,22549,13705,87000,11245,4992604,871,82762.03
2025-03-01,Organic Search,Desktop,Germany,2025,2025-Q1,2025-03,17931,14681,8792,55964,7369,3194576,561,53941
2025-03-01,Organic Search,Desktop,India,2025,2025-Q1,2025-03,23759,19373,11759,75093,9643,4299414,750,70704.22
2025-03-01,Organic Search,Desktop,Australia,2025,2025-Q1,2025-03,10475,8556,5168,32423,4291,1900442,326,31357.8
2025-03-01,Organic Search,Desktop,Canada,2025,2025-Q1,2025-03,14836,12142,7345,47226,6050,2707786,471,44622.75
2025-03-01,Organic Search,Mobile,United States,2025,2025-Q1,2025-03,100595,82377,49899,258137,46738,18074059,3173,303219.76
2025-03-01,Organic Search,Mobile,United Kingdom,2025,2025-Q1,2025-03,33873,27574,16790,86253,15785,6323872,1071,100752.39
2025-03-01,Organic Search,Mobile,Germany,2025,2025-Q1,2025-03,22331,18324,11014,58199,10488,3954326,701,67923.53
2025-03-01,Organic Search,Mobile,India,2025,2025-Q1,2025-03,28994,23792,14422,74811,13531,5316375,919,88168.39
2025-03-01,Organic Search,Mobile,Australia,2025,2025-Q1,2025-03,12953,10603,6396,32999,6104,2350266,395,37638.03
2025-03-01,Organic Search,Mobile,Canada,2025,2025-Q1,2025-03,18351,14985,9147,47918,8562,3303837,586,55707.16
2025-03-01,Organic Search,Tablet,United States,2025,2025-Q1,2025-03,15871,12975,7758,50297,6510,2835669,501,47803.47
2025-03-01,Organic Search,Tablet,United Kingdom,2025,2025-Q1,2025-03,5287,4316,2634,16501,2161,965863,167,15869.43
2025-03-01,Organic Search,Tablet,Germany,2025,2025-Q1,2025-03,3512,2873,1746,11093,1432,640411,110,10413.41
2025-03-01,Organic Search,Tablet,India,2025,2025-Q1,2025-03,4537,3686,2245,14226,1824,822655,144,13563.97
2025-03-01,Organic Search,Tablet,Australia,2025,2025-Q1,2025-03,2053,1690,1024,6389,843,370686,65,6225.57
2025-03-01,Organic Search,Tablet,Canada,2025,2025-Q1,2025-03,2816,2299,1395,8835,1154,508855,91,8797.65
2025-03-01,Paid Search,Desktop,United States,2025,2025-Q1,2025-03,32919,26923,18438,76411,15909,4623111,1391,133749.38
2025-03-01,Paid Search,Desktop,United Kingdom,2025,2025-Q1,2025-03,11099,8984,6229,25977,5236,1546963,481,45729.29
2025-03-01,Paid Search,Desktop,Germany,2025,2025-Q1,2025-03,7273,5982,4153,16786,3489,1034847,313,29903.63
2025-03-01,Paid Search,Desktop,India,2025,2025-Q1,2025-03,9495,7718,5348,22356,4516,1344144,407,38482.65
2025-03-01,Paid Search,Desktop,Australia,2025,2025-Q1,2025-03,4169,3428,2397,9636,1988,592336,176,16736.77
2025-03-01,Paid Search,Desktop,Canada,2025,2025-Q1,2025-03,5882,4788,3293,13659,2828,830753,254,24433.5
2025-03-01,Paid Search,Mobile,United States,2025,2025-Q1,2025-03,40837,33780,23283,78302,22508,5693440,1742,168561.36
2025-03-01,Paid Search,Mobile,United Kingdom,2025,2025-Q1,2025-03,13881,11379,7893,26528,7569,1939243,592,56201.3
2025-03-01,Paid Search,Mobile,Germany,2025,2025-Q1,2025-03,8899,7331,5071,16783,4914,1247191,371,35583.23
2025-03-01,Paid Search,Mobile,India,2025,2025-Q1,2025-03,11921,9725,6780,22891,6461,1656448,518,49281.66
2025-03-01,Paid Search,Mobile,Australia,2025,2025-Q1,2025-03,5245,4293,2994,10026,2865,748771,224,21338.69
2025-03-01,Paid Search,Mobile,Canada,2025,2025-Q1,2025-03,7360,6024,4133,14190,3997,1008310,314,29983.88
2025-03-01,Paid Search,Tablet,United States,2025,2025-Q1,2025-03,6352,5170,3581,14731,3032,894322,269,25641.57
2025-03-01,Paid Search,Tablet,United Kingdom,2025,2025-Q1,2025-03,2144,1737,1218,5033,1018,301326,90,8509.17
2025-03-01,Paid Search,Tablet,Germany,2025,2025-Q1,2025-03,1397,1153,799,3208,671,197212,59,5658.59
2025-03-01,Paid Search,Tablet,India,2025,2025-Q1,2025-03,1857,1523,1057,4328,895,260130,79,7524.56
2025-03-01,Paid Search,Tablet,Australia,2025,2025-Q1,2025-03,803,653,454,1837,384,113233,37,3539.44
2025-03-01,Paid Search,Tablet,Canada,2025,2025-Q1,2025-03,1172,964,662,2723,564,163328,48,4587.75
2025-03-01,Direct,Desktop,United States,2025,2025-Q1,2025-03,40194,32849,10915,145565,14474,9060231,1526,144048.45
2025-03-01,Direct,Desktop,United Kingdom,2025,2025-Q1,2025-03,13823,11237,3736,50909,4940,3071305,543,51802
2025-03-01,Direct,Desktop,Germany,2025,2025-Q1,2025-03,8715,7113,2367,31195,3110,1998475,337,31826.99
2025-03-01,Direct,Desktop,India,2025,2025-Q1,2025-03,11756,9658,3203,43117,4259,2633218,457,43777.12
2025-03-01,Direct,Desktop,Australia,2025,2025-Q1,2025-03,5192,4255,1420,18701,1848,1178375,195,18351.96
2025-03-01,Direct,Desktop,Canada,2025,2025-Q1,2025-03,7320,6039,1999,26683,2647,1616963,280,26862.23
2025-03-01,Direct,Mobile,United States,2025,2025-Q1,2025-03,49950,41310,13752,147129,20660,11127941,1885,179325.91
2025-03-01,Direct,Mobile,United Kingdom,2025,2025-Q1,2025-03,17337,14135,4685,52714,7081,3828695,677,64680.82
2025-03-01,Direct,Mobile,Germany,2025,2025-Q1,2025-03,11181,9173,3062,33529,4558,2502822,428,40487.88
2025-03-01,Direct,Mobile,India,2025,2025-Q1,2025-03,14833,12126,3984,44624,6082,3220154,566,54352.11
2025-03-01,Direct,Mobile,Australia,2025,2025-Q1,2025-03,6520,5339,1785,19393,2667,1465795,252,23895.08
2025-03-01,Direct,Mobile,Canada,2025,2025-Q1,2025-03,8898,7274,2430,26733,3646,2025263,341,32435.19
2025-03-01,Direct,Tablet,United States,2025,2025-Q1,2025-03,7972,6526,2162,28796,2880,1790889,308,29294.39
2025-03-01,Direct,Tablet,United Kingdom,2025,2025-Q1,2025-03,2653,2172,718,9642,956,582434,102,9835.92
2025-03-01,Direct,Tablet,Germany,2025,2025-Q1,2025-03,1684,1383,461,6037,604,382177,64,6093.7
2025-03-01,Direct,Tablet,India,2025,2025-Q1,2025-03,2297,1873,617,8338,829,514334,86,8212.34
2025-03-01,Direct,Tablet,Australia,2025,2025-Q1,2025-03,1034,845,280,3818,373,230449,39,3713.65
2025-03-01,Direct,Tablet,Canada,2025,2025-Q1,2025-03,1406,1155,380,5078,508,307897,55,5314.4
2025-03-01,Social,Desktop,United States,2025,2025-Q1,2025-03,22064,17974,13816,39807,14438,1708183,244,23050.11
2025-03-01,Social,Desktop,United Kingdom,2025,2025-Q1,2025-03,7688,6313,4805,14018,5059,578134,88,8428.19
2025-03-01,Social,Desktop,Germany,2025,2025-Q1,2025-03,4883,3999,3079,8841,3190,379317,54,5127.95
2025-03-01,Social,Desktop,India,2025,2025-Q1,2025-03,6550,5377,4063,11929,4350,490021,71,6772.22
2025-03-01,Social,Desktop,Australia,2025,2025-Q1,2025-03,2941,2409,1853,5449,1948,221952,34,3272.01
2025-03-01,Social,Desktop,Canada,2025,2025-Q1,2025-03,4032,3315,2514,7183,2659,303659,45,4261.77
2025-03-01,Social,Mobile,United States,2025,2025-Q1,2025-03,27826,22682,17339,41518,20754,2112212,311,29623.47
2025-03-01,Social,Mobile,United Kingdom,2025,2025-Q1,2025-03,9830,8088,6099,14803,7405,734862,110,10501.57
2025-03-01,Social,Mobile,Germany,2025,2025-Q1,2025-03,6043,4918,3774,9015,4526,458588,67,6353.57
2025-03-01,Social,Mobile,India,2025,2025-Q1,2025-03,8154,6708,5143,12169,6080,618642,89,8480.1
2025-03-01,Social,Mobile,Australia,2025,2025-Q1,2025-03,3656,2956,2253,5455,2717,278923,40,3796.74
2025-03-01,Social,Mobile,Canada,2025,2025-Q1,2025-03,5022,4111,3130,7508,3788,376286,57,5414.04
2025-03-01,Social,Tablet,United States,2025,2025-Q1,2025-03,4343,3545,2703,7809,2856,333161,46,4327.94
2025-03-01,Social,Tablet,United Kingdom,2025,2025-Q1,2025-03,1506,1234,940,2728,998,114513,16,1505.6
2025-03-01,Social,Tablet,Germany,2025,2025-Q1,2025-03,975,796,604,1788,639,73711,5,481.01
2025-03-01,Social,Tablet,India,2025,2025-Q1,2025-03,1265,1039,784,2303,842,95558,13,1204.21
2025-03-01,Social,Tablet,Australia,2025,2025-Q1,2025-03,572,467,357,1046,378,42699,0,0
2025-03-01,Social,Tablet,Canada,2025,2025-Q1,2025-03,789,647,497,1443,522,60875,0,0
2025-03-01,Referral,Desktop,United States,2025,2025-Q1,2025-03,9992,8157,5303,26235,5138,1591953,190,17841.49
2025-03-01,Referral,Desktop,United Kingdom,2025,2025-Q1,2025-03,3332,2748,1769,8737,1735,519360,64,6113.71
2025-03-01,Referral,Desktop,Germany,2025,2025-Q1,2025-03,2223,1821,1174,5905,1155,343654,43,4123.12
2025-03-01,Referral,Desktop,India,2025,2025-Q1,2025-03,2872,2361,1516,7393,1501,457613,56,5348.41
2025-03-01,Referral,Desktop,Australia,2025,2025-Q1,2025-03,1310,1066,685,3496,677,203004,27,2553.79
2025-03-01,Referral,Desktop,Canada,2025,2025-Q1,2025-03,1805,1478,961,4767,933,288485,36,3449.46
2025-03-01,Referral,Mobile,United States,2025,2025-Q1,2025-03,12307,10032,6505,26615,7257,1915296,237,22575.84
2025-03-01,Referral,Mobile,United Kingdom,2025,2025-Q1,2025-03,4150,3392,2184,8829,2441,665126,80,7580.97
2025-03-01,Referral,Mobile,Germany,2025,2025-Q1,2025-03,2720,2213,1436,5901,1601,431268,52,4918.06
2025-03-01,Referral,Mobile,India,2025,2025-Q1,2025-03,3561,2919,1879,7618,2099,563396,70,6635.08
2025-03-01,Referral,Mobile,Australia,2025,2025-Q1,2025-03,1608,1325,856,3458,954,252268,31,2985.43
2025-03-01,Referral,Mobile,Canada,2025,2025-Q1,2025-03,2175,1773,1145,4634,1283,346008,42,3988.59
2025-03-01,Referral,Tablet,United States,2025,2025-Q1,2025-03,1952,1591,1026,5191,1013,310185,38,3650.24
2025-03-01,Referral,Tablet,United Kingdom,2025,2025-Q1,2025-03,664,544,351,1749,345,103052,9,841.17
2025-03-01,Referral,Tablet,Germany,2025,2025-Q1,2025-03,431,350,228,1147,228,66792,0,0
2025-03-01,Referral,Tablet,India,2025,2025-Q1,2025-03,565,464,297,1483,291,90183,6,576.32
2025-03-01,Referral,Tablet,Australia,2025,2025-Q1,2025-03,253,206,134,678,131,39901,0,0
2025-03-01,Referral,Tablet,Canada,2025,2025-Q1,2025-03,350,285,185,923,181,55497,0,0
2025-03-01,Email,Desktop,United States,2025,2025-Q1,2025-03,13832,11269,2408,40887,4595,2803393,823,78951.09
2025-03-01,Email,Desktop,United Kingdom,2025,2025-Q1,2025-03,4563,3768,811,13256,1499,926732,264,25032.77
2025-03-01,Email,Desktop,Germany,2025,2025-Q1,2025-03,3094,2534,539,9104,1016,624109,178,17035.72
2025-03-01,Email,Desktop,India,2025,2025-Q1,2025-03,3994,3260,705,11759,1306,824164,235,22162.78
2025-03-01,Email,Desktop,Australia,2025,2025-Q1,2025-03,1782,1452,312,5184,585,360709,105,10056.46
2025-03-01,Email,Desktop,Canada,2025,2025-Q1,2025-03,2446,1999,427,7120,802,501888,144,13626.35
2025-03-01,Email,Mobile,United States,2025,2025-Q1,2025-03,17014,13829,2978,40808,6313,3457288,1003,95129.35
2025-03-01,Email,Mobile,United Kingdom,2025,2025-Q1,2025-03,5741,4692,1011,13822,2144,1175481,340,32187.54
2025-03-01,Email,Mobile,Germany,2025,2025-Q1,2025-03,3698,3027,650,8878,1390,754674,212,20370.53
2025-03-01,Email,Mobile,India,2025,2025-Q1,2025-03,4807,3940,856,11526,1818,992828,279,26578.69
2025-03-01,Email,Mobile,Australia,2025,2025-Q1,2025-03,2234,1827,393,5310,845,457172,132,12686.33
2025-03-01,Email,Mobile,Canada,2025,2025-Q1,2025-03,3134,2564,551,7643,1179,637846,187,17845.54
2025-03-01,Email,Tablet,United States,2025,2025-Q1,2025-03,2695,2217,475,7931,888,543469,160,15287.03
2025-03-01,Email,Tablet,United Kingdom,2025,2025-Q1,2025-03,898,733,158,2655,294,189210,52,4899.67
2025-03-01,Email,Tablet,Germany,2025,2025-Q1,2025-03,598,488,105,1771,194,120599,34,3254.08
2025-03-01,Email,Tablet,India,2025,2025-Q1,2025-03,777,633,137,2290,256,160106,44,4150.78
2025-03-01,Email,Tablet,Australia,2025,2025-Q1,2025-03,351,289,60,1009,114,71360,22,2102.95
2025-03-01,Email,Tablet,Canada,2025,2025-Q1,2025-03,473,386,83,1378,154,97583,31,2969.64
2025-03-01,Display,Desktop,United States,2025,2025-Q1,2025-03,8263,6764,5323,12500,5963,443189,58,5567.14
2025-03-01,Display,Desktop,United Kingdom,2025,2025-Q1,2025-03,2735,2220,1770,4167,1950,148644,22,2093.25
2025-03-01,Display,Desktop,Germany,2025,2025-Q1,2025-03,1797,1473,1157,2738,1290,95432,7,663.73
2025-03-01,Display,Desktop,India,2025,2025-Q1,2025-03,2321,1886,1489,3522,1661,124797,17,1585.25
2025-03-01,Display,Desktop,Australia,2025,2025-Q1,2025-03,1050,864,685,1589,754,56743,0,0
2025-03-01,Display,Desktop,Canada,2025,2025-Q1,2025-03,1447,1175,926,2201,1027,78128,3,292.1
2025-03-01,Display,Mobile,United States,2025,2025-Q1,2025-03,9925,8165,6475,12415,8223,538339,67,6442.95
2025-03-01,Display,Mobile,United Kingdom,2025,2025-Q1,2025-03,3387,2778,2198,4175,2770,181653,26,2464.46
2025-03-01,Display,Mobile,Germany,2025,2025-Q1,2025-03,2220,1814,1430,2721,1826,120938,14,1283.83
2025-03-01,Display,Mobile,India,2025,2025-Q1,2025-03,2924,2387,1876,3668,2393,154240,26,2508.37
2025-03-01,Display,Mobile,Australia,2025,2025-Q1,2025-03,1317,1092,861,1637,1090,70890,1,97.91
2025-03-01,Display,Mobile,Canada,2025,2025-Q1,2025-03,1793,1466,1149,2249,1474,94674,9,835.97
2025-03-01,Display,Tablet,United States,2025,2025-Q1,2025-03,1600,1299,1016,2410,1147,85979,4,382.03
2025-03-01,Display,Tablet,United Kingdom,2025,2025-Q1,2025-03,539,437,348,828,382,28720,0,0
2025-03-01,Display,Tablet,Germany,2025,2025-Q1,2025-03,346,287,230,516,249,18913,0,0
2025-03-01,Display,Tablet,India,2025,2025-Q1,2025-03,456,371,295,689,329,24334,0,0
2025-03-01,Display,Tablet,Australia,2025,2025-Q1,2025-03,197,157,123,294,142,10801,0,0
2025-03-01,Display,Tablet,Canada,2025,2025-Q1,2025-03,289,241,186,441,210,15186,0,0
2025-04-01,Organic Search,Desktop,United States,2025,2025-Q2,2025-04,87780,71825,44014,275308,35736,16177511,2737,259118.35
2025-04-01,Organic Search,Desktop,United Kingdom,2025,2025-Q2,2025-04,29957,24314,14656,94286,12179,5336539,952,90603.42
2025-04-01,Organic Search,Desktop,Germany,2025,2025-Q2,2025-04,19350,15916,9657,60308,7924,3511779,603,57516.7
2025-04-01,Organic Search,Desktop,India,2025,2025-Q2,2025-04,25531,20922,12641,80244,10575,4637300,799,77607
2025-04-01,Organic Search,Desktop,Australia,2025,2025-Q2,2025-04,11487,9377,5698,35907,4664,2092955,359,33494.75
2025-04-01,Organic Search,Desktop,Canada,2025,2025-Q2,2025-04,15974,13126,7944,50586,6577,2908318,496,47575.49
2025-04-01,Organic Search,Mobile,United States,2025,2025-Q2,2025-04,109948,90468,54810,277625,51824,20103239,3400,325392.66
2025-04-01,Organic Search,Mobile,United Kingdom,2025,2025-Q2,2025-04,37508,30584,18518,97111,17450,6667151,1181,112944.14
2025-04-01,Organic Search,Mobile,Germany,2025,2025-Q2,2025-04,24307,20058,12247,63299,11306,4471900,770,72909.24
2025-04-01,Organic Search,Mobile,India,2025,2025-Q2,2025-04,32039,26163,15617,82625,14936,5677018,1006,96357.92
2025-04-01,Organic Search,Mobile,Australia,2025,2025-Q2,2025-04,14284,11647,7112,36914,6659,2576015,447,42388.75
2025-04-01,Organic Search,Mobile,Canada,2025,2025-Q2,2025-04,19633,15996,9724,49299,9065,3606831,609,58281.92
2025-04-01,Organic Search,Tablet,United States,2025,2025-Q2,2025-04,17173,14103,8601,53164,7019,3139046,528,50275.62
2025-04-01,Organic Search,Tablet,United Kingdom,2025,2025-Q2,2025-04,5828,4804,2897,18167,2390,1041174,184,17704.17
2025-04-01,Organic Search,Tablet,Germany,2025,2025-Q2,2025-04,3678,3009,1829,11352,1512,676732,112,10703.38
2025-04-01,Organic Search,Tablet,India,2025,2025-Q2,2025-04,5071,4152,2509,15980,2072,908522,158,15263.09
2025-04-01,Organic Search,Tablet,Australia,2025,2025-Q2,2025-04,2290,1864,1127,7294,934,415808,73,6967.38
2025-04-01,Organic Search,Tablet,Canada,2025,2025-Q2,2025-04,3063,2511,1510,9590,1261,544036,92,8819.6
2025-04-01,Paid Search,Desktop,United States,2025,2025-Q2,2025-04,35041,28839,20090,80875,16723,5008179,1484,141772.53
2025-04-01,Paid Search,Desktop,United Kingdom,2025,2025-Q2,2025-04,12224,10117,7045,28450,5922,1719646,510,49058.2
2025-04-01,Paid Search,Desktop,Germany,2025,2025-Q2,2025-04,7756,6281,4384,17925,3679,1090445,332,30951.88
2025-04-01,Paid Search,Desktop,India,2025,2025-Q2,2025-04,10396,8536,5918,24419,4996,1447319,435,41819.46
2025-04-01,Paid Search,Desktop,Australia,2025,2025-Q2,2025-04,4669,3815,2640,10998,2246,659695,203,19622.44
2025-04-01,Paid Search,Desktop,Canada,2025,2025-Q2,2025-04,6340,5214,3623,14462,3051,887654,260,24622.73
2025-04-01,Paid Search,Mobile,United States,2025,2025-Q2,2025-04,44813,36677,25516,85452,24214,6390664,1917,181630.24
2025-04-01,Paid Search,Mobile,United Kingdom,2025,2025-Q2,2025-04,15140,12351,8447,29199,8323,2081304,643,61781.63
2025-04-01,Paid Search,Mobile,Germany,2025,2025-Q2,2025-04,9721,7904,5516,18374,5254,1353053,420,40024.43
2025-04-01,Paid Search,Mobile,India,2025,2025-Q2,2025-04,12815,10509,7324,24102,6990,1831017,540,51376.55
2025-04-01,Paid Search,Mobile,Australia,2025,2025-Q2,2025-04,5775,4682,3241,11085,3105,804755,245,23118.08
2025-04-01,Paid Search,Mobile,Canada,2025,2025-Q2,2025-04,7838,6423,4486,14820,4269,1107887,333,31566.63
2025-04-01,Paid Search,Tablet,United States,2025,2025-Q2,2025-04,6852,5635,3940,15858,3290,971854,289,27587.61
2025-04-01,Paid Search,Tablet,United Kingdom,2025,2025-Q2,2025-04,2402,1969,1355,5565,1158,333556,101,9741.7
2025-04-01,Paid Search,Tablet,Germany,2025,2025-Q2,2025-04,1563,1280,884,3691,745,217516,68,6454.97
2025-04-01,Paid Search,Tablet,India,2025,2025-Q2,2025-04,2003,1648,1137,4665,968,279577,84,8126.86
2025-04-01,Paid Search,Tablet,Australia,2025,2025-Q2,2025-04,912,747,520,2132,437,128242,38,3632.18
2025-04-01,Paid Search,Tablet,Canada,2025,2025-Q2,2025-04,1238,1010,709,2872,597,179062,54,5134.38
2025-04-01,Direct,Desktop,United States,2025,2025-Q2,2025-04,43640,35350,11895,159894,15539,9786474,1680,158175.78
2025-04-01,Direct,Desktop,United Kingdom,2025,2025-Q2,2025-04,15064,12387,4101,54886,5415,3357912,575,55098.55
2025-04-01,Direct,Desktop,Germany,2025,2025-Q2,2025-04,9953,8158,2706,37189,3597,2202941,393,37495.54
2025-04-01,Direct,Desktop,India,2025,2025-Q2,2025-04,12587,10293,3421,44778,4498,2800378,468,44798.15
2025-04-01,Direct,Desktop,Australia,2025,2025-Q2,2025-04,5837,4786,1578,21478,2092,1295139,225,21493.37
2025-04-01,Direct,Desktop,Canada,2025,2025-Q2,2025-04,7854,6394,2152,28821,2813,1779452,308,29172.16
2025-04-01,Direct,Mobile,United States,2025,2025-Q2,2025-04,54683,44327,14704,164124,22232,12092997,2129,202482.66
2025-04-01,Direct,Mobile,United Kingdom,2025,2025-Q2,2025-04,18512,15214,5068,54709,7529,4119568,699,66576.17
2025-04-01,Direct,Mobile,Germany,2025,2025-Q2,2025-04,12107,9814,3258,36369,4917,2718695,470,44563.11
2025-04-01,Direct,Mobile,India,2025,2025-Q2,2025-04,15865,12934,4283,47027,6486,3552904,605,56955.14
2025-04-01,Direct,Mobile,Australia,2025,2025-Q2,2025-04,7117,5853,1937,21329,2939,1587075,274,26324.41
2025-04-01,Direct,Mobile,Canada,2025,2025-Q2,2025-04,9740,7973,2650,28645,3984,2197521,371,35497.16
2025-04-01,Direct,Tablet,United States,2025,2025-Q2,2025-04,8696,7068,2346,31997,3104,1948170,342,32645.31
2025-04-01,Direct,Tablet,United Kingdom,2025,2025-Q2,2025-04,2949,2435,809,10865,1070,654036,114,10934.84
2025-04-01,Direct,Tablet,Germany,2025,2025-Q2,2025-04,1917,1561,519,7068,685,427350,77,7357.96
2025-04-01,Direct,Tablet,India,2025,2025-Q2,2025-04,2474,2023,683,8984,885,561889,93,8771.73
2025-04-01,Direct,Tablet,Australia,2025,2025-Q2,2025-04,1141,928,304,4187,407,250656,44,4198.14
2025-04-01,Direct,Tablet,Canada,2025,2025-Q2,2025-04,1567,1286,431,5726,561,356377,60,5685.12
2025-04-01,Social,Desktop,United States,2025,2025-Q2,2025-04,25098,20515,15506,46650,16456,1863813,279,26866.96
2025-04-01,Social,Desktop,United Kingdom,2025,2025-Q2,2025-04,8256,6750,5144,14781,5455,630977,90,8628.37
2025-04-01,Social,Desktop,Germany,2025,2025-Q2,2025-04,5444,4425,3352,9995,3590,406109,60,5746.97
2025-04-01,Social,Desktop,India,2025,2025-Q2,2025-04,7182,5886,4560,13204,4712,549131,82,7757.74
2025-04-01,Social,Desktop,Australia,2025,2025-Q2,2025-04,3230,2629,1972,5833,2128,239153,38,3656.27
2025-04-01,Social,Desktop,Canada,2025,2025-Q2,2025-04,4466,3643,2773,8160,2940,335672,48,4551.02
2025-04-01,Social,Mobile,United States,2025,2025-Q2,2025-04,31013,25281,19341,46590,23059,2362766,346,32567.91
2025-04-01,Social,Mobile,United Kingdom,2025,2025-Q2,2025-04,10253,8336,6386,15206,7657,789842,115,10827.21
2025-04-01,Social,Mobile,Germany,2025,2025-Q2,2025-04,6743,5542,4207,10074,5074,505759,74,7106.91
2025-04-01,Social,Mobile,India,2025,2025-Q2,2025-04,8710,7133,5471,12753,6581,673845,98,9435.59
2025-04-01,Social,Mobile,Australia,2025,2025-Q2,2025-04,3978,3256,2473,5916,2997,298660,42,3968.06
2025-04-01,Social,Mobile,Canada,2025,2025-Q2,2025-04,5609,4592,3517,8560,4194,420503,64,6118.38
2025-04-01,Social,Tablet,United States,2025,2025-Q2,2025-04,4862,3960,3020,8977,3220,363033,54,5171.05
2025-04-01,Social,Tablet,United Kingdom,2025,2025-Q2,2025-04,1615,1326,1018,2908,1046,125454,21,1990.38
2025-04-01,Social,Tablet,Germany,2025,2025-Q2,2025-04,1074,877,665,1990,708,81260,7,664.21
2025-04-01,Social,Tablet,India,2025,2025-Q2,2025-04,1381,1128,872,2513,900,104926,14,1284.67
2025-04-01,Social,Tablet,Australia,2025,2025-Q2,2025-04,629,519,398,1138,419,47439,0,0
2025-04-01,Social,Tablet,Canada,2025,2025-Q2,2025-04,849,685,520,1538,554,64337,2,194.78
2025-04-01,Referral,Desktop,United States,2025,2025-Q2,2025-04,10892,8913,5724,28855,5667,1709261,203,19528.77
2025-04-01,Referral,Desktop,United Kingdom,2025,2025-Q2,2025-04,3718,3029,1970,9772,1918,590900,72,6861.36
2025-04-01,Referral,Desktop,Germany,2025,2025-Q2,2025-04,2402,1965,1257,6311,1255,374689,46,4384.65
2025-04-01,Referral,Desktop,India,2025,2025-Q2,2025-04,3132,2557,1651,8246,1613,490286,61,5829.48
2025-04-01,Referral,Desktop,Australia,2025,2025-Q2,2025-04,1405,1161,755,3696,729,224398,28,2693.78
2025-04-01,Referral,Desktop,Canada,2025,2025-Q2,2025-04,1957,1586,1020,5162,1000,308721,38,3623.18
2025-04-01,Referral,Mobile,United States,2025,2025-Q2,2025-04,13541,11126,7151,29099,8083,2137625,261,25345.09
2025-04-01,Referral,Mobile,United Kingdom,2025,2025-Q2,2025-04,4518,3702,2407,9670,2685,717614,84,8004.52
2025-04-01,Referral,Mobile,Germany,2025,2025-Q2,2025-04,2960,2435,1571,6324,1760,463093,58,5549.41
2025-04-01,Referral,Mobile,India,2025,2025-Q2,2025-04,4005,3275,2111,8713,2360,616107,78,7427.89
2025-04-01,Referral,Mobile,Australia,2025,2025-Q2,2025-04,1749,1431,915,3829,1040,272626,34,3273
2025-04-01,Referral,Mobile,Canada,2025,2025-Q2,2025-04,2454,2005,1292,5291,1447,379698,46,4400.11
2025-04-01,Referral,Tablet,United States,2025,2025-Q2,2025-04,2150,1749,1125,5677,1106,334324,40,3805.28
2025-04-01,Referral,Tablet,United Kingdom,2025,2025-Q2,2025-04,720,588,384,1897,371,113309,11,1009.19
2025-04-01,Referral,Tablet,Germany,2025,2025-Q2,2025-04,467,382,244,1205,241,73308,0,0
2025-04-01,Referral,Tablet,India,2025,2025-Q2,2025-04,611,500,325,1611,318,96500,5,480.24
2025-04-01,Referral,Tablet,Australia,2025,2025-Q2,2025-04,272,228,144,704,139,42894,0,0
2025-04-01,Referral,Tablet,Canada,2025,2025-Q2,2025-04,399,326,210,1058,207,62335,0,0
2025-04-01,Email,Desktop,United States,2025,2025-Q2,2025-04,15075,12365,2637,44503,4954,3017799,888,84116.48
2025-04-01,Email,Desktop,United Kingdom,2025,2025-Q2,2025-04,5093,4167,894,15100,1670,1036446,303,29097.38
2025-04-01,Email,Desktop,Germany,2025,2025-Q2,2025-04,3278,2691,578,9568,1086,675417,193,18316.9
2025-04-01,Email,Desktop,India,2025,2025-Q2,2025-04,4334,3507,762,12913,1424,890578,256,24298.09
2025-04-01,Email,Desktop,Australia,2025,2025-Q2,2025-04,1943,1592,344,5682,635,401355,117,11034.54
2025-04-01,Email,Desktop,Canada,2025,2025-Q2,2025-04,2697,2222,477,7987,899,553538,156,14954.72
2025-04-01,Email,Mobile,United States,2025,2025-Q2,2025-04,18489,15218,3269,43745,6961,3803999,1075,102133.52
2025-04-01,Email,Mobile,United Kingdom,2025,2025-Q2,2025-04,6320,5138,1095,15440,2381,1261659,374,35687.76
2025-04-01,Email,Mobile,Germany,2025,2025-Q2,2025-04,4134,3409,732,10076,1547,833178,243,23019.43
2025-04-01,Email,Mobile,India,2025,2025-Q2,2025-04,5430,4425,943,13100,2037,1090082,323,30921
2025-04-01,Email,Mobile,Australia,2025,2025-Q2,2025-04,2422,1974,431,5820,904,498585,140,13138.81
2025-04-01,Email,Mobile,Canada,2025,2025-Q2,2025-04,3336,2716,581,8046,1247,693445,195,18587.15
2025-04-01,Email,Tablet,United States,2025,2025-Q2,2025-04,2894,2389,513,8405,965,597357,169,16097.88
2025-04-01,Email,Tablet,United Kingdom,2025,2025-Q2,2025-04,993,809,175,2892,325,200554,56,5368.65
2025-04-01,Email,Tablet,Germany,2025,2025-Q2,2025-04,634,522,113,1833,208,131579,38,3638.01
2025-04-01,Email,Tablet,India,2025,2025-Q2,2025-04,864,707,153,2543,283,174599,51,4902.69
2025-04-01,Email,Tablet,Australia,2025,2025-Q2,2025-04,379,310,68,1119,125,77971,25,2401.55
2025-04-01,Email,Tablet,Canada,2025,2025-Q2,2025-04,526,431,91,1540,173,107006,33,3199.74
2025-04-01,Display,Desktop,United States,2025,2025-Q2,2025-04,8699,7129,5697,13253,6276,472917,62,5913.34
2025-04-01,Display,Desktop,United Kingdom,2025,2025-Q2,2025-04,3042,2475,1964,4622,2167,163779,26,2473.19
2025-04-01,Display,Desktop,Germany,2025,2025-Q2,2025-04,1926,1566,1241,2915,1371,106879,12,1118.68
2025-04-01,Display,Desktop,India,2025,2025-Q2,2025-04,2553,2098,1656,3891,1839,136444,19,1787.7
2025-04-01,Display,Desktop,Australia,2025,2025-Q2,2025-04,1132,930,742,1698,819,61201,0,0
2025-04-01,Display,Desktop,Canada,2025,2025-Q2,2025-04,1584,1293,1024,2365,1144,85003,5,476.28
2025-04-01,Display,Mobile,United States,2025,2025-Q2,2025-04,11109,9099,7134,13865,8999,591472,78,7360.5
2025-04-01,Display,Mobile,United Kingdom,2025,2025-Q2,2025-04,3806,3119,2448,4719,3140,203617,28,2682.4
2025-04-01,Display,Mobile,Germany,2025,2025-Q2,2025-04,2400,1943,1551,2985,1946,131081,19,1773.69
2025-04-01,Display,Mobile,India,2025,2025-Q2,2025-04,3208,2627,2098,4001,2619,175657,26,2464.36
2025-04-01,Display,Mobile,Australia,2025,2025-Q2,2025-04,1423,1155,916,1775,1158,76146,2,192.59
2025-04-01,Display,Mobile,Canada,2025,2025-Q2,2025-04,1969,1628,1289,2443,1615,106137,11,1016.16
2025-04-01,Display,Tablet,United States,2025,2025-Q2,2025-04,1710,1397,1112,2586,1229,92395,8,748.55
2025-04-01,Display,Tablet,United Kingdom,2025,2025-Q2,2025-04,600,495,390,919,435,32016,0,0
2025-04-01,Display,Tablet,Germany,2025,2025-Q2,2025-04,386,315,250,589,271,20790,0,0
2025-04-01,Display,Tablet,India,2025,2025-Q2,2025-04,496,408,321,751,360,26663,0,0
2025-04-01,Display,Tablet,Australia,2025,2025-Q2,2025-04,223,179,143,338,153,11918,0,0
2025-04-01,Display,Tablet,Canada,2025,2025-Q2,2025-04,312,255,200,472,228,17001,0,0
2025-05-01,Organic Search,Desktop,United States,2025,2025-Q2,2025-05,96476,78307,47481,300599,39006,17793016,3062,291728.56
2025-05-01,Organic Search,Desktop,United Kingdom,2025,2025-Q2,2025-05,32712,26791,16225,101274,13432,5959886,1005,95125.83
2025-05-01,Organic Search,Desktop,Germany,2025,2025-Q2,2025-05,21491,17706,10738,68462,8837,3881332,681,65628.54
2025-05-01,Organic Search,Desktop,India,2025,2025-Q2,2025-05,27385,22485,13601,83918,11139,5010872,844,79602.73
2025-05-01,Organic Search,Desktop,Australia,2025,2025-Q2,2025-05,12697,10374,6268,40019,5202,2274160,400,38316.71
2025-05-01,Organic Search,Desktop,Canada,2025,2025-Q2,2025-05,17449,14236,8622,54560,7041,3176221,556,52907.21
2025-05-01,Organic Search,Mobile,United States,2025,2025-Q2,2025-05,118142,96096,58667,301668,54536,21476636,3716,352228.79
2025-05-01,Organic Search,Mobile,United Kingdom,2025,2025-Q2,2025-05,40946,33748,20632,104882,19045,7508547,1274,120759.69
2025-05-01,Organic Search,Mobile,Germany,2025,2025-Q2,2025-05,26256,21210,12786,67529,12120,4747969,831,78675.35
2025-05-01,Organic Search,Mobile,India,2025,2025-Q2,2025-05,34644,28428,17193,89345,16162,6234546,1085,103182.67
2025-05-01,Organic Search,Mobile,Australia,2025,2025-Q2,2025-05,15557,12801,7719,39684,7335,2807423,487,47228.35
2025-05-01,Organic Search,Mobile,Canada,2025,2025-Q2,2025-05,21487,17659,10725,54768,10040,3901714,663,62505.43
2025-05-01,Organic Search,Tablet,United States,2025,2025-Q2,2025-05,19222,15693,9447,61143,7821,3433568,616,58783.94
2025-05-01,Organic Search,Tablet,United Kingdom,2025,2025-Q2,2025-05,6416,5239,3144,20002,2651,1165715,201,19338.72
2025-05-01,Organic Search,Tablet,Germany,2025,2025-Q2,2025-05,4130,3386,2045,12954,1687,743079,128,12236.94
2025-05-01,Organic Search,Tablet,India,2025,2025-Q2,2025-05,5472,4494,2764,17112,2236,1020459,174,16422.53
2025-05-01,Organic Search,Tablet,Australia,2025,2025-Q2,2025-05,2455,1997,1202,7748,1001,435916,77,7267.86
2025-05-01,Organic Search,Tablet,Canada,2025,2025-Q2,2025-05,3391,2780,1696,10806,1374,618294,110,10435.11
2025-05-01,Paid Search,Desktop,United States,2025,2025-Q2,2025-05,39985,32887,22628,94793,19186,5502535,1719,163774.26
2025-05-01,Paid Search,Desktop,United Kingdom,2025,2025-Q2,2025-05,12795,10467,7260,29339,6097,1815058,539,51402.47
2025-05-01,Paid Search,Desktop,Germany,2025,2025-Q2,2025-05,8639,7079,4896,19987,4126,1199613,368,35558.78
2025-05-01,Paid Search,Desktop,India,2025,2025-Q2,2025-05,11386,9292,6472,26777,5407,1625664,491,46590.62
2025-05-01,Paid Search,Desktop,Australia,2025,2025-Q2,2025-05,5084,4164,2858,11830,2425,695918,213,20336.55
2025-05-01,Paid Search,Desktop,Canada,2025,2025-Q2,2025-05,6998,5700,3978,16356,3344,980069,302,28857.32
2025-05-01,Paid Search,Mobile,United States,2025,2025-Q2,2025-05,48730,39478,27376,93961,26501,6911544,2094,197968.48
2025-05-01,Paid Search,Mobile,United Kingdom,2025,2025-Q2,2025-05,16435,13505,9358,31107,8993,2325597,698,66299.2
2025-05-01,Paid Search,Mobile,Germany,2025,2025-Q2,2025-05,10749,8891,6127,20399,5927,1502850,454,43665.11
2025-05-01,Paid Search,Mobile,India,2025,2025-Q2,2025-05,13757,11221,7805,25919,7497,1960046,576,54661.63
2025-05-01,Paid Search,Mobile,Australia,2025,2025-Q2,2025-05,6310,5166,3607,11999,3437,891183,264,25219.52
2025-05-01,Paid Search,Mobile,Canada,2025,2025-Q2,2025-05,8902,7229,4965,17339,4863,1243882,390,37158.67
2025-05-01,Paid Search,Tablet,United States,2025,2025-Q2,2025-05,7656,6280,4321,17820,3665,1068041,323,31176.95
2025-05-01,Paid Search,Tablet,United Kingdom,2025,2025-Q2,2025-05,2590,2112,1481,5995,1227,373732,109,10186.02
2025-05-01,Paid Search,Tablet,Germany,2025,2025-Q2,2025-05,1676,1365,950,3962,801,234568,71,6788.57
2025-05-01,Paid Search,Tablet,India,2025,2025-Q2,2025-05,2229,1821,1259,5204,1057,312501,96,9107.99
2025-05-01,Paid Search,Tablet,Australia,2025,2025-Q2,2025-05,991,821,569,2285,484,140553,42,4013.47
2025-05-01,Paid Search,Tablet,Canada,2025,2025-Q2,2025-05,1360,1100,765,3130,636,189196,58,5523.86
2025-05-01,Direct,Desktop,United States,2025,2025-Q2,2025-05,48635,39876,13120,175490,17581,10693882,1863,179660.28
2025-05-01,Direct,Desktop,United Kingdom,2025,2025-Q2,2025-05,16700,13613,4541,61418,5945,3743515,647,60980.19
2025-05-01,Direct,Desktop,Germany,2025,2025-Q2,2025-05,10528,8619,2836,38214,3798,2336146,407,39199.05
2025-05-01,Direct,Desktop,India,2025,2025-Q2,2025-05,14134,11581,3849,51762,5069,3142843,550,52183.4
2025-05-01,Direct,Desktop,Australia,2025,2025-Q2,2025-05,6166,5040,1691,22253,2216,1412236,236,22540.43
2025-05-01,Direct,Desktop,Canada,2025,2025-Q2,2025-05,8769,7133,2372,32084,3116,1955474,342,32373.58
2025-05-01,Direct,Mobile,United States,2025,2025-Q2,2025-05,59714,49048,16170,178302,24654,13203752,2265,219666.17
2025-05-01,Direct,Mobile,United Kingdom,2025,2025-Q2,2025-05,20046,16456,5534,59198,8205,4558202,764,73238.21
2025-05-01,Direct,Mobile,Germany,2025,2025-Q2,2025-05,13399,10912,3611,39761,5522,2984731,505,47856.05
2025-05-01,Direct,Mobile,India,2025,2025-Q2,2025-05,17810,14553,4834,54386,7292,3908491,698,66320.52
2025-05-01,Direct,Mobile,Australia,2025,2025-Q2,2025-05,7813,6429,2114,22964,3178,1727554,300,28735.97
2025-05-01,Direct,Mobile,Canada,2025,2025-Q2,2025-05,10883,8914,2936,32630,4473,2406146,411,39119.57
2025-05-01,Direct,Tablet,United States,2025,2025-Q2,2025-05,9554,7815,2596,35148,3417,2119076,367,34656.85
2025-05-01,Direct,Tablet,United Kingdom,2025,2025-Q2,2025-05,3196,2604,859,11696,1137,712701,125,11858.03
2025-05-01,Direct,Tablet,Germany,2025,2025-Q2,2025-05,2068,1712,568,7394,750,459033,78,7474.95
2025-05-01,Direct,Tablet,India,2025,2025-Q2,2025-05,2722,2208,734,9924,976,609440,107,10241.56
2025-05-01,Direct,Tablet,Australia,2025,2025-Q2,2025-05,1218,995,332,4391,437,273430,46,4299.55
2025-05-01,Direct,Tablet,Canada,2025,2025-Q2,2025-05,1742,1431,470,6436,630,384425,66,6332.96
2025-05-01,Social,Desktop,United States,2025,2025-Q2,2025-05,27071,22296,17004,49357,17921,2039189,305,29168.26
2025-05-01,Social,Desktop,United Kingdom,2025,2025-Q2,2025-05,9220,7495,5697,17004,6040,693731,105,9942.27
2025-05-01,Social,Desktop,Germany,2025,2025-Q2,2025-05,5823,4800,3698,10541,3826,445703,64,6119.74
2025-05-01,Social,Desktop,India,2025,2025-Q2,2025-05,7872,6398,4844,14372,5157,603756,89,8552.74
2025-05-01,Social,Desktop,Australia,2025,2025-Q2,2025-05,3476,2840,2176,6326,2286,267751,40,3760.56
2025-05-01,Social,Desktop,Canada,2025,2025-Q2,2025-05,4800,3971,3027,8734,3189,361088,53,5154.39
2025-05-01,Social,Mobile,United States,2025,2025-Q2,2025-05,33622,27590,20949,49858,25401,2545117,370,35323.61
2025-05-01,Social,Mobile,United Kingdom,2025,2025-Q2,2025-05,11564,9418,7159,17381,8620,858505,132,12644.8
2025-05-01,Social,Mobile,Germany,2025,2025-Q2,2025-05,7371,6064,4607,11056,5545,557154,82,7796.54
2025-05-01,Social,Mobile,India,2025,2025-Q2,2025-05,9642,7885,5965,14428,7214,716402,107,10210.83
2025-05-01,Social,Mobile,Australia,2025,2025-Q2,2025-05,4345,3547,2745,6508,3240,331366,48,4524.43
2025-05-01,Social,Mobile,Canada,2025,2025-Q2,2025-05,6061,4920,3724,9034,4530,455773,66,6297.37
2025-05-01,Social,Tablet,United States,2025,2025-Q2,2025-05,5193,4292,3279,9259,3447,396094,58,5562.13
2025-05-01,Social,Tablet,United Kingdom,2025,2025-Q2,2025-05,1798,1476,1131,3276,1185,136562,23,2187.48
2025-05-01,Social,Tablet,Germany,2025,2025-Q2,2025-05,1134,927,710,2044,740,87291,8,740.33
2025-05-01,Social,Tablet,India,2025,2025-Q2,2025-05,1572,1293,977,2886,1037,116739,19,1806.88
2025-05-01,Social,Tablet,Australia,2025,2025-Q2,2025-05,667,543,412,1207,443,51251,0,0
2025-05-01,Social,Tablet,Canada,2025,2025-Q2,2025-05,938,775,588,1702,619,70206,1,96.98
2025-05-01,Referral,Desktop,United States,2025,2025-Q2,2025-05,11682,9618,6201,30217,6030,1879641,228,21792.59
2025-05-01,Referral,Desktop,United Kingdom,2025,2025-Q2,2025-05,4083,3333,2153,10877,2114,650864,79,7477.1
2025-05-01,Referral,Desktop,Germany,2025,2025-Q2,2025-05,2600,2117,1383,6775,1335,411414,48,4523.27
2025-05-01,Referral,Desktop,India,2025,2025-Q2,2025-05,3461,2859,1838,9126,1810,539295,67,6421.02
2025-05-01,Referral,Desktop,Australia,2025,2025-Q2,2025-05,1510,1232,799,3951,786,238583,31,2998.45
2025-05-01,Referral,Desktop,Canada,2025,2025-Q2,2025-05,2137,1760,1139,5560,1114,336567,41,3908.8
2025-05-01,Referral,Mobile,United States,2025,2025-Q2,2025-05,14999,12347,7916,32668,8828,2325994,291,27508.84
2025-05-01,Referral,Mobile,United Kingdom,2025,2025-Q2,2025-05,5073,4152,2658,10921,3013,791901,95,9137.74
2025-05-01,Referral,Mobile,Germany,2025,2025-Q2,2025-05,3246,2644,1716,6963,1907,516152,63,6009.28
2025-05-01,Referral,Mobile,India,2025,2025-Q2,2025-05,4287,3489,2245,9228,2542,687675,82,7773.62
2025-05-01,Referral,Mobile,Australia,2025,2025-Q2,2025-05,1937,1577,1012,4182,1140,300636,39,3707.43
2025-05-01,Referral,Mobile,Canada,2025,2025-Q2,2025-05,2659,2196,1416,5638,1587,421613,51,4881.08
2025-05-01,Referral,Tablet,United States,2025,2025-Q2,2025-05,2274,1859,1215,5928,1162,364642,43,4056.89
2025-05-01,Referral,Tablet,United Kingdom,2025,2025-Q2,2025-05,813,664,422,2149,424,126792,15,1396.95
2025-05-01,Referral,Tablet,Germany,2025,2025-Q2,2025-05,508,419,270,1346,266,79906,1,98.78
2025-05-01,Referral,Tablet,India,2025,2025-Q2,2025-05,662,545,352,1713,345,103048,8,741.3
2025-05-01,Referral,Tablet,Australia,2025,2025-Q2,2025-05,306,249,159,809,158,48406,0,0
2025-05-01,Referral,Tablet,Canada,2025,2025-Q2,2025-05,413,338,219,1098,215,65578,0,0
2025-05-01,Email,Desktop,United States,2025,2025-Q2,2025-05,16167,13171,2864,47177,5276,3353175,951,89982.35
2025-05-01,Email,Desktop,United Kingdom,2025,2025-Q2,2025-05,5607,4602,981,16496,1862,1133073,326,31354.65
2025-05-01,Email,Desktop,Germany,2025,2025-Q2,2025-05,3581,2945,639,10539,1190,730381,210,20192.25
2025-05-01,Email,Desktop,India,2025,2025-Q2,2025-05,4740,3901,835,13609,1566,965366,272,25913.25
2025-05-01,Email,Desktop,Australia,2025,2025-Q2,2025-05,2187,1793,387,6539,720,449234,126,11963.28
2025-05-01,Email,Desktop,Canada,2025,2025-Q2,2025-05,2952,2413,513,8715,967,599958,176,16762.68
2025-05-01,Email,Mobile,United States,2025,2025-Q2,2025-05,20202,16355,3538,48607,7572,4144895,1194,113688.68
2025-05-01,Email,Mobile,United Kingdom,2025,2025-Q2,2025-05,6941,5675,1225,16724,2592,1432740,407,38754.97
2025-05-01,Email,Mobile,Germany,2025,2025-Q2,2025-05,4484,3656,777,10767,1667,914253,269,25712.11
2025-05-01,Email,Mobile,India,2025,2025-Q2,2025-05,5817,4767,1022,13907,2193,1192170,338,31960.34
2025-05-01,Email,Mobile,Australia,2025,2025-Q2,2025-05,2623,2150,464,6298,992,537724,157,15187
2025-05-01,Email,Mobile,Canada,2025,2025-Q2,2025-05,3640,2956,637,8695,1349,751720,214,19993.35
2025-05-01,Email,Tablet,United States,2025,2025-Q2,2025-05,3179,2599,558,9289,1042,651275,188,18158.86
2025-05-01,Email,Tablet,United Kingdom,2025,2025-Q2,2025-05,1068,878,186,3095,354,218969,63,6055.91
2025-05-01,Email,Tablet,Germany,2025,2025-Q2,2025-05,699,563,122,2070,225,141847,42,3979.56
2025-05-01,Email,Tablet,India,2025,2025-Q2,2025-05,930,763,166,2756,304,190995,53,4978.71
2025-05-01,Email,Tablet,Australia,2025,2025-Q2,2025-05,416,338,73,1235,138,82882,28,2664.91
2025-05-01,Email,Tablet,Canada,2025,2025-Q2,2025-05,572,468,100,1667,187,117502,34,3251.45
2025-05-01,Display,Desktop,United States,2025,2025-Q2,2025-05,9624,7915,6286,14533,6942,509577,69,6642.64
2025-05-01,Display,Desktop,United Kingdom,2025,2025-Q2,2025-05,3275,2688,2112,4866,2373,177987,25,2399.97
2025-05-01,Display,Desktop,Germany,2025,2025-Q2,2025-05,2152,1753,1385,3314,1540,114516,15,1388.54
2025-05-01,Display,Desktop,India,2025,2025-Q2,2025-05,2847,2341,1863,4365,2035,152509,24,2295.05
2025-05-01,Display,Desktop,Australia,2025,2025-Q2,2025-05,1280,1047,819,1933,923,68164,0,0
2025-05-01,Display,Desktop,Canada,2025,2025-Q2,2025-05,1727,1409,1125,2630,1240,91913,7,661.51
2025-05-01,Display,Mobile,United States,2025,2025-Q2,2025-05,12062,9834,7745,15141,9857,645996,84,7931.77
2025-05-01,Display,Mobile,United Kingdom,2025,2025-Q2,2025-05,4016,3292,2622,4963,3282,217267,29,2759.16
2025-05-01,Display,Mobile,Germany,2025,2025-Q2,2025-05,2643,2176,1725,3275,2181,141655,21,2002.29
2025-05-01,Display,Mobile,India,2025,2025-Q2,2025-05,3431,2786,2209,4235,2772,186961,26,2428.29
2025-05-01,Display,Mobile,Australia,2025,2025-Q2,2025-05,1577,1290,1022,1969,1289,84130,5,489.38
2025-05-01,Display,Mobile,Canada,2025,2025-Q2,2025-05,2155,1762,1395,2715,1770,117162,13,1210.46
2025-05-01,Display,Tablet,United States,2025,2025-Q2,2025-05,1902,1551,1232,2924,1363,100946,10,932.28
2025-05-01,Display,Tablet,United Kingdom,2025,2025-Q2,2025-05,641,523,413,975,455,34650,0,0
2025-05-01,Display,Tablet,Germany,2025,2025-Q2,2025-05,420,340,264,652,302,22268,0,0
2025-05-01,Display,Tablet,India,2025,2025-Q2,2025-05,537,439,353,808,378,29185,0,0
2025-05-01,Display,Tablet,Australia,2025,2025-Q2,2025-05,249,204,165,373,178,13584,0,0
2025-05-01,Display,Tablet,Canada,2025,2025-Q2,2025-05,335,267,210,510,241,17924,0,0
2025-06-01,Organic Search,Desktop,United States,2025,2025-Q2,2025-06,96351,78980,47632,301492,39444,17175629,3011,289207.8
2025-06-01,Organic Search,Desktop,United Kingdom,2025,2025-Q2,2025-06,32677,26647,16294,103882,13365,5958090,1039,98763.66
2025-06-01,Organic Search,Desktop,Germany,2025,2025-Q2,2025-06,20890,17005,10201,64866,8514,3752119,649,61896.7
2025-06-01,Organic Search,Desktop,India,2025,2025-Q2,2025-06,27543,22366,13487,87592,11266,5001700,876,83499.11
2025-06-01,Organic Search,Desktop,Australia,2025,2025-Q2,2025-06,12216,10041,6108,38060,5013,2252686,382,36486.46
2025-06-01,Organic Search,Desktop,Canada,2025,2025-Q2,2025-06,17424,14211,8568,54930,7117,3165330,544,51579.23
2025-06-01,Organic Search,Mobile,United States,2025,2025-Q2,2025-06,121441,99875,60476,311353,56820,21849112,3836,369431.83
2025-06-01,Organic Search,Mobile,United Kingdom,2025,2025-Q2,2025-06,40075,32545,19659,102392,18715,7426685,1256,119852.35
2025-06-01,Organic Search,Mobile,Germany,2025,2025-Q2,2025-06,25830,21138,12809,66232,12017,4650858,788,75095.55
2025-06-01,Organic Search,Mobile,India,2025,2025-Q2,2025-06,35031,28776,17455,91035,16351,6332628,1121,107635.49
2025-06-01,Organic Search,Mobile,Australia,2025,2025-Q2,2025-06,15512,12712,7660,39928,7224,2816281,485,45587.91
2025-06-01,Organic Search,Mobile,Canada,2025,2025-Q2,2025-06,21577,17642,10621,56262,10069,3837008,677,64862.65
2025-06-01,Organic Search,Tablet,United States,2025,2025-Q2,2025-06,18790,15353,9321,58728,7688,3449119,587,55828.7
2025-06-01,Organic Search,Tablet,United Kingdom,2025,2025-Q2,2025-06,6329,5134,3123,19812,2549,1157351,199,18767.64
2025-06-01,Organic Search,Tablet,Germany,2025,2025-Q2,2025-06,4091,3377,2060,12779,1671,746221,129,12266.25
2025-06-01,Organic Search,Tablet,India,2025,2025-Q2,2025-06,5332,4344,2626,16656,2179,952576,169,16240.23
2025-06-01,Organic Search,Tablet,Australia,2025,2025-Q2,2025-06,2381,1960,1197,7431,971,435253,76,7260.01
2025-06-01,Organic Search,Tablet,Canada,2025,2025-Q2,2025-06,3398,2785,1674,10709,1398,609791,106,10227.97
2025-06-01,Paid Search,Desktop,United States,2025,2025-Q2,2025-06,37741,30642,21228,87588,18184,5392278,1596,152556.61
2025-06-01,Paid Search,Desktop,United Kingdom,2025,2025-Q2,2025-06,13227,10798,7515,30949,6288,1833300,572,54448.89
2025-06-01,Paid Search,Desktop,Germany,2025,2025-Q2,2025-06,8456,6928,4822,19581,4077,1208973,359,34006.14
2025-06-01,Paid Search,Desktop,India,2025,2025-Q2,2025-06,11091,9010,6221,25773,5289,1538268,467,44622.42
2025-06-01,Paid Search,Desktop,Australia,2025,2025-Q2,2025-06,4950,4046,2823,11460,2358,709039,208,19612.23
2025-06-01,Paid Search,Desktop,Canada,2025,2025-Q2,2025-06,6965,5685,3913,16192,3377,982761,292,28072.55
2025-06-01,Paid Search,Mobile,United States,2025,2025-Q2,2025-06,48238,39733,27379,90626,26505,6752258,1989,189834.71
2025-06-01,Paid Search,Mobile,United Kingdom,2025,2025-Q2,2025-06,16548,13560,9404,31888,9021,2313568,709,67399.74
2025-06-01,Paid Search,Mobile,Germany,2025,2025-Q2,2025-06,10455,8561,5932,19918,5706,1476047,448,42558.3
2025-06-01,Paid Search,Mobile,India,2025,2025-Q2,2025-06,14007,11481,7916,26814,7648,1930961,594,56473.2
2025-06-01,Paid Search,Mobile,Australia,2025,2025-Q2,2025-06,6235,5084,3553,11946,3378,881390,267,25343.31
2025-06-01,Paid Search,Mobile,Canada,2025,2025-Q2,2025-06,8736,7133,4963,16485,4746,1226721,362,34580.05
2025-06-01,Paid Search,Tablet,United States,2025,2025-Q2,2025-06,7427,6090,4224,17020,3549,1053912,313,29582.11
2025-06-01,Paid Search,Tablet,United Kingdom,2025,2025-Q2,2025-06,2518,2063,1437,5892,1218,349449,110,10588.01
2025-06-01,Paid Search,Tablet,Germany,2025,2025-Q2,2025-06,1635,1344,934,3746,781,231925,72,6884.29
2025-06-01,Paid Search,Tablet,India,2025,2025-Q2,2025-06,2213,1817,1251,5180,1065,309183,95,9143.3
2025-06-01,Paid Search,Tablet,Australia,2025,2025-Q2,2025-06,973,788,549,2271,462,136021,43,4092.74
2025-06-01,Paid Search,Tablet,Canada,2025,2025-Q2,2025-06,1375,1136,783,3171,663,192110,58,5584.91
2025-06-01,Direct,Desktop,United States,2025,2025-Q2,2025-06,47620,38963,12997,172173,17143,10673480,1809,170461.44
2025-06-01,Direct,Desktop,United Kingdom,2025,2025-Q2,2025-06,16113,13206,4370,58809,5819,3598565,619,59641.22
2025-06-01,Direct,Desktop,Germany,2025,2025-Q2,2025-06,10499,8572,2860,38083,3750,2356088,403,37653.08
2025-06-01,Direct,Desktop,India,2025,2025-Q2,2025-06,13959,11498,3816,50674,5063,3133764,529,50430.29
2025-06-01,Direct,Desktop,Australia,2025,2025-Q2,2025-06,6155,5034,1670,22215,2200,1362963,237,22595.42
2025-06-01,Direct,Desktop,Canada,2025,2025-Q2,2025-06,8601,7080,2352,30681,3125,1935962,320,30539.6
2025-06-01,Direct,Mobile,United States,2025,2025-Q2,2025-06,59403,48949,16312,178889,24295,13266632,2308,218960.81
2025-06-01,Direct,Mobile,United Kingdom,2025,2025-Q2,2025-06,20312,16562,5421,60667,8317,4429401,779,74492.02
2025-06-01,Direct,Mobile,Germany,2025,2025-Q2,2025-06,13062,10652,3569,39239,5345,2901778,503,47771.09
2025-06-01,Direct,Mobile,India,2025,2025-Q2,2025-06,17145,14017,4662,50482,6990,3861000,655,63019.5
2025-06-01,Direct,Mobile,Australia,2025,2025-Q2,2025-06,7807,6342,2101,23494,3177,1748465,299,28156.32
2025-06-01,Direct,Mobile,Canada,2025,2025-Q2,2025-06,10371,8490,2846,30675,4232,2341655,393,37234.93
2025-06-01,Direct,Tablet,United States,2025,2025-Q2,2025-06,9137,7476,2489,32656,3285,2081864,346,32918.75
2025-06-01,Direct,Tablet,United Kingdom,2025,2025-Q2,2025-06,3151,2581,851,11482,1135,688154,120,11562.37
2025-06-01,Direct,Tablet,Germany,2025,2025-Q2,2025-06,2064,1686,559,7600,738,465636,79,7530.86
2025-06-01,Direct,Tablet,India,2025,2025-Q2,2025-06,2686,2203,725,9823,974,593393,101,9686.59
2025-06-01,Direct,Tablet,Australia,2025,2025-Q2,2025-06,1229,1003,334,4549,440,272429,48,4528.8
2025-06-01,Direct,Tablet,Canada,2025,2025-Q2,2025-06,1658,1351,448,5963,596,376171,66,6257.61
2025-06-01,Social,Desktop,United States,2025,2025-Q2,2025-06,26256,21327,16377,47457,17059,2002234,290,27379.33
2025-06-01,Social,Desktop,United Kingdom,2025,2025-Q2,2025-06,9129,7515,5719,16525,6047,684172,101,9681.99
2025-06-01,Social,Desktop,Germany,2025,2025-Q2,2025-06,5817,4749,3617,10695,3837,444558,65,6260.85
2025-06-01,Social,Desktop,India,2025,2025-Q2,2025-06,7754,6385,4871,13873,5140,583700,84,7940.31
2025-06-01,Social,Desktop,Australia,2025,2025-Q2,2025-06,3523,2888,2204,6550,2334,262442,38,3644.71
2025-06-01,Social,Desktop,Canada,2025,2025-Q2,2025-06,4822,3948,2994,8777,3149,365566,54,5148.98
2025-06-01,Social,Mobile,United States,2025,2025-Q2,2025-06,32979,26860,20662,49379,24558,2483428,372,35490.53
2025-06-01,Social,Mobile,United Kingdom,2025,2025-Q2,2025-06,11434,9367,7145,16914,8623,877059,130,12402.84
2025-06-01,Social,Mobile,Germany,2025,2025-Q2,2025-06,7250,5866,4456,10873,5384,542811,80,7502.48
2025-06-01,Social,Mobile,India,2025,2025-Q2,2025-06,9454,7753,5950,14031,7036,720838,107,10142.01
2025-06-01,Social,Mobile,Australia,2025,2025-Q2,2025-06,4322,3527,2660,6458,3269,329408,47,4527.33
2025-06-01,Social,Mobile,Canada,2025,2025-Q2,2025-06,5862,4800,3682,8691,4389,446254,63,5996.54
2025-06-01,Social,Tablet,United States,2025,2025-Q2,2025-06,5281,4319,3288,9715,3464,397942,61,5803.05
2025-06-01,Social,Tablet,United Kingdom,2025,2025-Q2,2025-06,1767,1450,1099,3242,1167,132799,22,2128.38
2025-06-01,Social,Tablet,Germany,2025,2025-Q2,2025-06,1153,937,712,2105,755,86703,10,942.07
2025-06-01,Social,Tablet,India,2025,2025-Q2,2025-06,1487,1220,939,2696,985,115520,18,1686.54
2025-06-01,Social,Tablet,Australia,2025,2025-Q2,2025-06,684,559,423,1252,450,50613,0,0
2025-06-01,Social,Tablet,Canada,2025,2025-Q2,2025-06,929,763,588,1696,609,71646,3,290.26
2025-06-01,Referral,Desktop,United States,2025,2025-Q2,2025-06,11970,9794,6310,31927,6226,1878234,230,21883.85
2025-06-01,Referral,Desktop,United Kingdom,2025,2025-Q2,2025-06,3946,3227,2078,10198,2057,617502,74,7015.8
2025-06-01,Referral,Desktop,Germany,2025,2025-Q2,2025-06,2635,2164,1389,6926,1366,413172,52,4980.6
2025-06-01,Referral,Desktop,India,2025,2025-Q2,2025-06,3376,2743,1759,8940,1755,537044,63,6022.46
2025-06-01,Referral,Desktop,Australia,2025,2025-Q2,2025-06,1559,1280,819,4095,811,240495,30,2878.4
2025-06-01,Referral,Desktop,Canada,2025,2025-Q2,2025-06,2133,1735,1118,5636,1105,334389,42,3979.82
2025-06-01,Referral,Mobile,United States,2025,2025-Q2,2025-06,14608,11840,7623,31644,8569,2307980,284,26947.29
2025-06-01,Referral,Mobile,United Kingdom,2025,2025-Q2,2025-06,4948,4030,2593,10625,2928,792257,94,8824.34
2025-06-01,Referral,Mobile,Germany,2025,2025-Q2,2025-06,3236,2659,1711,7041,1932,510669,63,6068.3
2025-06-01,Referral,Mobile,India,2025,2025-Q2,2025-06,4171,3410,2199,8844,2445,662762,81,7691.45
2025-06-01,Referral,Mobile,Australia,2025,2025-Q2,2025-06,1887,1552,998,4040,1123,298722,38,3633.1
2025-06-01,Referral,Mobile,Canada,2025,2025-Q2,2025-06,2638,2149,1391,5732,1556,414742,50,4793.92
2025-06-01,Referral,Tablet,United States,2025,2025-Q2,2025-06,2319,1888,1204,6182,1201,361765,44,4190.8
2025-06-01,Referral,Tablet,United Kingdom,2025,2025-Q2,2025-06,784,642,416,2065,404,124839,14,1261.71
2025-06-01,Referral,Tablet,Germany,2025,2025-Q2,2025-06,508,414,269,1359,262,77981,1,99.18
2025-06-01,Referral,Tablet,India,2025,2025-Q2,2025-06,661,541,351,1729,343,106218,10,926.5
2025-06-01,Referral,Tablet,Australia,2025,2025-Q2,2025-06,297,246,159,781,155,47317,0,0
2025-06-01,Referral,Tablet,Canada,2025,2025-Q2,2025-06,413,333,215,1079,212,64203,0,0
2025-06-01,Email,Desktop,United States,2025,2025-Q2,2025-06,16271,13230,2822,47603,5378,3309892,948,90659.71
2025-06-01,Email,Desktop,United Kingdom,2025,2025-Q2,2025-06,5510,4518,970,16304,1814,1122296,322,30553.09
2025-06-01,Email,Desktop,Germany,2025,2025-Q2,2025-06,3588,2924,619,10406,1179,720492,211,20221.46
2025-06-01,Email,Desktop,India,2025,2025-Q2,2025-06,4728,3863,832,13900,1557,963871,275,26112.83
2025-06-01,Email,Desktop,Australia,2025,2025-Q2,2025-06,2066,1683,363,6032,686,427430,121,11610.53
2025-06-01,Email,Desktop,Canada,2025,2025-Q2,2025-06,2942,2400,517,8679,960,601094,174,16383.59
2025-06-01,Email,Mobile,United States,2025,2025-Q2,2025-06,20175,16566,3553,48548,7585,4093464,1177,112935.5
2025-06-01,Email,Mobile,United Kingdom,2025,2025-Q2,2025-06,6695,5474,1181,15938,2506,1397556,392,37436.53
2025-06-01,Email,Mobile,Germany,2025,2025-Q2,2025-06,4415,3620,775,10572,1666,897531,256,24498.62
2025-06-01,Email,Mobile,India,2025,2025-Q2,2025-06,5898,4837,1046,14439,2225,1198133,350,33448.81
2025-06-01,Email,Mobile,Australia,2025,2025-Q2,2025-06,2608,2136,452,6232,973,526811,151,14390.95
2025-06-01,Email,Mobile,Canada,2025,2025-Q2,2025-06,3662,2986,637,8945,1383,745012,221,21138.07
2025-06-01,Email,Tablet,United States,2025,2025-Q2,2025-06,3224,2647,566,9617,1063,651019,193,18298.54
2025-06-01,Email,Tablet,United Kingdom,2025,2025-Q2,2025-06,1050,852,185,3079,341,215501,60,5669.17
2025-06-01,Email,Tablet,Germany,2025,2025-Q2,2025-06,705,582,126,2056,234,143848,40,3829.3
2025-06-01,Email,Tablet,India,2025,2025-Q2,2025-06,908,734,156,2640,300,185143,57,5446.41
2025-06-01,Email,Tablet,Australia,2025,2025-Q2,2025-06,406,334,72,1184,135,82212,25,2380.82
2025-06-01,Email,Tablet,Canada,2025,2025-Q2,2025-06,578,476,100,1714,192,117591,35,3394.83
2025-06-01,Display,Desktop,United States,2025,2025-Q2,2025-06,9639,7893,6211,14557,6958,516888,69,6616.59
2025-06-01,Display,Desktop,United Kingdom,2025,2025-Q2,2025-06,3222,2627,2089,4898,2300,173840,26,2496.06
2025-06-01,Display,Desktop,Germany,2025,2025-Q2,2025-06,2100,1721,1372,3202,1508,114061,14,1273.92
2025-06-01,Display,Desktop,India,2025,2025-Q2,2025-06,2765,2243,1769,4204,1973,149028,21,1993.68
2025-06-01,Display,Desktop,Australia,2025,2025-Q2,2025-06,1221,995,789,1862,881,65874,0,0
2025-06-01,Display,Desktop,Canada,2025,2025-Q2,2025-06,1724,1414,1117,2634,1249,93723,7,665.22
2025-06-01,Display,Mobile,United States,2025,2025-Q2,2025-06,11840,9743,7722,14547,9805,634803,80,7645.62
2025-06-01,Display,Mobile,United Kingdom,2025,2025-Q2,2025-06,4110,3365,2666,5158,3362,216611,30,2881.56
2025-06-01,Display,Mobile,Germany,2025,2025-Q2,2025-06,2565,2104,1649,3203,2108,139104,21,1998.96
2025-06-01,Display,Mobile,India,2025,2025-Q2,2025-06,3470,2843,2233,4369,2837,182730,26,2491.83
2025-06-01,Display,Mobile,Australia,2025,2025-Q2,2025-06,1560,1274,1013,1944,1282,85252,6,582.69
2025-06-01,Display,Mobile,Canada,2025,2025-Q2,2025-06,2151,1751,1369,2685,1751,112672,14,1269.77
2025-06-01,Display,Tablet,United States,2025,2025-Q2,2025-06,1860,1525,1203,2769,1345,101882,10,924.59
2025-06-01,Display,Tablet,United Kingdom,2025,2025-Q2,2025-06,629,511,404,958,449,33799,0,0
2025-06-01,Display,Tablet,Germany,2025,2025-Q2,2025-06,407,332,264,609,294,22036,0,0
2025-06-01,Display,Tablet,India,2025,2025-Q2,2025-06,555,457,362,850,397,29577,0,0
2025-06-01,Display,Tablet,Australia,2025,2025-Q2,2025-06,237,193,155,357,168,12817,0,0
2025-06-01,Display,Tablet,Canada,2025,2025-Q2,2025-06,335,273,216,509,243,17912,0,0
2025-07-01,Organic Search,Desktop,United States,2025,2025-Q3,2025-07,97696,80276,48903,305571,39943,17804505,3038,287773.18
2025-07-01,Organic Search,Desktop,United Kingdom,2025,2025-Q3,2025-07,33204,26985,16294,104049,13635,6036525,1032,99339.67
2025-07-01,Organic Search,Desktop,Germany,2025,2025-Q3,2025-07,21703,17671,10827,68330,8776,3998512,679,63647.7
2025-07-01,Organic Search,Desktop,India,2025,2025-Q3,2025-07,29145,23923,14425,91088,12011,5271993,918,87698.15
2025-07-01,Organic Search,Desktop,Australia,2025,2025-Q3,2025-07,12854,10585,6424,40262,5279,2291799,400,38222.08
2025-07-01,Organic Search,Desktop,Canada,2025,2025-Q3,2025-07,17347,14283,8663,53654,7139,3172373,533,51439.34
2025-07-01,Organic Search,Mobile,United States,2025,2025-Q3,2025-07,123823,101042,60780,322193,57846,22661325,3976,378756.45
2025-07-01,Organic Search,Mobile,United Kingdom,2025,2025-Q3,2025-07,42205,34647,20826,110236,19717,7465888,1323,126965.51
2025-07-01,Organic Search,Mobile,Germany,2025,2025-Q3,2025-07,26975,22141,13597,69075,12498,4953942,851,81616.52
2025-07-01,Organic Search,Mobile,India,2025,2025-Q3,2025-07,35869,29094,17699,90558,16595,6603060,1107,104080.05
2025-07-01,Organic Search,Mobile,Australia,2025,2025-Q3,2025-07,15926,12903,7862,41521,7413,2855723,509,48300.99
2025-07-01,Organic Search,Mobile,Canada,2025,2025-Q3,2025-07,21787,17979,10893,55139,10204,3988190,681,65639.95
2025-07-01,Organic Search,Tablet,United States,2025,2025-Q3,2025-07,18918,15383,9384,58762,7662,3455109,586,55400.06
2025-07-01,Organic Search,Tablet,United Kingdom,2025,2025-Q3,2025-07,6698,5483,3298,21215,2736,1206477,209,19995.68
2025-07-01,Organic Search,Tablet,Germany,2025,2025-Q3,2025-07,4215,3425,2064,13417,1726,761561,138,13156.64
2025-07-01,Organic Search,Tablet,India,2025,2025-Q3,2025-07,5557,4563,2762,17266,2282,998142,173,16515.45
2025-07-01,Organic Search,Tablet,Australia,2025,2025-Q3,2025-07,2499,2029,1230,7852,1017,459847,79,7485.33
2025-07-01,Organic Search,Tablet,Canada,2025,2025-Q3,2025-07,3491,2851,1733,10942,1421,635111,107,10131.33
2025-07-01,Paid Search,Desktop,United States,2025,2025-Q3,2025-07,39867,32439,22622,92396,18718,5644265,1696,158847.22
2025-07-01,Paid Search,Desktop,United Kingdom,2025,2025-Q3,2025-07,13761,11337,7862,31799,6625,1926422,584,55436.35
2025-07-01,Paid Search,Desktop,Germany,2025,2025-Q3,2025-07,8684,7101,4901,20193,4166,1197000,371,35670.73
2025-07-01,Paid Search,Desktop,India,2025,2025-Q3,2025-07,11317,9380,6545,26058,5459,1603335,472,45226.64
2025-07-01,Paid Search,Desktop,Australia,2025,2025-Q3,2025-07,5233,4275,2960,12191,2509,727846,224,21460.2
2025-07-01,Paid Search,Desktop,Canada,2025,2025-Q3,2025-07,7263,5935,4121,17124,3456,1018876,315,29686.64
2025-07-01,Paid Search,Mobile,United States,2025,2025-Q3,2025-07,49666,40545,28264,94673,27088,7029699,2119,201142.25
2025-07-01,Paid Search,Mobile,United Kingdom,2025,2025-Q3,2025-07,16716,13623,9564,31642,9050,2393613,702,66618.1
2025-07-01,Paid Search,Mobile,Germany,2025,2025-Q3,2025-07,11032,8978,6249,21183,5957,1554753,473,44801.37
2025-07-01,Paid Search,Mobile,India,2025,2025-Q3,2025-07,14199,11671,8102,27018,7791,2017598,607,57886.99
2025-07-01,Paid Search,Mobile,Australia,2025,2025-Q3,2025-07,6341,5222,3600,12011,3475,876826,263,25577.26
2025-07-01,Paid Search,Mobile,Canada,2025,2025-Q3,2025-07,8769,7138,4980,16557,4769,1256541,367,34554.34
2025-07-01,Paid Search,Tablet,United States,2025,2025-Q3,2025-07,7968,6518,4517,18981,3824,1109337,349,33226.32
2025-07-01,Paid Search,Tablet,United Kingdom,2025,2025-Q3,2025-07,2633,2159,1483,5990,1270,366737,109,10401.51
2025-07-01,Paid Search,Tablet,Germany,2025,2025-Q3,2025-07,1729,1413,979,4036,826,245010,73,6966.97
2025-07-01,Paid Search,Tablet,India,2025,2025-Q3,2025-07,2235,1823,1272,5187,1071,324332,95,9040.47
2025-07-01,Paid Search,Tablet,Australia,2025,2025-Q3,2025-07,1031,848,585,2428,492,140727,44,4165.25
2025-07-01,Paid Search,Tablet,Canada,2025,2025-Q3,2025-07,1378,1131,788,3193,662,196864,59,5620.14
2025-07-01,Direct,Desktop,United States,2025,2025-Q3,2025-07,49547,40751,13543,184250,17873,10821418,1915,184482.9
2025-07-01,Direct,Desktop,United Kingdom,2025,2025-Q3,2025-07,16423,13509,4484,58327,5897,3692429,615,58846.15
2025-07-01,Direct,Desktop,Germany,2025,2025-Q3,2025-07,10965,8957,2971,39832,3944,2426181,418,39768.87
2025-07-01,Direct,Desktop,India,2025,2025-Q3,2025-07,14410,11668,3885,52461,5105,3206980,565,53735.15
2025-07-01,Direct,Desktop,Australia,2025,2025-Q3,2025-07,6524,5357,1762,24165,2360,1435879,252,24150.45
2025-07-01,Direct,Desktop,Canada,2025,2025-Q3,2025-07,8775,7142,2386,32181,3127,1944698,335,31857.04
2025-07-01,Direct,Mobile,United States,2025,2025-Q3,2025-07,61395,49624,16460,184240,24898,13995597,2394,226935.48
2025-07-01,Direct,Mobile,United Kingdom,2025,2025-Q3,2025-07,20828,17094,5684,62489,8535,4629771,803,76576.29
2025-07-01,Direct,Mobile,Germany,2025,2025-Q3,2025-07,13293,10946,3614,39447,5505,2955835,510,49492.57
2025-07-01,Direct,Mobile,India,2025,2025-Q3,2025-07,17740,14500,4845,52494,7233,3990049,668,62612.97
2025-07-01,Direct,Mobile,Australia,2025,2025-Q3,2025-07,8057,6604,2191,24310,3316,1808321,304,29158.06
2025-07-01,Direct,Mobile,Canada,2025,2025-Q3,2025-07,11327,9248,3051,34312,4612,2482259,446,42521.14
2025-07-01,Direct,Tablet,United States,2025,2025-Q3,2025-07,9620,7848,2612,35183,3451,2147686,369,35338.75
2025-07-01,Direct,Tablet,United Kingdom,2025,2025-Q3,2025-07,3280,2692,912,12025,1179,755956,124,11724.17
2025-07-01,Direct,Tablet,Germany,2025,2025-Q3,2025-07,2136,1739,571,7791,761,461437,84,7980.97
2025-07-01,Direct,Tablet,India,2025,2025-Q3,2025-07,2765,2274,756,10149,996,622213,107,10178.49
2025-07-01,Direct,Tablet,Australia,2025,2025-Q3,2025-07,1248,1028,341,4475,453,281065,46,4436.15
2025-07-01,Direct,Tablet,Canada,2025,2025-Q3,2025-07,1736,1399,468,6347,614,390060,67,6279.23
2025-07-01,Social,Desktop,United States,2025,2025-Q3,2025-07,27740,22614,17181,49955,18100,2080091,305,29248.26
2025-07-01,Social,Desktop,United Kingdom,2025,2025-Q3,2025-07,9423,7640,5832,17323,6157,711859,106,10061.49
2025-07-01,Social,Desktop,Germany,2025,2025-Q3,2025-07,6122,5022,3782,11243,4025,450274,70,6716.03
2025-07-01,Social,Desktop,India,2025,2025-Q3,2025-07,7991,6516,4979,14646,5248,599533,87,8285.43
2025-07-01,Social,Desktop,Australia,2025,2025-Q3,2025-07,3526,2879,2199,6323,2308,271066,39,3713.55
2025-07-01,Social,Desktop,Canada,2025,2025-Q3,2025-07,5009,4071,3118,9234,3284,385802,55,5202.34
2025-07-01,Social,Mobile,United States,2025,2025-Q3,2025-07,34167,28257,21542,50796,25897,2572737,379,36391.92
2025-07-01,Social,Mobile,United Kingdom,2025,2025-Q3,2025-07,11390,9322,7156,16800,8516,880007,130,12298.67
2025-07-01,Social,Mobile,Germany,2025,2025-Q3,2025-07,7587,6228,4776,11403,5704,577550,82,7871.4
2025-07-01,Social,Mobile,India,2025,2025-Q3,2025-07,10128,8260,6234,15442,7612,762942,119,11421.21
2025-07-01,Social,Mobile,Australia,2025,2025-Q3,2025-07,4413,3638,2768,6484,3335,330093,46,4315.76
2025-07-01,Social,Mobile,Canada,2025,2025-Q3,2025-07,6227,5108,3902,9422,4673,470743,69,6676.8
2025-07-01,Social,Tablet,United States,2025,2025-Q3,2025-07,5418,4411,3349,9944,3583,403388,64,6126.42
2025-07-01,Social,Tablet,United Kingdom,2025,2025-Q3,2025-07,1821,1498,1148,3296,1192,138464,22,2108.61
2025-07-01,Social,Tablet,Germany,2025,2025-Q3,2025-07,1184,984,751,2147,795,90597,8,754.92
2025-07-01,Social,Tablet,India,2025,2025-Q3,2025-07,1549,1248,956,2820,1002,116417,19,1742.61
2025-07-01,Social,Tablet,Australia,2025,2025-Q3,2025-07,703,578,442,1273,464,53565,0,0
2025-07-01,Social,Tablet,Canada,2025,2025-Q3,2025-07,975,797,598,1794,643,72503,3,291.19
2025-07-01,Referral,Desktop,United States,2025,2025-Q3,2025-07,12177,9974,6353,32227,6348,1884758,238,22937.86
2025-07-01,Referral,Desktop,United Kingdom,2025,2025-Q3,2025-07,4131,3382,2177,10812,2137,644717,78,7416.42
2025-07-01,Referral,Desktop,Germany,2025,2025-Q3,2025-07,2630,2160,1404,6842,1363,425061,51,4871.31
2025-07-01,Referral,Desktop,India,2025,2025-Q3,2025-07,3566,2897,1879,9409,1826,566728,69,6525.19
2025-07-01,Referral,Desktop,Australia,2025,2025-Q3,2025-07,1570,1285,835,4100,813,249527,30,2851.22
2025-07-01,Referral,Desktop,Canada,2025,2025-Q3,2025-07,2156,1772,1134,5646,1127,336793,41,3951.44
2025-07-01,Referral,Mobile,United States,2025,2025-Q3,2025-07,15296,12557,8072,32796,9112,2412075,291,27748.09
2025-07-01,Referral,Mobile,United Kingdom,2025,2025-Q3,2025-07,5262,4296,2767,11606,3112,815278,103,9816.85
2025-07-01,Referral,Mobile,Germany,2025,2025-Q3,2025-07,3292,2713,1745,6998,1942,513289,62,5925.5
2025-07-01,Referral,Mobile,India,2025,2025-Q3,2025-07,4440,3645,2337,9656,2638,694390,83,7917.32
2025-07-01,Referral,Mobile,Australia,2025,2025-Q3,2025-07,1939,1572,1034,4200,1142,310077,37,3509.99
2025-07-01,Referral,Mobile,Canada,2025,2025-Q3,2025-07,2782,2277,1458,6005,1637,430333,53,5050.76
2025-07-01,Referral,Tablet,United States,2025,2025-Q3,2025-07,2360,1955,1259,6121,1234,369654,42,4016.07
2025-07-01,Referral,Tablet,United Kingdom,2025,2025-Q3,2025-07,803,648,420,2111,417,127061,16,1444.74
2025-07-01,Referral,Tablet,Germany,2025,2025-Q3,2025-07,521,430,278,1362,271,82645,0,0
2025-07-01,Referral,Tablet,India,2025,2025-Q3,2025-07,713,586,373,1908,373,111379,11,1038.46
2025-07-01,Referral,Tablet,Australia,2025,2025-Q3,2025-07,302,248,158,770,157,47729,0,0
2025-07-01,Referral,Tablet,Canada,2025,2025-Q3,2025-07,426,348,223,1106,221,67392,0,0
2025-07-01,Email,Desktop,United States,2025,2025-Q3,2025-07,16390,13382,2903,47649,5413,3387602,954,90815.37
2025-07-01,Email,Desktop,United Kingdom,2025,2025-Q3,2025-07,5733,4647,1000,16842,1863,1195302,335,31926.18
2025-07-01,Email,Desktop,Germany,2025,2025-Q3,2025-07,3661,2982,641,10742,1204,752857,213,19988.1
2025-07-01,Email,Desktop,India,2025,2025-Q3,2025-07,4772,3939,847,14082,1584,965950,274,26542.39
2025-07-01,Email,Desktop,Australia,2025,2025-Q3,2025-07,2149,1769,383,6207,709,439729,127,12144.37
2025-07-01,Email,Desktop,Canada,2025,2025-Q3,2025-07,2997,2456,528,8732,994,614323,177,16785.24
2025-07-01,Email,Mobile,United States,2025,2025-Q3,2025-07,20965,17298,3706,50605,7910,4274223,1246,119133
2025-07-01,Email,Mobile,United Kingdom,2025,2025-Q3,2025-07,7064,5781,1232,17086,2657,1411893,409,39140.29
2025-07-01,Email,Mobile,Germany,2025,2025-Q3,2025-07,4565,3719,815,10999,1700,940011,268,25254.5
2025-07-01,Email,Mobile,India,2025,2025-Q3,2025-07,6097,4954,1054,14493,2281,1245899,352,33560.99
2025-07-01,Email,Mobile,Australia,2025,2025-Q3,2025-07,2728,2226,479,6658,1021,552023,163,15528.71
2025-07-01,Email,Mobile,Canada,2025,2025-Q3,2025-07,3653,3022,649,8674,1386,752439,214,20524.64
2025-07-01,Email,Tablet,United States,2025,2025-Q3,2025-07,3222,2634,568,9396,1059,670548,189,17899.79
2025-07-01,Email,Tablet,United Kingdom,2025,2025-Q3,2025-07,1148,943,200,3399,382,230646,69,6619.89
2025-07-01,Email,Tablet,Germany,2025,2025-Q3,2025-07,699,569,122,2015,230,145130,41,3915.68
2025-07-01,Email,Tablet,India,2025,2025-Q3,2025-07,938,770,165,2755,310,190933,55,5299.5
2025-07-01,Email,Tablet,Australia,2025,2025-Q3,2025-07,430,347,77,1279,140,88944,29,2759.67
2025-07-01,Email,Tablet,Canada,2025,2025-Q3,2025-07,592,485,103,1744,193,118482,36,3441.26
2025-07-01,Display,Desktop,United States,2025,2025-Q3,2025-07,9814,7980,6353,14959,6965,524592,68,6426.75
2025-07-01,Display,Desktop,United Kingdom,2025,2025-Q3,2025-07,3359,2776,2189,5100,2430,179362,27,2614.39
2025-07-01,Display,Desktop,Germany,2025,2025-Q3,2025-07,2113,1732,1366,3157,1528,114240,12,1099.76
2025-07-01,Display,Desktop,India,2025,2025-Q3,2025-07,2847,2333,1855,4281,2037,153523,21,1971.23
2025-07-01,Display,Desktop,Australia,2025,2025-Q3,2025-07,1317,1073,841,2039,945,69680,0,0
2025-07-01,Display,Desktop,Canada,2025,2025-Q3,2025-07,1789,1473,1159,2727,1282,94647,9,858.77
2025-07-01,Display,Mobile,United States,2025,2025-Q3,2025-07,12243,9941,7918,15139,9896,664889,86,8112.4
2025-07-01,Display,Mobile,United Kingdom,2025,2025-Q3,2025-07,4204,3432,2703,5197,3447,229246,29,2765.17
2025-07-01,Display,Mobile,Germany,2025,2025-Q3,2025-07,2728,2227,1760,3414,2218,145354,20,1888.06
2025-07-01,Display,Mobile,India,2025,2025-Q3,2025-07,3524,2909,2314,4341,2904,190846,27,2578.96
2025-07-01,Display,Mobile,Australia,2025,2025-Q3,2025-07,1581,1284,1011,1963,1286,85006,5,478.71
2025-07-01,Display,Mobile,Canada,2025,2025-Q3,2025-07,2182,1787,1432,2717,1770,119595,17,1564.12
2025-07-01,Display,Tablet,United States,2025,2025-Q3,2025-07,1901,1557,1236,2874,1376,102288,9,839.3
2025-07-01,Display,Tablet,United Kingdom,2025,2025-Q3,2025-07,646,533,420,975,466,34612,0,0
2025-07-01,Display,Tablet,Germany,2025,2025-Q3,2025-07,432,351,278,657,309,23400,0,0
2025-07-01,Display,Tablet,India,2025,2025-Q3,2025-07,556,458,362,854,403,29781,0,0
2025-07-01,Display,Tablet,Australia,2025,2025-Q3,2025-07,251,205,164,379,177,13168,0,0
2025-07-01,Display,Tablet,Canada,2025,2025-Q3,2025-07,340,279,222,510,249,18727,0,0
2025-08-01,Organic Search,Desktop,United States,2025,2025-Q3,2025-08,90788,74036,44488,287267,37502,16297742,2904,279388.15
2025-08-01,Organic Search,Desktop,United Kingdom,2025,2025-Q3,2025-08,30228,24946,15114,93712,12331,5458333,929,87781.89
2025-08-01,Organic Search,Desktop,Germany,2025,2025-Q3,2025-08,20336,16654,10038,64011,8302,3638464,632,60764.86
2025-08-01,Organic Search,Desktop,India,2025,2025-Q3,2025-08,26545,21620,13117,83668,10750,4818154,837,78682.81
2025-08-01,Organic Search,Desktop,Australia,2025,2025-Q3,2025-08,11788,9602,5761,36986,4821,2114885,368,35264.54
2025-08-01,Organic Search,Desktop,Canada,2025,2025-Q3,2025-08,16175,13207,7964,50291,6570,2944959,513,48908.98
2025-08-01,Organic Search,Mobile,United States,2025,2025-Q3,2025-08,112439,91415,55336,287543,51761,20273718,3523,333562.81
2025-08-01,Organic Search,Mobile,United Kingdom,2025,2025-Q3,2025-08,38019,31255,18989,97592,17624,6906025,1200,114329.36
2025-08-01,Organic Search,Mobile,Germany,2025,2025-Q3,2025-08,24677,20207,12153,63138,11565,4457538,778,75079.05
2025-08-01,Organic Search,Mobile,India,2025,2025-Q3,2025-08,32441,26584,16199,83304,15213,5917975,1015,96100.81
2025-08-01,Organic Search,Mobile,Australia,2025,2025-Q3,2025-08,14775,12098,7295,38061,6911,2681334,456,43813.84
2025-08-01,Organic Search,Mobile,Canada,2025,2025-Q3,2025-08,20716,16985,10281,54003,9644,3734199,660,62752.34
2025-08-01,Organic Search,Tablet,United States,2025,2025-Q3,2025-08,17833,14667,8901,56060,7325,3181929,566,53998.37
2025-08-01,Organic Search,Tablet,United Kingdom,2025,2025-Q3,2025-08,5993,4899,2996,18886,2448,1117721,189,17919.62
2025-08-01,Organic Search,Tablet,Germany,2025,2025-Q3,2025-08,3947,3227,1943,12463,1607,701144,126,12033.02
2025-08-01,Organic Search,Tablet,India,2025,2025-Q3,2025-08,5149,4206,2556,16169,2099,941367,164,15648.91
2025-08-01,Organic Search,Tablet,Australia,2025,2025-Q3,2025-08,2297,1888,1141,7164,944,418649,69,6597.18
2025-08-01,Organic Search,Tablet,Canada,2025,2025-Q3,2025-08,3137,2559,1575,9804,1275,573395,97,9235.62
2025-08-01,Paid Search,Desktop,United States,2025,2025-Q3,2025-08,37324,30554,21054,86971,17911,5214029,1586,151051.44
2025-08-01,Paid Search,Desktop,United Kingdom,2025,2025-Q3,2025-08,12405,10048,6981,29345,5888,1748287,536,50925.14
2025-08-01,Paid Search,Desktop,Germany,2025,2025-Q3,2025-08,8136,6666,4600,19004,3894,1123758,345,32810.64
2025-08-01,Paid Search,Desktop,India,2025,2025-Q3,2025-08,10517,8540,5918,24463,5010,1484606,452,43020.89
2025-08-01,Paid Search,Desktop,Australia,2025,2025-Q3,2025-08,4746,3884,2707,10962,2268,670808,202,19163.89
2025-08-01,Paid Search,Desktop,Canada,2025,2025-Q3,2025-08,6546,5317,3681,15249,3118,923291,282,26849.27
2025-08-01,Paid Search,Mobile,United States,2025,2025-Q3,2025-08,45780,37685,26103,87753,25298,6465756,1952,188444.83
2025-08-01,Paid Search,Mobile,United Kingdom,2025,2025-Q3,2025-08,15346,12587,8725,28929,8368,2163409,648,61303.05
2025-08-01,Paid Search,Mobile,Germany,2025,2025-Q3,2025-08,10043,8254,5708,19145,5496,1428889,425,40556.03
2025-08-01,Paid Search,Mobile,India,2025,2025-Q3,2025-08,13301,10837,7519,25636,7249,1846830,577,55269.81
2025-08-01,Paid Search,Mobile,Australia,2025,2025-Q3,2025-08,5970,4924,3422,11273,3282,839468,254,24202.32
2025-08-01,Paid Search,Mobile,Canada,2025,2025-Q3,2025-08,8215,6706,4627,15801,4498,1128914,350,33411.94
2025-08-01,Paid Search,Tablet,United States,2025,2025-Q3,2025-08,7194,5884,4027,16649,3431,1001906,304,29201.36
2025-08-01,Paid Search,Tablet,United Kingdom,2025,2025-Q3,2025-08,2443,1983,1381,5736,1161,343611,104,9836.05
2025-08-01,Paid Search,Tablet,Germany,2025,2025-Q3,2025-08,1549,1279,896,3582,744,219834,65,6227.63
2025-08-01,Paid Search,Tablet,India,2025,2025-Q3,2025-08,2070,1686,1174,4810,982,288036,89,8378.13
2025-08-01,Paid Search,Tablet,Australia,2025,2025-Q3,2025-08,920,754,527,2102,444,131388,40,3789.32
2025-08-01,Paid Search,Tablet,Canada,2025,2025-Q3,2025-08,1304,1069,736,3069,621,179262,55,5336.53
2025-08-01,Direct,Desktop,United States,2025,2025-Q3,2025-08,45188,36834,12101,163430,16218,9964586,1731,165720.86
2025-08-01,Direct,Desktop,United Kingdom,2025,2025-Q3,2025-08,15484,12599,4169,56886,5569,3466929,598,56996.3
2025-08-01,Direct,Desktop,Germany,2025,2025-Q3,2025-08,9784,8003,2678,35325,3521,2235350,376,35907.99
2025-08-01,Direct,Desktop,India,2025,2025-Q3,2025-08,13280,10852,3596,48590,4750,2980213,512,48439.79
2025-08-01,Direct,Desktop,Australia,2025,2025-Q3,2025-08,5803,4746,1579,21076,2072,1315042,219,20623.88
2025-08-01,Direct,Desktop,Canada,2025,2025-Q3,2025-08,8227,6784,2253,29838,2976,1818749,317,30637.74
2025-08-01,Direct,Mobile,United States,2025,2025-Q3,2025-08,55738,45544,15158,165947,22830,12384899,2087,197909.86
2025-08-01,Direct,Mobile,United Kingdom,2025,2025-Q3,2025-08,19578,16059,5367,59302,8018,4333639,775,74334.98
2025-08-01,Direct,Mobile,Germany,2025,2025-Q3,2025-08,12519,10249,3385,36908,5117,2788650,477,44959.82
2025-08-01,Direct,Mobile,India,2025,2025-Q3,2025-08,16390,13418,4434,49504,6733,3586793,623,59779.15
2025-08-01,Direct,Mobile,Australia,2025,2025-Q3,2025-08,7298,5944,1982,21651,2936,1652169,286,27095.88
2025-08-01,Direct,Mobile,Canada,2025,2025-Q3,2025-08,10236,8380,2777,30670,4202,2287710,393,37418.61
2025-08-01,Direct,Tablet,United States,2025,2025-Q3,2025-08,8787,7263,2425,31716,3163,1965774,332,31598.37
2025-08-01,Direct,Tablet,United Kingdom,2025,2025-Q3,2025-08,2976,2412,799,10841,1059,659002,115,10966.26
2025-08-01,Direct,Tablet,Germany,2025,2025-Q3,2025-08,1915,1566,524,6925,687,433112,73,6921.93
2025-08-01,Direct,Tablet,India,2025,2025-Q3,2025-08,2605,2135,702,9568,941,573228,100,9642.96
2025-08-01,Direct,Tablet,Australia,2025,2025-Q3,2025-08,1150,941,314,4171,413,256462,43,4064.37
2025-08-01,Direct,Tablet,Canada,2025,2025-Q3,2025-08,1607,1321,438,5867,581,355803,62,6024.01
2025-08-01,Social,Desktop,United States,2025,2025-Q3,2025-08,25079,20640,15864,45254,16580,1941170,282,26917.7
2025-08-01,Social,Desktop,United Kingdom,2025,2025-Q3,2025-08,8571,6954,5279,15672,5606,648647,95,9018.77
2025-08-01,Social,Desktop,Germany,2025,2025-Q3,2025-08,5502,4503,3462,9990,3577,422624,62,5874.47
2025-08-01,Social,Desktop,India,2025,2025-Q3,2025-08,7360,6062,4573,13274,4925,558213,81,7756.99
2025-08-01,Social,Desktop,Australia,2025,2025-Q3,2025-08,3261,2668,2045,5923,2155,248533,39,3743.65
2025-08-01,Social,Desktop,Canada,2025,2025-Q3,2025-08,4501,3699,2823,8104,2943,340334,49,4705.87
2025-08-01,Social,Mobile,United States,2025,2025-Q3,2025-08,31304,25621,19459,46568,23508,2374321,353,33697.02
2025-08-01,Social,Mobile,United Kingdom,2025,2025-Q3,2025-08,10722,8802,6663,16024,8043,797047,119,11420.18
2025-08-01,Social,Mobile,Germany,2025,2025-Q3,2025-08,6911,5625,4333,10351,5136,530968,77,7260.31
2025-08-01,Social,Mobile,India,2025,2025-Q3,2025-08,9197,7510,5705,13652,6858,688788,99,9435.5
2025-08-01,Social,Mobile,Australia,2025,2025-Q3,2025-08,4101,3324,2532,6170,3054,306492,46,4343.74
2025-08-01,Social,Mobile,Canada,2025,2025-Q3,2025-08,5549,4566,3471,8130,4177,423494,60,5735.64
2025-08-01,Social,Tablet,United States,2025,2025-Q3,2025-08,4868,3984,3046,8724,3187,373810,53,5032.16
2025-08-01,Social,Tablet,United Kingdom,2025,2025-Q3,2025-08,1705,1403,1061,3139,1128,127638,21,2001.49
2025-08-01,Social,Tablet,Germany,2025,2025-Q3,2025-08,1062,864,661,1919,697,81620,6,564.01
2025-08-01,Social,Tablet,India,2025,2025-Q3,2025-08,1445,1193,908,2617,963,108876,16,1503.11
2025-08-01,Social,Tablet,Australia,2025,2025-Q3,2025-08,645,522,399,1192,421,49258,0,0
2025-08-01,Social,Tablet,Canada,2025,2025-Q3,2025-08,883,723,550,1611,583,66346,1,97.9
2025-08-01,Referral,Desktop,United States,2025,2025-Q3,2025-08,11137,9111,5873,29177,5712,1768821,211,19783.77
2025-08-01,Referral,Desktop,United Kingdom,2025,2025-Q3,2025-08,3817,3152,2026,10063,2010,603122,76,7228.24
2025-08-01,Referral,Desktop,Germany,2025,2025-Q3,2025-08,2420,1980,1276,6281,1248,377716,45,4318.8
2025-08-01,Referral,Desktop,India,2025,2025-Q3,2025-08,3200,2629,1697,8304,1660,507658,62,5891.23
2025-08-01,Referral,Desktop,Australia,2025,2025-Q3,2025-08,1463,1195,769,3905,759,227575,30,2878.09
2025-08-01,Referral,Desktop,Canada,2025,2025-Q3,2025-08,2018,1663,1074,5371,1046,316215,40,3801.25
2025-08-01,Referral,Mobile,United States,2025,2025-Q3,2025-08,14004,11406,7434,30272,8244,2206213,266,25192.67
2025-08-01,Referral,Mobile,United Kingdom,2025,2025-Q3,2025-08,4696,3834,2460,10060,2778,738463,90,8643.14
2025-08-01,Referral,Mobile,Germany,2025,2025-Q3,2025-08,3102,2531,1620,6743,1819,485791,61,5800.99
2025-08-01,Referral,Mobile,India,2025,2025-Q3,2025-08,3924,3218,2088,8353,2324,630032,75,7121.31
2025-08-01,Referral,Mobile,Australia,2025,2025-Q3,2025-08,1811,1482,959,3894,1065,283708,36,3464.22
2025-08-01,Referral,Mobile,Canada,2025,2025-Q3,2025-08,2450,1999,1294,5186,1441,395890,47,4417.22
2025-08-01,Referral,Tablet,United States,2025,2025-Q3,2025-08,2165,1778,1156,5701,1126,345392,42,3995.66
2025-08-01,Referral,Tablet,United Kingdom,2025,2025-Q3,2025-08,744,608,386,1937,389,115875,12,1121.4
2025-08-01,Referral,Tablet,Germany,2025,2025-Q3,2025-08,484,395,254,1294,252,75894,1,98.37
2025-08-01,Referral,Tablet,India,2025,2025-Q3,2025-08,630,519,333,1643,326,99571,7,661.42
2025-08-01,Referral,Tablet,Australia,2025,2025-Q3,2025-08,287,237,154,771,149,44508,0,0
2025-08-01,Referral,Tablet,Canada,2025,2025-Q3,2025-08,385,315,206,1002,197,61935,0,0
2025-08-01,Email,Desktop,United States,2025,2025-Q3,2025-08,15178,12407,2659,44640,5009,3115546,895,85980.1
2025-08-01,Email,Desktop,United Kingdom,2025,2025-Q3,2025-08,5156,4232,910,14942,1698,1048576,300,28478.58
2025-08-01,Email,Desktop,Germany,2025,2025-Q3,2025-08,3462,2832,612,10257,1144,708050,204,19483.89
2025-08-01,Email,Desktop,India,2025,2025-Q3,2025-08,4491,3685,788,13205,1470,916197,267,25373.14
2025-08-01,Email,Desktop,Australia,2025,2025-Q3,2025-08,1996,1630,345,5889,661,406709,117,11229.29
2025-08-01,Email,Desktop,Canada,2025,2025-Q3,2025-08,2744,2228,481,8055,898,562029,163,15571.57
2025-08-01,Email,Mobile,United States,2025,2025-Q3,2025-08,19029,15428,3285,45978,7090,3863452,1127,106154.29
2025-08-01,Email,Mobile,United Kingdom,2025,2025-Q3,2025-08,6341,5215,1129,15202,2370,1301018,370,35307.3
2025-08-01,Email,Mobile,Germany,2025,2025-Q3,2025-08,4199,3430,731,10081,1577,866764,251,24196.13
2025-08-01,Email,Mobile,India,2025,2025-Q3,2025-08,5442,4419,956,12997,2025,1120519,315,29395.14
2025-08-01,Email,Mobile,Australia,2025,2025-Q3,2025-08,2486,2049,440,5975,938,502194,142,13671.09
2025-08-01,Email,Mobile,Canada,2025,2025-Q3,2025-08,3449,2829,610,8291,1292,700092,202,19185.81
2025-08-01,Email,Tablet,United States,2025,2025-Q3,2025-08,3005,2440,523,8839,976,609753,179,17066.15
2025-08-01,Email,Tablet,United Kingdom,2025,2025-Q3,2025-08,1015,835,178,2982,338,210272,63,6009.92
2025-08-01,Email,Tablet,Germany,2025,2025-Q3,2025-08,668,544,117,1978,221,132665,40,3826.02
2025-08-01,Email,Tablet,India,2025,2025-Q3,2025-08,860,704,152,2520,283,178238,50,4753.75
2025-08-01,Email,Tablet,Australia,2025,2025-Q3,2025-08,390,317,69,1142,128,79883,25,2377.05
2025-08-01,Email,Tablet,Canada,2025,2025-Q3,2025-08,538,438,94,1581,177,110724,33,3131.09
2025-08-01,Display,Desktop,United States,2025,2025-Q3,2025-08,9287,7604,6029,14075,6651,499970,67,6405.19
2025-08-01,Display,Desktop,United Kingdom,2025,2025-Q3,2025-08,3086,2513,1978,4723,2220,167392,27,2602.15
2025-08-01,Display,Desktop,Germany,2025,2025-Q3,2025-08,1992,1633,1287,3038,1432,105643,11,1023.7
2025-08-01,Display,Desktop,India,2025,2025-Q3,2025-08,2641,2164,1719,4007,1892,142331,21,2023.47
2025-08-01,Display,Desktop,Australia,2025,2025-Q3,2025-08,1177,960,762,1778,844,64052,0,0
2025-08-01,Display,Desktop,Canada,2025,2025-Q3,2025-08,1631,1325,1046,2492,1165,87138,7,662.73
2025-08-01,Display,Mobile,United States,2025,2025-Q3,2025-08,11324,9319,7385,14190,9367,613704,79,7568.19
2025-08-01,Display,Mobile,United Kingdom,2025,2025-Q3,2025-08,3773,3073,2453,4619,3044,205247,28,2621.77
2025-08-01,Display,Mobile,Germany,2025,2025-Q3,2025-08,2487,2045,1612,3093,2040,133698,18,1690.76
2025-08-01,Display,Mobile,India,2025,2025-Q3,2025-08,3240,2641,2096,4068,2654,173845,28,2722.83
2025-08-01,Display,Mobile,Australia,2025,2025-Q3,2025-08,1445,1192,942,1771,1192,77291,4,387.93
2025-08-01,Display,Mobile,Canada,2025,2025-Q3,2025-08,2046,1663,1304,2579,1672,109346,14,1296.79
2025-08-01,Display,Tablet,United States,2025,2025-Q3,2025-08,1796,1460,1151,2772,1289,95178,8,753.24
2025-08-01,Display,Tablet,United Kingdom,2025,2025-Q3,2025-08,597,489,392,897,425,32719,0,0
2025-08-01,Display,Tablet,Germany,2025,2025-Q3,2025-08,396,325,261,602,282,21669,0,0
2025-08-01,Display,Tablet,India,2025,2025-Q3,2025-08,513,417,334,774,360,27414,0,0
2025-08-01,Display,Tablet,Australia,2025,2025-Q3,2025-08,230,188,150,346,160,12390,0,0
2025-08-01,Display,Tablet,Canada,2025,2025-Q3,2025-08,315,257,200,483,230,16840,0,0
2025-09-01,Organic Search,Desktop,United States,2025,2025-Q3,2025-09,83506,68273,41058,262770,33977,14896723,2617,249372.21
2025-09-01,Organic Search,Desktop,United Kingdom,2025,2025-Q3,2025-09,28193,23025,13933,89324,11452,5080008,902,86415.08
2025-09-01,Organic Search,Desktop,Germany,2025,2025-Q3,2025-09,18159,14889,9015,56478,7477,3312543,569,54050.88
2025-09-01,Organic Search,Desktop,India,2025,2025-Q3,2025-09,23875,19346,11732,75628,9764,4328170,755,71683.69
2025-09-01,Organic Search,Desktop,Australia,2025,2025-Q3,2025-09,10761,8837,5366,33532,4356,1971457,340,32184.63
2025-09-01,Organic Search,Desktop,Canada,2025,2025-Q3,2025-09,15059,12364,7480,47594,6206,2742625,471,45110.44
2025-09-01,Organic Search,Mobile,United States,2025,2025-Q3,2025-09,102809,84563,51271,263446,48045,18783565,3170,304223
2025-09-01,Organic Search,Mobile,United Kingdom,2025,2025-Q3,2025-09,35008,28488,17087,91312,16414,6352500,1114,106563.98
2025-09-01,Organic Search,Mobile,Germany,2025,2025-Q3,2025-09,22827,18793,11330,59333,10678,4086315,721,68059.59
2025-09-01,Organic Search,Mobile,India,2025,2025-Q3,2025-09,30296,24737,14810,78744,14153,5380020,962,92364.14
2025-09-01,Organic Search,Mobile,Australia,2025,2025-Q3,2025-09,13422,10993,6697,34496,6190,2450595,421,39500.12
2025-09-01,Organic Search,Mobile,Canada,2025,2025-Q3,2025-09,18686,15197,9172,47840,8683,3438593,575,54704.19
2025-09-01,Organic Search,Tablet,United States,2025,2025-Q3,2025-09,16099,13282,8068,49803,6645,2950695,504,48133.96
2025-09-01,Organic Search,Tablet,United Kingdom,2025,2025-Q3,2025-09,5453,4455,2685,16920,2222,972937,171,16311.05
2025-09-01,Organic Search,Tablet,Germany,2025,2025-Q3,2025-09,3490,2864,1743,10830,1427,645947,112,10626.21
2025-09-01,Organic Search,Tablet,India,2025,2025-Q3,2025-09,4756,3883,2327,15029,1949,851597,152,14630.42
2025-09-01,Organic Search,Tablet,Australia,2025,2025-Q3,2025-09,2072,1701,1035,6536,850,376512,65,6202.73
2025-09-01,Organic Search,Tablet,Canada,2025,2025-Q3,2025-09,2967,2428,1460,9240,1220,532066,91,8790.23
2025-09-01,Paid Search,Desktop,United States,2025,2025-Q3,2025-09,32707,26822,18726,76067,15796,4625952,1384,131609.8
2025-09-01,Paid Search,Desktop,United Kingdom,2025,2025-Q3,2025-09,11456,9333,6488,26605,5445,1605556,487,46323.54
2025-09-01,Paid Search,Desktop,Germany,2025,2025-Q3,2025-09,7356,6004,4176,17018,3491,1062837,313,29479.42
2025-09-01,Paid Search,Desktop,India,2025,2025-Q3,2025-09,9661,7906,5462,22552,4643,1339365,402,38357.27
2025-09-01,Paid Search,Desktop,Australia,2025,2025-Q3,2025-09,4283,3514,2449,9905,2058,602042,180,17290.26
2025-09-01,Paid Search,Desktop,Canada,2025,2025-Q3,2025-09,6017,4912,3399,13917,2890,851365,248,23668.35
2025-09-01,Paid Search,Mobile,United States,2025,2025-Q3,2025-09,41826,34192,23497,79732,22725,5836142,1805,170657.4
2025-09-01,Paid Search,Mobile,United Kingdom,2025,2025-Q3,2025-09,14378,11792,8100,27654,7892,2000750,606,57962.78
2025-09-01,Paid Search,Mobile,Germany,2025,2025-Q3,2025-09,9092,7405,5170,17349,4911,1284175,388,36747.98
2025-09-01,Paid Search,Mobile,India,2025,2025-Q3,2025-09,12319,10063,7033,23424,6695,1751287,519,49085.39
2025-09-01,Paid Search,Mobile,Australia,2025,2025-Q3,2025-09,5402,4373,3042,10356,2920,758926,230,21786.13
2025-09-01,Paid Search,Mobile,Canada,2025,2025-Q3,2025-09,7448,6145,4275,14114,4072,1048136,311,29861.8
2025-09-01,Paid Search,Tablet,United States,2025,2025-Q3,2025-09,6516,5315,3707,15077,3122,922049,274,25793.53
2025-09-01,Paid Search,Tablet,United Kingdom,2025,2025-Q3,2025-09,2251,1850,1276,5288,1092,311630,97,9336.75
2025-09-01,Paid Search,Tablet,Germany,2025,2025-Q3,2025-09,1441,1177,811,3349,684,201863,61,5817.77
2025-09-01,Paid Search,Tablet,India,2025,2025-Q3,2025-09,1899,1552,1068,4393,922,268123,80,7674.34
2025-09-01,Paid Search,Tablet,Australia,2025,2025-Q3,2025-09,848,688,481,1983,400,120672,36,3454.95
2025-09-01,Paid Search,Tablet,Canada,2025,2025-Q3,2025-09,1175,962,670,2731,569,167201,51,4857.62
2025-09-01,Direct,Desktop,United States,2025,2025-Q3,2025-09,41313,33666,11262,150747,14676,9324868,1589,149212.4
2025-09-01,Direct,Desktop,United Kingdom,2025,2025-Q3,2025-09,14272,11778,3904,51703,5157,3195276,536,51159.9
2025-09-01,Direct,Desktop,Germany,2025,2025-Q3,2025-09,9078,7461,2480,32878,3267,1990638,345,32804.13
2025-09-01,Direct,Desktop,India,2025,2025-Q3,2025-09,11811,9696,3223,42678,4255,2652922,448,43016.18
2025-09-01,Direct,Desktop,Australia,2025,2025-Q3,2025-09,5442,4451,1475,19904,1949,1200349,210,20068.82
2025-09-01,Direct,Desktop,Canada,2025,2025-Q3,2025-09,7477,6102,2022,27421,2687,1676920,293,27830.39
2025-09-01,Direct,Mobile,United States,2025,2025-Q3,2025-09,51899,42468,14286,156528,21186,11607679,2016,192786.23
2025-09-01,Direct,Mobile,United Kingdom,2025,2025-Q3,2025-09,17642,14355,4779,51720,7204,3980389,668,63788.89
2025-09-01,Direct,Mobile,Germany,2025,2025-Q3,2025-09,11292,9145,3048,34104,4617,2518977,438,41508.35
2025-09-01,Direct,Mobile,India,2025,2025-Q3,2025-09,14612,12029,4014,43076,5972,3323236,558,53492.78
2025-09-01,Direct,Mobile,Australia,2025,2025-Q3,2025-09,6727,5536,1832,20075,2781,1498454,256,24591.79
2025-09-01,Direct,Mobile,Canada,2025,2025-Q3,2025-09,9084,7402,2476,26903,3719,2040647,344,32391.06
2025-09-01,Direct,Tablet,United States,2025,2025-Q3,2025-09,7987,6478,2138,29330,2868,1806430,314,29973.1
2025-09-01,Direct,Tablet,United Kingdom,2025,2025-Q3,2025-09,2744,2259,749,9914,989,604687,103,9860.04
2025-09-01,Direct,Tablet,Germany,2025,2025-Q3,2025-09,1810,1474,489,6654,650,403169,70,6705.55
2025-09-01,Direct,Tablet,India,2025,2025-Q3,2025-09,2346,1913,633,8503,839,522049,90,8501.53
2025-09-01,Direct,Tablet,Australia,2025,2025-Q3,2025-09,1057,863,287,3902,378,230049,40,3827.84
2025-09-01,Direct,Tablet,Canada,2025,2025-Q3,2025-09,1441,1179,392,5193,518,330556,56,5289.77
2025-09-01,Social,Desktop,United States,2025,2025-Q3,2025-09,22800,18622,14151,41362,15018,1704478,254,24368.55
2025-09-01,Social,Desktop,United Kingdom,2025,2025-Q3,2025-09,7688,6347,4862,13867,5077,586091,86,8208.98
2025-09-01,Social,Desktop,Germany,2025,2025-Q3,2025-09,5130,4196,3167,9353,3386,384227,57,5490.9
2025-09-01,Social,Desktop,India,2025,2025-Q3,2025-09,6815,5562,4235,12563,4454,513326,77,7258.31
2025-09-01,Social,Desktop,Australia,2025,2025-Q3,2025-09,3013,2468,1859,5551,1978,221568,35,3391.45
2025-09-01,Social,Desktop,Canada,2025,2025-Q3,2025-09,4191,3429,2627,7641,2748,317503,46,4337.25
2025-09-01,Social,Mobile,United States,2025,2025-Q3,2025-09,29047,23648,18065,43497,21538,2204041,326,30823.25
2025-09-01,Social,Mobile,United Kingdom,2025,2025-Q3,2025-09,9653,7904,6053,14277,7253,743997,109,10346.35
2025-09-01,Social,Mobile,Germany,2025,2025-Q3,2025-09,6258,5135,3884,9353,4735,465249,70,6748.81
2025-09-01,Social,Mobile,India,2025,2025-Q3,2025-09,8173,6681,5130,12091,6102,631649,89,8391.2
2025-09-01,Social,Mobile,Australia,2025,2025-Q3,2025-09,3740,3055,2300,5615,2840,282219,43,4097.2
2025-09-01,Social,Mobile,Canada,2025,2025-Q3,2025-09,5268,4306,3281,8027,3961,398056,59,5632.63
2025-09-01,Social,Tablet,United States,2025,2025-Q3,2025-09,4568,3734,2850,8392,2997,343220,52,4899.7
2025-09-01,Social,Tablet,United Kingdom,2025,2025-Q3,2025-09,1512,1236,946,2737,991,117749,18,1693.51
2025-09-01,Social,Tablet,Germany,2025,2025-Q3,2025-09,1010,829,631,1865,668,74479,7,677.5
2025-09-01,Social,Tablet,India,2025,2025-Q3,2025-09,1294,1065,821,2353,855,100281,12,1104.32
2025-09-01,Social,Tablet,Australia,2025,2025-Q3,2025-09,590,486,370,1074,389,44445,0,0
2025-09-01,Social,Tablet,Canada,2025,2025-Q3,2025-09,806,654,504,1467,520,61756,0,0
2025-09-01,Referral,Desktop,United States,2025,2025-Q3,2025-09,10286,8415,5387,27006,5349,1630314,193,18341.49
2025-09-01,Referral,Desktop,United Kingdom,2025,2025-Q3,2025-09,3468,2816,1816,9182,1774,541043,67,6411.83
2025-09-01,Referral,Desktop,Germany,2025,2025-Q3,2025-09,2293,1889,1207,6110,1197,357021,44,4186.53
2025-09-01,Referral,Desktop,India,2025,2025-Q3,2025-09,2926,2377,1528,7764,1512,460246,59,5625.19
2025-09-01,Referral,Desktop,Australia,2025,2025-Q3,2025-09,1329,1091,711,3478,690,211077,28,2649.32
2025-09-01,Referral,Desktop,Canada,2025,2025-Q3,2025-09,1856,1500,969,4897,951,298112,39,3728.87
2025-09-01,Referral,Mobile,United States,2025,2025-Q3,2025-09,12632,10421,6681,27332,7537,1979477,245,23719.65
2025-09-01,Referral,Mobile,United Kingdom,2025,2025-Q3,2025-09,4285,3498,2264,9145,2521,687951,81,7549.27
2025-09-01,Referral,Mobile,Germany,2025,2025-Q3,2025-09,2785,2289,1471,6040,1662,438212,52,5005.36
2025-09-01,Referral,Mobile,India,2025,2025-Q3,2025-09,3738,3053,1959,8131,2196,579602,75,7147.51
2025-09-01,Referral,Mobile,Australia,2025,2025-Q3,2025-09,1653,1360,873,3495,987,261089,33,3164.53
2025-09-01,Referral,Mobile,Canada,2025,2025-Q3,2025-09,2293,1868,1203,4994,1350,354075,43,4096.81
2025-09-01,Referral,Tablet,United States,2025,2025-Q3,2025-09,2011,1637,1050,5307,1040,309392,40,3827.18
2025-09-01,Referral,Tablet,United Kingdom,2025,2025-Q3,2025-09,669,546,354,1762,346,106821,9,842.09
2025-09-01,Referral,Tablet,Germany,2025,2025-Q3,2025-09,436,356,230,1147,225,69209,0,0
2025-09-01,Referral,Tablet,India,2025,2025-Q3,2025-09,582,471,306,1535,299,91774,5,486.83
2025-09-01,Referral,Tablet,Australia,2025,2025-Q3,2025-09,258,214,137,673,134,40548,0,0
2025-09-01,Referral,Tablet,Canada,2025,2025-Q3,2025-09,363,298,192,961,187,56551,0,0
2025-09-01,Email,Desktop,United States,2025,2025-Q3,2025-09,14089,11534,2450,41403,4659,2803227,825,78815.37
2025-09-01,Email,Desktop,United Kingdom,2025,2025-Q3,2025-09,4797,3909,838,14226,1579,967507,284,27129.97
2025-09-01,Email,Desktop,Germany,2025,2025-Q3,2025-09,3035,2472,532,8772,1001,633179,181,17179.93
2025-09-01,Email,Desktop,India,2025,2025-Q3,2025-09,4103,3337,720,12172,1343,848258,243,22950.51
2025-09-01,Email,Desktop,Australia,2025,2025-Q3,2025-09,1805,1475,320,5264,590,374708,104,9834.93
2025-09-01,Email,Desktop,Canada,2025,2025-Q3,2025-09,2543,2101,450,7488,848,515915,149,14289.92
2025-09-01,Email,Mobile,United States,2025,2025-Q3,2025-09,17385,14285,3077,41823,6543,3552527,1008,96860.03
2025-09-01,Email,Mobile,United Kingdom,2025,2025-Q3,2025-09,6017,4907,1056,14713,2256,1227739,363,34774.74
2025-09-01,Email,Mobile,Germany,2025,2025-Q3,2025-09,3849,3173,680,9087,1454,775841,220,20798.65
2025-09-01,Email,Mobile,India,2025,2025-Q3,2025-09,5154,4211,907,12634,1941,1029700,305,29346.46
2025-09-01,Email,Mobile,Australia,2025,2025-Q3,2025-09,2271,1856,403,5427,844,474814,131,12404.47
2025-09-01,Email,Mobile,Canada,2025,2025-Q3,2025-09,3165,2576,547,7649,1193,641868,186,17749.34
2025-09-01,Email,Tablet,United States,2025,2025-Q3,2025-09,2752,2278,490,8081,916,567232,160,15318.07
2025-09-01,Email,Tablet,United Kingdom,2025,2025-Q3,2025-09,921,743,160,2699,298,185219,55,5182.55
2025-09-01,Email,Tablet,Germany,2025,2025-Q3,2025-09,604,499,106,1766,197,123257,36,3466.43
2025-09-01,Email,Tablet,India,2025,2025-Q3,2025-09,795,647,137,2344,263,163095,46,4399.35
2025-09-01,Email,Tablet,Australia,2025,2025-Q3,2025-09,351,286,59,1014,112,71829,25,2393.75
2025-09-01,Email,Tablet,Canada,2025,2025-Q3,2025-09,501,412,88,1456,165,101725,31,3004.56
2025-09-01,Display,Desktop,United States,2025,2025-Q3,2025-09,8195,6719,5354,12393,5913,450616,60,5706.96
2025-09-01,Display,Desktop,United Kingdom,2025,2025-Q3,2025-09,2844,2310,1830,4325,2016,153394,21,1954.43
2025-09-01,Display,Desktop,Germany,2025,2025-Q3,2025-09,1808,1474,1176,2752,1292,98452,10,932.96
2025-09-01,Display,Desktop,India,2025,2025-Q3,2025-09,2400,1967,1546,3619,1735,128880,17,1619.69
2025-09-01,Display,Desktop,Australia,2025,2025-Q3,2025-09,1048,864,691,1586,752,57500,0,0
2025-09-01,Display,Desktop,Canada,2025,2025-Q3,2025-09,1500,1232,972,2250,1086,80830,3,288.65
2025-09-01,Display,Mobile,United States,2025,2025-Q3,2025-09,10182,8376,6591,12455,8356,538510,73,6939.54
2025-09-01,Display,Mobile,United Kingdom,2025,2025-Q3,2025-09,3575,2939,2309,4497,2931,190766,27,2565.14
2025-09-01,Display,Mobile,Germany,2025,2025-Q3,2025-09,2231,1809,1447,2784,1823,123360,16,1473.94
2025-09-01,Display,Mobile,India,2025,2025-Q3,2025-09,3058,2502,1966,3795,2489,161152,25,2374.86
2025-09-01,Display,Mobile,Australia,2025,2025-Q3,2025-09,1341,1087,862,1667,1090,71920,2,195.77
2025-09-01,Display,Mobile,Canada,2025,2025-Q3,2025-09,1840,1516,1197,2270,1514,98345,10,932.28
2025-09-01,Display,Tablet,United States,2025,2025-Q3,2025-09,1611,1323,1043,2433,1160,87458,6,571.86
2025-09-01,Display,Tablet,United Kingdom,2025,2025-Q3,2025-09,558,457,362,862,405,30006,0,0
2025-09-01,Display,Tablet,Germany,2025,2025-Q3,2025-09,350,285,225,521,247,18902,0,0
2025-09-01,Display,Tablet,India,2025,2025-Q3,2025-09,473,389,305,710,342,25542,0,0
2025-09-01,Display,Tablet,Australia,2025,2025-Q3,2025-09,207,163,126,315,148,11226,0,0
2025-09-01,Display,Tablet,Canada,2025,2025-Q3,2025-09,289,240,185,442,209,15326,0,0
2025-10-01,Organic Search,Desktop,United States,2025,2025-Q4,2025-10,78175,63706,39038,244442,31594,14587625,2462,232133.33
2025-10-01,Organic Search,Desktop,United Kingdom,2025,2025-Q4,2025-10,27129,22207,13318,85763,11218,4862942,842,80619.52
2025-10-01,Organic Search,Desktop,Germany,2025,2025-Q4,2025-10,17271,14213,8679,54351,7137,3108327,543,52199.1
2025-10-01,Organic Search,Desktop,India,2025,2025-Q4,2025-10,22603,18599,11226,69186,9281,4103481,697,66429.6
2025-10-01,Organic Search,Desktop,Australia,2025,2025-Q4,2025-10,10491,8580,5185,33351,4279,1910064,329,31182.19
2025-10-01,Organic Search,Desktop,Canada,2025,2025-Q4,2025-10,14294,11662,7008,45281,5797,2564479,457,43415.8
2025-10-01,Organic Search,Mobile,United States,2025,2025-Q4,2025-10,96946,79227,48341,248447,45098,17983557,3058,292464.65
2025-10-01,Organic Search,Mobile,United Kingdom,2025,2025-Q4,2025-10,33375,27184,16617,85644,15429,6145920,1036,98190.79
2025-10-01,Organic Search,Mobile,Germany,2025,2025-Q4,2025-10,21572,17533,10649,55276,9945,3913563,687,65516.63
2025-10-01,Organic Search,Mobile,India,2025,2025-Q4,2025-10,28020,23095,13940,71557,13130,5080036,879,84185.85
2025-10-01,Organic Search,Mobile,Australia,2025,2025-Q4,2025-10,12572,10330,6259,32441,5915,2267145,393,38095
2025-10-01,Organic Search,Mobile,Canada,2025,2025-Q4,2025-10,17544,14336,8688,44557,8132,3210689,549,51712.14
2025-10-01,Organic Search,Tablet,United States,2025,2025-Q4,2025-10,15371,12538,7593,48059,6234,2778772,491,47136.74
2025-10-01,Organic Search,Tablet,United Kingdom,2025,2025-Q4,2025-10,5168,4249,2570,16037,2131,940520,159,15204
2025-10-01,Organic Search,Tablet,Germany,2025,2025-Q4,2025-10,3368,2726,1658,10665,1367,604708,106,10087.38
2025-10-01,Organic Search,Tablet,India,2025,2025-Q4,2025-10,4474,3668,2230,14129,1828,818315,142,13315.78
2025-10-01,Organic Search,Tablet,Australia,2025,2025-Q4,2025-10,2013,1641,978,6379,822,357855,62,5954.38
2025-10-01,Organic Search,Tablet,Canada,2025,2025-Q4,2025-10,2744,2248,1367,8553,1130,499353,84,7922.91
2025-10-01,Paid Search,Desktop,United States,2025,2025-Q4,2025-10,31701,26054,18070,73434,15219,4366065,1350,129720.17
2025-10-01,Paid Search,Desktop,United Kingdom,2025,2025-Q4,2025-10,10650,8807,6125,24217,5150,1517883,448,43010.57
2025-10-01,Paid Search,Desktop,Germany,2025,2025-Q4,2025-10,7059,5748,3977,16619,3371,980750,302,28778.1
2025-10-01,Paid Search,Desktop,India,2025,2025-Q4,2025-10,9403,7717,5385,22312,4472,1307035,409,38851.28
2025-10-01,Paid Search,Desktop,Australia,2025,2025-Q4,2025-10,4217,3452,2365,9781,2024,582507,182,17513.65
2025-10-01,Paid Search,Desktop,Canada,2025,2025-Q4,2025-10,5667,4642,3244,13178,2731,802574,241,23055.86
2025-10-01,Paid Search,Mobile,United States,2025,2025-Q4,2025-10,39661,32273,22447,76182,21553,5550419,1696,159803.78
2025-10-01,Paid Search,Mobile,United Kingdom,2025,2025-Q4,2025-10,13198,10894,7578,25259,7195,1855019,563,54000.48
2025-10-01,Paid Search,Mobile,Germany,2025,2025-Q4,2025-10,8675,7161,4968,16421,4778,1209374,370,35857.48
2025-10-01,Paid Search,Mobile,India,2025,2025-Q4,2025-10,11212,9113,6334,21097,6133,1592515,473,44592.94
2025-10-01,Paid Search,Mobile,Australia,2025,2025-Q4,2025-10,5189,4233,2933,9911,2821,721584,221,21191.23
2025-10-01,Paid Search,Mobile,Canada,2025,2025-Q4,2025-10,7135,5831,4045,13840,3900,1007845,310,29695.12
2025-10-01,Paid Search,Tablet,United States,2025,2025-Q4,2025-10,6236,5086,3542,14616,2981,862786,265,25328.96
2025-10-01,Paid Search,Tablet,United Kingdom,2025,2025-Q4,2025-10,2114,1724,1196,4894,1004,299988,90,8454.61
2025-10-01,Paid Search,Tablet,Germany,2025,2025-Q4,2025-10,1387,1134,779,3286,669,191281,58,5561.86
2025-10-01,Paid Search,Tablet,India,2025,2025-Q4,2025-10,1767,1446,1008,4085,842,247922,76,7183.69
2025-10-01,Paid Search,Tablet,Australia,2025,2025-Q4,2025-10,819,676,472,1918,397,116069,35,3370.01
2025-10-01,Paid Search,Tablet,Canada,2025,2025-Q4,2025-10,1113,902,629,2586,521,158598,48,4475.07
2025-10-01,Direct,Desktop,United States,2025,2025-Q4,2025-10,40149,32880,10879,147993,14370,8846059,1546,147851.15
2025-10-01,Direct,Desktop,United Kingdom,2025,2025-Q4,2025-10,13659,11127,3682,50152,4858,3003681,537,50908.56
2025-10-01,Direct,Desktop,Germany,2025,2025-Q4,2025-10,8734,7141,2349,32045,3168,1917302,336,32341.95
2025-10-01,Direct,Desktop,India,2025,2025-Q4,2025-10,11327,9273,3099,40750,4051,2553072,437,41757.65
2025-10-01,Direct,Desktop,Australia,2025,2025-Q4,2025-10,5051,4111,1380,18267,1805,1158851,192,18143.35
2025-10-01,Direct,Desktop,Canada,2025,2025-Q4,2025-10,7112,5776,1926,26127,2516,1563709,273,25825.14
2025-10-01,Direct,Mobile,United States,2025,2025-Q4,2025-10,48152,39566,13044,142328,20062,10699161,1848,179429.18
2025-10-01,Direct,Mobile,United Kingdom,2025,2025-Q4,2025-10,16504,13468,4502,49158,6760,3721443,632,59374.57
2025-10-01,Direct,Mobile,Germany,2025,2025-Q4,2025-10,10905,8908,2957,32813,4474,2448628,415,39807.12
2025-10-01,Direct,Mobile,India,2025,2025-Q4,2025-10,14613,12001,3975,44586,5983,3230207,575,54692.9
2025-10-01,Direct,Mobile,Australia,2025,2025-Q4,2025-10,6313,5184,1715,18529,2601,1409146,238,22832.42
2025-10-01,Direct,Mobile,Canada,2025,2025-Q4,2025-10,8843,7256,2421,26382,3617,1948018,342,32808.77
2025-10-01,Direct,Tablet,United States,2025,2025-Q4,2025-10,7804,6386,2093,28687,2796,1685169,300,28557.87
2025-10-01,Direct,Tablet,United Kingdom,2025,2025-Q4,2025-10,2606,2129,715,9473,931,579895,102,9728.98
2025-10-01,Direct,Tablet,Germany,2025,2025-Q4,2025-10,1682,1382,459,6072,609,378119,64,6144.02
2025-10-01,Direct,Tablet,India,2025,2025-Q4,2025-10,2210,1790,602,8113,785,500101,84,7892.95
2025-10-01,Direct,Tablet,Australia,2025,2025-Q4,2025-10,1006,830,275,3602,363,225662,39,3732.85
2025-10-01,Direct,Tablet,Canada,2025,2025-Q4,2025-10,1392,1146,380,5152,503,307119,54,5175.99
2025-10-01,Social,Desktop,United States,2025,2025-Q4,2025-10,22301,18325,13866,40947,14742,1654356,253,24367.61
2025-10-01,Social,Desktop,United Kingdom,2025,2025-Q4,2025-10,7415,6042,4610,13509,4871,567640,82,7813.47
2025-10-01,Social,Desktop,Germany,2025,2025-Q4,2025-10,4812,3910,3001,8683,3132,367767,54,5066.83
2025-10-01,Social,Desktop,India,2025,2025-Q4,2025-10,6396,5199,3968,11719,4187,480456,72,6841.18
2025-10-01,Social,Desktop,Australia,2025,2025-Q4,2025-10,2878,2360,1788,5255,1894,218112,32,3039.64
2025-10-01,Social,Desktop,Canada,2025,2025-Q4,2025-10,3926,3248,2471,7155,2625,298424,42,4032.87
2025-10-01,Social,Mobile,United States,2025,2025-Q4,2025-10,27635,22689,17359,41426,20791,2128047,305,29124.37
2025-10-01,Social,Mobile,United Kingdom,2025,2025-Q4,2025-10,9475,7719,5868,14424,7101,710710,109,10456.41
2025-10-01,Social,Mobile,Germany,2025,2025-Q4,2025-10,6022,4975,3798,8919,4560,456237,66,6317.93
2025-10-01,Social,Mobile,India,2025,2025-Q4,2025-10,7934,6493,4935,11919,5978,592873,88,8470.17
2025-10-01,Social,Mobile,Australia,2025,2025-Q4,2025-10,3541,2900,2243,5305,2632,275690,40,3778.73
2025-10-01,Social,Mobile,Canada,2025,2025-Q4,2025-10,4979,4067,3053,7411,3713,369102,55,5302.52
2025-10-01,Social,Tablet,United States,2025,2025-Q4,2025-10,4210,3475,2667,7544,2791,320675,44,4240.16
2025-10-01,Social,Tablet,United Kingdom,2025,2025-Q4,2025-10,1467,1187,906,2667,948,111208,17,1546.4
2025-10-01,Social,Tablet,Germany,2025,2025-Q4,2025-10,938,767,585,1682,619,71514,1,99.66
2025-10-01,Social,Tablet,India,2025,2025-Q4,2025-10,1256,1031,779,2304,823,92824,12,1126.17
2025-10-01,Social,Tablet,Australia,2025,2025-Q4,2025-10,542,447,342,971,358,41720,0,0
2025-10-01,Social,Tablet,Canada,2025,2025-Q4,2025-10,777,631,480,1412,514,57985,0,0
2025-10-01,Referral,Desktop,United States,2025,2025-Q4,2025-10,9527,7742,5033,24808,4916,1536424,182,17213.86
2025-10-01,Referral,Desktop,United Kingdom,2025,2025-Q4,2025-10,3346,2733,1773,8899,1722,524282,66,6239.41
2025-10-01,Referral,Desktop,Germany,2025,2025-Q4,2025-10,2120,1738,1122,5580,1099,338114,41,3884.08
2025-10-01,Referral,Desktop,India,2025,2025-Q4,2025-10,2794,2308,1483,7293,1460,436130,52,5031.73
2025-10-01,Referral,Desktop,Australia,2025,2025-Q4,2025-10,1245,1015,659,3238,649,197554,27,2580.07
2025-10-01,Referral,Desktop,Canada,2025,2025-Q4,2025-10,1738,1420,920,4575,904,274014,33,3149.96
2025-10-01,Referral,Mobile,United States,2025,2025-Q4,2025-10,12051,9899,6339,25470,7121,1889143,229,21815.88
2025-10-01,Referral,Mobile,United Kingdom,2025,2025-Q4,2025-10,4097,3360,2161,8918,2453,636770,79,7582.01
2025-10-01,Referral,Mobile,Germany,2025,2025-Q4,2025-10,2643,2152,1409,5641,1537,425960,52,4935.48
2025-10-01,Referral,Mobile,India,2025,2025-Q4,2025-10,3546,2901,1857,7700,2101,553373,69,6560.01
2025-10-01,Referral,Mobile,Australia,2025,2025-Q4,2025-10,1558,1266,814,3401,911,239742,31,2943.75
2025-10-01,Referral,Mobile,Canada,2025,2025-Q4,2025-10,2152,1787,1158,4590,1282,340083,41,3939.07
2025-10-01,Referral,Tablet,United States,2025,2025-Q4,2025-10,1872,1525,989,4904,964,295484,37,3513.6
2025-10-01,Referral,Tablet,United Kingdom,2025,2025-Q4,2025-10,649,535,340,1736,338,100634,8,758.6
2025-10-01,Referral,Tablet,Germany,2025,2025-Q4,2025-10,409,335,215,1057,211,64274,0,0
2025-10-01,Referral,Tablet,India,2025,2025-Q4,2025-10,550,454,293,1443,286,86239,2,195.8
2025-10-01,Referral,Tablet,Australia,2025,2025-Q4,2025-10,250,203,134,661,126,39542,0,0
2025-10-01,Referral,Tablet,Canada,2025,2025-Q4,2025-10,341,282,178,906,174,53402,0,0
2025-10-01,Email,Desktop,United States,2025,2025-Q4,2025-10,13214,10832,2337,39143,4317,2710895,780,74007.5
2025-10-01,Email,Desktop,United Kingdom,2025,2025-Q4,2025-10,4484,3700,790,12861,1496,919230,263,25390.2
2025-10-01,Email,Desktop,Germany,2025,2025-Q4,2025-10,2899,2362,513,8464,955,591409,166,15759.61
2025-10-01,Email,Desktop,India,2025,2025-Q4,2025-10,3850,3165,681,11333,1263,786085,223,21257.65
2025-10-01,Email,Desktop,Australia,2025,2025-Q4,2025-10,1786,1461,311,5331,588,356727,107,10257.22
2025-10-01,Email,Desktop,Canada,2025,2025-Q4,2025-10,2370,1930,416,6884,786,482262,138,13168.35
2025-10-01,Email,Mobile,United States,2025,2025-Q4,2025-10,16557,13484,2947,39937,6153,3459475,981,92878.77
2025-10-01,Email,Mobile,United Kingdom,2025,2025-Q4,2025-10,5723,4668,996,13741,2131,1146015,335,31936.18
2025-10-01,Email,Mobile,Germany,2025,2025-Q4,2025-10,3685,2998,641,8982,1377,738534,221,21085.85
2025-10-01,Email,Mobile,India,2025,2025-Q4,2025-10,4705,3886,836,11083,1778,968741,270,25888.98
2025-10-01,Email,Mobile,Australia,2025,2025-Q4,2025-10,2161,1761,379,5234,808,446407,127,12044.18
2025-10-01,Email,Mobile,Canada,2025,2025-Q4,2025-10,2959,2413,523,7057,1098,616151,172,16199.1
2025-10-01,Email,Tablet,United States,2025,2025-Q4,2025-10,2521,2061,446,7259,831,521762,145,13929.95
2025-10-01,Email,Tablet,United Kingdom,2025,2025-Q4,2025-10,885,729,155,2584,293,180478,52,5007.25
2025-10-01,Email,Tablet,Germany,2025,2025-Q4,2025-10,578,469,97,1717,188,120051,35,3366.23
2025-10-01,Email,Tablet,India,2025,2025-Q4,2025-10,756,620,134,2239,250,151234,44,4165.11
2025-10-01,Email,Tablet,Australia,2025,2025-Q4,2025-10,341,276,56,1008,114,68948,22,2105.33
2025-10-01,Email,Tablet,Canada,2025,2025-Q4,2025-10,465,377,84,1345,153,96900,30,2820.94
2025-10-01,Display,Desktop,United States,2025,2025-Q4,2025-10,7739,6307,4998,11650,5509,408873,56,5391.86
2025-10-01,Display,Desktop,United Kingdom,2025,2025-Q4,2025-10,2670,2194,1737,4022,1908,145028,21,2005.85
2025-10-01,Display,Desktop,Germany,2025,2025-Q4,2025-10,1754,1428,1120,2704,1265,92316,9,853.27
2025-10-01,Display,Desktop,India,2025,2025-Q4,2025-10,2272,1866,1476,3458,1635,121286,15,1371.74
2025-10-01,Display,Desktop,Australia,2025,2025-Q4,2025-10,1024,840,659,1550,742,54500,0,0
2025-10-01,Display,Desktop,Canada,2025,2025-Q4,2025-10,1428,1160,930,2169,1017,77158,1,97.92
2025-10-01,Display,Mobile,United States,2025,2025-Q4,2025-10,9996,8180,6432,12584,8167,536146,72,6854.8
2025-10-01,Display,Mobile,United Kingdom,2025,2025-Q4,2025-10,3260,2691,2141,4011,2680,178366,27,2584.96
2025-10-01,Display,Mobile,Germany,2025,2025-Q4,2025-10,2161,1759,1393,2677,1754,116088,14,1289.36
2025-10-01,Display,Mobile,India,2025,2025-Q4,2025-10,2816,2292,1836,3460,2288,156158,23,2177.68
2025-10-01,Display,Mobile,Australia,2025,2025-Q4,2025-10,1293,1058,828,1636,1065,68656,0,0
2025-10-01,Display,Mobile,Canada,2025,2025-Q4,2025-10,1730,1426,1140,2160,1422,94371,7,663.79
2025-10-01,Display,Tablet,United States,2025,2025-Q4,2025-10,1552,1259,1003,2387,1109,84231,3,295.33
2025-10-01,Display,Tablet,United Kingdom,2025,2025-Q4,2025-10,525,433,340,795,377,27973,0,0
2025-10-01,Display,Tablet,Germany,2025,2025-Q4,2025-10,342,276,216,522,252,18152,0,0
2025-10-01,Display,Tablet,India,2025,2025-Q4,2025-10,434,353,282,655,314,23771,0,0
2025-10-01,Display,Tablet,Australia,2025,2025-Q4,2025-10,205,165,129,313,152,11152,0,0
2025-10-01,Display,Tablet,Canada,2025,2025-Q4,2025-10,272,224,179,413,195,14667,0,0
2025-11-01,Organic Search,Desktop,United States,2025,2025-Q4,2025-11,70717,57641,34575,224447,29074,12710355,2220,212371.11
2025-11-01,Organic Search,Desktop,United Kingdom,2025,2025-Q4,2025-11,23568,19315,11797,74310,9625,4268889,744,70525.83
2025-11-01,Organic Search,Desktop,Germany,2025,2025-Q4,2025-11,15287,12483,7475,47181,6219,2740307,478,46062.1
2025-11-01,Organic Search,Desktop,India,2025,2025-Q4,2025-11,20305,16548,10025,63771,8279,3719873,633,59973.77
2025-11-01,Organic Search,Desktop,Australia,2025,2025-Q4,2025-11,8862,7240,4421,27633,3625,1621908,276,26548.45
2025-11-01,Organic Search,Desktop,Canada,2025,2025-Q4,2025-11,12550,10252,6206,39385,5108,2260874,396,37441.55
2025-11-01,Organic Search,Mobile,United States,2025,2025-Q4,2025-11,86412,70831,42835,221693,40236,15536194,2693,259923
2025-11-01,Organic Search,Mobile,United Kingdom,2025,2025-Q4,2025-11,28893,23578,14327,73849,13458,5319476,909,86428.93
2025-11-01,Organic Search,Mobile,Germany,2025,2025-Q4,2025-11,18986,15545,9391,48763,8897,3407890,591,56896.15
2025-11-01,Organic Search,Mobile,India,2025,2025-Q4,2025-11,25234,20681,12627,65854,11829,4617573,803,76787.97
2025-11-01,Organic Search,Mobile,Australia,2025,2025-Q4,2025-11,11245,9199,5529,28524,5265,2027290,345,32802.68
2025-11-01,Organic Search,Mobile,Canada,2025,2025-Q4,2025-11,15859,12928,7816,41331,7427,2845914,502,48061.24
2025-11-01,Organic Search,Tablet,United States,2025,2025-Q4,2025-11,13807,11325,6803,43830,5639,2477028,427,40557.77
2025-11-01,Organic Search,Tablet,United Kingdom,2025,2025-Q4,2025-11,4563,3704,2266,14337,1850,843597,143,13482.55
2025-11-01,Organic Search,Tablet,Germany,2025,2025-Q4,2025-11,3024,2495,1517,9416,1241,549485,92,8820.22
2025-11-01,Organic Search,Tablet,India,2025,2025-Q4,2025-11,3887,3158,1902,12049,1574,713011,123,11671.44
2025-11-01,Organic Search,Tablet,Australia,2025,2025-Q4,2025-11,1726,1419,859,5361,708,313485,53,5057.83
2025-11-01,Organic Search,Tablet,Canada,2025,2025-Q4,2025-11,2468,2032,1237,7771,1016,443312,79,7606.64
2025-11-01,Paid Search,Desktop,United States,2025,2025-Q4,2025-11,28155,23023,15915,64923,13526,3946580,1199,114488.13
2025-11-01,Paid Search,Desktop,United Kingdom,2025,2025-Q4,2025-11,9480,7712,5361,22060,4495,1330895,408,38744.04
2025-11-01,Paid Search,Desktop,Germany,2025,2025-Q4,2025-11,6147,5048,3522,14347,2949,869888,259,24651.42
2025-11-01,Paid Search,Desktop,India,2025,2025-Q4,2025-11,8062,6554,4519,18741,3845,1129116,345,32930.98
2025-11-01,Paid Search,Desktop,Australia,2025,2025-Q4,2025-11,3631,2957,2061,8460,1742,511635,153,14418.85
2025-11-01,Paid Search,Desktop,Canada,2025,2025-Q4,2025-11,5068,4149,2873,11880,2438,715906,216,20828.75
2025-11-01,Paid Search,Mobile,United States,2025,2025-Q4,2025-11,34871,28678,19843,65823,19253,4924502,1456,139299.88
2025-11-01,Paid Search,Mobile,United Kingdom,2025,2025-Q4,2025-11,12020,9843,6837,23065,6549,1680425,520,49782.06
2025-11-01,Paid Search,Mobile,Germany,2025,2025-Q4,2025-11,7670,6277,4315,14553,4231,1088439,324,30879.67
2025-11-01,Paid Search,Mobile,India,2025,2025-Q4,2025-11,10177,8333,5779,19642,5535,1394173,435,41572.23
2025-11-01,Paid Search,Mobile,Australia,2025,2025-Q4,2025-11,4585,3787,2641,8795,2504,658224,196,18675.79
2025-11-01,Paid Search,Mobile,Canada,2025,2025-Q4,2025-11,6295,5123,3513,12007,3430,873536,261,24710.95
2025-11-01,Paid Search,Tablet,United States,2025,2025-Q4,2025-11,5460,4491,3101,12443,2625,781936,231,21930.74
2025-11-01,Paid Search,Tablet,United Kingdom,2025,2025-Q4,2025-11,1846,1502,1044,4297,880,258103,80,7516.74
2025-11-01,Paid Search,Tablet,Germany,2025,2025-Q4,2025-11,1179,970,677,2694,564,166580,48,4594.53
2025-11-01,Paid Search,Tablet,India,2025,2025-Q4,2025-11,1620,1333,922,3782,780,225242,71,6787.76
2025-11-01,Paid Search,Tablet,Australia,2025,2025-Q4,2025-11,696,566,392,1602,329,98018,29,2770.28
2025-11-01,Paid Search,Tablet,Canada,2025,2025-Q4,2025-11,985,804,555,2293,472,136846,41,3928.61
2025-11-01,Direct,Desktop,United States,2025,2025-Q4,2025-11,34565,28257,9381,125101,12451,7803052,1329,126273.89
2025-11-01,Direct,Desktop,United Kingdom,2025,2025-Q4,2025-11,11818,9604,3187,43445,4250,2659053,458,43635.98
2025-11-01,Direct,Desktop,Germany,2025,2025-Q4,2025-11,7601,6250,2081,27425,2708,1722615,291,27339.36
2025-11-01,Direct,Desktop,India,2025,2025-Q4,2025-11,10239,8445,2807,37711,3701,2293944,390,37386.64
2025-11-01,Direct,Desktop,Australia,2025,2025-Q4,2025-11,4453,3628,1207,16168,1588,994819,172,16358.37
2025-11-01,Direct,Desktop,Canada,2025,2025-Q4,2025-11,6243,5137,1711,22280,2253,1400043,236,22550.7
2025-11-01,Direct,Mobile,United States,2025,2025-Q4,2025-11,43111,35470,11806,128112,17685,9599131,1638,154397.93
2025-11-01,Direct,Mobile,United Kingdom,2025,2025-Q4,2025-11,14942,12249,4035,45120,6110,3249055,581,55956.81
2025-11-01,Direct,Mobile,Germany,2025,2025-Q4,2025-11,9571,7857,2621,28609,3884,2167546,370,34833.62
2025-11-01,Direct,Mobile,India,2025,2025-Q4,2025-11,12608,10282,3403,37440,5170,2805350,475,45556.13
2025-11-01,Direct,Mobile,Australia,2025,2025-Q4,2025-11,5646,4600,1530,16865,2292,1268616,220,20700.56
2025-11-01,Direct,Mobile,Canada,2025,2025-Q4,2025-11,7785,6413,2145,22990,3198,1765009,301,28513.1
2025-11-01,Direct,Tablet,United States,2025,2025-Q4,2025-11,6643,5471,1825,23923,2376,1507614,252,24034.4
2025-11-01,Direct,Tablet,United Kingdom,2025,2025-Q4,2025-11,2323,1899,628,8477,838,514814,88,8498.82
2025-11-01,Direct,Tablet,Germany,2025,2025-Q4,2025-11,1452,1190,395,5277,520,325339,59,5610.2
2025-11-01,Direct,Tablet,India,2025,2025-Q4,2025-11,1973,1615,532,7198,712,436271,75,7202.15
2025-11-01,Direct,Tablet,Australia,2025,2025-Q4,2025-11,895,728,242,3298,321,201043,37,3532.92
2025-11-01,Direct,Tablet,Canada,2025,2025-Q4,2025-11,1198,978,323,4327,431,263860,43,4107.76
2025-11-01,Social,Desktop,United States,2025,2025-Q4,2025-11,19273,15799,12081,34862,12562,1486044,217,20605.27
2025-11-01,Social,Desktop,United Kingdom,2025,2025-Q4,2025-11,6585,5398,4100,11936,4366,499926,70,6684.02
2025-11-01,Social,Desktop,Germany,2025,2025-Q4,2025-11,4221,3460,2665,7687,2784,321822,47,4499.33
2025-11-01,Social,Desktop,India,2025,2025-Q4,2025-11,5594,4578,3478,9961,3690,425384,60,5664.52
2025-11-01,Social,Desktop,Australia,2025,2025-Q4,2025-11,2540,2084,1587,4696,1681,190865,30,2873.65
2025-11-01,Social,Desktop,Canada,2025,2025-Q4,2025-11,3472,2835,2146,6222,2276,263132,39,3719.22
2025-11-01,Social,Mobile,United States,2025,2025-Q4,2025-11,23928,19513,14929,35857,17764,1817011,273,25924.75
2025-11-01,Social,Mobile,United Kingdom,2025,2025-Q4,2025-11,8318,6831,5206,12342,6255,626363,91,8662.03
2025-11-01,Social,Mobile,Germany,2025,2025-Q4,2025-11,5260,4254,3255,7863,3904,402306,59,5604.82
2025-11-01,Social,Mobile,India,2025,2025-Q4,2025-11,6951,5724,4381,10310,5198,527855,76,7218
2025-11-01,Social,Mobile,Australia,2025,2025-Q4,2025-11,3116,2535,1917,4670,2342,234161,37,3559.12
2025-11-01,Social,Mobile,Canada,2025,2025-Q4,2025-11,4307,3528,2698,6383,3248,326910,45,4257.77
2025-11-01,Social,Tablet,United States,2025,2025-Q4,2025-11,3749,3059,2325,6751,2447,285683,42,3990.87
2025-11-01,Social,Tablet,United Kingdom,2025,2025-Q4,2025-11,1289,1056,800,2350,856,97832,13,1199.45
2025-11-01,Social,Tablet,Germany,2025,2025-Q4,2025-11,835,679,521,1540,546,62650,2,197.03
2025-11-01,Social,Tablet,India,2025,2025-Q4,2025-11,1094,904,691,1981,722,83018,7,662.13
2025-11-01,Social,Tablet,Australia,2025,2025-Q4,2025-11,493,400,303,909,322,37196,0,0
2025-11-01,Social,Tablet,Canada,2025,2025-Q4,2025-11,679,557,427,1240,445,52207,0,0
2025-11-01,Referral,Desktop,United States,2025,2025-Q4,2025-11,8558,7012,4531,22424,4434,1334390,162,15368.03
2025-11-01,Referral,Desktop,United Kingdom,2025,2025-Q4,2025-11,2857,2351,1514,7332,1484,450432,54,5120.73
2025-11-01,Referral,Desktop,Germany,2025,2025-Q4,2025-11,1897,1551,992,5003,981,292366,38,3654.62
2025-11-01,Referral,Desktop,India,2025,2025-Q4,2025-11,2450,2004,1297,6459,1273,390118,48,4583.35
2025-11-01,Referral,Desktop,Australia,2025,2025-Q4,2025-11,1118,913,583,2940,578,171805,24,2307.79
2025-11-01,Referral,Desktop,Canada,2025,2025-Q4,2025-11,1553,1274,822,4136,803,244759,33,3153.69
2025-11-01,Referral,Mobile,United States,2025,2025-Q4,2025-11,10714,8659,5611,23353,6323,1692733,207,19659.82
2025-11-01,Referral,Mobile,United Kingdom,2025,2025-Q4,2025-11,3546,2915,1888,7568,2081,568895,69,6547.02
2025-11-01,Referral,Mobile,Germany,2025,2025-Q4,2025-11,2370,1948,1249,5148,1401,371441,45,4259.32
2025-11-01,Referral,Mobile,India,2025,2025-Q4,2025-11,3012,2466,1596,6420,1786,483028,55,5226.19
2025-11-01,Referral,Mobile,Australia,2025,2025-Q4,2025-11,1391,1145,739,2976,823,216855,28,2696.04
2025-11-01,Referral,Mobile,Canada,2025,2025-Q4,2025-11,1895,1537,990,4075,1119,305073,38,3641.5
2025-11-01,Referral,Tablet,United States,2025,2025-Q4,2025-11,1706,1396,899,4555,882,267564,35,3378.26
2025-11-01,Referral,Tablet,United Kingdom,2025,2025-Q4,2025-11,565,462,297,1478,291,88937,5,477.2
2025-11-01,Referral,Tablet,Germany,2025,2025-Q4,2025-11,367,299,196,984,191,56818,0,0
2025-11-01,Referral,Tablet,India,2025,2025-Q4,2025-11,479,394,254,1249,251,76519,0,0
2025-11-01,Referral,Tablet,Australia,2025,2025-Q4,2025-11,216,175,114,575,112,34195,0,0
2025-11-01,Referral,Tablet,Canada,2025,2025-Q4,2025-11,297,243,155,777,151,46737,0,0
2025-11-01,Email,Desktop,United States,2025,2025-Q4,2025-11,11911,9763,2078,35157,3937,2406977,696,66970.96
2025-11-01,Email,Desktop,United Kingdom,2025,2025-Q4,2025-11,4041,3309,714,11938,1326,822547,239,22684.23
2025-11-01,Email,Desktop,Germany,2025,2025-Q4,2025-11,2583,2113,451,7561,851,519775,151,14549.73
2025-11-01,Email,Desktop,India,2025,2025-Q4,2025-11,3434,2802,599,10106,1124,705828,202,19161.57
2025-11-01,Email,Desktop,Australia,2025,2025-Q4,2025-11,1533,1253,269,4473,509,319202,91,8763.88
2025-11-01,Email,Desktop,Canada,2025,2025-Q4,2025-11,2129,1732,372,6246,691,434603,125,11819.09
2025-11-01,Email,Mobile,United States,2025,2025-Q4,2025-11,14605,11908,2542,35355,5486,2969522,861,82627.3
2025-11-01,Email,Mobile,United Kingdom,2025,2025-Q4,2025-11,4854,3981,865,11560,1824,1009626,285,26944.91
2025-11-01,Email,Mobile,Germany,2025,2025-Q4,2025-11,3219,2631,560,7717,1222,658205,185,17842.47
2025-11-01,Email,Mobile,India,2025,2025-Q4,2025-11,4235,3459,749,10253,1587,873138,252,23927.09
2025-11-01,Email,Mobile,Australia,2025,2025-Q4,2025-11,1915,1578,335,4551,722,385677,108,10348.83
2025-11-01,Email,Mobile,Canada,2025,2025-Q4,2025-11,2683,2198,468,6518,1003,541922,158,14996.97
2025-11-01,Email,Tablet,United States,2025,2025-Q4,2025-11,2331,1906,410,6905,765,468458,135,12772.97
2025-11-01,Email,Tablet,United Kingdom,2025,2025-Q4,2025-11,778,635,138,2287,257,160738,44,4141.83
2025-11-01,Email,Tablet,Germany,2025,2025-Q4,2025-11,507,415,91,1488,168,102794,31,2956.61
2025-11-01,Email,Tablet,India,2025,2025-Q4,2025-11,662,540,121,1939,216,136580,39,3704.41
2025-11-01,Email,Tablet,Australia,2025,2025-Q4,2025-11,302,249,51,875,103,61997,21,1995.9
2025-11-01,Email,Tablet,Canada,2025,2025-Q4,2025-11,409,334,72,1209,136,83880,25,2376.05
2025-11-01,Display,Desktop,United States,2025,2025-Q4,2025-11,6967,5737,4533,10453,5026,371006,50,4775.51
2025-11-01,Display,Desktop,United Kingdom,2025,2025-Q4,2025-11,2372,1922,1516,3633,1695,128354,16,1498.76
2025-11-01,Display,Desktop,Germany,2025,2025-Q4,2025-11,1542,1270,1010,2344,1106,83344,6,579.35
2025-11-01,Display,Desktop,India,2025,2025-Q4,2025-11,2027,1641,1291,3088,1437,109313,14,1286.97
2025-11-01,Display,Desktop,Australia,2025,2025-Q4,2025-11,897,735,586,1352,640,48995,0,0
2025-11-01,Display,Desktop,Canada,2025,2025-Q4,2025-11,1250,1026,815,1912,904,67364,0,0
2025-11-01,Display,Mobile,United States,2025,2025-Q4,2025-11,8535,7036,5563,10593,7060,461729,59,5678.58
2025-11-01,Display,Mobile,United Kingdom,2025,2025-Q4,2025-11,2928,2386,1890,3625,2380,156802,25,2410.25
2025-11-01,Display,Mobile,Germany,2025,2025-Q4,2025-11,1921,1580,1245,2359,1588,103309,11,1017.95
2025-11-01,Display,Mobile,India,2025,2025-Q4,2025-11,2519,2049,1616,3174,2056,132490,19,1807.91
2025-11-01,Display,Mobile,Australia,2025,2025-Q4,2025-11,1114,920,734,1391,910,60381,0,0
2025-11-01,Display,Mobile,Canada,2025,2025-Q4,2025-11,1563,1270,993,1943,1276,82979,4,380.39
2025-11-01,Display,Tablet,United States,2025,2025-Q4,2025-11,1342,1096,864,2035,964,72477,2,193.95
2025-11-01,Display,Tablet,United Kingdom,2025,2025-Q4,2025-11,460,376,302,700,330,24685,0,0
2025-11-01,Display,Tablet,Germany,2025,2025-Q4,2025-11,297,247,194,444,217,16236,0,0
2025-11-01,Display,Tablet,India,2025,2025-Q4,2025-11,392,319,252,596,280,20887,0,0
2025-11-01,Display,Tablet,Australia,2025,2025-Q4,2025-11,172,139,104,257,129,9399,0,0
2025-11-01,Display,Tablet,Canada,2025,2025-Q4,2025-11,247,203,162,375,177,13103,0,0
2025-12-01,Organic Search,Desktop,United States,2025,2025-Q4,2025-12,72569,59621,36369,226220,29706,13258822,2262,214962.56
2025-12-01,Organic Search,Desktop,United Kingdom,2025,2025-Q4,2025-12,25160,20372,12390,79442,10129,4643772,805,76471.35
2025-12-01,Organic Search,Desktop,Germany,2025,2025-Q4,2025-12,16423,13367,8065,51742,6693,2984028,519,48724.88
2025-12-01,Organic Search,Desktop,India,2025,2025-Q4,2025-12,21043,17341,10522,66272,8732,3795150,650,62744.93
2025-12-01,Organic Search,Desktop,Australia,2025,2025-Q4,2025-12,9460,7795,4738,29141,3855,1710327,293,27945.68
2025-12-01,Organic Search,Desktop,Canada,2025,2025-Q4,2025-12,13092,10718,6490,40488,5376,2424206,402,37917.31
2025-12-01,Organic Search,Mobile,United States,2025,2025-Q4,2025-12,92814,76485,46023,240146,43432,16743604,2953,281834.76
2025-12-01,Organic Search,Mobile,United Kingdom,2025,2025-Q4,2025-12,30974,25345,15294,79711,14527,5480356,970,92813.61
2025-12-01,Organic Search,Mobile,Germany,2025,2025-Q4,2025-12,20095,16352,10055,51664,9289,3722883,629,59105.95
2025-12-01,Organic Search,Mobile,India,2025,2025-Q4,2025-12,26754,21704,13016,68758,12392,4872240,832,78997.91
2025-12-01,Organic Search,Mobile,Australia,2025,2025-Q4,2025-12,11987,9761,5938,31177,5573,2142962,380,36092.14
2025-12-01,Organic Search,Mobile,Canada,2025,2025-Q4,2025-12,16225,13453,8139,41023,7642,2957726,499,47935.74
2025-12-01,Organic Search,Tablet,United States,2025,2025-Q4,2025-12,14183,11607,7062,44120,5771,2612112,442,41708.52
2025-12-01,Organic Search,Tablet,United Kingdom,2025,2025-Q4,2025-12,5045,4136,2491,15890,2061,897537,162,15508.42
2025-12-01,Organic Search,Tablet,Germany,2025,2025-Q4,2025-12,3081,2516,1524,9522,1263,566343,97,9352.95
2025-12-01,Organic Search,Tablet,India,2025,2025-Q4,2025-12,4152,3397,2060,13038,1704,748052,127,12196.99
2025-12-01,Organic Search,Tablet,Australia,2025,2025-Q4,2025-12,1891,1545,941,6014,774,345148,61,5847.26
2025-12-01,Organic Search,Tablet,Canada,2025,2025-Q4,2025-12,2611,2132,1275,8205,1066,465430,81,7648.48
2025-12-01,Paid Search,Desktop,United States,2025,2025-Q4,2025-12,29657,24217,16845,69505,14097,4170911,1265,118710.5
2025-12-01,Paid Search,Desktop,United Kingdom,2025,2025-Q4,2025-12,10130,8363,5798,23506,4874,1417845,421,40525.83
2025-12-01,Paid Search,Desktop,Germany,2025,2025-Q4,2025-12,6360,5199,3617,14524,3056,905330,268,25817.92
2025-12-01,Paid Search,Desktop,India,2025,2025-Q4,2025-12,8532,6979,4859,19586,4062,1204905,354,33431.48
2025-12-01,Paid Search,Desktop,Australia,2025,2025-Q4,2025-12,3962,3233,2227,9383,1896,544154,171,16372.7
2025-12-01,Paid Search,Desktop,Canada,2025,2025-Q4,2025-12,5386,4428,3046,12563,2565,741988,229,21634
2025-12-01,Paid Search,Mobile,United States,2025,2025-Q4,2025-12,36824,29822,20804,69875,19773,5238959,1568,147610.37
2025-12-01,Paid Search,Mobile,United Kingdom,2025,2025-Q4,2025-12,12637,10304,7173,24280,6895,1797945,541,51325.55
2025-12-01,Paid Search,Mobile,Germany,2025,2025-Q4,2025-12,8205,6682,4655,15754,4433,1137804,356,33760.25
2025-12-01,Paid Search,Mobile,India,2025,2025-Q4,2025-12,10672,8866,6173,20230,5883,1503844,450,43195.46
2025-12-01,Paid Search,Mobile,Australia,2025,2025-Q4,2025-12,4749,3863,2670,9007,2583,664884,202,19452.96
2025-12-01,Paid Search,Mobile,Canada,2025,2025-Q4,2025-12,6539,5348,3755,12452,3553,934149,276,26046.21
2025-12-01,Paid Search,Tablet,United States,2025,2025-Q4,2025-12,5827,4766,3310,13567,2799,815581,247,23522.72
2025-12-01,Paid Search,Tablet,United Kingdom,2025,2025-Q4,2025-12,1964,1615,1116,4565,945,273143,81,7853.22
2025-12-01,Paid Search,Tablet,Germany,2025,2025-Q4,2025-12,1292,1055,730,3008,613,182199,55,5228.33
2025-12-01,Paid Search,Tablet,India,2025,2025-Q4,2025-12,1668,1362,938,3906,807,237146,72,6844.52
2025-12-01,Paid Search,Tablet,Australia,2025,2025-Q4,2025-12,762,626,434,1789,367,105629,34,3265.99
2025-12-01,Paid Search,Tablet,Canada,2025,2025-Q4,2025-12,1048,862,603,2431,508,150046,44,4169.99
2025-12-01,Direct,Desktop,United States,2025,2025-Q4,2025-12,36224,29796,9989,130589,13124,8030028,1375,132140.37
2025-12-01,Direct,Desktop,United Kingdom,2025,2025-Q4,2025-12,12400,10143,3365,44099,4447,2789726,468,44358.71
2025-12-01,Direct,Desktop,Germany,2025,2025-Q4,2025-12,8311,6811,2244,30676,2983,1838074,319,30339.17
2025-12-01,Direct,Desktop,India,2025,2025-Q4,2025-12,10608,8664,2855,38643,3779,2350323,414,39413.97
2025-12-01,Direct,Desktop,Australia,2025,2025-Q4,2025-12,4827,3974,1319,17336,1744,1064350,185,17733.88
2025-12-01,Direct,Desktop,Canada,2025,2025-Q4,2025-12,6623,5361,1792,24156,2353,1498259,257,24410.62
2025-12-01,Direct,Mobile,United States,2025,2025-Q4,2025-12,46222,37638,12512,139809,18763,10137951,1820,174213.89
2025-12-01,Direct,Mobile,United Kingdom,2025,2025-Q4,2025-12,15356,12673,4207,45122,6333,3455352,584,56083.89
2025-12-01,Direct,Mobile,Germany,2025,2025-Q4,2025-12,9911,8108,2694,29657,4095,2205529,380,36554.34
2025-12-01,Direct,Mobile,India,2025,2025-Q4,2025-12,13236,10818,3611,39127,5382,3004693,509,47864.43
2025-12-01,Direct,Mobile,Australia,2025,2025-Q4,2025-12,6077,4969,1638,18264,2497,1345951,236,22582.46
2025-12-01,Direct,Mobile,Canada,2025,2025-Q4,2025-12,8166,6661,2210,24408,3320,1808582,313,30035.86
2025-12-01,Direct,Tablet,United States,2025,2025-Q4,2025-12,7153,5797,1939,26298,2566,1609550,278,26401.57
2025-12-01,Direct,Tablet,United Kingdom,2025,2025-Q4,2025-12,2455,2018,674,9023,880,547295,94,8855.7
2025-12-01,Direct,Tablet,Germany,2025,2025-Q4,2025-12,1604,1306,431,5913,578,353079,63,6056.52
2025-12-01,Direct,Tablet,India,2025,2025-Q4,2025-12,2082,1708,566,7546,742,465953,80,7534.98
2025-12-01,Direct,Tablet,Australia,2025,2025-Q4,2025-12,937,766,255,3381,338,211408,36,3442.67
2025-12-01,Direct,Tablet,Canada,2025,2025-Q4,2025-12,1307,1068,355,4783,463,295610,49,4578.75
2025-12-01,Social,Desktop,United States,2025,2025-Q4,2025-12,20763,16951,12813,38297,13681,1555116,226,21621.13
2025-12-01,Social,Desktop,United Kingdom,2025,2025-Q4,2025-12,7029,5774,4393,13045,4631,527949,80,7568.99
2025-12-01,Social,Desktop,Germany,2025,2025-Q4,2025-12,4544,3726,2809,8181,3014,338569,48,4626.1
2025-12-01,Social,Desktop,India,2025,2025-Q4,2025-12,5938,4804,3690,10848,3905,453441,67,6372.07
2025-12-01,Social,Desktop,Australia,2025,2025-Q4,2025-12,2631,2138,1632,4747,1717,202466,30,2895.56
2025-12-01,Social,Desktop,Canada,2025,2025-Q4,2025-12,3790,3088,2339,6998,2491,281576,44,4169.08
2025-12-01,Social,Mobile,United States,2025,2025-Q4,2025-12,25539,21009,16019,37814,19215,1919484,282,27083.78
2025-12-01,Social,Mobile,United Kingdom,2025,2025-Q4,2025-12,8515,6912,5293,12578,6350,666504,95,8873.08
2025-12-01,Social,Mobile,Germany,2025,2025-Q4,2025-12,5709,4675,3528,8675,4275,420508,64,6190.92
2025-12-01,Social,Mobile,India,2025,2025-Q4,2025-12,7480,6136,4673,11323,5626,570474,83,7960.11
2025-12-01,Social,Mobile,Australia,2025,2025-Q4,2025-12,3284,2696,2046,4837,2493,245652,37,3543.26
2025-12-01,Social,Mobile,Canada,2025,2025-Q4,2025-12,4639,3781,2906,6991,3471,348249,52,4919.35
2025-12-01,Social,Tablet,United States,2025,2025-Q4,2025-12,4078,3334,2507,7580,2692,303185,47,4455.89
2025-12-01,Social,Tablet,United Kingdom,2025,2025-Q4,2025-12,1343,1102,842,2433,879,101746,13,1220.09
2025-12-01,Social,Tablet,Germany,2025,2025-Q4,2025-12,899,739,569,1619,590,68687,0,0
2025-12-01,Social,Tablet,India,2025,2025-Q4,2025-12,1160,940,718,2115,753,89318,9,843.14
2025-12-01,Social,Tablet,Australia,2025,2025-Q4,2025-12,525,436,330,954,348,39489,0,0
2025-12-01,Social,Tablet,Canada,2025,2025-Q4,2025-12,714,585,443,1293,474,53689,0,0
2025-12-01,Referral,Desktop,United States,2025,2025-Q4,2025-12,9021,7398,4722,23674,4729,1419526,171,16517.61
2025-12-01,Referral,Desktop,United Kingdom,2025,2025-Q4,2025-12,3078,2501,1619,8128,1581,487168,61,5847.72
2025-12-01,Referral,Desktop,Germany,2025,2025-Q4,2025-12,1996,1624,1058,5221,1034,323026,39,3723.03
2025-12-01,Referral,Desktop,India,2025,2025-Q4,2025-12,2654,2155,1381,7083,1371,405766,52,4918.16
2025-12-01,Referral,Desktop,Australia,2025,2025-Q4,2025-12,1158,956,621,3023,600,183951,26,2511.24
2025-12-01,Referral,Desktop,Canada,2025,2025-Q4,2025-12,1605,1313,840,4183,841,254806,32,3112.36
2025-12-01,Referral,Mobile,United States,2025,2025-Q4,2025-12,11471,9404,6012,25049,6828,1786625,219,21088.47
2025-12-01,Referral,Mobile,United Kingdom,2025,2025-Q4,2025-12,3903,3207,2062,8520,2309,609091,77,7335.47
2025-12-01,Referral,Mobile,Germany,2025,2025-Q4,2025-12,2455,2023,1301,5198,1465,386300,44,4181.25
2025-12-01,Referral,Mobile,India,2025,2025-Q4,2025-12,3294,2682,1742,7114,1929,514720,64,6092.63
2025-12-01,Referral,Mobile,Australia,2025,2025-Q4,2025-12,1468,1204,784,3180,868,236991,29,2756.98
2025-12-01,Referral,Mobile,Canada,2025,2025-Q4,2025-12,2072,1696,1079,4538,1219,315499,42,4010.35
2025-12-01,Referral,Tablet,United States,2025,2025-Q4,2025-12,1763,1444,931,4550,916,279510,34,3242.09
2025-12-01,Referral,Tablet,United Kingdom,2025,2025-Q4,2025-12,597,483,314,1584,307,95701,5,477.3
2025-12-01,Referral,Tablet,Germany,2025,2025-Q4,2025-12,386,316,206,1008,203,61178,0,0
2025-12-01,Referral,Tablet,India,2025,2025-Q4,2025-12,519,428,276,1356,271,80964,1,98.83
2025-12-01,Referral,Tablet,Australia,2025,2025-Q4,2025-12,226,182,120,585,117,35678,0,0
2025-12-01,Referral,Tablet,Canada,2025,2025-Q4,2025-12,325,267,172,852,167,51130,0,0
2025-12-01,Email,Desktop,United States,2025,2025-Q4,2025-12,12425,10115,2193,36111,4087,2563750,721,67683.84
2025-12-01,Email,Desktop,United Kingdom,2025,2025-Q4,2025-12,4286,3483,746,12748,1404,862787,255,24305.89
2025-12-01,Email,Desktop,Germany,2025,2025-Q4,2025-12,2731,2240,479,7943,900,570997,161,15186.44
2025-12-01,Email,Desktop,India,2025,2025-Q4,2025-12,3597,2974,639,10546,1204,737633,206,19959.87
2025-12-01,Email,Desktop,Australia,2025,2025-Q4,2025-12,1610,1307,284,4663,521,330035,95,8901.5
2025-12-01,Email,Desktop,Canada,2025,2025-Q4,2025-12,2282,1880,403,6748,756,467497,133,12736.04
2025-12-01,Email,Mobile,United States,2025,2025-Q4,2025-12,15287,12645,2732,36075,5799,3124551,873,83271.15
2025-12-01,Email,Mobile,United Kingdom,2025,2025-Q4,2025-12,5329,4339,931,12961,1993,1081344,313,29929.56
2025-12-01,Email,Mobile,Germany,2025,2025-Q4,2025-12,3417,2795,609,8267,1271,707156,201,18938.11
2025-12-01,Email,Mobile,India,2025,2025-Q4,2025-12,4592,3756,795,11124,1721,903112,270,26026.71
2025-12-01,Email,Mobile,Australia,2025,2025-Q4,2025-12,2011,1639,354,4803,756,411786,119,11306.62
2025-12-01,Email,Mobile,Canada,2025,2025-Q4,2025-12,2749,2258,491,6533,1039,566056,159,15113.57
2025-12-01,Email,Tablet,United States,2025,2025-Q4,2025-12,2424,1978,427,7083,801,498088,141,13340.78
2025-12-01,Email,Tablet,United Kingdom,2025,2025-Q4,2025-12,828,680,145,2415,276,165475,47,4511.18
2025-12-01,Email,Tablet,Germany,2025,2025-Q4,2025-12,520,431,93,1502,173,108057,31,2998.16
2025-12-01,Email,Tablet,India,2025,2025-Q4,2025-12,710,576,122,2066,235,145541,41,3899.1
2025-12-01,Email,Tablet,Australia,2025,2025-Q4,2025-12,322,262,55,962,105,65310,22,2074.12
2025-12-01,Email,Tablet,Canada,2025,2025-Q4,2025-12,443,361,77,1308,147,88960,27,2607.5
2025-12-01,Display,Desktop,United States,2025,2025-Q4,2025-12,7318,5997,4778,11108,5249,401367,51,4830.51
2025-12-01,Display,Desktop,United Kingdom,2025,2025-Q4,2025-12,2491,2060,1625,3760,1804,132712,17,1631.12
2025-12-01,Display,Desktop,Germany,2025,2025-Q4,2025-12,1601,1300,1037,2416,1143,87296,4,385.9
2025-12-01,Display,Desktop,India,2025,2025-Q4,2025-12,2166,1779,1405,3315,1567,116559,14,1286.23
2025-12-01,Display,Desktop,Australia,2025,2025-Q4,2025-12,972,798,631,1517,699,51921,0,0
2025-12-01,Display,Desktop,Canada,2025,2025-Q4,2025-12,1309,1076,849,1933,943,70193,0,0
2025-12-01,Display,Mobile,United States,2025,2025-Q4,2025-12,9129,7430,5927,11363,7366,494937,64,6103.74
2025-12-01,Display,Mobile,United Kingdom,2025,2025-Q4,2025-12,3228,2644,2060,4048,2654,169745,26,2487.3
2025-12-01,Display,Mobile,Germany,2025,2025-Q4,2025-12,1969,1605,1276,2443,1613,104443,12,1113.47
2025-12-01,Display,Mobile,India,2025,2025-Q4,2025-12,2660,2199,1754,3289,2177,143641,20,1909.38
2025-12-01,Display,Mobile,Australia,2025,2025-Q4,2025-12,1196,964,760,1492,967,65518,0,0
2025-12-01,Display,Mobile,Canada,2025,2025-Q4,2025-12,1641,1343,1060,2046,1333,87055,6,576.41
2025-12-01,Display,Tablet,United States,2025,2025-Q4,2025-12,1416,1165,923,2112,1022,77260,0,0
2025-12-01,Display,Tablet,United Kingdom,2025,2025-Q4,2025-12,492,403,318,738,358,26543,0,0
2025-12-01,Display,Tablet,Germany,2025,2025-Q4,2025-12,321,262,205,490,229,16925,0,0
2025-12-01,Display,Tablet,India,2025,2025-Q4,2025-12,421,346,271,647,303,22506,0,0
2025-12-01,Display,Tablet,Australia,2025,2025-Q4,2025-12,186,152,117,285,139,9862,0,0
2025-12-01,Display,Tablet,Canada,2025,2025-Q4,2025-12,260,215,176,394,186,14308,0,0
